instrument,avg_score,pos_ratio,real_label,datetime,KMID,KLEN,KMID2,KUP,KUP2,KLOW,KLOW2,KSFT,KSFT2,OPEN0,HIGH0,LOW0,VWAP0,ROC5,ROC10,ROC20,ROC30,ROC60,MA5,MA10,MA20,MA30,MA60,STD5,STD10,STD20,STD30,STD60,BETA5,BETA10,BETA20,BETA30,BETA60,RSQR5,RSQR10,RSQR20,RSQR30,RSQR60,RESI5,RESI10,RESI20,RESI30,RESI60,MAX5,MAX10,MAX20,MAX30,MAX60,MIN5,MIN10,MIN20,MIN30,MIN60,QTLU5,QTLU10,QTLU20,QTLU30,QTLU60,QTLD5,QTLD10,QTLD20,QTLD30,QTLD60,RANK5,RANK10,RANK20,RANK30,RANK60,RSV5,RSV10,RSV20,RSV30,RSV60,IMAX5,IMAX10,IMAX20,IMAX30,IMAX60,IMIN5,IMIN10,IMIN20,IMIN30,IMIN60,IMXD5,IMXD10,IMXD20,IMXD30,IMXD60,CORR5,CORR10,CORR20,CORR30,CORR60,CORD5,CORD10,CORD20,CORD30,CORD60,CNTP5,CNTP10,CNTP20,CNTP30,CNTP60,CNTN5,CNTN10,CNTN20,CNTN30,CNTN60,CNTD5,CNTD10,CNTD20,CNTD30,CNTD60,SUMP5,SUMP10,SUMP20,SUMP30,SUMP60,SUMN5,SUMN10,SUMN20,SUMN30,SUMN60,SUMD5,SUMD10,SUMD20,SUMD30,SUMD60,VMA5,VMA10,VMA20,VMA30,VMA60,VSTD5,VSTD10,VSTD20,VSTD30,VSTD60,WVMA5,WVMA10,WVMA20,WVMA30,WVMA60,VSUMP5,VSUMP10,VSUMP20,VSUMP30,VSUMP60,VSUMN5,VSUMN10,VSUMN20,VSUMN30,VSUMN60,VSUMD5,VSUMD10,VSUMD20,VSUMD30,VSUMD60
SZ002028,0.2131651634684247,1.0,,2026-05-27,0.008308272,0.062745266,0.13241273,0.046332564,0.7384233,0.00810443,0.12916401,-0.029919863,-0.47684652,0.9917602,1.0459508,0.9837225,1.0160468,1.0378134,1.0474168,1.1228901,1.0632405,1.1491275,1.002164,0.99934345,1.0069715,1.0331857,1.0555344,0.01697041,0.025179863,0.026717504,0.0483141,0.0521282,-0.0025479044,0.0011580462,-0.00090587384,-0.003334089,-0.0020243716,0.056353595,0.019389048,0.04023571,0.36906967,0.4599757,0.0029318053,-0.0045546857,0.0016343342,0.015158616,0.00418457,1.0595497,1.0674349,1.0892221,1.1741993,1.2087773,0.97720134,0.9458112,0.9458112,0.9458112,0.9458112,1.0096459,1.0257407,1.0385212,1.0828848,1.1027011,0.993489,0.9796484,0.985735,0.99068856,1.0045804,0.6,0.6,0.5,0.33333334,0.16666667,0.27685636,0.44554487,0.37785706,0.23726627,0.20606762,0.2,0.1,0.05,0.3,0.1,0.8,0.3,0.65,0.76666665,0.8833333,-0.6,-0.2,-0.6,-0.46666667,-0.78333336,-0.09567348,0.04891044,0.23351853,-0.011445423,-0.11801324,0.4626657,0.24043754,-0.05139077,-0.042260267,-0.19044693,0.4,0.5,0.5,0.53333336,0.46666667,0.6,0.5,0.5,0.46666667,0.53333336,-0.2,0.0,0.0,0.06666667,-0.06666667,0.36330414,0.42165217,0.40154007,0.46228498,0.45311758,0.63669586,0.5783478,0.5984599,0.537715,0.54688245,-0.27339172,-0.15669565,-0.19691984,-0.07543001,-0.093764864,0.8525246,0.95764524,1.0399677,1.0128332,0.9074528,0.16317585,0.2922355,0.35320365,0.31312594,0.2840636,0.5777871,0.8901078,0.986548,1.0140305,0.9935379,0.30942544,0.4862887,0.5186,0.5004821,0.51046145,0.6905746,0.5137113,0.4814,0.49951792,0.48953855,-0.38114914,-0.027422603,0.037199955,0.00096414855,0.02092288
SH600426,0.20921159274644074,1.0,,2026-05-27,0.00066443346,0.031229274,0.02127598,0.028239224,0.90425485,0.0023256172,0.07446914,-0.025249172,-0.80850977,0.999336,1.0282204,0.99701196,1.0106252,1.0667421,1.1454248,1.2489945,1.2669181,1.2214429,1.0171342,1.0586702,1.1421015,1.1624962,1.2107675,0.023488313,0.051740523,0.10232362,0.09054714,0.0932128,-0.011754647,-0.016389687,-0.016881723,-0.007834699,-0.0039555216,0.62611705,0.9197951,0.95268595,0.58022565,0.5492326,0.0063750674,0.01508342,0.018274818,-0.048893083,-0.09407965,1.0766959,1.1699929,1.3180712,1.3180712,1.4641354,0.9747762,0.9747762,0.9747762,0.9747762,0.9747762,1.0417697,1.1073755,1.2633485,1.2511212,1.2881197,0.99860734,1.0066365,1.0425692,1.0664102,1.1555706,0.4,0.2,0.1,0.06666667,0.033333335,0.24748687,0.12920916,0.07347555,0.07347555,0.05154453,0.2,0.1,0.2,0.46666667,0.11666667,0.6,0.8,0.9,0.93333334,0.96666664,-0.4,-0.7,-0.7,-0.46666667,-0.85,-0.6281641,-0.5212957,-0.29521686,-0.24849927,0.28099233,-0.97372615,-0.819391,-0.56881744,-0.4805144,0.05151619,0.4,0.4,0.45,0.5,0.5,0.6,0.6,0.55,0.5,0.5,-0.2,-0.2,-0.1,0.0,0.0,0.16603804,0.14443755,0.2093089,0.29657426,0.43500903,0.83396196,0.85556245,0.7906911,0.7034257,0.56499094,-0.6679239,-0.7111249,-0.5813822,-0.40685144,-0.12998192,1.18185,1.0799549,1.0330999,1.0219073,1.1360974,0.5321975,0.40156326,0.35707065,0.31755057,0.3963155,1.337618,1.2042067,1.2798357,1.1969754,1.1099204,0.50892216,0.5122275,0.49407464,0.5142315,0.5102453,0.49107784,0.48777252,0.50592536,0.48576847,0.4897547,0.017844325,0.024454923,-0.011850734,0.028463053,0.020490604
SH600346,0.2061547562357926,1.0,,2026-05-27,-0.05107531,0.07473116,-0.683454,0.009139734,0.12230151,0.014516119,0.19424452,-0.045698926,-0.611511,1.0538244,1.063456,0.9847026,1.0107695,1.1257765,1.2787694,1.3280249,1.312198,1.4328469,1.0457746,1.1100779,1.1849521,1.2373139,1.2618685,0.027671304,0.07830093,0.096109405,0.11133846,0.10498059,-0.013825078,-0.024987075,-0.013391629,-0.010610986,-0.0032782408,0.62404495,0.93348736,0.6795213,0.7039192,0.29741547,-0.018124446,0.0023639193,-0.057731718,-0.0834546,-0.1651604,1.1331519,1.3161439,1.3161439,1.4226581,1.5297374,0.9847026,0.9847026,0.9847026,0.9847026,0.9847026,1.0618677,1.1685928,1.2717189,1.3307465,1.3307465,1.0371561,1.0491668,1.0707129,1.1334682,1.1953357,0.2,0.1,0.05,0.033333335,0.016666668,0.103048265,0.04615429,0.04615429,0.03492921,0.028066903,0.2,0.1,0.55,0.23333333,0.05,1.0,1.0,1.0,1.0,1.0,-0.8,-0.9,-0.45,-0.76666665,-0.95,-0.6848141,-0.50234747,0.12825243,-0.032256767,0.21085308,-0.7068631,-0.5843879,0.08373897,0.012432375,-0.023283208,0.2,0.1,0.3,0.36666667,0.43333334,0.8,0.9,0.7,0.6333333,0.56666666,-0.6,-0.8,-0.4,-0.26666668,-0.13333334,0.082760535,0.041071232,0.22244471,0.3447887,0.40016374,0.9172395,0.95892876,0.7775553,0.65521127,0.59983623,-0.8344789,-0.9178575,-0.5551106,-0.3104226,-0.19967249,0.7935599,0.7135399,0.8026801,0.77807236,0.84737444,0.16890137,0.16684304,0.2706122,0.24067195,0.32909477,0.8928943,0.82002234,0.8807649,0.7429877,1.1322145,0.71431696,0.57321817,0.53283906,0.5352108,0.5113569,0.28568304,0.42678186,0.46716094,0.4647892,0.4886431,0.42863393,0.14643627,0.06567812,0.07042157,0.022713775
SZ300316,0.2006480972979173,1.0,,2026-05-27,0.0037174704,0.05985132,0.062111754,0.05427508,0.90683186,0.0018587671,0.031056412,-0.048698843,-0.81366366,0.9962963,1.054074,0.99444443,1.0237249,1.0499971,0.99716926,0.80416197,0.7790486,1.0293212,1.0062889,0.9979458,0.9183549,0.88454753,0.86352986,0.027680937,0.0346651,0.09861779,0.09442551,0.08592215,0.003502099,0.0036713944,0.015087655,0.009067159,0.0012657968,0.04001615,0.1028226,0.8192208,0.7146042,0.06619384,-0.013293041,-0.014467064,-0.061687626,-0.016021365,0.0991291,1.0681407,1.0681407,1.0681407,1.0681407,1.0753113,0.9653598,0.91572607,0.7360197,0.7360197,0.7354578,1.0250292,1.0250292,1.0027963,0.9964654,0.9496012,0.99114054,0.9689268,0.8185452,0.8011017,0.7871392,0.6,0.6,0.8,0.8666667,0.9,0.3370295,0.5529254,0.79483163,0.79483163,0.77840066,0.8,0.9,0.95,0.96666664,0.033333335,0.2,0.4,0.15,0.43333334,0.48333332,0.6,0.5,0.8,0.53333336,-0.45,-0.19151436,0.4312901,0.70121086,0.7102215,0.69604397,0.22629783,0.67253965,0.4336669,0.4332867,0.35567224,0.6,0.6,0.65,0.6333333,0.5,0.4,0.4,0.35,0.36666667,0.5,0.2,0.2,0.3,0.26666668,0.0,0.37816924,0.5035995,0.63763946,0.63123095,0.48977715,0.62183076,0.49640045,0.36236054,0.36876902,0.51022285,-0.24366151,0.0071990895,0.27527893,0.26246196,-0.02044571,1.1232656,1.2314861,1.0719702,0.97220033,0.8316655,0.0992283,0.31270114,0.38341832,0.36968762,0.358934,0.6867165,0.7850958,1.1599282,1.3219109,1.4432234,0.22724967,0.3363742,0.542598,0.52190757,0.4906646,0.7727503,0.66362584,0.45740202,0.47809246,0.5093354,-0.54550064,-0.32725164,0.08519598,0.04381509,-0.018670797
SZ002601,0.19867753701155982,1.0,,2026-05-27,-0.04041721,0.05084742,-0.7948724,0.0026075356,0.051281575,0.007822675,0.15384606,-0.03520207,-0.6923079,1.0421196,1.0448369,0.9918478,1.0075064,1.1310861,1.2208009,1.194987,1.203803,1.5366753,1.051766,1.1082109,1.1358283,1.1577163,1.2226621,0.039491538,0.06924999,0.059969954,0.058065463,0.11769835,-0.023578217,-0.02260531,-0.0066856844,-0.0049058245,-0.0054578464,0.89115626,0.9767715,0.4350031,0.55320996,0.6558458,-0.004609602,-0.0064869765,-0.07231426,-0.086581826,-0.061655562,1.1623751,1.2268821,1.2357467,1.2357467,1.6114223,0.9918478,0.9918478,0.9918478,0.9918478,0.9918478,1.0895535,1.1666839,1.1922213,1.2039297,1.2853241,1.0277038,1.0400691,1.0932181,1.1286776,1.1543417,0.2,0.1,0.05,0.033333335,0.016666668,0.04780564,0.034685005,0.033424348,0.033424348,0.013157679,0.2,0.1,0.5,0.6666667,0.016666668,1.0,1.0,1.0,1.0,1.0,-0.8,-0.9,-0.5,-0.33333334,-0.98333335,-0.5367915,-0.16925918,0.073239855,-0.29729447,0.32683122,-0.97217727,-0.85572416,-0.601295,-0.53384614,-0.35084656,0.2,0.2,0.45,0.46666667,0.43333334,0.8,0.8,0.55,0.53333336,0.53333336,-0.6,-0.6,-0.1,-0.06666667,-0.1,0.046993226,0.031540457,0.2998107,0.3306845,0.31576863,0.95300674,0.96845955,0.7001893,0.6693155,0.6842314,-0.90601355,-0.9369191,-0.40037858,-0.33863097,-0.36846277,0.8168183,0.80881214,0.9179759,0.7984969,0.8214289,0.24667154,0.19644196,0.31740037,0.312525,0.3303356,0.89641947,0.9373239,1.0839335,1.2832412,1.239953,0.5904549,0.47136274,0.5353914,0.5358982,0.4879197,0.40954512,0.52863723,0.46460864,0.46410182,0.5120803,0.18090975,-0.05727449,0.07078272,0.07179639,-0.024160601
SH688036,0.18423847311381797,1.0,,2026-05-27,-0.020060515,0.041076213,-0.48837304,0.010985507,0.26744208,0.01003019,0.2441849,-0.02101583,-0.51163024,1.0204712,1.0316815,0.98976445,1.0066078,1.0284497,0.9501388,0.8709358,0.84466696,0.9243656,1.0178232,1.0100317,0.9716297,0.93177044,0.90533143,0.013296675,0.030452892,0.045248695,0.06885127,0.060468454,-0.0023592438,0.0049311467,0.006553158,0.007440706,0.0019706355,0.07870449,0.24035338,0.7341034,0.90511984,0.32393268,-0.013104678,-0.032221902,-0.033884685,-0.03966068,0.03653481,1.0459521,1.0585771,1.0585771,1.0585771,1.0585771,0.98976445,0.93290704,0.85599,0.8174424,0.813571,1.0295004,1.0295004,1.0232158,1.0016853,0.94990087,1.0064235,0.99442905,0.9296194,0.85721654,0.8505948,0.2,0.3,0.65,0.76666665,0.8833333,0.18216684,0.5338822,0.710855,0.75707746,0.76091605,0.8,0.4,0.7,0.8,0.9,1.0,0.2,0.05,0.033333335,0.28333333,-0.2,0.2,0.65,0.76666665,0.6166667,-0.12748827,0.14059234,0.30247858,0.6924193,0.67511857,-0.48433572,0.36827973,0.6682342,0.69638133,0.5797095,0.4,0.6,0.55,0.53333336,0.46666667,0.6,0.4,0.45,0.46666667,0.53333336,-0.2,0.2,0.1,0.06666667,-0.06666667,0.3020688,0.61993325,0.67369264,0.654506,0.53324616,0.6979312,0.38006675,0.32630736,0.34549397,0.4667538,-0.3958624,0.23986647,0.3473853,0.30901206,0.066492364,1.1563407,1.432335,1.327458,1.1342444,0.99157673,0.28841677,0.45554408,0.46635094,0.50045127,0.44947398,0.7668445,1.1442635,1.1827047,1.2955351,1.4869387,0.3561719,0.5093072,0.5165049,0.5213943,0.5097768,0.6438281,0.49069276,0.4834951,0.47860566,0.49022323,-0.2876562,0.018614464,0.0330098,0.04278868,0.019553533
SZ002466,0.17695869011895712,1.0,,2026-05-27,-0.029938329,0.054159775,-0.55277795,0.020008989,0.3694437,0.004212456,0.07777832,-0.04573486,-0.8444434,1.0308623,1.0514888,0.99565756,1.0240629,1.0570675,1.1535383,1.1429915,0.92493635,0.8691042,1.023111,1.0449294,1.1157116,1.0903394,0.96472234,0.013944112,0.029411523,0.08179299,0.08260345,0.14242923,-0.004220593,-0.0085500395,-0.011509108,0.00063508435,0.006668921,0.22903676,0.7746627,0.6929777,0.0045810826,0.6686714,-0.014669782,-0.006454198,-0.0063750134,-0.09954812,-0.16145548,1.0760037,1.1535318,1.2793092,1.2793092,1.2793092,0.99565756,0.99565756,0.99565756,0.9216778,0.74876124,1.0321053,1.0726408,1.183538,1.1616625,1.096681,1.0161375,1.0278571,1.0323782,1.0278571,0.8305823,0.2,0.1,0.05,0.1,0.55,0.054046933,0.027505832,0.015309138,0.21900256,0.47354585,0.2,0.1,0.25,0.5,0.75,1.0,1.0,1.0,0.033333335,0.3,-0.8,-0.9,-0.75,0.46666667,0.45,-0.6445893,0.56017494,0.8838789,0.6654284,0.8051029,-0.32519618,-0.33247292,0.14152506,0.44689897,0.4182126,0.4,0.4,0.4,0.53333336,0.53333336,0.6,0.6,0.6,0.46666667,0.46666667,-0.2,-0.2,-0.2,0.06666667,0.06666667,0.16292779,0.17817111,0.37086624,0.5398438,0.54335374,0.8370722,0.8218289,0.62913376,0.4601562,0.45664626,-0.67414445,-0.64365774,-0.25826752,0.07968757,0.08670745,0.9351136,1.0674416,1.3848965,1.4290327,1.091278,0.10330267,0.19272925,0.42346314,0.42371914,0.4990362,0.98365027,0.8554501,0.8911757,0.9529045,1.1370213,0.2941725,0.41010705,0.36296466,0.4836511,0.4927053,0.70582753,0.589893,0.63703537,0.5163489,0.5072947,-0.411655,-0.17978592,-0.2740707,-0.03269779,-0.0145894075
SH603296,0.1656468566186256,1.0,,2026-05-27,-0.027618214,0.0593383,-0.46543655,0.025521873,0.43010792,0.0061982153,0.10445555,-0.046941873,-0.7910889,1.0284027,1.0546494,0.99362576,1.0223857,1.0293293,1.0890307,1.0080166,0.92609006,0.8642377,1.0167894,1.032927,1.0316919,1.003928,0.9185285,0.02485841,0.028457347,0.04093591,0.055002302,0.09893486,0.0040213647,-0.0060760127,0.0009974913,0.004323907,0.0050318297,0.06542448,0.41788805,0.020781524,0.47895277,0.78895646,-0.024832124,-0.005584992,-0.041168123,-0.06662459,-0.06696749,1.0615659,1.1405758,1.1435825,1.1435825,1.1435825,0.979744,0.978516,0.91579443,0.896621,0.7475298,1.0340089,1.0557257,1.068787,1.0518152,1.0224727,0.9969237,1.016633,0.9969237,0.9566708,0.8148732,0.4,0.2,0.25,0.46666667,0.73333335,0.24756175,0.13256842,0.36966628,0.4186038,0.63746625,0.8,0.1,0.35,0.56666666,0.78333336,0.2,0.4,0.2,0.13333334,0.38333333,0.6,-0.3,0.15,0.43333334,0.4,-0.84088117,0.026715355,0.370503,0.59956753,0.6336359,-0.7536818,-0.5209375,0.15052846,0.38827407,0.44726327,0.4,0.3,0.45,0.46666667,0.46666667,0.6,0.7,0.55,0.53333336,0.53333336,-0.2,-0.4,-0.1,-0.06666667,-0.06666667,0.4054621,0.3080382,0.49316898,0.54659766,0.54671454,0.5945379,0.6919618,0.506831,0.45340234,0.4532855,-0.18907584,-0.3839236,-0.013662014,0.093195304,0.093429044,0.9657176,1.0907233,1.1997162,1.1253426,0.9634282,0.08071479,0.24394368,0.28387594,0.29266906,0.35939884,0.40431985,0.63553333,0.80112255,0.8569544,1.0230625,0.49515682,0.38713643,0.45013535,0.49625686,0.5003058,0.5048432,0.61286354,0.54986465,0.5037432,0.4996942,-0.009686351,-0.22572713,-0.09972928,-0.007486295,0.000611574
SZ000977,0.15743001995679898,1.0,,2026-05-27,-0.036151785,0.053181935,-0.67977566,0.01374363,0.25842667,0.0032865203,0.06179768,-0.046608895,-0.87640464,1.0375078,1.0517669,0.9965902,1.0217307,1.1039956,1.1986636,1.1594738,1.045617,0.97698265,1.0402385,1.0714557,1.105368,1.1030512,1.0170956,0.027996715,0.038719084,0.05092238,0.048133787,0.09789607,-0.007023533,-0.01005629,-0.005265268,-0.0007653452,0.004150964,0.15733926,0.6183535,0.3741895,0.019593695,0.5483618,-0.026191479,-0.02620246,-0.055347964,-0.09195369,-0.13954897,1.1205908,1.2105865,1.2313452,1.2313452,1.2313452,0.9965902,0.9965902,0.9965902,0.9965902,0.8575436,1.0607638,1.1050211,1.1342707,1.136359,1.1190264,1.0222006,1.0400205,1.0695902,1.0577939,0.91814935,0.2,0.1,0.05,0.033333335,0.48333332,0.027498173,0.015933875,0.014524888,0.014524888,0.3811016,0.2,0.1,0.35,0.56666666,0.78333336,1.0,1.0,1.0,1.0,0.36666667,-0.8,-0.9,-0.65,-0.43333334,0.41666666,-0.6151187,0.24515778,0.34852228,0.34381256,0.8028078,-0.86514366,-0.5740665,-0.11586093,0.13841239,0.3494447,0.4,0.4,0.45,0.46666667,0.5,0.6,0.6,0.55,0.53333336,0.5,-0.2,-0.2,-0.1,-0.06666667,0.0,0.23135929,0.21682756,0.385553,0.47485936,0.50697905,0.7686407,0.7831724,0.614447,0.52514064,0.49302095,-0.53728145,-0.56634486,-0.22889398,-0.050281297,0.013958083,0.955594,1.0802547,1.1430801,1.191569,0.92449963,0.17715362,0.36266103,0.35874495,0.36313778,0.42971358,0.7801654,1.127297,0.9334386,1.0617715,1.1096263,0.5690876,0.43774948,0.47904953,0.4709841,0.5123919,0.4309124,0.56225055,0.5209505,0.5290159,0.48760808,0.13817522,-0.12450107,-0.04190095,-0.058031823,0.024783876
SH600489,0.15155763329592653,0.875,,2026-05-27,-0.033347014,0.05351994,-0.6230765,0.01605598,0.3,0.004116942,0.07692353,-0.045286052,-0.84615296,1.0344974,1.0511073,0.995741,1.0135698,0.99276865,1.1422583,1.0873195,1.1678238,1.323265,1.0050362,1.0181102,1.0770757,1.097613,1.1609007,0.029650887,0.039041687,0.07147154,0.066411614,0.118958816,0.011794077,-0.0057330686,-0.008517701,-0.005420264,-0.0052600033,0.39554197,0.19766445,0.49710324,0.51624334,0.5963189,-0.028624438,0.007688594,0.0038424172,-0.019019138,-0.005730663,1.0553778,1.1354389,1.2129741,1.2129741,1.5119227,0.96336997,0.96336997,0.96336997,0.96336997,0.96336997,1.0202924,1.0400537,1.144466,1.1520493,1.2494992,0.98756593,0.99259585,1.0034044,1.0131315,1.0742904,0.6,0.4,0.2,0.13333334,0.06666667,0.39811853,0.21288009,0.14675264,0.14675264,0.06677581,0.8,0.1,0.35,0.56666666,0.05,0.4,0.7,0.85,0.9,0.95,0.4,-0.6,-0.5,-0.33333334,-0.9,0.792072,0.25241992,0.35717842,0.028911933,0.33386552,0.74468714,-0.028168436,0.1037845,-0.053336196,0.20379916,0.6,0.3,0.4,0.36666667,0.36666667,0.4,0.7,0.6,0.6333333,0.6333333,0.2,-0.4,-0.2,-0.26666668,-0.26666668,0.52365017,0.26476198,0.41686475,0.37370583,0.40746304,0.47634983,0.735238,0.58313525,0.6262942,0.5925369,0.047300357,-0.47047603,-0.16627048,-0.25258836,-0.18507391,1.0022805,1.0313329,1.0519058,0.9982026,1.2027515,0.20368937,0.2586097,0.25022817,0.24159643,0.52868503,0.51361674,0.85865784,0.8754096,1.0367616,1.5285873,0.522134,0.52198976,0.4956513,0.51150954,0.4959814,0.477866,0.47801027,0.5043487,0.48849046,0.5040186,0.044268012,0.043979473,-0.008697387,0.0230191,-0.008037195
SH601012,0.14976949919859509,1.0,,2026-05-27,-0.017111585,0.055441454,-0.30864242,0.034907553,0.62962914,0.0034223169,0.06172848,-0.04859682,-0.87654305,1.0174094,1.0529248,0.9965181,1.0209824,1.0689448,1.1685318,1.2110001,1.1922194,1.2722845,1.0256363,1.053419,1.1069704,1.1448312,1.2038268,0.01802652,0.038324967,0.0619817,0.074149,0.086253546,-0.0090514375,-0.011423728,-0.009731171,-0.00795547,-0.0042944327,0.6303059,0.8144484,0.8627228,0.89211905,0.75606215,-0.0075334418,-0.0020122188,-0.014524256,-0.029476874,-0.077140965,1.0765932,1.186633,1.2137913,1.2548697,1.3649285,0.9965181,0.9965181,0.9965181,0.9965181,0.9965181,1.0367846,1.0724256,1.1579553,1.2196492,1.2896882,1.0133865,1.0272955,1.0447277,1.0598934,1.151255,0.2,0.1,0.05,0.033333335,0.016666668,0.043482956,0.018314708,0.016025437,0.013477364,0.009451139,0.2,0.1,0.05,0.033333335,0.26666668,1.0,1.0,1.0,1.0,1.0,-0.8,-0.9,-0.95,-0.96666664,-0.73333335,-0.90717924,0.4077107,0.03748589,-0.31117183,0.41146994,-0.75244045,-0.3879502,-0.33807525,-0.050846286,0.170069,0.2,0.3,0.35,0.33333334,0.41666666,0.8,0.7,0.6,0.6333333,0.56666666,-0.6,-0.4,-0.25,-0.3,-0.15,0.16797015,0.13778462,0.1951445,0.28762,0.36654326,0.8320298,0.8622154,0.8048555,0.71238,0.6334567,-0.6640597,-0.72443074,-0.609711,-0.42475995,-0.26691344,0.76569235,0.85502225,0.8522614,0.7811263,0.95662206,0.16857211,0.24133089,0.23239183,0.24561855,0.42082316,0.56682515,0.81620306,0.9744847,1.1219648,0.94537,0.67390716,0.5527811,0.55479974,0.52804035,0.50846934,0.32609284,0.44721887,0.44520026,0.47195965,0.49153066,0.34781432,0.105562255,0.10959944,0.056080725,0.016938703
SZ002460,0.14900657364230094,1.0,,2026-05-27,-0.02591364,0.052092995,-0.49744964,0.02325577,0.44642794,0.0029235848,0.05612242,-0.046245825,-0.88775516,1.026603,1.0504775,0.99699867,1.0248168,1.0527947,1.1321989,1.1594841,1.1457015,0.9939966,1.0221815,1.0440502,1.1071751,1.1190399,1.0543582,0.013281588,0.028632287,0.07303964,0.06393917,0.09703645,-0.0067658243,-0.008705455,-0.01080845,-0.004967302,0.0034921293,0.64875597,0.84738797,0.7664391,0.46774468,0.39501232,-0.008649827,-0.004875679,-0.0044947756,-0.047013976,-0.15737604,1.0770766,1.1365607,1.250615,1.250615,1.250615,0.99290645,0.99290645,0.99290645,0.99290645,0.85961574,1.0292464,1.0685384,1.1667635,1.1632175,1.1459197,1.0185543,1.0242816,1.0339141,1.049793,0.94736946,0.2,0.1,0.05,0.033333335,0.35,0.08427604,0.04937913,0.027525373,0.027525373,0.35903972,0.2,0.1,0.25,0.5,0.75,0.8,0.9,0.95,0.96666664,0.11666667,-0.6,-0.8,-0.7,-0.46666667,0.6333333,-0.39171526,0.42641348,0.7800948,0.74032897,0.6674075,-0.43031713,-0.41941628,0.29349995,0.19584842,0.38648722,0.2,0.3,0.35,0.4,0.48333332,0.8,0.7,0.65,0.6,0.51666665,-0.6,-0.4,-0.3,-0.2,-0.033333335,0.11380953,0.1908265,0.34283215,0.41545323,0.5019226,0.8861905,0.80917346,0.65716785,0.58454674,0.4980774,-0.77238095,-0.618347,-0.31433573,-0.16909353,0.0038452258,0.9321236,1.0757518,1.2908677,1.4374784,1.3425707,0.17264144,0.21406557,0.37773678,0.42196587,0.48451558,0.8733441,0.73525,0.816903,0.94313496,1.1870241,0.30043972,0.44386128,0.40566358,0.4338436,0.48767093,0.6995603,0.55613875,0.5943364,0.5661564,0.51232904,-0.39912054,-0.112277456,-0.18867283,-0.13231276,-0.024658134
SZ002236,0.14649381242580176,1.0,,2026-05-27,0.0,0.036137752,0.0,0.033314534,0.92187613,0.0028232206,0.07812385,-0.030491313,-0.84375226,1.0,1.0333146,0.99717677,1.0116329,0.9967117,1.0138612,1.0050124,0.9640798,1.0652981,0.99317676,0.98963386,0.99917454,1.0082912,0.989384,0.013525668,0.013763601,0.015027661,0.022913417,0.03758353,0.007300494,0.0028435723,-0.0011355606,-0.0015358124,0.0003004209,0.7283281,0.39126936,0.19985083,0.34817562,0.019487903,-0.007777758,-0.0024299098,0.011613315,0.013978084,0.0017535925,1.0333146,1.0333146,1.0431752,1.0719353,1.0719353,0.9651852,0.96241957,0.96241957,0.9502522,0.9043461,1.0022539,1.0022424,1.0119772,1.023041,1.0133017,0.9846546,0.97712797,0.9868673,0.988749,0.9567816,0.6,0.7,0.4,0.3,0.5,0.51101005,0.530086,0.46536,0.4088308,0.57076395,1.0,1.0,0.2,0.13333334,0.56666666,0.4,0.3,0.65,0.033333335,0.28333333,0.6,0.7,-0.45,0.1,0.28333333,-0.37773246,-0.31411272,0.26065508,0.6248244,0.6546014,-0.5675052,0.0063936547,0.04103666,0.3696342,0.08585657,0.6,0.5,0.5,0.5,0.48333332,0.4,0.5,0.45,0.46666667,0.48333332,0.2,0.0,0.05,0.033333335,0.0,0.5264807,0.45447728,0.48991397,0.5434554,0.45855492,0.47351933,0.54552275,0.510086,0.45654455,0.5414451,0.052961327,-0.09104545,-0.020172045,0.086910896,-0.08289016,0.85253805,0.86908185,0.95560163,1.0290887,0.8341126,0.12580697,0.09880441,0.19401833,0.3263006,0.34843293,0.8019568,0.702449,0.77896583,0.9246079,1.1230576,0.59317106,0.43465263,0.5479161,0.5195664,0.50033045,0.40682894,0.5653474,0.4520839,0.48043358,0.49966952,0.18634209,-0.13069475,0.09583225,0.03913284,0.00066092727
SH688111,0.14448030817617485,1.0,,2026-05-27,-0.025383215,0.04376133,-0.58003753,0.016111791,0.36817417,0.0022663237,0.05178827,-0.03922868,-0.89642346,1.0260442,1.0425757,0.99767464,1.0181746,1.0510684,1.1159662,1.0532761,0.99691755,1.2726288,1.0236181,1.0462323,1.074243,1.064702,1.0802065,0.01421088,0.026947575,0.04475334,0.040684294,0.07565686,-0.0059940885,-0.008096877,-0.004005756,0.0002476557,-0.002057168,0.4447791,0.82757455,0.28040528,0.0028717378,0.225498,-0.011629942,-0.0097964015,-0.036188252,-0.06829298,-0.019520035,1.0884459,1.1494273,1.1930431,1.1930431,1.2852181,0.99767464,0.99767464,0.99767464,0.9766687,0.9520543,1.0324155,1.072254,1.1076686,1.0853751,1.1549132,1.0188612,1.0255425,1.0360645,1.0364144,1.0220603,0.2,0.1,0.05,0.06666667,0.13333334,0.025617685,0.01532328,0.011902376,0.10782832,0.14391018,0.2,0.1,0.35,0.56666666,0.016666668,1.0,1.0,1.0,0.033333335,0.45,-0.8,-0.9,-0.65,0.53333336,-0.43333334,-0.27297354,-0.13718691,0.65354455,0.46249932,0.13031279,-0.23613232,-0.54423136,0.037396036,0.497106,0.35074264,0.2,0.3,0.5,0.5,0.41666666,0.8,0.7,0.5,0.5,0.5833333,-0.6,-0.4,0.0,0.0,-0.16666667,0.17462836,0.17262484,0.43520117,0.5025528,0.38984823,0.8253716,0.8273752,0.56479883,0.49744722,0.61015177,-0.65074325,-0.6547503,-0.12959766,0.0051055644,-0.2203035,0.89440066,0.8919429,1.0106217,1.0145727,0.8063415,0.1323342,0.11782643,0.25143385,0.35895267,0.34408173,0.58035994,0.61198795,0.89199203,1.2745005,1.2853087,0.5350517,0.5704835,0.4960921,0.5207448,0.5136138,0.4649483,0.42951652,0.5039079,0.47925523,0.48638615,0.07010341,0.14096698,-0.007815802,0.041489553,0.027227687
SZ003816,0.1428668925565987,1.0,,2026-05-27,-0.023861147,0.030368732,-0.78571427,0.0,0.0,0.0065075853,0.21428572,-0.01735356,-0.5714286,1.0244445,1.0244445,0.99333334,1.0041568,1.0190476,1.0742857,1.0323809,0.9961905,0.872381,1.0022857,1.0306667,1.0348572,1.0245714,0.9933968,0.017581703,0.03617878,0.029131353,0.030411871,0.05034822,0.0072381063,-0.008392495,-0.001036878,0.0012911697,0.0022811624,0.42370933,0.49327123,0.044340644,0.13969538,0.62610054,-0.016761918,0.00709957,-0.025006793,-0.04329338,-0.060691115,1.0358764,1.0987399,1.0987399,1.0987399,1.0987399,0.9711111,0.9711111,0.9711111,0.96821827,0.87142617,1.015619,1.063619,1.0613333,1.0590476,1.0323809,0.99123806,0.99885714,1.0125715,0.99390477,0.9394285,0.6,0.3,0.15,0.3,0.475,0.44605452,0.22635071,0.22635071,0.24349771,0.56562287,0.8,0.4,0.7,0.8,0.9,0.6,0.8,0.9,0.1,0.016666668,0.2,-0.4,-0.2,0.7,0.8833333,-0.7894529,-0.059892338,-0.10867243,0.046838764,-0.4000113,-0.46181074,-0.6512194,-0.48989514,-0.2783317,-0.04413959,0.6,0.6,0.7,0.6333333,0.6,0.4,0.4,0.3,0.36666667,0.38333333,0.2,0.2,0.4,0.26666668,0.21666667,0.41379318,0.33333346,0.4540541,0.5043103,0.5784543,0.5862068,0.66666657,0.5459459,0.49568966,0.42154568,-0.17241365,-0.33333308,-0.091891825,0.008620653,0.15690862,1.2816087,1.4036968,1.412026,1.3778733,1.8604289,0.3757425,0.35138902,0.32892257,0.2944649,0.75465965,0.82838076,1.1341277,1.1854093,1.2405801,1.1752696,0.022063147,0.39178854,0.46316293,0.44816232,0.49405742,0.97793686,0.60821146,0.5368371,0.5518377,0.5059426,-0.9558737,-0.21642289,-0.073674165,-0.10367538,-0.011885192
SZ000063,0.14145695714051768,1.0,,2026-05-27,-0.020258822,0.04727069,-0.42857048,0.016038287,0.33928606,0.010973581,0.23214346,-0.025323527,-0.5357131,1.0206777,1.0370476,0.9887995,1.0123683,1.0677769,1.1151721,1.0448097,1.0278696,1.1077011,1.0172355,1.0445461,1.0654265,1.0540441,1.0299066,0.017552959,0.031939797,0.038053263,0.036783166,0.055627655,-0.0003441716,-0.008254969,-0.003111711,0.00074961677,0.00062570855,0.00096114597,0.6123193,0.23403601,0.03218712,0.038588908,-0.016547164,-0.0073987213,-0.035865236,-0.064913586,-0.048365075,1.0875914,1.1545082,1.1545082,1.1545082,1.1545082,0.9887995,0.9887995,0.9887995,0.9887995,0.9132786,1.0271746,1.0775481,1.1009855,1.0838037,1.0747377,1.0002283,1.0166042,1.0320568,1.019878,0.98288196,0.2,0.1,0.05,0.033333335,0.23333333,0.113374606,0.067591436,0.067591436,0.067591436,0.35949737,0.2,0.1,0.55,0.7,0.85,1.0,1.0,1.0,1.0,0.36666667,-0.8,-0.9,-0.45,-0.3,0.48333332,-0.96534437,-0.29859814,0.2172434,0.50971484,0.660367,-0.9876488,-0.877164,-0.04245908,0.3066797,0.15332258,0.4,0.4,0.55,0.5,0.5,0.6,0.6,0.45,0.5,0.46666667,-0.2,-0.2,0.1,0.0,0.033333335,0.27484658,0.27139437,0.4518492,0.4774236,0.4551756,0.72515345,0.7286056,0.54815084,0.5225764,0.5448244,-0.45030683,-0.45721126,-0.096301645,-0.045152806,-0.08964881,0.90120393,0.8935659,0.92730075,0.85535777,0.71759534,0.19381224,0.18879066,0.22052722,0.27959955,0.29306978,0.8968041,0.8573919,0.8298106,1.1225712,1.1691595,0.63165575,0.5364044,0.52855355,0.5092166,0.51283085,0.36834428,0.46359566,0.47144642,0.49078336,0.48716915,0.26331145,0.0728087,0.057107143,0.018433262,0.025661703
SH600547,0.140081179144469,1.0,,2026-05-27,-0.035794906,0.04998391,-0.7161285,0.010641769,0.21290387,0.0035472366,0.07096757,-0.04288944,-0.8580649,1.0371238,1.0481606,0.9963211,1.0122998,1.0183938,1.1622049,1.1986644,1.3444879,1.5585351,1.0105026,1.0338496,1.1077123,1.1623559,1.3035483,0.024107622,0.040199284,0.08203648,0.10594428,0.18611474,0.0067210156,-0.009231931,-0.012281392,-0.011449967,-0.010049098,0.19431263,0.48345926,0.78442097,0.9052219,0.8891858,-0.02394465,0.007694109,0.008960945,0.0036685844,-0.007099935,1.0551803,1.1602095,1.2357901,1.3471656,1.789296,0.98662853,0.98662853,0.98662853,0.98662853,0.98662853,1.014715,1.0551157,1.1855563,1.2663605,1.4773283,0.9979937,1.0040185,1.0157852,1.0427499,1.1632781,0.4,0.2,0.1,0.06666667,0.033333335,0.19505666,0.0770331,0.05366592,0.03708769,0.01665881,0.8,0.1,0.35,0.1,0.05,0.4,0.7,0.85,0.9,0.95,0.4,-0.6,-0.5,-0.8,-0.9,0.9228846,0.4214059,0.24585734,-0.16584997,0.15061575,0.8756785,0.43178335,0.2212924,0.09873817,0.30282134,0.6,0.3,0.35,0.26666668,0.33333334,0.4,0.7,0.65,0.7,0.65,0.2,-0.4,-0.3,-0.43333334,-0.31666666,0.4355949,0.21702716,0.3035724,0.2477901,0.35923424,0.5644051,0.7829728,0.6964276,0.7522099,0.6407657,-0.12881021,-0.5659457,-0.3928552,-0.5044198,-0.2815315,1.0361619,1.031479,1.0871947,1.0251079,1.0817147,0.29094914,0.24687356,0.32237652,0.29427055,0.40638712,0.9068303,0.8247788,0.8097121,0.90257865,1.3395809,0.54344785,0.5248466,0.495905,0.50453234,0.5063235,0.45655212,0.47515342,0.504095,0.4954677,0.4936765,0.08689576,0.04969318,-0.008189998,0.009064622,0.012647
SZ002459,0.13936212728602954,1.0,,2026-05-27,-0.009523826,0.05079365,-0.18750031,0.03597887,0.70833397,0.0052909576,0.104165725,-0.040211737,-0.79166853,1.0096154,1.0459403,0.9946582,1.0157864,1.0739866,1.1944116,1.1601732,1.1487603,1.2809917,1.0250295,1.0661157,1.1147187,1.134514,1.2009904,0.019569967,0.05138551,0.062765,0.058628034,0.09827883,-0.010468326,-0.016247487,-0.00852308,-0.005231752,-0.004786311,0.71534294,0.9164366,0.64539564,0.6171424,0.7234055,-0.004092879,0.006997957,-0.03374939,-0.058653593,-0.05979427,1.091815,1.2169093,1.2169093,1.2267511,1.4304919,0.9946582,0.9946582,0.9946582,0.9946582,0.9946582,1.0365211,1.0987014,1.1688312,1.1777253,1.3151516,1.0094451,1.0262889,1.0469106,1.0859505,1.129634,0.2,0.1,0.05,0.033333335,0.016666668,0.054981526,0.024035124,0.024035124,0.023015918,0.012256584,0.2,0.1,0.55,0.033333335,0.21666667,1.0,1.0,1.0,1.0,1.0,-0.8,-0.9,-0.45,-0.96666664,-0.78333336,-0.24504305,0.55676526,0.28149694,0.009642552,0.69556063,-0.5858458,-0.39084283,-0.1438581,0.086510606,0.3335809,0.2,0.1,0.4,0.4,0.46666667,0.8,0.9,0.6,0.6,0.53333336,-0.6,-0.8,-0.2,-0.2,-0.06666667,0.1594203,0.07560141,0.26473987,0.3453355,0.3885072,0.8405797,0.9243986,0.7352601,0.65466446,0.6114928,-0.68115944,-0.8487972,-0.4705203,-0.30932894,-0.22298566,0.85626554,0.9912893,0.9724538,0.8968557,1.220694,0.1364106,0.2975763,0.28034347,0.27995247,0.5288293,0.62390924,1.051544,1.1697325,1.2101189,1.1162256,0.61767244,0.49280825,0.5441681,0.51474905,0.5042675,0.38232753,0.5071918,0.4558319,0.48525095,0.49573246,0.23534492,-0.01438351,0.088336214,0.029498124,0.008535059
SZ300498,0.1386762275601662,1.0,,2026-05-27,-0.02014394,0.028057575,-0.7179501,0.0043165586,0.15384646,0.0035970774,0.12820342,-0.020863421,-0.74359316,1.0205581,1.0249634,0.99632895,1.0050355,1.0563093,1.1071913,1.1563772,1.2113297,1.1475577,1.0203528,1.0523745,1.1114824,1.1494912,1.1906039,0.017973492,0.0388432,0.07047895,0.08150729,0.07443194,-0.008955226,-0.01246659,-0.010941788,-0.008678647,-0.0031014197,0.62062347,0.9442278,0.84357893,0.8786438,0.52954423,-0.002442378,0.0037251252,-0.0075354185,-0.023650844,-0.09911197,1.0712693,1.127015,1.2216028,1.2774057,1.3126025,0.9962964,0.9962964,0.9962964,0.9962964,0.9962964,1.0278834,1.0860244,1.181072,1.2246947,1.2450476,1.0092267,1.0175035,1.0433514,1.067707,1.1457938,0.2,0.1,0.05,0.033333335,0.016666668,0.04939881,0.028332379,0.016437927,0.013174834,0.011708812,0.2,0.1,0.2,0.06666667,0.21666667,0.6,0.8,0.9,0.93333334,0.96666664,-0.4,-0.7,-0.7,-0.8666667,-0.75,-0.29308602,0.22194962,0.011274393,0.0019426459,-0.0051221857,-0.9440773,-0.8179188,-0.35169464,-0.028159326,0.23203868,0.2,0.1,0.3,0.3,0.4,0.8,0.7,0.6,0.6333333,0.56666666,-0.6,-0.6,-0.3,-0.33333334,-0.16666667,0.14224124,0.08638734,0.25659972,0.28909945,0.4250258,0.85775876,0.91361266,0.7434003,0.71090055,0.5749742,-0.7155175,-0.8272253,-0.48680052,-0.42180112,-0.14994839,1.1581666,1.2104005,1.2199879,1.2038792,1.2171248,0.49873266,0.4217261,0.3918234,0.3685247,0.4524881,1.2540947,1.289243,1.1215409,1.0721767,1.0974214,0.5531661,0.42632145,0.49832734,0.51387024,0.49644354,0.4468339,0.57367855,0.5016727,0.48612976,0.5035565,0.10633219,-0.14735708,-0.0033453181,0.027740465,-0.0071129343
SH688472,0.13814605360481266,1.0,,2026-05-27,0.019955661,0.06947522,0.28723425,0.049519554,0.71276575,0.0,0.0,-0.029563893,-0.4255315,0.9804348,1.0485507,0.9804348,1.0196921,1.0906515,1.105524,0.9475921,0.95609057,1.0467422,1.0101982,1.0449716,1.0464588,1.0176581,1.0217894,0.023017522,0.042377654,0.048563868,0.05749867,0.06447448,-0.009631716,-0.012134084,0.0003461219,0.0038339747,-0.00027596598,0.4377541,0.75153905,0.0017778687,0.34457564,0.0055877278,0.009065148,0.00963174,-0.049747035,-0.07325075,-0.0136483805,1.0922956,1.1481495,1.1481495,1.1481495,1.1759312,0.95757043,0.95757043,0.91406465,0.91406465,0.89922047,1.0239376,1.0821528,1.0910764,1.0647308,1.084136,0.9973088,1.0,1.0,0.9647308,0.95906514,0.5,0.25,0.225,0.48333332,0.425,0.31493407,0.22263487,0.36711192,0.36711192,0.36420536,0.2,0.1,0.55,0.7,0.16666667,0.8,0.9,0.05,0.36666667,0.45,-0.6,-0.8,0.5,0.33333334,-0.28333333,-0.5034207,0.36734304,0.24108139,0.59268475,0.6834517,0.006165997,0.1460749,0.45364398,0.3540464,0.43244335,0.4,0.5,0.6,0.53333336,0.46666667,0.6,0.5,0.4,0.46666667,0.53333336,-0.2,0.0,0.2,0.06666667,-0.06666667,0.237705,0.32634038,0.5467172,0.5327005,0.48369566,0.762295,0.6736596,0.4532828,0.46729952,0.5163043,-0.52458996,-0.34731925,0.09343439,0.065400966,-0.03260866,0.81818414,0.9078092,1.0312465,0.8826536,0.84756505,0.1269805,0.21672454,0.3364657,0.3522381,0.37493372,0.7057898,0.74692,1.1058109,1.3179095,1.1944485,0.5276268,0.52138615,0.5350141,0.5336725,0.51203763,0.47237322,0.47861385,0.4649859,0.46632746,0.48796237,0.055253588,0.04277232,0.070028186,0.06734508,0.024075298
SZ300124,0.13213241541550172,1.0,,2026-05-27,-0.021916073,0.033061974,-0.6628786,0.0072636395,0.2196977,0.0038822612,0.11742376,-0.025297452,-0.7651525,1.0224072,1.0298336,0.99603075,1.012333,0.98284113,0.9789995,0.8290637,0.8720867,0.9449386,1.0104196,0.99645114,0.955529,0.92155564,0.90218735,0.015482302,0.021330416,0.06527793,0.07256972,0.058208704,0.0032653601,0.0054295515,0.009410189,0.0071524265,0.0015519124,0.11120674,0.59393746,0.727331,0.75283116,0.21679957,-0.016950313,-0.020884102,-0.044925775,-0.025265815,0.052031238,1.0761802,1.0761802,1.0761802,1.0761802,1.0761802,0.9769484,0.95262253,0.7699066,0.7699066,0.7699066,1.0162313,1.0097519,0.99692667,0.9929053,0.9663232,0.9991546,0.9885768,0.9036588,0.8504987,0.8550028,0.4,0.7,0.85,0.9,0.95,0.23230077,0.38344404,0.7512675,0.7512675,0.7512675,0.8,0.9,0.95,0.96666664,0.98333335,0.4,0.1,0.1,0.4,0.7,0.4,0.8,0.85,0.56666666,0.28333333,0.34544575,0.6091562,-0.1195803,0.392221,0.5220587,0.59498084,0.74020064,0.32567924,0.29079694,0.2774295,0.6,0.6,0.65,0.53333336,0.46666667,0.4,0.4,0.35,0.46666667,0.53333336,0.2,0.2,0.3,0.06666667,-0.06666667,0.59281075,0.55994743,0.66971946,0.6015858,0.5252367,0.40718928,0.4400526,0.33028054,0.3984142,0.4747633,0.18562147,0.1198948,0.33943892,0.20317164,0.050473396,1.1052355,0.99248445,1.087761,0.9273138,0.69912046,0.23776704,0.30986986,0.3284758,0.35864377,0.35805815,0.68732786,0.94397795,1.2261711,1.4087096,1.6005888,0.5861949,0.4995659,0.52021253,0.51892537,0.5233039,0.41380516,0.5004341,0.47978747,0.48107466,0.47669607,0.1723897,-0.00086817524,0.040425047,0.037850693,0.04660783
SZ001979,0.13192782716721405,1.0,,2026-05-27,-0.03917051,0.05069125,-0.77272725,0.0,0.0,0.011520739,0.22727273,-0.027649773,-0.54545456,1.0407674,1.0407674,0.9880096,1.00349,1.0722367,1.1444736,1.0026109,0.95822453,1.1993037,1.024543,1.0520452,1.0736728,1.0573252,1.0694227,0.017014753,0.03507733,0.049880676,0.048627377,0.06787724,-0.0024368975,-0.009578818,-0.0023066788,0.0016035617,-0.0015167153,0.0512818,0.6835689,0.074847564,0.08427744,0.15228586,-0.019669298,-0.008940581,-0.051759314,-0.08057686,-0.024679586,1.0827967,1.1552466,1.2033296,1.2033296,1.2105739,0.9880096,0.9880096,0.9880096,0.94782466,0.9351521,1.0379461,1.0851175,1.1147084,1.0922542,1.1448216,1.0139252,1.0236727,1.0342907,1.021584,1.0156658,0.2,0.1,0.05,0.06666667,0.13333334,0.12649837,0.07169707,0.05568648,0.20420484,0.23544939,0.2,0.1,0.45,0.6333333,0.05,1.0,1.0,1.0,0.033333335,0.45,-0.8,-0.9,-0.55,0.6,-0.4,-0.7510335,-0.1233265,0.58170605,0.50176984,0.14181611,-0.49233466,-0.30610013,0.01546429,0.222917,0.17282386,0.4,0.3,0.5,0.5,0.4,0.6,0.7,0.5,0.5,0.5833333,-0.2,-0.4,0.0,0.0,-0.18333334,0.20979029,0.24062485,0.49735448,0.5310881,0.4127951,0.7902097,0.75937515,0.5026455,0.4689119,0.58720493,-0.5804194,-0.5187503,-0.005291032,0.062176228,-0.1744098,0.6698214,0.7107949,0.78813887,0.7400795,0.6768854,0.205869,0.18679589,0.25776735,0.26869142,0.22812234,0.93416256,0.73497075,0.73711914,0.85421866,0.93712264,0.6625781,0.55783665,0.5508628,0.5323055,0.5031032,0.3374219,0.44216332,0.44913724,0.46769452,0.49689683,0.32515618,0.11567335,0.10172555,0.06461099,0.0062063346
SH601899,0.13023553886219494,1.0,,2026-05-27,-0.029465908,0.04174341,-0.7058817,0.009515016,0.22794056,0.0027624844,0.06617774,-0.03621844,-0.86764455,1.0303605,1.0401644,0.99715364,1.0111572,0.9610635,1.0960337,1.0849919,1.0672672,1.2450966,0.991864,0.9962661,1.0372076,1.0584434,1.0798416,0.033435088,0.033570345,0.049805317,0.05167091,0.071376204,0.01644632,-0.0019996518,-0.0057692523,-0.004490306,-0.0025478161,0.6048846,0.032524347,0.46962988,0.58527696,0.38862357,-0.024756653,0.012732282,0.017600304,0.0066659558,-0.004681035,1.0429192,1.0992154,1.1172819,1.1384954,1.2933744,0.94492495,0.94492495,0.94492495,0.94492495,0.94235456,1.0080779,1.0136567,1.085021,1.1005375,1.1244515,0.97294784,0.9754758,0.9889583,0.99828565,1.0213279,0.8,0.7,0.35,0.23333333,0.13333334,0.5620237,0.35695714,0.31954065,0.284522,0.16422275,0.8,0.1,0.45,0.1,0.033333335,0.4,0.7,0.85,0.9,0.28333333,0.4,-0.6,-0.4,-0.8,-0.25,0.69170594,0.29036888,0.2589808,0.07308237,-0.02839465,0.85287225,0.110171594,0.30897498,0.34859672,0.15023272,0.6,0.3,0.45,0.46666667,0.43333334,0.4,0.7,0.55,0.53333336,0.56666666,0.2,-0.4,-0.1,-0.06666667,-0.13333334,0.63426846,0.3284899,0.40833595,0.4447098,0.4112199,0.3657315,0.6715101,0.591664,0.55529016,0.5887801,0.26853698,-0.34302023,-0.18332806,-0.11058036,-0.17756018,1.1870645,1.1703136,1.1701202,1.1259787,1.1375504,0.28885576,0.3122035,0.27994967,0.27480525,0.35351703,0.77204096,0.79000634,0.82874733,0.91951895,1.0544108,0.43466187,0.47024688,0.501143,0.5053161,0.50598145,0.56533813,0.5297531,0.49885705,0.4946839,0.49401858,-0.13067628,-0.05950621,0.0022859143,0.010632195,0.011962838
SH600522,0.1297498184991622,1.0,,2026-05-27,-0.01884421,0.052261338,-0.36057648,0.027638238,0.52884674,0.0057788906,0.110576786,-0.040703557,-0.77884644,1.0192062,1.0473752,0.9941101,1.0182964,1.1628863,1.1165223,0.8504503,0.7631369,0.70654285,1.0660207,1.0938362,1.038459,0.9537492,0.8417645,0.048652995,0.052202098,0.102075204,0.15252033,0.15860744,-0.023150587,-0.009316288,0.011189279,0.01537919,0.007645846,0.56603706,0.29195863,0.42056367,0.7879763,0.70876753,-0.019719599,-0.051912926,-0.14475708,-0.17674747,-0.06731698,1.1720829,1.2138472,1.2138472,1.2138472,1.2138472,0.9941101,0.9941101,0.8325211,0.70217675,0.62996346,1.1031061,1.1316254,1.1261598,1.1223699,1.0387723,1.0292945,1.047082,0.912282,0.8230993,0.71600366,0.2,0.1,0.35,0.56666666,0.78333336,0.033094272,0.026804218,0.4392013,0.58206064,0.6337504,0.2,0.5,0.75,0.8333333,0.9166667,1.0,1.0,0.2,0.13333334,0.28333333,-0.8,-0.5,0.55,0.7,0.6333333,0.09457156,0.40479615,0.63553977,0.73595655,0.8095512,-0.36238566,-0.08891596,0.40583542,0.43561396,0.4573167,0.2,0.5,0.55,0.53333336,0.53333336,0.8,0.5,0.45,0.46666667,0.46666667,-0.6,0.0,0.1,0.06666667,0.06666667,0.18826358,0.37520602,0.58366275,0.601569,0.5787453,0.8117364,0.624794,0.41633722,0.398431,0.4212547,-0.6234728,-0.24958798,0.16732554,0.20313798,0.15749064,1.1984501,1.375783,1.3537484,1.2402475,0.996657,0.17795967,0.23281641,0.29935324,0.35650462,0.38280487,0.56512237,0.6728395,0.7310342,0.802058,0.91457844,0.26577097,0.42411092,0.5055788,0.4894707,0.5176304,0.734229,0.5758891,0.49442118,0.5105293,0.48236957,-0.4684581,-0.15177816,0.011157619,-0.02105859,0.03526084
SZ300033,0.12877496054560958,1.0,,2026-05-27,-0.0031699762,0.03670488,-0.08636389,0.02961417,0.8068183,0.0039207353,0.10681783,-0.02886341,-0.7863643,1.00318,1.0328884,0.9960668,1.0143722,0.94941175,1.0501693,0.9561911,0.95694363,0.96997327,0.98635954,0.9749701,0.9947574,0.99691254,0.9584673,0.02372923,0.022949168,0.037447687,0.033534184,0.05061474,0.008627645,0.0033016144,-0.0010565262,-0.00059707003,0.0015840766,0.3304892,0.18972747,0.027859839,0.024568394,0.29874328,-0.0036148007,0.010172658,0.015279562,0.011745007,-0.0051975595,1.070716,1.070716,1.0795438,1.0795438,1.0795438,0.93878335,0.9266074,0.9266074,0.9266074,0.857256,1.0024434,0.9933397,1.0308725,1.0302452,1.0026608,0.9754308,0.95309454,0.95776486,0.9656468,0.91570485,0.8,0.9,0.65,0.56666666,0.78333336,0.4639993,0.5092869,0.4798899,0.4798899,0.6421586,0.2,0.6,0.4,0.6,0.8,0.4,0.4,0.7,0.8,0.45,-0.2,0.2,-0.3,-0.2,0.35,-0.08218955,0.5272723,0.36233985,0.20696229,0.6157495,0.60054785,0.49001288,0.53936124,0.3966815,0.5082208,0.6,0.4,0.55,0.56666666,0.53333336,0.4,0.6,0.45,0.43333334,0.46666667,0.2,-0.2,0.1,0.13333334,0.06666667,0.6652068,0.4014475,0.55407435,0.53531,0.5128579,0.3347932,0.5985525,0.44592562,0.46469,0.4871421,0.33041355,-0.197105,0.108148724,0.07061999,0.02571585,1.2548051,0.99423605,0.9335753,0.8664149,0.7156434,0.4293885,0.414189,0.35331246,0.31468523,0.3037161,0.61844426,0.8740538,1.0792022,1.0371097,1.1865542,0.5902064,0.52745706,0.52292305,0.49324778,0.5212094,0.4097936,0.47254294,0.47707698,0.5067522,0.47879058,0.1804128,0.054914106,0.04584607,-0.013504422,0.042418838
SH600588,0.12860413338401794,1.0,,2026-05-27,-0.036482684,0.046772618,-0.7800009,0.00093539525,0.01999878,0.009354538,0.20000032,-0.028063541,-0.59999937,1.0378641,1.0388349,0.99029124,1.0136753,1.1097133,1.1669958,1.2009737,1.1669958,1.3543681,1.0419413,1.0854368,1.1257285,1.1483499,1.1860195,0.024936933,0.049987476,0.056284163,0.05642991,0.07998324,-0.012331486,-0.015310499,-0.0075160093,-0.0051838066,-0.0035679739,0.61134267,0.85993916,0.62412304,0.6540042,0.60693914,-0.017278284,-0.016539516,-0.05432646,-0.07318467,-0.0807643,1.1203917,1.2330087,1.2504872,1.2504872,1.4058262,0.99029124,0.99029124,0.99029124,0.99029124,0.99029124,1.0567002,1.129511,1.1673839,1.2001975,1.2681533,1.0310634,1.0504868,1.0607755,1.1159233,1.1308659,0.2,0.1,0.05,0.033333335,0.016666668,0.074624956,0.040000163,0.037313186,0.037313186,0.023364436,0.2,0.1,0.35,0.56666666,0.016666668,1.0,1.0,1.0,1.0,1.0,-0.8,-0.9,-0.65,-0.43333334,-0.98333335,0.23712812,0.30030054,0.36964944,-0.08018634,0.19744821,-0.90739,-0.5600334,-0.23685522,-0.06733379,0.100830406,0.4,0.4,0.45,0.53333336,0.51666665,0.6,0.6,0.55,0.46666667,0.48333332,-0.2,-0.2,-0.1,0.06666667,0.033333335,0.068665154,0.14461666,0.2811757,0.36349225,0.3665013,0.93133485,0.85538334,0.71882427,0.63650775,0.63349867,-0.8626697,-0.7107667,-0.43764856,-0.2730155,-0.2669974,1.1702904,1.2802117,1.3334867,1.1731435,1.0996078,0.36705387,0.4776688,0.45797327,0.44645122,0.41169325,1.1434313,0.90317225,0.7822415,0.88183296,0.9638053,0.4628315,0.46764815,0.49083242,0.50819117,0.493706,0.5371685,0.53235185,0.5091676,0.49180886,0.506294,-0.074337,-0.06470368,-0.018335173,0.016382305,-0.012588012
SH601360,0.12631445563704752,1.0,,2026-05-27,-0.023277463,0.038175095,-0.6097552,0.010242092,0.26829255,0.0046555386,0.12195225,-0.028864017,-0.7560955,1.0238322,1.0343184,0.99523354,1.0148404,1.0422851,1.0944669,1.0517318,1.0364372,1.1754385,1.0173639,1.0352676,1.0587494,1.0558554,1.068421,0.011891495,0.02141804,0.034519263,0.028673124,0.052997917,-0.0016644114,-0.0056980047,-0.0033633339,-0.000561127,-0.0014222972,0.04897658,0.6487802,0.33226532,0.029680688,0.21966606,-0.014035068,-0.009626598,-0.02679773,-0.047719073,-0.026463246,1.0632432,1.1096702,1.1535066,1.1535066,1.234498,0.99444604,0.99444604,0.99444604,0.99444604,0.97538584,1.0266306,1.0546108,1.0923077,1.0709851,1.1101214,1.008637,1.0190732,1.0282501,1.036797,1.0277103,0.2,0.1,0.05,0.033333335,0.05,0.08072972,0.04820145,0.034917336,0.034917336,0.09499421,0.2,0.1,0.35,0.56666666,0.13333334,0.4,0.7,0.85,0.9,0.45,-0.2,-0.6,-0.5,-0.33333334,-0.31666666,-0.7187894,-0.26607934,0.60865206,0.5456995,0.7820459,-0.95288163,-0.7941455,-0.1583336,-0.03377606,0.3122651,0.4,0.4,0.55,0.56666666,0.55,0.6,0.6,0.45,0.4,0.43333334,-0.2,-0.2,0.1,0.16666667,0.11666667,0.22988528,0.22368418,0.42002788,0.4564984,0.4269663,0.7701147,0.7763158,0.5799721,0.54350156,0.5730337,-0.54022944,-0.5526316,-0.15994422,-0.08700314,-0.14606738,0.94636154,0.9385693,1.064078,0.9599982,1.1216222,0.15153213,0.14636108,0.28050566,0.2776457,0.52164495,0.87772876,0.8137949,0.76283634,0.85952073,1.245105,0.61200655,0.4893843,0.5186744,0.51145047,0.48008835,0.38799343,0.5106157,0.48132563,0.48854953,0.51991165,0.22401313,-0.021231394,0.037348777,0.022900922,-0.039823316
SZ000807,0.1212734414307097,1.0,,2026-05-27,-0.04846934,0.05676018,-0.8539321,0.0025510283,0.04494398,0.0057398137,0.10112395,-0.045280553,-0.7977521,1.0509382,1.0536193,0.99396783,1.0140316,1.0207832,1.066706,1.1451195,1.1595498,1.0385714,1.0173799,1.0140581,1.0456141,1.0868857,1.0803006,0.02931215,0.029128285,0.042004053,0.0710735,0.07702893,0.0021100978,0.00045819016,-0.0055525196,-0.007338098,-0.00075181224,0.012955369,0.002268157,0.6115977,0.82613933,0.029054334,-0.021600049,-0.016120002,0.007134773,0.019516759,-0.058122065,1.0777832,1.1092494,1.1578777,1.2342952,1.2342952,0.96920055,0.9611414,0.9611414,0.9611414,0.8924334,1.0370922,1.036348,1.0791941,1.1515179,1.1515179,0.9977946,0.99539864,1.0040295,1.01777,1.0055815,0.4,0.4,0.2,0.13333334,0.18333334,0.28364983,0.26236656,0.19751604,0.14225891,0.3146493,0.8,0.1,0.05,0.16666667,0.5833333,0.8,0.3,0.65,0.76666665,0.3,0.0,-0.2,-0.6,-0.6,0.28333333,0.4439035,0.3513211,-0.32459828,-0.47703543,-0.04926376,0.5434868,0.40685475,0.17876244,0.19192153,0.43427402,0.4,0.4,0.35,0.36666667,0.45,0.6,0.6,0.65,0.6333333,0.55,-0.2,-0.2,-0.3,-0.26666668,-0.1,0.45245036,0.40794092,0.37606573,0.40858987,0.4898155,0.5475496,0.5920591,0.62393427,0.5914101,0.51018447,-0.09509926,-0.18411812,-0.24786852,-0.18282025,-0.020368993,0.8889985,0.8047392,0.71865094,0.6637363,0.72427887,0.33506373,0.2477632,0.21178453,0.2033098,0.23974057,0.88071054,0.9462885,1.0502973,1.040388,0.9731484,0.6187034,0.57869446,0.5192135,0.5525773,0.52468944,0.38129658,0.42130554,0.48078653,0.44742268,0.47531056,0.23740683,0.15738894,0.03842695,0.10515462,0.04937885
SH600029,0.12126002126517395,1.0,,2026-05-27,-0.014414341,0.023423428,-0.6153814,0.0054054516,0.23077115,0.0036036342,0.15384744,-0.016216159,-0.69230515,1.0146252,1.0201097,0.9963437,1.0071508,0.9677766,1.0279269,1.0171858,1.0601504,1.387755,0.9972073,0.98743284,1.0017723,1.016434,1.06604,0.022678794,0.021878721,0.024362497,0.02985632,0.08066866,0.009237376,0.0031572436,-0.0012299801,-0.0024146643,-0.0038029118,0.4147604,0.19089027,0.08921147,0.5069238,0.677833,-0.015682032,-0.0016404373,0.009912559,0.01857873,0.04614584,1.0345979,1.0345979,1.0550092,1.0848047,1.4158108,0.96411765,0.9486499,0.9486499,0.9486499,0.9486499,1.0150375,1.0060151,1.0244898,1.0461868,1.1252416,0.97894734,0.9677766,0.9810956,0.98775506,1.0070891,0.6,0.7,0.45,0.3,0.16666667,0.5091122,0.5974555,0.4827983,0.37714517,0.1099195,0.8,0.9,0.35,0.1,0.016666668,0.4,0.3,0.65,0.76666665,0.8833333,0.4,0.6,-0.3,-0.6666667,-0.8666667,0.82932425,0.5941375,0.38583484,0.3127204,0.08049593,0.81447583,0.47926804,0.27114865,0.3301406,0.200415,0.6,0.4,0.45,0.4,0.31666666,0.4,0.6,0.55,0.56666666,0.6666667,0.2,-0.2,-0.1,-0.16666667,-0.35,0.6500001,0.43434355,0.47484276,0.43103454,0.3442623,0.3499999,0.5656565,0.5251572,0.5689655,0.6557377,0.3000002,-0.13131292,-0.05031448,-0.13793093,-0.31147543,1.235125,1.0693593,1.0716572,1.0681235,1.0982246,0.3612028,0.35496613,0.36132884,0.32965073,0.33715427,0.9631399,0.82552415,0.82727736,0.89940035,1.1117457,0.5918428,0.5237275,0.51981145,0.5041612,0.50759715,0.40815726,0.47627252,0.48018855,0.49583885,0.49240288,0.1836855,0.047454927,0.039622925,0.008322327,0.015194265
SZ002179,0.11766786019977409,1.0,,2026-05-27,-0.024691392,0.055429615,-0.44545487,0.025447227,0.45909083,0.0052909967,0.095454335,-0.044847623,-0.8090913,1.0253165,1.0514079,0.9945751,1.0231953,1.0564114,1.0678804,0.89739066,0.938923,0.9139493,1.0313054,1.0266839,0.996746,0.97121125,0.92944986,0.021156572,0.02084522,0.05224236,0.056507595,0.06264141,-0.011163515,0.0008380079,0.0066015194,0.005292947,0.0026212942,0.6960675,0.014814763,0.55886936,0.6799596,0.5340825,-0.0089783445,-0.030454919,-0.05946042,-0.047959004,-0.006778058,1.0882773,1.0908248,1.0908248,1.0908248,1.0908248,0.9945751,0.9830185,0.8716352,0.8716352,0.82449585,1.0463201,1.0463201,1.0418887,1.0359845,1.0005293,1.0159208,1.0050898,0.9393811,0.9219538,0.88010246,0.2,0.1,0.4,0.6,0.8,0.057895593,0.1575184,0.5856336,0.5856336,0.658975,0.2,0.1,0.55,0.7,0.85,1.0,0.4,0.05,0.36666667,0.3,-0.8,-0.3,0.5,0.33333334,0.55,-0.035180043,0.3089801,0.61571187,0.76305854,0.7256906,-0.28498754,0.41377133,0.73709387,0.6987049,0.6676456,0.2,0.3,0.55,0.43333334,0.45,0.8,0.7,0.45,0.56666666,0.55,-0.6,-0.4,0.1,-0.13333334,-0.1,0.14903957,0.3297591,0.6093354,0.5539213,0.53819275,0.85096043,0.67024094,0.39066455,0.44607875,0.46180725,-0.70192087,-0.34048185,0.21867089,0.10784252,0.07638553,1.1609715,1.1896611,1.3166455,1.0993016,0.97908735,0.27831465,0.24228655,0.65171283,0.61789036,0.575966,0.5113852,0.7609113,1.5025043,1.7371447,1.5810065,0.32929385,0.3409225,0.51428896,0.4825718,0.5013135,0.67070615,0.6590775,0.48571104,0.5174282,0.49868652,-0.3414123,-0.31815502,0.028577937,-0.03485639,0.0026269692
SZ002709,0.11577971516613701,1.0,,2026-05-27,0.015191766,0.047664218,0.31872475,0.032472454,0.68127525,0.0,0.0,-0.017280687,-0.3625505,0.9850356,1.0319865,0.9850356,1.0074189,1.0849307,1.0834326,0.986658,0.8690893,0.78855044,1.0262308,1.0396049,1.0716143,1.0238261,0.9253964,0.052818064,0.042116445,0.05916518,0.08652376,0.12051723,-0.027292287,-0.006934553,-0.0049281,0.005291667,0.0057877963,0.6675056,0.24851063,0.24282572,0.2898785,0.7034416,0.028353749,-0.008399381,-0.024797294,-0.100555345,-0.096136406,1.1298198,1.1298198,1.2154915,1.2154915,1.2154915,0.9614729,0.9614729,0.9614729,0.8501217,0.7349732,1.0808871,1.0805875,1.1105162,1.0932739,1.0528278,0.9886734,0.9985429,1.0164279,0.9227058,0.8087453,0.6,0.3,0.15,0.43333334,0.71666664,0.22885531,0.22885531,0.15167029,0.41020983,0.5515436,0.2,0.6,0.25,0.5,0.75,0.8,0.9,0.95,0.033333335,0.11666667,-0.6,-0.3,-0.7,0.46666667,0.6333333,0.27304703,0.34414554,0.47912484,0.45165542,0.6901673,-0.4476875,0.10374039,0.010785902,0.1865543,0.36155453,0.4,0.4,0.45,0.46666667,0.46666667,0.6,0.6,0.55,0.53333336,0.53333336,-0.2,-0.2,-0.1,-0.06666667,-0.06666667,0.22383212,0.3845745,0.5086978,0.56091076,0.5608125,0.77616787,0.61542547,0.49130216,0.4390892,0.4391875,-0.55233574,-0.230851,0.017395675,0.121821575,0.12162499,1.181119,1.1317064,1.2837596,1.2461119,1.048367,0.28938967,0.2339564,0.28340492,0.25914297,0.35659716,1.3807087,0.9401587,0.91155064,0.89535177,1.0145109,0.42006424,0.51499224,0.4520161,0.46828383,0.5108409,0.5799358,0.48500773,0.54798394,0.53171617,0.4891591,-0.15987153,0.029984515,-0.09596786,-0.063432366,0.021681769
SZ000408,0.11577811185666456,1.0,,2026-05-27,-0.03591886,0.050835267,-0.70657367,0.009427154,0.18544516,0.005489253,0.10798119,-0.03985676,-0.7840376,1.0372571,1.0470355,0.9943062,1.012646,0.98912114,1.1277553,1.1171075,1.0110565,1.0585004,0.99859565,1.0087724,1.0559318,1.0577372,1.017058,0.028467681,0.035444617,0.055600543,0.048887614,0.06171781,0.010494896,-0.004675699,-0.007881771,-0.0021893561,0.0017199875,0.3397755,0.1595159,0.70332754,0.15543073,0.23688056,-0.019585466,0.012268281,0.018945046,-0.025991557,-0.06779764,1.0470355,1.1404938,1.1496642,1.1496642,1.1496642,0.96547383,0.9590427,0.9590427,0.9590427,0.8516701,1.0102353,1.037468,1.1065024,1.0995946,1.0814348,0.9778228,0.9873613,0.9921644,1.0014364,0.9791738,0.6,0.6,0.3,0.2,0.46666667,0.42331392,0.22572081,0.2148618,0.2148618,0.49776125,1.0,0.1,0.5,0.6666667,0.8333333,0.2,0.5,0.75,0.8333333,0.28333333,0.8,-0.4,-0.25,-0.16666667,0.55,0.8375299,0.27000615,0.057356108,0.0824475,-0.36046073,0.76802176,0.24931964,0.35685724,0.39320198,0.07537316,0.4,0.3,0.35,0.4,0.4,0.6,0.7,0.65,0.6,0.6,-0.2,-0.4,-0.3,-0.2,-0.2,0.52980715,0.30138728,0.38327432,0.4921054,0.47724664,0.47019288,0.69861275,0.6167257,0.5078946,0.52275336,0.05961424,-0.39722544,-0.23345137,-0.015789198,-0.04550672,1.0589073,1.1219975,1.1122888,1.095885,1.2077818,0.25994015,0.28926238,0.2552914,0.2299607,0.40409574,0.74760395,0.796836,0.87505454,0.86505437,1.2362107,0.51008874,0.42402154,0.4908253,0.5203885,0.48400834,0.48991123,0.57597846,0.5091747,0.47961152,0.5159917,0.020177526,-0.15195695,-0.01834942,0.040776975,-0.03198334
SZ301236,0.11526687284313246,1.0,,2026-05-27,-0.039473634,0.047631547,-0.82872874,0.0068421382,0.1436472,0.0013157767,0.02762406,-0.044999994,-0.94475186,1.0410959,1.0482192,0.99863017,1.0197313,1.0956532,1.1481968,1.205517,1.0616193,1.295916,1.0468354,1.07214,1.0984535,1.1045418,1.1308614,0.02929526,0.03494733,0.0422862,0.044697303,0.09520568,-0.009159299,-0.00796332,-0.004004246,-0.0014548713,-0.0030614147,0.24438229,0.47596148,0.31384286,0.08210852,0.3153686,-0.028516838,-0.036305007,-0.06041318,-0.08344618,-0.04054964,1.1167547,1.1564034,1.1827726,1.2216774,1.3863599,0.99863017,0.99863017,0.99863017,0.99863017,0.99863017,1.0609983,1.0965847,1.1392405,1.1450202,1.2392405,1.0355386,1.0516838,1.0752567,1.0773107,1.0550035,0.2,0.1,0.05,0.033333335,0.016666668,0.011596656,0.008682396,0.0074390736,0.0061415206,0.0035330013,0.2,0.1,0.4,0.26666668,0.016666668,1.0,1.0,1.0,1.0,1.0,-0.8,-0.9,-0.6,-0.73333335,-0.98333335,-0.24097101,0.032495502,0.18535165,0.5408435,0.42123318,-0.114795245,-0.28219718,0.2250659,0.5389277,0.43143186,0.4,0.5,0.5,0.56666666,0.48333332,0.6,0.5,0.45,0.4,0.5,-0.2,0.0,0.05,0.16666667,-0.016666668,0.21331424,0.25657117,0.31895643,0.46220338,0.41139874,0.78668576,0.7434288,0.68104357,0.5377966,0.58860123,-0.5733715,-0.48685762,-0.3620871,-0.075593255,-0.17720252,0.9494739,0.96657777,0.9823317,0.982491,0.8871277,0.1413463,0.128411,0.2270538,0.37955117,0.3744987,0.5960418,0.7268355,1.0345811,1.264068,1.2082479,0.59756947,0.565887,0.41605735,0.52517414,0.50918216,0.40243053,0.43411303,0.58394265,0.47482586,0.49081784,0.19513895,0.13177393,-0.16788529,0.050348293,0.018364308
SH601689,0.1140787059589785,1.0,,2026-05-27,-0.026695488,0.040259734,-0.6630815,0.008369415,0.20788549,0.0051948326,0.12903295,-0.02987007,-0.74193406,1.0274277,1.0360266,0.9946627,1.0139977,1.0337764,0.9879778,0.8358883,0.88944715,1.0201005,1.0514598,1.037962,0.98116213,0.9464347,0.9214596,0.029403783,0.035099376,0.07632257,0.080214,0.07063342,-0.015272574,0.0042953533,0.011474379,0.007896638,0.0016423258,0.67446285,0.13728099,0.7910802,0.7510792,0.16489139,-0.020914663,-0.057291023,-0.090168715,-0.060935922,0.030091794,1.1097511,1.1097511,1.1097511,1.1097511,1.1097511,0.9946627,0.95275366,0.82493824,0.82469594,0.81433976,1.0684054,1.0663062,1.0521722,1.0367533,0.9863367,1.0432034,1.0238153,0.9080211,0.87499523,0.8559379,0.2,0.2,0.6,0.73333335,0.8666667,0.04637576,0.30093703,0.6146553,0.6149828,0.6284803,0.8,0.9,0.95,0.96666664,0.98333335,1.0,0.2,0.15,0.33333334,0.3,-0.2,0.7,0.8,0.6333333,0.68333334,-0.085797556,0.32510388,0.68446165,0.769495,0.58263576,0.43545255,0.64346397,0.6178729,0.5814956,0.5317699,0.2,0.3,0.6,0.46666667,0.38333333,0.8,0.7,0.4,0.53333336,0.6166667,-0.6,-0.4,0.2,-0.06666667,-0.23333333,0.3387982,0.52447563,0.6781276,0.59362215,0.49037993,0.6612018,0.47552437,0.32187244,0.40637788,0.5096201,-0.3224036,0.048951257,0.35625514,0.18724427,-0.019240137,0.9755644,0.98050237,0.83536655,0.7198896,0.5516655,0.23392588,0.316466,0.31356302,0.30923805,0.28580052,1.1140723,1.2537591,1.187195,1.3145105,1.4573888,0.59104496,0.55834484,0.5529259,0.5305661,0.532478,0.40895507,0.4416552,0.44707415,0.46943387,0.467522,0.18208988,0.11668964,0.10585172,0.061132226,0.064955994
SZ000338,0.11166464512171423,0.875,,2026-05-27,-0.017653719,0.04384964,-0.40259668,0.021355353,0.48701322,0.004840566,0.1103901,-0.034168508,-0.7792198,1.0179709,1.03971,0.9950724,1.0120132,0.9452239,0.99536425,0.85768855,0.78261405,0.8469583,0.98979884,0.9819453,0.96059793,0.905047,0.8207181,0.0325083,0.02860653,0.04932448,0.09156725,0.111142345,0.015304174,0.0025485996,0.005348708,0.00933884,0.0050486065,0.5540785,0.0727586,0.4115673,0.806134,0.6293377,-0.02040721,0.0065860334,-0.0114106545,-0.040460147,0.030348027,1.03971,1.03971,1.03971,1.03971,1.03971,0.93478614,0.9116005,0.85593814,0.7521752,0.6202895,1.011598,1.0082899,1.001565,0.9948994,0.9587875,0.97576797,0.9577441,0.9293956,0.7914851,0.7201192,0.6,0.7,0.8,0.8666667,0.93333334,0.6215345,0.69003034,0.7839165,0.86189467,0.90532154,1.0,1.0,1.0,1.0,1.0,0.2,0.5,0.1,0.06666667,0.35,0.8,0.5,0.9,0.93333334,0.65,-0.59304893,-0.4737413,-0.017974606,-0.091687135,-0.2033316,0.25242808,-0.20438354,0.100650825,0.17621808,0.0100183925,0.4,0.3,0.55,0.56666666,0.5,0.6,0.7,0.45,0.43333334,0.5,-0.2,-0.4,0.1,0.13333334,0.0,0.75196177,0.51208043,0.64517754,0.6614932,0.5559776,0.24803822,0.4879196,0.35482243,0.3385068,0.44402242,0.50392354,0.024160815,0.29035512,0.32298642,0.111955196,1.181495,1.3791964,1.5756235,1.615726,1.7685312,0.23030342,0.28154474,0.41737303,0.42602995,0.54763144,0.99619913,0.92389053,1.0178124,0.9933071,0.84139436,0.13939807,0.28558165,0.468077,0.46801123,0.47542977,0.86060196,0.71441835,0.531923,0.53198874,0.5245702,-0.72120386,-0.4288367,-0.06384602,-0.063977525,-0.04914045
SZ000938,0.1113002712501385,1.0,,2026-05-27,-0.026407225,0.05767888,-0.4578318,0.022932574,0.3975905,0.008339079,0.1445777,-0.04100072,-0.71084464,1.0271235,1.050678,0.99143475,1.0183166,1.1495552,1.1744977,1.1177647,0.9668099,0.9182745,1.0497451,1.0979656,1.1225382,1.0907677,0.9980431,0.040206764,0.05780072,0.050586686,0.06800708,0.10764243,-0.012206348,-0.015779812,-0.0056204195,0.0030745277,0.0052421354,0.2304163,0.6832011,0.432049,0.1583982,0.72335136,-0.025332399,-0.026956473,-0.06914427,-0.13534844,-0.1526861,1.1752204,1.2309258,1.2309258,1.2309258,1.2309258,0.99143475,0.99143475,0.99143475,0.956456,0.82903165,1.0740978,1.1475557,1.1575527,1.1489553,1.1319604,1.0251125,1.0413876,1.0893532,1.006778,0.8971609,0.2,0.1,0.05,0.16666667,0.5833333,0.046604652,0.035764433,0.035764433,0.1586476,0.42540637,0.2,0.1,0.55,0.7,0.85,1.0,1.0,1.0,0.033333335,0.11666667,-0.8,-0.9,-0.45,0.6666667,0.73333335,0.0076588574,0.089878745,0.27373487,0.56476194,0.832475,-0.62178963,-0.47916856,-0.16325392,0.29507253,0.44192344,0.4,0.3,0.4,0.46666667,0.51666665,0.6,0.7,0.6,0.53333336,0.48333332,-0.2,-0.4,-0.2,-0.06666667,0.033333335,0.23035324,0.2503218,0.4117735,0.51733136,0.5248654,0.76964676,0.7496782,0.5882265,0.4826686,0.4751346,-0.5392935,-0.49935636,-0.17645302,0.03466278,0.049730808,1.2474676,1.2860872,1.3867816,1.3338333,0.9787363,0.28711194,0.3090608,0.28930306,0.39622208,0.49254775,0.7980924,1.082139,0.917562,1.0206993,1.1767889,0.5229459,0.4288897,0.4558365,0.504872,0.5188177,0.47705412,0.5711103,0.54416347,0.49512795,0.48118228,0.045891747,-0.14222059,-0.08832698,0.009744081,0.037635453
SH603019,0.11033990434161514,1.0,,2026-05-27,-0.03294719,0.06026143,-0.5467377,0.019874565,0.32980576,0.007439671,0.123456605,-0.045382086,-0.7530868,1.0340697,1.0546213,0.9923069,1.0213131,1.0812222,1.1068246,1.0194643,0.93746126,1.0114417,1.0326935,1.0520043,1.0543855,1.0336179,0.9783237,0.022233365,0.028206255,0.034954417,0.04232327,0.0702136,-0.0054866,-0.0058005275,0.00025271933,0.0030296687,0.0027283973,0.15224263,0.38766405,0.0018295354,0.39713082,0.4605455,-0.021720305,-0.025901936,-0.056786343,-0.077548,-0.058811404,1.1100236,1.1539924,1.1539924,1.1539924,1.1539924,0.9923069,0.9923069,0.97757185,0.92989427,0.8438246,1.0455135,1.0801669,1.0848566,1.0801669,1.0388962,1.0198789,1.0343465,1.0242078,0.9926289,0.9124189,0.2,0.1,0.15,0.3,0.6333333,0.06535293,0.04758088,0.12712905,0.31283495,0.50351906,0.2,0.1,0.55,0.7,0.85,1.0,1.0,0.15,0.033333335,0.43333334,-0.8,-0.9,0.4,0.6666667,0.41666666,0.040865336,0.21596892,0.58806336,0.68864113,0.84989977,-0.4998658,-0.21801206,0.49155352,0.5161977,0.3646016,0.4,0.4,0.45,0.5,0.46666667,0.6,0.6,0.55,0.5,0.53333336,-0.2,-0.2,-0.1,0.0,-0.06666667,0.23201299,0.3043393,0.48319465,0.54245716,0.49566743,0.767987,0.6956607,0.51680535,0.45754284,0.5043326,-0.535974,-0.3913214,-0.03361068,0.0849143,-0.008665164,1.1285369,1.2254456,1.2547821,1.154133,0.86577934,0.1832547,0.25787532,0.3356531,0.33570623,0.40179226,0.6893741,0.7460968,0.9397218,1.044559,1.2292387,0.52316606,0.42849463,0.47265145,0.51043487,0.5112878,0.4768339,0.57150537,0.5273486,0.48956513,0.48871222,0.04633218,-0.14301075,-0.05469711,0.020869741,0.022575581
SH603260,0.10934440249440139,1.0,,2026-05-27,-0.002735661,0.042029288,-0.065089405,0.030340701,0.72189426,0.008952924,0.21301633,-0.024123438,-0.57396734,1.0027431,1.0331671,0.9910225,1.0065508,1.0523313,1.0776004,1.1168895,1.0612977,1.2768178,1.0025107,1.0284806,1.0716417,1.0851158,1.1067004,0.010407885,0.03274857,0.051782668,0.046866745,0.07585275,0.0013857099,-0.009033602,-0.0076466417,-0.0039634285,-0.0027302892,0.04431591,0.6975071,0.76320404,0.55426085,0.39516133,-0.0052820602,0.012170567,0.001001393,-0.027646061,-0.026156848,1.0631552,1.1116945,1.1662909,1.1662909,1.2957215,0.97006345,0.97006345,0.97006345,0.97006345,0.95792544,1.0133029,1.0537986,1.124617,1.1246169,1.1944246,0.99282694,0.9985654,1.0135964,1.0336486,1.035344,0.6,0.3,0.15,0.1,0.083333336,0.32158098,0.21136986,0.15256038,0.15256038,0.12455607,0.2,0.1,0.3,0.53333336,0.016666668,0.8,0.9,0.95,0.96666664,0.43333334,-0.6,-0.8,-0.65,-0.43333334,-0.41666666,0.36586592,0.5014965,0.2186198,0.19189048,0.12928511,0.11947161,0.31935555,0.23764525,0.3773115,0.18613178,0.4,0.4,0.35,0.43333334,0.45,0.6,0.6,0.65,0.56666666,0.55,-0.2,-0.2,-0.3,-0.13333334,-0.1,0.30592477,0.33262998,0.36707443,0.44610092,0.38796514,0.6940752,0.66737,0.63292557,0.5538991,0.61203486,-0.38815045,-0.33474,-0.26585114,-0.10779818,-0.22406973,1.1120758,1.1341926,1.158811,1.1903092,1.1120296,0.19892707,0.24295855,0.2695552,0.33840865,0.32698825,0.7701153,0.7239215,0.7510818,1.0296993,1.1590476,0.4636533,0.35311526,0.5129749,0.49978438,0.4873876,0.5363467,0.64688474,0.48702508,0.5002156,0.5126124,-0.0726934,-0.29376948,0.025949825,-0.000431218,-0.025224831
SH688047,0.1092537888577002,1.0,,2026-05-27,-0.051728398,0.07030866,-0.73573285,0.00864198,0.12291486,0.00993829,0.14135228,-0.050432086,-0.71729547,1.0545502,1.0636636,0.9895196,1.0279148,1.0805885,1.1424294,1.0015622,0.86707455,1.0242807,1.0358026,1.0476825,1.0787723,1.0314476,0.9772772,0.026341101,0.025857106,0.059419926,0.08519247,0.09238512,-0.005279265,-0.0037459598,-0.0030681132,0.005704395,0.0026615146,0.10041973,0.19238792,0.09331395,0.34747094,0.2531357,-0.025244078,-0.030825745,-0.0496252,-0.11416143,-0.055791922,1.1347481,1.1460748,1.267413,1.267413,1.267413,0.9895196,0.9895196,0.9515688,0.8660981,0.82651997,1.0496029,1.0720218,1.1403463,1.0919672,1.0436141,1.0192163,1.030582,1.030582,0.9357505,0.89773464,0.2,0.1,0.05,0.33333334,0.5833333,0.07216507,0.06694399,0.15333888,0.3336578,0.39347413,0.2,0.1,0.25,0.5,0.75,1.0,1.0,0.15,0.033333335,0.45,-0.8,-0.9,0.1,0.46666667,0.3,0.0011240399,0.09126236,0.6346587,0.7561336,0.85545415,-0.17417814,0.118647225,0.3942668,0.46139458,0.5036481,0.4,0.4,0.55,0.56666666,0.5,0.6,0.6,0.45,0.43333334,0.5,-0.2,-0.2,0.1,0.13333334,0.0,0.27040052,0.28682768,0.49888498,0.57349557,0.49289605,0.7295995,0.7131723,0.501115,0.42650443,0.5071039,-0.45919895,-0.42634463,-0.002230051,0.14699112,-0.014207893,1.0518078,0.9979375,1.1760986,1.0420834,0.77340895,0.20566484,0.18253376,0.31226498,0.3812976,0.4161728,0.5623651,0.6439067,0.99971277,1.0855751,1.2150042,0.4792072,0.46363845,0.45380038,0.5340965,0.5120381,0.52079284,0.5363615,0.5461996,0.4659035,0.4879619,-0.041585635,-0.07272308,-0.09239924,0.06819302,0.024076251
SH601100,0.10891437145747433,1.0,,2026-05-27,-0.0049518333,0.029800987,-0.1661634,0.015575743,0.52265865,0.00927341,0.31117797,-0.011254166,-0.3776441,1.0049765,1.0206298,0.99068046,1.0016398,1.0191027,1.009146,0.8763142,0.91730636,1.0368372,1.022153,1.0210484,0.9996238,0.97497404,0.9544243,0.024029251,0.02205187,0.04409083,0.052663922,0.058367807,-0.0107293865,-0.0005840893,0.004949804,0.004559465,0.0010620896,0.49843585,0.0064310087,0.44111064,0.58090234,0.100989304,-0.00069420383,-0.018419975,-0.04664692,-0.04108628,0.014244013,1.0753676,1.0753676,1.0753676,1.0753676,1.0753676,0.99068046,0.98643845,0.8640931,0.8518842,0.8061907,1.0372932,1.0354285,1.0278128,1.026085,1.0168985,1.0034862,1.0034862,0.95042944,0.93081,0.9064883,0.2,0.2,0.35,0.56666666,0.7,0.110047005,0.15249822,0.6432718,0.66275996,0.72000736,0.2,0.6,0.8,0.8666667,0.93333334,1.0,0.1,0.1,0.33333334,0.3,-0.8,0.5,0.7,0.53333336,0.6333333,-0.07784276,0.52711713,0.020685552,-0.043752056,-0.1516202,-0.32578266,0.5557353,0.6018871,0.37999585,0.14313373,0.6,0.5,0.6,0.5,0.46666667,0.4,0.5,0.4,0.5,0.51666665,0.2,0.0,0.2,0.0,-0.05,0.42126125,0.4811173,0.6486964,0.56752175,0.48478505,0.57873875,0.5188827,0.35130358,0.43247828,0.5152149,-0.15747753,-0.037765365,0.29739285,0.13504344,-0.030429896,1.4026185,1.3248179,1.4394749,1.4283581,1.3539627,0.30169916,0.45480502,0.5277919,0.54907614,0.6394793,0.9364484,1.170761,1.6045709,1.4481035,1.5900149,0.5120419,0.49758205,0.43248472,0.49569738,0.5001118,0.48795807,0.502418,0.5675153,0.5043026,0.4998882,0.024083843,-0.004835919,-0.13503058,-0.008605215,0.00022359603
SZ000792,0.10788637408730863,1.0,,2026-05-27,-0.03148147,0.047222257,-0.666666,0.01111109,0.23529348,0.004629697,0.09804057,-0.037962865,-0.80391884,1.0325048,1.043977,0.9952198,1.0149752,1.0471907,1.1692547,1.1924824,1.1921796,1.2431766,1.0262814,1.0464207,1.1321013,1.1537956,1.1667315,0.017760506,0.03146206,0.09456693,0.08438361,0.06799084,-0.006730395,-0.009012135,-0.014568006,-0.00747058,-0.0016544234,0.35901317,0.7521293,0.83059573,0.607427,0.18058945,-0.012820599,-0.0058660717,0.006294771,-0.04547215,-0.117926024,1.0666447,1.163172,1.3257017,1.3257017,1.3257017,0.9942947,0.9942947,0.9942947,0.9942947,0.9942947,1.0386522,1.0662485,1.2181408,1.2275704,1.219897,1.0155716,1.0268697,1.0359098,1.0470608,1.1098922,0.2,0.1,0.05,0.033333335,0.016666668,0.078856826,0.03378363,0.017215345,0.017215345,0.017215345,0.2,0.1,0.2,0.46666667,0.73333335,0.8,0.9,0.95,0.96666664,0.98333335,-0.6,-0.8,-0.75,-0.5,-0.25,0.2491025,0.71861416,0.5747225,0.42881164,0.28250697,0.04224153,-0.33303517,0.27934733,0.32516277,0.31042662,0.4,0.3,0.3,0.33333334,0.43333334,0.6,0.7,0.7,0.6666667,0.56666666,-0.2,-0.4,-0.4,-0.33333334,-0.13333334,0.29878265,0.18428266,0.32047772,0.38479498,0.42564675,0.70121735,0.81571734,0.6795223,0.615205,0.5743533,-0.4024347,-0.6314347,-0.35904452,-0.23041002,-0.14870653,1.1652381,1.4089566,1.6388392,1.5488777,1.4763612,0.1678053,0.36968547,0.6160709,0.53494287,0.47403246,0.27317628,0.76625043,0.902123,0.84544355,0.98992807,0.27386898,0.4129132,0.4704378,0.49223173,0.46580607,0.726131,0.5870868,0.52956223,0.5077683,0.53419393,-0.452262,-0.17417358,-0.059124418,-0.015536523,-0.06838785
SZ000975,0.10403312313876578,1.0,,2026-05-27,-0.04518187,0.07357053,-0.61413,0.019592147,0.26630428,0.00879651,0.11956569,-0.055977505,-0.7608686,1.0473199,1.0678391,0.99078727,1.0088729,0.9903835,1.1658372,1.1557717,1.2591954,1.2628999,1.0121459,1.0260504,1.091985,1.1363579,1.1935784,0.0315667,0.044948597,0.07837677,0.09235872,0.10351257,0.010473334,-0.0068826694,-0.00993224,-0.0092092175,-0.004500738,0.27520192,0.21492799,0.5620664,0.77053326,0.5766086,-0.033092577,0.004921532,0.0023712774,-0.0028242676,-0.060806617,1.0716263,1.1620715,1.23156,1.2995366,1.3970816,0.9698423,0.9665138,0.9665138,0.9665138,0.9665138,1.0278989,1.053014,1.1676781,1.2270907,1.2753302,0.9957268,0.9980767,1.0051112,1.0212759,1.1032816,0.4,0.3,0.15,0.1,0.05,0.296291,0.17123424,0.12634087,0.10055218,0.077772096,0.8,0.1,0.35,0.06666667,0.033333335,0.4,0.5,0.75,0.8333333,0.9166667,0.4,-0.4,-0.4,-0.76666665,-0.8833333,0.17151788,0.093632795,-0.12039512,-0.53084874,-0.03772952,0.21824892,-0.20876832,-0.25455895,-0.21995299,0.15666142,0.6,0.3,0.35,0.33333334,0.38333333,0.4,0.7,0.65,0.6666667,0.6,0.2,-0.4,-0.3,-0.33333334,-0.21666667,0.5304432,0.2512906,0.37449503,0.33992693,0.4353515,0.4695568,0.74870944,0.625505,0.6600731,0.5646485,0.06088636,-0.49741882,-0.25100997,-0.32014614,-0.12929703,0.84436744,0.8784325,0.8282623,0.7291232,0.80138314,0.17384036,0.2332938,0.22917883,0.25079206,0.33752057,0.77700824,0.8888269,0.9001155,1.0605592,1.3268288,0.61055523,0.5791191,0.56935203,0.5378078,0.51771754,0.38944477,0.4208809,0.43064797,0.46219215,0.48228246,0.22111046,0.15823816,0.13870405,0.07561568,0.035435095
SH603799,0.10163986260261662,1.0,,2026-05-27,-0.030418228,0.04597298,-0.66165453,0.012270991,0.26691747,0.003283759,0.07142802,-0.03940546,-0.85714394,1.0313725,1.0440285,0.9966132,1.0170615,1.0354307,1.1098143,1.1448305,1.0856413,1.3586574,1.0218385,1.0304096,1.0966192,1.1108272,1.1156583,0.020549368,0.01939569,0.073203586,0.06439088,0.091331,-0.0026728522,-0.0037760038,-0.011227408,-0.0051609706,-0.0021944898,0.042295385,0.34742877,0.8233081,0.4978698,0.17608835,-0.016492834,-0.013417553,0.010041129,-0.03599311,-0.050920866,1.057582,1.1096469,1.2520949,1.2520949,1.4055082,0.99143153,0.98965204,0.98965204,0.98965204,0.953059,1.0384142,1.0390773,1.1727191,1.1671247,1.1885351,1.0051385,1.0153741,1.029712,1.0355964,1.0344361,0.2,0.1,0.05,0.033333335,0.06666667,0.12952958,0.08623656,0.039429322,0.039429322,0.103748575,0.2,0.1,0.3,0.53333336,0.033333335,0.8,0.4,0.7,0.8,0.3,-0.6,-0.3,-0.4,-0.26666668,-0.26666668,0.788518,0.64996594,0.8342251,0.7123961,-0.022520218,0.80579036,0.1540298,0.5018999,0.3904713,0.17123048,0.4,0.3,0.35,0.4,0.38333333,0.6,0.7,0.65,0.6,0.6166667,-0.2,-0.4,-0.3,-0.2,-0.23333333,0.3876477,0.27990022,0.35447595,0.4431297,0.38886273,0.6123523,0.7200998,0.6455241,0.55687034,0.6111373,-0.2247046,-0.44019955,-0.2910481,-0.11374062,-0.22227457,1.0828646,1.1287858,1.365792,1.446543,1.2144122,0.07273003,0.19722848,0.34522772,0.38071024,0.40878472,0.29387048,0.6672681,0.6813378,0.7165186,0.8561,0.38867423,0.45161867,0.4460485,0.47526222,0.49797124,0.6113258,0.5483813,0.5539515,0.5247378,0.50202876,-0.22265157,-0.09676264,-0.10790298,-0.049475532,-0.004057517
SH600938,0.10039219373136614,1.0,,2026-05-27,-0.025999969,0.03571432,-0.7279984,0.0045714774,0.12800124,0.005142876,0.14400038,-0.02542857,-0.71199924,1.026694,1.0313876,0.99471986,1.0048326,1.1024823,1.0621727,1.1259395,1.1177409,1.0405375,1.0321112,1.0557504,1.0825552,1.0885143,1.140211,0.025408922,0.032077614,0.04932871,0.04171767,0.07040485,-0.014415849,-0.0076823807,-0.0067458553,-0.002745022,-0.0032433919,0.804726,0.5257739,0.65454954,0.33554694,0.647282,-0.0032794361,-0.021179685,-0.018469593,-0.048711557,-0.04453097,1.0773597,1.1148038,1.1886286,1.1886286,1.3065338,0.99471986,0.99471986,0.99471986,0.99471986,0.99471986,1.0532908,1.0825781,1.1261215,1.1189706,1.2062856,1.012389,1.0284218,1.0564792,1.0620815,1.070189,0.2,0.1,0.05,0.033333335,0.016666668,0.063893676,0.04397055,0.027230136,0.027230136,0.016933683,0.2,0.5,0.2,0.46666667,0.11666667,1.0,1.0,1.0,1.0,1.0,-0.8,-0.5,-0.8,-0.53333336,-0.8833333,-0.34696066,-0.13341519,0.3393393,0.32823548,0.77882564,-0.71779746,-0.2794853,-0.37107185,-0.24851918,0.37805933,0.2,0.5,0.5,0.53333336,0.5,0.8,0.5,0.5,0.46666667,0.5,-0.6,0.0,0.0,0.06666667,0.0,0.11993224,0.33085507,0.31627905,0.3701657,0.4858954,0.88006777,0.6691449,0.68372095,0.6298343,0.5141046,-0.76013553,-0.3382899,-0.3674419,-0.25966862,-0.028209213,1.0489851,1.0199735,1.1098984,1.1418163,1.864518,0.23743565,0.18344378,0.26534006,0.26560432,1.2324451,0.58593416,0.8254287,1.2139555,1.2039734,1.8553003,0.45775878,0.54370004,0.47458294,0.4965556,0.4991444,0.5422412,0.45629996,0.52541703,0.50344443,0.50085557,-0.084482454,0.08740007,-0.05083411,-0.0068888324,-0.001711165
SZ002371,0.09881180801664274,1.0,,2026-05-27,-0.029970396,0.06133333,-0.4886478,0.025185166,0.41062772,0.006177768,0.10072449,-0.048977792,-0.798551,1.0308964,1.0568596,0.99363136,1.0261153,1.0018779,0.8873343,0.72193176,0.7283314,0.74664354,1.0248475,0.975192,0.90416026,0.8430518,0.76947486,0.024995023,0.065037444,0.089950375,0.11435514,0.11009357,-0.0023198307,0.018670147,0.014562845,0.012432503,0.0051726853,0.021535033,0.75540525,0.9173911,0.9160253,0.673299,-0.020207867,-0.05920767,-0.042507313,-0.0233231,0.07793095,1.1020657,1.1020657,1.1020657,1.1020657,1.1020657,0.95622766,0.84762454,0.72691166,0.67962754,0.64488333,1.0321747,1.0221136,1.004013,0.9571503,0.8646664,1.0100428,0.91142833,0.8247619,0.7250062,0.690651,0.2,0.5,0.75,0.8333333,0.9166667,0.30014366,0.5988633,0.7279366,0.75838906,0.7767506,0.2,0.6,0.8,0.8666667,0.93333334,0.6,0.2,0.05,0.2,0.45,-0.4,0.4,0.75,0.6666667,0.48333332,0.3872209,0.40111843,0.4785003,0.5312216,0.7249963,0.5258703,0.5522857,0.6682918,0.51958174,0.49431464,0.6,0.7,0.7,0.56666666,0.5,0.4,0.3,0.3,0.43333334,0.5,0.2,0.4,0.4,0.13333334,0.0,0.49281856,0.690317,0.7687708,0.7123081,0.61401933,0.50718147,0.30968302,0.23122919,0.2876919,0.3859807,-0.014362879,0.38063395,0.5375416,0.42461625,0.22803862,1.3290849,1.2555795,1.1097411,1.0067174,0.7629509,0.28381303,0.30646724,0.31997022,0.35573587,0.36322308,0.65879095,0.661695,0.9766877,1.1183231,1.2672794,0.42603284,0.50031704,0.5048848,0.52513576,0.519124,0.57396716,0.49968296,0.49511522,0.47486424,0.48087603,-0.1479343,0.0006340517,0.009769566,0.050271537,0.038247928
SZ300347,0.09837469236833309,1.0,,2026-05-27,-0.02862737,0.050648384,-0.56521785,0.0,0.0,0.022021012,0.43478215,-0.006606358,-0.13043572,1.029471,1.029471,0.97733,0.99721134,1.1307359,1.2365173,1.4110804,1.4574382,1.5239245,1.0612559,1.1133227,1.2343928,1.3066807,1.3419886,0.05447927,0.06867471,0.14210767,0.15611199,0.12681657,-0.03271928,-0.021969328,-0.023788003,-0.016885333,-0.0041906987,0.90174747,0.93810457,0.9807291,0.9066685,0.33305866,0.0041826176,-0.014460758,-0.008406675,-0.061843313,-0.21836294,1.1831149,1.264474,1.4987383,1.5342463,1.5403011,0.97733,0.97733,0.97733,0.97733,0.97733,1.0818629,1.1647342,1.3658446,1.4466482,1.4412493,1.0235733,1.0582818,1.1177878,1.1481569,1.2350577,0.2,0.1,0.05,0.033333335,0.016666668,0.110163555,0.078949906,0.043478392,0.040706288,0.040268485,0.2,0.1,0.1,0.1,0.016666668,1.0,1.0,1.0,1.0,1.0,-0.8,-0.9,-0.9,-0.9,-0.98333335,-0.39080325,-0.39172176,-0.120288044,-0.41196942,-0.42836136,-0.43189412,-0.36214483,-0.29106236,-0.1297644,-0.039150123,0.2,0.1,0.2,0.23333333,0.33333334,0.8,0.9,0.8,0.76666665,0.6666667,-0.6,-0.8,-0.6,-0.53333336,-0.33333334,0.0912659,0.054932047,0.16962044,0.246934,0.35126314,0.9087341,0.94506794,0.83037955,0.753066,0.64873683,-0.8174682,-0.8901359,-0.66075915,-0.506132,-0.2974737,0.97985,0.82795095,0.8557651,0.7396138,0.6282249,0.3095571,0.2984069,0.3963799,0.36882123,0.3107746,1.1840206,1.2694906,1.1241926,1.2224859,1.2327409,0.6493985,0.35023764,0.53610694,0.51194125,0.5273186,0.3506015,0.6497624,0.46389303,0.48805875,0.47268137,0.29879704,-0.29952472,0.072213925,0.023882534,0.054637253
SH603501,0.0982641045317745,0.875,,2026-05-27,-0.018515086,0.038152263,-0.48529455,0.013746044,0.36029434,0.0058911336,0.15441112,-0.026369995,-0.6911778,1.0188644,1.0328697,0.99399775,1.0153561,0.9651066,0.9861534,0.90618944,0.9084049,1.1680284,1.0039325,0.98366106,0.97626007,0.9483846,0.9749527,0.022334328,0.026904508,0.024319572,0.044986334,0.07468899,0.00612019,0.0072119697,0.0019131178,0.0042755897,-0.002006621,0.18772584,0.6586718,0.21659058,0.70005566,0.22014937,-0.01617283,-0.016114922,0.0055653183,-0.010380642,0.08424261,1.0392995,1.0392995,1.0392995,1.0392995,1.1832685,0.9603462,0.925973,0.91554964,0.8728705,0.8537586,1.0159929,1.0021046,0.9939352,0.98687345,1.0404598,0.9901828,0.9635835,0.9570341,0.896663,0.903157,0.6,0.8,0.9,0.93333334,0.71666664,0.5022439,0.65321904,0.68242824,0.7638665,0.4438148,0.6,0.8,0.9,0.93333334,0.016666668,0.4,0.4,0.05,0.23333333,0.43333334,0.2,0.4,0.85,0.7,-0.41666666,-0.08506573,0.5845089,0.5206339,0.82081544,-0.14754915,0.3418385,0.48498052,0.47073096,0.43518588,0.07416461,0.6,0.5,0.5,0.46666667,0.43333334,0.4,0.5,0.5,0.53333336,0.56666666,0.2,0.0,0.0,-0.06666667,-0.13333334,0.65769696,0.53417623,0.6075908,0.5824298,0.42534602,0.34230304,0.46582374,0.39240918,0.41757014,0.574654,0.31539392,0.06835251,0.21518165,0.16485968,-0.14930795,1.2804279,1.0682585,1.0606614,0.8792101,0.6158182,0.30105063,0.3257394,0.28910843,0.3627854,0.3775535,0.72614264,0.73645526,1.1714243,1.3272846,1.4732213,0.5726835,0.50339574,0.5044833,0.54112774,0.5135998,0.42731646,0.49660426,0.49551672,0.4588723,0.48640022,0.14536706,0.006791452,0.008966592,0.082255445,0.027199574
SZ300782,0.09797511971431043,1.0,,2026-05-27,-0.007972192,0.07463316,-0.10681836,0.04147228,0.5556817,0.025188686,0.33749995,-0.024255784,-0.3250001,1.0080363,1.0498418,0.9746089,1.0132813,1.1113874,1.0851337,0.8779972,0.8539705,0.6559701,1.0338324,1.0851775,1.0002431,0.97126335,0.84653497,0.030534146,0.063790604,0.10726159,0.0992489,0.14725886,-0.013438988,-0.019882511,0.011993248,0.007586107,0.007613833,0.4842856,0.8905134,0.43757573,0.45278108,0.81534916,-0.0069544204,0.00429371,-0.11417888,-0.081261925,-0.07114306,1.1470432,1.2387731,1.2387731,1.2387731,1.2387731,0.9746089,0.9746089,0.8473877,0.8450804,0.64717066,1.0573356,1.1230692,1.1072129,1.075432,0.978893,1.0064244,1.0293716,0.89347965,0.8841193,0.70239127,0.2,0.1,0.5,0.6666667,0.8333333,0.14725092,0.096118666,0.38992852,0.3935039,0.596396,0.2,0.1,0.55,0.7,0.85,1.0,1.0,0.2,0.033333335,0.016666668,-0.8,-0.9,0.35,0.6666667,0.8333333,-0.10893123,0.691063,0.7241723,0.6041474,0.69689775,-0.8858639,0.23292957,0.4898819,0.3973506,0.56062806,0.2,0.3,0.45,0.5,0.51666665,0.8,0.7,0.55,0.5,0.48333332,-0.6,-0.4,-0.1,0.0,0.033333335,0.20373586,0.39635867,0.57780266,0.5632436,0.59301025,0.7962642,0.60364133,0.42219734,0.43675634,0.40698972,-0.5925283,-0.20728269,0.15560532,0.12648728,0.18602055,1.1396021,1.32891,1.1983886,1.1814302,0.9690433,0.15138485,0.46005127,0.41619405,0.36113402,0.4910939,0.7885556,1.288794,1.3681902,1.2282166,1.4827323,0.41386354,0.3567834,0.5093362,0.47436273,0.5212335,0.58613646,0.6432166,0.49066383,0.52563727,0.4787665,-0.17227294,-0.2864332,0.018672325,-0.051274545,0.04246699
SH600372,0.09755222489658878,1.0,,2026-05-27,-0.024892729,0.030901244,-0.8055575,0.004291809,0.13888791,0.0017167056,0.055554576,-0.027467834,-0.88889086,1.0255282,1.0299295,0.99823946,1.0102617,1.0599494,1.1919504,1.13566,1.1426964,1.4376584,1.0296651,1.0592738,1.1143118,1.1300497,1.1756591,0.017678482,0.039220016,0.06515306,0.057791453,0.09174594,-0.008837595,-0.012168979,-0.0088399295,-0.0047588293,-0.00412066,0.6247672,0.88247865,0.6443116,0.52550244,0.61526144,-0.011989894,-0.004513479,-0.030332545,-0.061046727,-0.05409962,1.0749358,1.1921089,1.2156702,1.2156702,1.4577429,0.99823946,0.99823946,0.99823946,0.99823946,0.99823946,1.03991,1.0806643,1.172474,1.1684773,1.2291021,1.0218407,1.0358571,1.0431185,1.0712075,1.1283985,0.2,0.1,0.05,0.033333335,0.016666668,0.022954563,0.009081008,0.008096967,0.008096967,0.003831375,0.2,0.1,0.4,0.6,0.016666668,1.0,1.0,1.0,1.0,1.0,-0.8,-0.9,-0.6,-0.4,-0.98333335,-0.13866912,0.65867686,0.45891222,0.25192758,0.6642151,-0.42229944,-0.41311544,0.11291267,0.14632106,0.09387119,0.2,0.2,0.45,0.46666667,0.45,0.8,0.8,0.55,0.53333336,0.55,-0.6,-0.6,-0.1,-0.06666667,-0.1,0.08560379,0.046542857,0.29079857,0.32625085,0.3045009,0.9143962,0.9534571,0.7092014,0.67374915,0.69549906,-0.82879245,-0.9069143,-0.41840282,-0.34749833,-0.39099815,1.0369563,1.2166554,1.2708946,1.1910739,1.3271194,0.15585627,0.35277227,0.3683073,0.33852652,0.58537495,0.764903,1.0249958,1.133283,1.2448107,1.638942,0.565214,0.45068237,0.5104917,0.50028104,0.46629754,0.434786,0.5493176,0.4895083,0.49971896,0.5337025,0.13042802,-0.09863523,0.020983422,0.0005620942,-0.06740493
SZ000617,0.09749002554183572,1.0,,2026-05-27,-0.020253178,0.032911394,-0.615385,0.008860775,0.26923123,0.0037974408,0.11538378,-0.02531651,-0.76923245,1.0206718,1.0297158,0.9961241,1.0064785,1.113721,1.1900212,1.1977968,1.3256116,1.1628058,1.0349263,1.0847887,1.1468006,1.1767374,1.2268697,0.025037827,0.057040837,0.07529078,0.07741963,0.09801021,-0.015632605,-0.018335963,-0.011937022,-0.0079392,-0.002505079,0.9745619,0.94721174,0.8797849,0.8149913,0.19925076,-0.003661109,-0.0022767945,-0.033398923,-0.061619055,-0.15296993,1.1163218,1.2002451,1.2325865,1.3334569,1.520722,0.9961241,0.9961241,0.9961241,0.9961241,0.9961241,1.053491,1.1424592,1.2087803,1.2251093,1.3178358,1.0207355,1.0311033,1.062822,1.1129435,1.1560668,0.2,0.1,0.05,0.033333335,0.016666668,0.032246366,0.018988436,0.01639136,0.011489962,0.0073884022,0.2,0.1,0.2,0.033333335,0.45,1.0,1.0,1.0,1.0,1.0,-0.8,-0.9,-0.8,-0.96666664,-0.55,0.69887245,0.36436564,0.32271543,0.6220263,0.8343758,-0.8399459,-0.80301666,-0.42216307,-0.2729963,0.54257935,0.0,0.2,0.3,0.3,0.38333333,1.0,0.8,0.7,0.7,0.6,-1.0,-0.6,-0.4,-0.4,-0.21666667,0.0,0.08899782,0.18482178,0.19095924,0.45708427,1.0,0.91100216,0.8151782,0.8090407,0.5429157,-1.0,-0.8220044,-0.63035643,-0.6180815,-0.085831456,1.1364352,1.2029947,1.2458091,1.5224593,2.6980357,0.20643933,0.2163791,0.23696916,0.5719752,2.050255,0.7894534,0.80190897,1.0075697,0.9207925,1.791852,0.43774465,0.5128835,0.45270944,0.343205,0.50442916,0.5622553,0.48711652,0.54729056,0.656795,0.49557084,-0.12451068,0.025766995,-0.09458111,-0.31359,0.008858335
SH600900,0.09697301710927607,0.875,,2026-05-27,0.006651777,0.011825496,0.5624945,0.003325946,0.28125212,0.0018477732,0.15625334,0.0051736045,0.43749574,0.99339217,1.003304,0.9915566,0.9984203,0.9875098,0.991189,0.98421764,0.9691132,0.9559451,0.985825,0.98853606,0.9894559,0.9862478,0.9888766,0.011446063,0.008933762,0.008117851,0.009629119,0.011858742,0.0063903816,1.6432741e-05,1.0920503e-05,0.0005211265,-0.000113576905,0.779258,3.101435e-05,6.3339e-05,0.22699428,0.027977102,0.0013942431,0.011389988,0.010440365,0.006195878,0.014473951,1.003304,1.0040585,1.0065757,1.0065757,1.0150557,0.9728168,0.9728168,0.9728168,0.96327984,0.95521086,0.9970566,0.9970566,0.99676615,0.9936096,0.9990705,0.9779629,0.97900856,0.98079014,0.9779629,0.9781178,1.0,0.9,0.9,0.93333334,0.81666666,0.8916275,0.8700938,0.80521446,0.84812075,0.7484216,1.0,0.4,0.2,0.46666667,0.23333333,0.4,0.7,0.85,0.033333335,0.016666668,0.6,-0.3,-0.65,0.43333334,0.21666667,0.6519607,0.7021726,0.70918775,0.6780982,0.3025555,0.76718026,0.8259428,0.83331937,0.7197821,0.35532877,0.6,0.5,0.5,0.5,0.48333332,0.4,0.5,0.5,0.43333334,0.46666667,0.2,0.0,0.0,0.06666667,0.016666668,0.6666657,0.5593221,0.56653064,0.5876852,0.5641025,0.33333436,0.44067785,0.43346936,0.41231474,0.43589756,0.33333132,0.118644275,0.13306127,0.17537048,0.1282049,1.017836,1.0675927,1.0051191,0.90555763,0.91956836,0.27596697,0.26322877,0.30839184,0.2958673,0.34079617,1.0785239,0.9361994,1.30378,1.2943132,1.3160698,0.45072505,0.4609915,0.54068434,0.52726835,0.5145368,0.5492749,0.5390085,0.45931566,0.47273165,0.48546323,-0.098549895,-0.07801702,0.08136869,0.054536723,0.02907355
SZ300418,0.09308749639957896,1.0,,2026-05-27,-0.045833323,0.07083333,-0.6470587,0.018750042,0.2647065,0.006249966,0.08823482,-0.058333397,-0.8235304,1.0480349,1.0676856,0.9934498,1.032852,1.0425543,1.1666037,1.1113209,1.0927674,1.2458335,1.0171943,1.0432178,1.09013,1.1057584,1.1174443,0.019810406,0.032510303,0.06142932,0.058542218,0.06478842,-0.0018283816,-0.008596514,-0.006823893,-0.0038680714,-0.0017446614,0.021295452,0.6409353,0.43189785,0.33833924,0.22117054,-0.013537561,-0.0045334273,-0.025302997,-0.049671374,-0.06597672,1.0737617,1.1934146,1.2154605,1.2572099,1.3622365,0.9934498,0.9934498,0.9934498,0.9934498,0.9934498,1.0216061,1.0712799,1.1526239,1.1674666,1.170746,1.0068173,1.011283,1.0368804,1.0637182,1.0683782,0.2,0.1,0.05,0.033333335,0.016666668,0.08155934,0.032756686,0.029503904,0.02483387,0.01776144,0.2,0.1,0.35,0.23333333,0.016666668,1.0,1.0,1.0,1.0,1.0,-0.8,-0.9,-0.65,-0.76666665,-0.98333335,-0.17124413,0.051644813,0.2510549,0.37049577,0.5750828,0.4461216,-0.2391145,0.22206116,0.36198297,0.56028193,0.2,0.3,0.45,0.43333334,0.43333334,0.8,0.7,0.55,0.56666666,0.56666666,-0.6,-0.4,-0.1,-0.13333334,-0.13333334,0.33389476,0.22454074,0.40642002,0.44428608,0.441453,0.6661052,0.7754593,0.59357995,0.55571395,0.55854696,-0.33221048,-0.5509185,-0.18715996,-0.11142784,-0.117093965,0.72457117,0.7483262,0.73452467,0.7434414,0.8113464,0.18933867,0.18920748,0.19381106,0.20156838,0.30338332,0.6156464,1.1223309,1.0548425,1.0079795,1.2104735,0.6947095,0.5752993,0.5573254,0.53569007,0.5002834,0.3052905,0.4247007,0.44267458,0.4643099,0.4997166,0.389419,0.1505986,0.11465085,0.071380176,0.0005668068
SH600309,0.09297959950860187,1.0,,2026-05-27,-0.019084916,0.024705894,-0.77248424,0.00013078102,0.005293515,0.0054901987,0.22222222,-0.013725497,-0.5555556,1.0194563,1.0195895,0.994403,1.0031981,1.0358092,1.09258,1.1740041,1.16784,1.1802961,1.0126761,1.0336821,1.0849621,1.1121733,1.1086599,0.008881675,0.025867503,0.062431227,0.06502217,0.06858208,-0.0037396115,-0.008136189,-0.010209667,-0.006828408,-0.0011647315,0.4432035,0.9068687,0.9360249,0.8547079,0.08796909,-0.005196908,0.0029307494,0.012029671,-0.013161405,-0.07430023,1.0590161,1.1229986,1.1920979,1.2212058,1.2718153,0.994403,0.994403,0.994403,0.994403,0.9618598,1.018264,1.0526159,1.1678674,1.1740041,1.1733731,1.0060936,1.0143317,1.0214891,1.0410522,1.0409219,0.2,0.1,0.05,0.033333335,0.05,0.08662347,0.04352416,0.028311389,0.024677895,0.123050466,0.2,0.1,0.05,0.033333335,0.11666667,1.0,1.0,1.0,1.0,0.28333333,-0.8,-0.9,-0.95,-0.96666664,-0.16666667,-0.13744071,0.5259395,0.22824194,0.3960281,0.30348203,-0.5204504,-0.5886854,-0.4674556,-0.22977068,-0.0016791926,0.4,0.2,0.3,0.33333334,0.45,0.6,0.8,0.7,0.6666667,0.55,-0.2,-0.6,-0.4,-0.33333334,-0.1,0.2369322,0.12918016,0.1498517,0.29340723,0.42002553,0.7630678,0.8708198,0.8501483,0.70659274,0.5799745,-0.52613556,-0.7416397,-0.7002966,-0.4131855,-0.15994896,1.085127,1.1576828,1.2743703,1.3471333,1.5160273,0.11902377,0.18130831,0.42251402,0.37793428,0.5112791,0.43501434,0.69430447,1.8732779,1.5640435,1.2282099,0.45584157,0.49521655,0.45768967,0.48940048,0.4847436,0.54415846,0.50478345,0.54231036,0.51059955,0.5152564,-0.08831687,-0.009566927,-0.084620684,-0.021199076,-0.030512791
SH603993,0.09286495204728512,0.875,,2026-05-27,-0.033999976,0.044000037,-0.77272606,0.0080000125,0.1818183,0.0020000492,0.045455623,-0.03999994,-0.90908873,1.0351967,1.0434783,0.9979296,1.0112033,0.91634345,1.0710526,0.98836565,0.9674515,1.1750692,0.97451526,0.963698,0.9829086,0.9921191,0.9961496,0.053684715,0.047195707,0.047931,0.04326464,0.08909645,0.029487541,0.003833628,-0.0008081145,-0.0014327082,-0.0017661107,0.75425094,0.060482036,0.009949031,0.08498671,0.1198436,-0.033490315,0.019050619,0.024768507,0.02865517,0.055950694,1.0438762,1.0729933,1.094525,1.094525,1.2694558,0.8964487,0.89644516,0.89644516,0.89644516,0.8327384,1.0080609,1.0045984,1.0245153,1.0309418,1.0422437,0.9363435,0.92531854,0.94119114,0.94908583,0.9123545,0.8,0.8,0.65,0.56666666,0.6,0.70238835,0.586553,0.5227936,0.5227936,0.38299736,0.8,0.1,0.5,0.6666667,0.033333335,0.4,0.5,0.75,0.8333333,0.28333333,0.4,-0.4,-0.25,-0.16666667,-0.25,0.8696581,0.6181039,0.72697204,0.3470679,0.1540289,0.92984843,0.41137424,0.4230198,0.31838676,0.19661652,0.6,0.3,0.45,0.5,0.41666666,0.4,0.7,0.55,0.5,0.5833333,0.2,-0.4,-0.1,0.0,-0.16666667,0.71237695,0.39897603,0.5096507,0.52226645,0.445442,0.28762308,0.601024,0.49034926,0.47773355,0.55455804,0.42475384,-0.20204794,0.019301454,0.04453288,-0.109116025,1.1163691,1.0819893,1.1287063,1.0664926,1.1527674,0.2993822,0.27559188,0.26216048,0.2798523,0.36674675,0.5456094,0.6882055,0.6435382,0.8179262,1.0210996,0.51641154,0.43611848,0.52196527,0.5000909,0.49793562,0.48358846,0.5638815,0.47803473,0.49990907,0.5020644,0.03282306,-0.127763,0.04393055,0.00018182823,-0.004128759
SH600115,0.0911538240566395,0.875,,2026-05-27,-0.020454567,0.031818163,-0.6428582,0.0045454074,0.14285575,0.0068181893,0.21428606,-0.018181786,-0.5714279,1.0208817,1.025522,0.9930394,1.0086987,0.95484954,1.0468227,1.0250835,1.0317725,1.3561873,0.9973244,0.98110366,1.0053512,1.0164994,1.0487736,0.029290471,0.030744273,0.036332794,0.035396658,0.07979922,0.011705681,0.0051383404,-0.0023134765,-0.0020706768,-0.0029632908,0.39928284,0.25605235,0.14190598,0.26521727,0.42058238,-0.02073577,-0.004226204,0.016626865,0.01352538,0.038643397,1.0502052,1.0502052,1.0895774,1.0895774,1.3804742,0.95291066,0.9252393,0.9252393,0.9252393,0.9252393,1.0220736,1.0093645,1.0334448,1.0471572,1.0859531,0.97324413,0.9575251,0.9625418,0.99531776,1.0,0.6,0.7,0.35,0.23333333,0.20833333,0.48398742,0.59824866,0.45491973,0.45491973,0.16422439,0.6,0.8,0.3,0.53333336,0.016666668,0.4,0.3,0.65,0.76666665,0.8833333,0.2,0.5,-0.35,-0.23333333,-0.8666667,0.6098494,0.41768917,0.21975914,0.14910965,0.058705594,0.7723229,0.3528145,0.25222024,0.29556698,0.17831199,0.6,0.4,0.45,0.36666667,0.33333334,0.4,0.6,0.55,0.53333336,0.6,0.2,-0.2,-0.1,-0.16666667,-0.26666668,0.66265064,0.41463417,0.4714829,0.47094804,0.3763066,0.33734939,0.58536583,0.52851707,0.52905196,0.6236934,0.32530123,-0.1707317,-0.057034183,-0.058103908,-0.2473868,1.1510307,0.99602485,0.93958753,0.91653275,0.9617915,0.30697623,0.3206907,0.3078585,0.29802456,0.32051164,1.0079348,0.94453686,0.9782265,1.15748,1.1199262,0.5810876,0.52793795,0.54292715,0.49594235,0.5113416,0.41891244,0.47206205,0.45707285,0.50405765,0.48865843,0.16217512,0.055875927,0.0858543,-0.008115262,0.022683116
SH688303,0.08887648807130333,1.0,,2026-05-27,-0.008651335,0.06259538,-0.13821043,0.03664121,0.5853661,0.017302835,0.2764235,-0.02798971,-0.44715294,1.0087268,1.0456878,0.98254615,1.0064045,1.1033363,1.1853569,1.1756256,1.0681186,1.2233549,1.0257646,1.0655236,1.11367,1.1313099,1.1374034,0.026410498,0.048322894,0.060764384,0.05760379,0.060176313,-0.014782203,-0.014901563,-0.00882605,-0.004700001,-0.0017255974,0.78318655,0.87170434,0.7384185,0.51593554,0.25080007,0.0037998343,0.0015334305,-0.02982256,-0.06315981,-0.0864983,1.1389173,1.2068558,1.2121918,1.2749784,1.2749784,0.98254615,0.98254615,0.98254615,0.98254615,0.98254615,1.0480074,1.0988878,1.1674699,1.178962,1.1897126,1.0018536,1.0175161,1.0571826,1.0891566,1.0790547,0.2,0.1,0.05,0.033333335,0.016666668,0.11161795,0.077811345,0.07600335,0.059685063,0.059685063,0.2,0.1,0.3,0.23333333,0.6166667,1.0,1.0,1.0,1.0,1.0,-0.8,-0.9,-0.7,-0.76666665,-0.38333333,-0.2797902,0.22489575,0.22197257,0.36057827,0.20049003,-0.18891194,-0.23012212,0.0752014,0.53098565,0.5317215,0.2,0.3,0.4,0.43333334,0.45,0.8,0.7,0.6,0.56666666,0.55,-0.6,-0.4,-0.2,-0.13333334,-0.1,0.11418681,0.14788726,0.32566705,0.45482486,0.40794504,0.8858132,0.85211277,0.6743329,0.54517514,0.59205496,-0.77162635,-0.7042255,-0.34866586,-0.09035028,-0.18410993,0.901219,0.96067494,0.9940383,1.0537081,0.8519817,0.09422423,0.20668066,0.22937417,0.27855614,0.30691746,0.8668028,0.94359756,0.83329517,1.0797433,1.261094,0.44909847,0.47365013,0.48471743,0.52396685,0.515688,0.55090153,0.5263499,0.5152826,0.47603315,0.484312,-0.10180309,-0.052699763,-0.030565169,0.0479337,0.031376034
SH601077,0.08792625565082605,1.0,,2026-05-27,-0.020679465,0.032496255,-0.6363646,0.0073855636,0.22727431,0.004431225,0.1363611,-0.023633804,-0.7272778,1.0211161,1.0286577,0.99547523,1.0053853,1.0383818,1.0363071,1.1182574,1.0995852,0.98340255,1.0221993,1.0316391,1.0579357,1.073859,1.0594572,0.012547179,0.013421052,0.03533274,0.0374985,0.03754532,-0.0062240735,-0.003866466,-0.00563676,-0.0036813612,0.0006486069,0.615173,0.7607933,0.89078426,0.7469488,0.09102304,-0.009751076,-0.014239957,-0.0043865214,-0.020479238,-0.07859108,1.0486609,1.0548886,1.1349525,1.1389985,1.1389985,0.99547523,0.99547523,0.99547523,0.99547523,0.96671724,1.0292531,1.0414938,1.0960581,1.1097511,1.0960581,1.020747,1.0259337,1.0298756,1.0360996,1.0284233,0.2,0.1,0.05,0.033333335,0.06666667,0.08507539,0.076157816,0.03244108,0.03152655,0.19318843,0.2,0.3,0.05,0.06666667,0.53333336,1.0,1.0,1.0,1.0,0.033333335,-0.8,-0.7,-0.95,-0.93333334,0.5,-0.47923344,-0.29351726,-0.12034296,-0.43262622,-0.5246778,-0.7527837,-0.6945408,-0.47289884,-0.38868472,0.22927965,0.2,0.3,0.2,0.3,0.48333332,0.6,0.6,0.75,0.6333333,0.48333332,-0.4,-0.3,-0.55,-0.33333334,0.0,0.025641613,0.26027423,0.13924041,0.28761023,0.5130293,0.9743584,0.73972577,0.86075956,0.71238977,0.48697072,-0.94871676,-0.47945157,-0.7215192,-0.4247795,0.026058568,0.8532534,0.8159702,0.9244713,0.8297286,1.0293343,0.1548643,0.17429385,0.27625075,0.27598315,0.3963574,1.3905665,1.1313921,1.0965074,1.1519051,1.2569695,0.6942995,0.46585137,0.5524929,0.5180245,0.5020544,0.3057005,0.53414863,0.44750708,0.48197553,0.49794564,0.388599,-0.06829729,0.104985826,0.036048952,0.0041087545
SH600570,0.08657288867273581,1.0,,2026-05-27,-0.018597491,0.03525768,-0.52747357,0.013560625,0.38461483,0.0030995603,0.08791164,-0.029058557,-0.8241767,1.0189499,1.0327675,0.9968417,1.0117894,1.0422459,1.0797503,1.0343521,1.0615876,1.1784492,1.0223472,1.0355327,1.05239,1.0516795,1.0536473,0.013607463,0.018518394,0.027815169,0.023069192,0.03860536,-0.0059622866,-0.0046752216,-0.0022689404,-0.000632453,-0.0007350534,0.47996703,0.58426416,0.23289001,0.05824967,0.1105713,-0.010422644,-0.014494193,-0.03083507,-0.042508937,-0.031963207,1.0852768,1.095539,1.1085705,1.1085705,1.1887085,0.9968417,0.9968417,0.9968417,0.9968417,0.9696003,1.0325358,1.0532169,1.0814095,1.0664845,1.0852009,1.0157946,1.0251083,1.0317413,1.0322983,1.020372,0.2,0.1,0.05,0.033333335,0.06666667,0.03571316,0.031999838,0.028267547,0.028267547,0.13874279,0.2,0.1,0.4,0.6,0.016666668,1.0,1.0,1.0,1.0,0.35,-0.8,-0.9,-0.6,-0.4,-0.33333334,0.29802516,-0.20979157,0.39147484,0.36069065,0.35285982,-0.08420969,-0.14076595,0.2489014,0.35056046,0.17882137,0.2,0.3,0.45,0.43333334,0.46666667,0.8,0.7,0.5,0.53333336,0.51666665,-0.6,-0.4,-0.05,-0.1,-0.05,0.18714394,0.26177666,0.4414443,0.42367706,0.406219,0.8128561,0.7382233,0.55855566,0.5763229,0.593781,-0.6257121,-0.47644666,-0.117111355,-0.15264587,-0.18756197,1.1077332,1.038065,1.079102,0.9687515,0.90322244,0.19572866,0.1971027,0.29060388,0.2903488,0.30564076,0.51595587,0.46925077,0.71877766,0.7760327,0.99374413,0.6055349,0.49838734,0.5350312,0.4603154,0.50195503,0.39446512,0.50161266,0.46496883,0.5396846,0.49804497,0.21106976,-0.0032253466,0.07006236,-0.07936919,0.003910053
SZ002625,0.0842384746419315,0.75,,2026-05-27,0.038693517,0.07035177,0.5500006,0.026633149,0.37857115,0.005025102,0.071428224,0.01708547,0.24285771,0.9627479,1.025641,0.95791,1.0043296,0.9453371,1.0205524,0.96854377,0.94218075,1.1678982,0.95666426,0.96294475,0.97409433,0.97203726,0.9908764,0.03422827,0.025830284,0.03204808,0.027023284,0.06338155,0.01905668,-0.0005193228,-0.00052591047,0.00016715543,-0.0020170354,0.7749337,0.0037053386,0.009425138,0.002965285,0.30888808,0.005222384,0.03939221,0.03090184,0.025538964,0.068626195,1.025641,1.0280458,1.0421057,1.0421057,1.2017531,0.900839,0.900839,0.900839,0.900839,0.89791554,0.9837589,0.9806599,1.005416,0.987604,1.0318437,0.9240602,0.94122666,0.9441248,0.94725966,0.94159967,1.0,1.0,0.75,0.8333333,0.6666667,0.79454654,0.7795263,0.701942,0.701942,0.33598363,1.0,0.1,0.45,0.6333333,0.033333335,0.6,0.8,0.9,0.93333334,0.45,0.4,-0.7,-0.45,-0.3,-0.41666666,0.97679305,0.5536714,0.42871836,0.3738241,0.0720397,0.8751574,0.7816008,0.6173054,0.64464587,0.21339387,0.6,0.4,0.5,0.5,0.45,0.4,0.6,0.45,0.46666667,0.53333336,0.2,-0.2,0.05,0.033333335,-0.083333336,0.6858538,0.45854437,0.539501,0.55592567,0.42669672,0.31414625,0.5414556,0.46049902,0.44407433,0.5733033,0.3717075,-0.082911275,0.07900196,0.111851335,-0.14660658,0.6245772,0.48903105,0.48552668,0.42684394,0.34783882,0.29252428,0.24446501,0.1811064,0.17826773,0.16288128,0.91294664,1.0954465,1.1457572,1.288975,1.2859118,0.76968944,0.70203143,0.6226079,0.6009147,0.5616033,0.23031057,0.2979686,0.3773921,0.39908528,0.43839672,0.5393789,0.40406284,0.24521579,0.20182943,0.123206586
SZ002074,0.08311663881409383,1.0,,2026-05-27,-0.0011655153,0.035547763,-0.0327873,0.027972005,0.7868851,0.006410244,0.18032762,-0.022727277,-0.63934475,1.0011668,1.0291715,0.99358225,1.0123132,1.0536594,1.0906705,1.1633476,1.1320996,1.1105206,1.0108215,1.0325543,1.068006,1.0997716,1.087887,0.012743,0.02543728,0.04464924,0.05888035,0.052129082,-0.0064160833,-0.007932306,-0.00711433,-0.0062591443,-0.00045439595,0.63377726,0.8913926,0.8886032,0.8757715,0.023174407,0.002010656,0.0031411352,-0.00041985334,-0.009013996,-0.07448242,1.0664955,1.1143202,1.1714724,1.2102836,1.2102836,0.9888585,0.9888585,0.9888585,0.9888585,0.97576,1.0194659,1.0537106,1.1035154,1.1609912,1.136633,0.9998719,1.0065057,1.0271498,1.0501633,1.0462829,0.4,0.2,0.1,0.06666667,0.06666667,0.14350729,0.0888038,0.061011065,0.0503171,0.10335853,0.2,0.1,0.05,0.26666668,0.6333333,0.8,0.9,0.95,0.96666664,0.43333334,-0.6,-0.8,-0.9,-0.7,0.2,-0.29642034,0.5949897,0.5781725,0.7236708,0.6944461,-0.6562603,-0.47226846,-0.07373728,0.066544585,0.49544576,0.4,0.3,0.3,0.4,0.45,0.6,0.7,0.7,0.6,0.55,-0.2,-0.4,-0.4,-0.2,-0.1,0.16693205,0.1836459,0.27712744,0.3757079,0.45074764,0.83306795,0.8163541,0.72287256,0.6242921,0.54925233,-0.6661359,-0.6327082,-0.44574514,-0.2485842,-0.098504715,0.92639697,1.0494283,1.2697091,1.548475,1.3445259,0.15043606,0.24973239,0.43176895,0.65078264,0.60553324,0.991703,0.82103425,1.0225611,0.90914196,1.4966747,0.5119748,0.3389734,0.46049803,0.41912016,0.502979,0.4880252,0.6610266,0.53950197,0.5808798,0.49702102,0.023949603,-0.3220532,-0.07900391,-0.16175967,0.0059579858
SH605117,0.08153588846882333,1.0,,2026-05-27,0.033347443,0.07851414,0.4247317,0.037990727,0.48387116,0.007175966,0.09139712,0.0025326824,0.03225766,0.96772873,1.0367647,0.9607843,1.0043814,0.9797574,0.9172336,0.847663,0.8059735,0.5677006,0.9749989,0.9425231,0.91092473,0.88414365,0.80883396,0.01957301,0.04736419,0.055268325,0.060176704,0.09230661,0.0014706646,0.01312245,0.007951923,0.00603253,0.004802715,0.014114064,0.70362467,0.7245355,0.7788322,0.8256726,0.022059761,-0.0015741509,0.013531991,0.02838465,0.04948598,1.0367647,1.0367647,1.0367647,1.0367647,1.0367647,0.9318641,0.8458106,0.80181456,0.78045356,0.5629117,0.9888856,0.98102736,0.9683345,0.9358936,0.89487386,0.9632358,0.9026223,0.8693129,0.83025604,0.7256159,1.0,1.0,1.0,1.0,1.0,0.64952826,0.8074683,0.8435212,0.85656214,0.92241323,1.0,1.0,1.0,1.0,1.0,0.6,0.3,0.1,0.13333334,0.016666668,0.4,0.7,0.9,0.8666667,0.98333335,0.19865805,0.3213732,0.31662336,-0.027927073,-0.075555556,0.1106881,0.38922846,0.45351595,0.49073765,0.4357738,0.4,0.4,0.45,0.46666667,0.5,0.6,0.6,0.55,0.53333336,0.5,-0.2,-0.2,-0.1,-0.06666667,0.0,0.5935546,0.6434485,0.6357594,0.62768906,0.643012,0.40644538,0.35655153,0.36424062,0.37231097,0.35698804,0.18710925,0.2868969,0.2715188,0.2553781,0.28602394,0.8716099,0.92962515,0.87268037,0.9482556,1.0065396,0.1220513,0.23838176,0.2138032,0.3730296,0.37064794,0.9627376,1.0985205,0.9682642,1.0356404,1.0504377,0.2441653,0.58245313,0.5335238,0.5133244,0.50287956,0.7558347,0.41754687,0.46647617,0.48667565,0.4971204,-0.5116694,0.16490626,0.06704764,0.026648715,0.0057591577
SH600010,0.0811061676886673,0.875,,2026-05-27,-0.036437277,0.044534408,-0.8181826,0.0040486027,0.09090954,0.004048529,0.09090789,-0.03643735,-0.8181842,1.0378152,1.0420169,0.99579835,1.0136919,1.0925462,1.1765883,1.1515758,1.1890945,1.2521261,1.0471236,1.0752877,1.1204853,1.1470236,1.1623563,0.02814858,0.036672324,0.05511989,0.060785037,0.08353121,-0.015607803,-0.011445122,-0.0076162145,-0.0060191387,-0.0025076864,0.76861805,0.89284354,0.6682357,0.75993603,0.27488354,-0.015907979,-0.02378463,-0.04813123,-0.05974603,-0.08837946,1.1053598,1.1764839,1.2185086,1.289942,1.4330193,0.99579835,0.99579835,0.99579835,0.99579835,0.99579835,1.063932,1.09995,1.1665833,1.2025013,1.2118059,1.0336169,1.0588294,1.0666333,1.0917459,1.0823412,0.2,0.1,0.05,0.033333335,0.016666668,0.0383495,0.02325381,0.018865881,0.0142842615,0.009609845,0.2,0.1,0.4,0.033333335,0.033333335,1.0,1.0,1.0,1.0,1.0,-0.8,-0.9,-0.6,-0.96666664,-0.96666664,-0.78035563,0.036412977,0.61107624,0.64017844,0.741129,-0.41743788,-0.23837145,0.45230317,0.42974028,0.30338442,0.0,0.1,0.3,0.33333334,0.38333333,0.8,0.8,0.65,0.6333333,0.6,-0.8,-0.7,-0.35,-0.3,-0.21666667,0.0,0.04155822,0.3260619,0.36324164,0.41969404,1.0,0.9584418,0.6739381,0.6367584,0.580306,-1.0,-0.9168836,-0.3478762,-0.27351674,-0.16061193,0.8222126,0.8397162,1.049117,1.1957912,1.4823968,0.15322213,0.18975231,0.37625232,0.53565806,0.89025277,0.9971043,0.9794047,0.97429574,1.2130767,1.7781734,0.75949633,0.5008126,0.50930005,0.47367272,0.43375728,0.2405037,0.49918744,0.49069995,0.52632725,0.5662427,0.5189926,0.001625124,0.01860011,-0.05265455,-0.13248542
SH688256,0.08079793075264087,1.0,,2026-05-27,-0.03249095,0.05703244,-0.56969243,0.020209417,0.3543495,0.0043320744,0.07595807,-0.048368294,-0.84808385,1.0335821,1.0544702,0.99552244,1.0233018,1.016725,0.9827445,0.6768558,0.6058923,0.5849235,1.0051266,0.97780067,0.91335344,0.8273862,0.6860704,0.045005545,0.05304393,0.10918598,0.15262645,0.17983222,0.016653897,0.013138333,0.01556484,0.016324408,0.008949626,0.34232587,0.562368,0.7112522,0.8865781,0.755396,-0.03843441,-0.03692316,-0.061219458,-0.06409012,0.04991564,1.0806016,1.0806016,1.0806016,1.0806016,1.0806016,0.9480795,0.8768643,0.67124075,0.60149837,0.4844336,1.05029,1.0233048,0.9875809,0.96723473,0.90922576,0.96262556,0.93422616,0.8761361,0.6671971,0.53201616,0.6,0.7,0.85,0.9,0.95,0.3917875,0.6043848,0.80310386,0.8317658,0.8648006,0.8,0.9,0.95,0.96666664,0.98333335,0.4,0.4,0.05,0.033333335,0.28333333,0.4,0.5,0.9,0.93333334,0.7,0.6924788,0.30207545,0.3196234,0.52343893,0.60262036,0.839756,0.7250804,0.6094467,0.49686584,0.43570492,0.4,0.5,0.7,0.73333335,0.56666666,0.6,0.5,0.3,0.26666668,0.41666666,-0.2,0.0,0.4,0.46666667,0.15,0.45885244,0.5216654,0.699763,0.70917827,0.65210885,0.54114753,0.4783346,0.30023697,0.29082176,0.34789112,-0.08229509,0.043330796,0.39952603,0.41835648,0.30421776,1.0592294,1.13676,1.2454749,1.1387639,0.98171467,0.16485916,0.18480505,0.36118376,0.35281304,0.3443927,1.0155469,0.8178676,1.2813295,1.4367472,1.5118032,0.36395052,0.46657243,0.47237435,0.50165725,0.482992,0.63604945,0.5334276,0.5276257,0.49834275,0.517008,-0.27209893,-0.06685516,-0.05525131,0.0033144958,-0.034016002
SH688981,0.08061450372373115,0.5,,2026-05-27,-0.025200002,0.05679997,-0.44366223,0.023466663,0.41314566,0.008133308,0.14319211,-0.040533356,-0.7136158,1.0258515,1.0499247,0.9916564,1.0230237,0.91512793,0.83340174,0.75885653,0.69080836,0.7977705,0.971071,0.90077966,0.85966694,0.81377834,0.75776,0.083596766,0.09796992,0.08192777,0.09433139,0.091479324,0.038195867,0.028551416,0.01055033,0.00948503,0.0035002124,0.5219078,0.7785406,0.580414,0.7835499,0.44652188,-0.04746274,-0.029261038,0.040104914,0.048688732,0.13898373,1.0778279,1.0778279,1.0778279,1.0778279,1.0778279,0.8651347,0.77061963,0.7507865,0.68198603,0.6237177,1.0295719,1.0040487,0.9015593,0.8597729,0.8157434,0.89254546,0.8113527,0.8059363,0.7328957,0.6873889,0.6,0.8,0.9,0.93333334,0.96666664,0.63408345,0.74666065,0.76202416,0.8033863,0.8286144,0.6,0.8,0.9,0.93333334,0.96666664,0.4,0.4,0.15,0.033333335,0.45,0.2,0.4,0.75,0.9,0.51666665,0.6501434,0.75599766,0.79241306,0.8660421,0.8578657,0.96393865,0.8375478,0.7986401,0.7363574,0.60856825,0.4,0.5,0.5,0.56666666,0.48333332,0.6,0.5,0.5,0.43333334,0.51666665,-0.2,0.0,0.0,0.13333334,-0.033333335,0.63743067,0.67959297,0.6793124,0.6986554,0.5861848,0.3625693,0.32040703,0.32068756,0.30134457,0.4138152,0.2748614,0.35918596,0.35862485,0.39731085,0.17236957,1.3445169,1.154596,0.92387927,0.75014013,0.51661307,0.43748307,0.49284717,0.4313896,0.43716687,0.3891359,1.3654865,1.4940127,1.8043588,2.1217427,2.673186,0.36144236,0.52174443,0.5189352,0.5408272,0.5362042,0.6385577,0.4782556,0.48106483,0.4591728,0.46379578,-0.27711532,0.04348882,0.03787037,0.0816544,0.07240847
SH600150,0.07951714999335154,0.75,,2026-05-27,-0.012467557,0.062077884,-0.20083733,0.03870123,0.6234302,0.010909099,0.17573246,-0.040259685,-0.6485351,1.012625,1.0518148,0.9889532,1.0125535,1.0178668,1.09866,1.0205313,0.85878843,1.0023508,1.0069116,1.0166758,1.0462699,1.0040175,0.9500862,0.008412412,0.025908375,0.039318807,0.07761034,0.09402259,-0.0012459664,-0.005054221,-0.0046382523,0.005006947,0.0023474966,0.054841783,0.34885067,0.4870528,0.3225585,0.19012767,-0.0044197254,0.006068219,-0.0022064627,-0.07661816,-0.019337324,1.0636884,1.0993884,1.1420068,1.1420068,1.1420068,0.97607434,0.9752586,0.9752586,0.8477137,0.7890499,1.0115508,1.02586,1.083144,1.0824074,1.0212052,0.9993731,0.9993731,1.008808,0.94978446,0.8516887,0.4,0.3,0.15,0.36666667,0.6166667,0.27308008,0.19931918,0.14837603,0.51746476,0.5976653,0.2,0.1,0.2,0.46666667,0.73333335,0.8,0.5,0.75,0.033333335,0.35,-0.6,-0.4,-0.55,0.43333334,0.38333333,0.2469149,-0.061936293,0.58273697,0.7016458,0.7126361,0.2502273,-0.0051646866,0.5036317,0.6356101,0.4609149,0.2,0.3,0.4,0.56666666,0.5,0.6,0.6,0.55,0.4,0.48333332,-0.4,-0.3,-0.15,0.16666667,0.016666668,0.34960467,0.27701044,0.4758303,0.6173483,0.49887186,0.65039533,0.72298956,0.52416974,0.3826517,0.50112814,-0.30079064,-0.44597912,-0.048339453,0.23469664,-0.0022562584,0.8641778,0.8949277,1.1126462,1.0476246,0.8817208,0.14531198,0.17181233,0.43664658,0.4826146,0.4105684,0.71319723,1.0429033,1.4051795,1.444897,1.493602,0.5705326,0.4483991,0.47922018,0.520866,0.5082176,0.4294674,0.5516009,0.52077985,0.47913402,0.49178243,0.14106518,-0.103201784,-0.04155965,0.04173194,0.016435156
SZ300413,0.07721906719327125,1.0,,2026-05-27,0.0011286826,0.027652377,0.04081684,0.018623015,0.6734689,0.0079006795,0.2857143,-0.0095936535,-0.34693775,0.9988726,1.018602,0.9909808,1.0046909,1.0602486,1.1271915,1.162257,1.1998725,1.3774307,1.013771,1.0480396,1.0857507,1.119116,1.1705875,0.017289586,0.039080646,0.04850214,0.062241286,0.078643255,-0.010296457,-0.012401343,-0.0070327227,-0.0065844427,-0.0040772664,0.88663816,0.92305034,0.7358567,0.8673265,0.8198134,0.0068218084,0.00776654,-0.018939825,-0.023641488,-0.05030822,1.074327,1.1429989,1.1558989,1.2044926,1.3888985,0.9863254,0.9863254,0.9863254,0.9863254,0.9863254,1.0277972,1.0901498,1.1280204,1.1841887,1.2504303,0.99974495,1.0053554,1.0356392,1.0727446,1.1118265,0.4,0.2,0.1,0.06666667,0.033333335,0.15539049,0.087281,0.080641255,0.062679544,0.033968046,0.2,0.1,0.05,0.1,0.016666668,0.8,0.9,0.95,0.96666664,0.98333335,-0.6,-0.8,-0.9,-0.8666667,-0.96666664,-0.05470368,-0.42911357,-0.040467992,-0.417905,-0.08854987,-0.18635045,-0.33845043,-0.5019696,-0.30863774,-0.05079776,0.2,0.2,0.35,0.33333334,0.36666667,0.8,0.8,0.6,0.6333333,0.6166667,-0.6,-0.6,-0.25,-0.3,-0.25,0.020304408,0.10958885,0.2521906,0.26829255,0.31418702,0.9796956,0.89041114,0.7478094,0.73170745,0.68581295,-0.9593912,-0.7808223,-0.4956188,-0.4634149,-0.37162596,0.9979797,0.9265901,0.9669716,0.8983571,0.8616717,0.18647753,0.16519201,0.2137002,0.21202712,0.24920565,0.7394737,0.71082914,0.8973763,0.9731067,1.012148,0.54366577,0.55562246,0.509758,0.51188105,0.4841429,0.4563342,0.44437754,0.490242,0.48811892,0.5158571,0.08733158,0.11124495,0.019515965,0.023762144,-0.031714227
SH601988,0.07648491114570338,1.0,,2026-05-27,-0.008474597,0.02881352,-0.29411873,0.013559283,0.47058752,0.0067796414,0.23529376,-0.015254238,-0.5294125,1.0085471,1.0222222,0.9931624,1.007714,0.9742063,0.97751325,0.9927249,0.9656085,0.9007936,1.0022486,0.99444443,0.9870701,0.9888448,0.96723986,0.0074621057,0.011037012,0.01194621,0.012126607,0.03263173,0.002579366,0.0025172306,0.0012148404,0.00021776035,0.0015070691,0.29870546,0.47682002,0.36194804,0.024990829,0.65055794,-0.0074073854,-0.005771972,0.0013889123,0.0079976795,-0.011698393,1.0222222,1.0222222,1.0222222,1.0222222,1.0222222,0.9674717,0.9674717,0.9589341,0.953427,0.8971542,1.0088624,1.0027777,0.9968254,0.9984127,0.994709,0.9982804,0.9883598,0.97526455,0.9771164,0.92579365,0.4,0.7,0.85,0.8333333,0.8666667,0.59411854,0.59411854,0.64887214,0.67698014,0.822319,1.0,1.0,1.0,1.0,1.0,0.2,0.6,0.4,0.033333335,0.033333335,0.8,0.4,0.6,0.96666664,0.96666664,-0.562678,0.4285026,0.49751258,0.2793069,-0.011733441,0.56962603,0.59200484,0.41252682,0.5335406,0.4523488,0.8,0.7,0.45,0.46666667,0.5,0.2,0.2,0.45,0.43333334,0.4,0.6,0.5,0.0,0.033333335,0.1,0.7826091,0.6307694,0.5263157,0.5807454,0.60445684,0.21739091,0.36923063,0.4736843,0.41925463,0.39554313,0.5652182,0.2615387,0.052631397,0.16149075,0.20891374,1.115494,1.031354,0.9171092,0.85717404,0.9824999,0.1327312,0.16157156,0.19634731,0.19672437,0.35230595,0.7307643,0.7597581,0.8556371,0.91661197,1.4205834,0.58901745,0.56929886,0.55469555,0.52911574,0.5120063,0.41098255,0.43070114,0.44530445,0.47088426,0.48799372,0.17803493,0.13859771,0.10939107,0.05823145,0.02401254
SH600104,0.07586348250036908,0.875,,2026-05-27,-0.011419209,0.021207243,-0.53845793,0.0057096537,0.26923132,0.0040783808,0.19231074,-0.013050482,-0.6153785,1.0115511,1.0173267,0.9958745,1.002216,1.0222901,1.097361,1.1312062,1.1675115,1.1798867,1.0163262,1.033644,1.0775794,1.101881,1.1395731,0.011339529,0.024678944,0.048864894,0.053171933,0.05515607,-0.0064335726,-0.0076866737,-0.007941596,-0.00572581,-0.002567882,0.8047377,0.88927317,0.9244634,0.89869153,0.6610942,-0.003459042,0.0009461269,-0.0021341862,-0.018856836,-0.063820526,1.0420872,1.0981523,1.1526227,1.1707573,1.2244025,0.9958745,0.9958745,0.9958745,0.9958745,0.9958745,1.0244222,1.0484717,1.1258833,1.1462054,1.1810347,1.009244,1.0161473,1.0229461,1.0402266,1.1161771,0.2,0.1,0.05,0.033333335,0.016666668,0.08927187,0.040336132,0.026319215,0.02359003,0.018052451,0.2,0.1,0.2,0.06666667,0.4,1.0,1.0,1.0,1.0,1.0,-0.8,-0.9,-0.8,-0.93333334,-0.6,0.2722507,0.51695627,0.026727311,0.059389442,0.5119777,-0.14227936,-0.6263618,-0.31681618,-0.23178756,0.01601226,0.4,0.2,0.25,0.23333333,0.36666667,0.6,0.8,0.75,0.73333335,0.6,-0.2,-0.6,-0.5,-0.5,-0.23333333,0.19919653,0.06582494,0.143147,0.13862994,0.36705238,0.8008035,0.9341751,0.856853,0.86137,0.6329476,-0.60160697,-0.86835015,-0.71370596,-0.7227401,-0.26589528,1.0088509,1.0711653,1.0578041,1.0657264,1.3181641,0.10599607,0.14997761,0.14356434,0.1447305,0.42575684,0.6081836,0.80056596,0.79519606,0.8928036,1.170023,0.42707425,0.48280546,0.48696566,0.48384035,0.49295777,0.57292575,0.5171945,0.51303434,0.51615965,0.5070422,-0.14585148,-0.03438906,-0.026068712,-0.032319278,-0.014084468
SZ000630,0.07319346100890506,0.875,,2026-05-27,-0.0457902,0.05908417,-0.77499944,0.008862647,0.15000036,0.0044313236,0.07500018,-0.05022152,-0.8499996,1.0479876,1.0572755,0.995356,1.0170779,0.91641605,1.080475,0.9736507,0.9427144,1.1749146,0.99596345,0.97676975,0.9951888,0.9920408,1.0045784,0.06403912,0.056591786,0.053674877,0.04463844,0.09512874,0.02833699,0.0059867813,-0.0002672447,0.00041132048,-0.0021626807,0.48950464,0.10258678,0.00086764916,0.006580279,0.15763809,-0.052637465,-0.0037102804,0.007350024,0.001995037,0.059220675,1.0650256,1.0835603,1.1145301,1.1145301,1.3436469,0.89008045,0.89008045,0.89008045,0.89008045,0.8575577,1.0461138,1.0371234,1.0461138,1.0331278,1.0684165,0.96654606,0.9287701,0.9498292,0.96406907,0.9213496,0.6,0.7,0.55,0.6333333,0.5833333,0.6283089,0.5681187,0.48972934,0.48972934,0.29303735,0.8,0.1,0.5,0.6666667,0.033333335,0.4,0.7,0.85,0.9,0.28333333,0.4,-0.6,-0.35,-0.23333333,-0.25,0.84093726,0.80295557,0.65975595,0.5910524,0.5461638,0.8703027,0.65964353,0.6459601,0.51964176,0.35982135,0.6,0.3,0.5,0.53333336,0.43333334,0.4,0.7,0.45,0.43333334,0.55,0.2,-0.4,0.05,0.1,-0.11666667,0.6729958,0.4008042,0.5225745,0.5391202,0.44412243,0.3270042,0.59919584,0.47742555,0.46087983,0.55587757,0.3459916,-0.19839165,0.04514892,0.07824034,-0.1117551,1.303611,1.0957946,1.025863,0.9330505,0.9471857,0.44901618,0.4017901,0.3498933,0.3217286,0.38486806,0.8025194,0.91921157,1.1105341,1.2355065,1.2239556,0.5671466,0.48210216,0.54015976,0.5295593,0.4895759,0.43285337,0.51789784,0.4598402,0.4704407,0.51042414,0.13429324,-0.0357957,0.08031956,0.059118617,-0.02084822
SZ300014,0.07129757222399055,0.75,,2026-05-27,0.014576782,0.041536037,0.350943,0.026959253,0.649057,0.0,0.0,-0.012382473,-0.29811397,0.98563266,1.0265719,0.98563266,1.0111555,1.0282739,1.054688,1.1210458,1.0636184,0.9570739,0.98758125,1.0009283,1.0489407,1.0641339,1.037964,0.010030052,0.016615389,0.0564156,0.05175185,0.06254677,0.00083355024,-0.003523915,-0.00852241,-0.0044417395,0.0009612717,0.017266218,0.4123265,0.7987198,0.5708949,0.07204146,0.010751617,0.014929372,0.0320222,0.0002713167,-0.06632151,1.0392433,1.0664287,1.172938,1.172938,1.172938,0.96554935,0.96554935,0.96554935,0.96554935,0.89856124,0.99567723,1.0127605,1.1009718,1.1069164,1.0933349,0.9783745,0.9861303,0.9989193,1.0082803,0.96960664,1.0,0.5,0.25,0.16666667,0.31666666,0.46748233,0.34150374,0.1661164,0.1661164,0.36970612,0.2,0.1,0.25,0.5,0.75,0.6,0.8,0.9,0.93333334,0.11666667,-0.4,-0.7,-0.65,-0.43333334,0.6333333,0.47681588,0.49154642,0.6122853,0.57961565,0.66811883,0.28630033,0.17039056,0.39957282,0.4465181,0.49433607,0.6,0.6,0.5,0.53333336,0.55,0.4,0.4,0.5,0.46666667,0.45,0.2,0.2,0.0,0.06666667,0.1,0.34030455,0.34280476,0.36891475,0.45094693,0.51549274,0.65969545,0.65719527,0.6310852,0.5490531,0.4845073,-0.31939086,-0.31439048,-0.2621705,-0.09810615,0.030985426,0.7155441,0.75377345,0.89502394,0.8969676,0.8552508,0.20492396,0.17075987,0.27914706,0.24052383,0.29044396,0.9330409,0.9265853,0.9734864,0.9720891,1.2482697,0.5377809,0.5819338,0.51062334,0.48050934,0.5045109,0.46221912,0.4180662,0.4893767,0.51949066,0.49548912,0.075561754,0.16386761,0.021246623,-0.03898134,0.009021785
SH600760,0.07122697495673774,1.0,,2026-05-27,-0.020426922,0.03029609,-0.67424285,0.008033051,0.26515144,0.0018361169,0.060605742,-0.026623854,-0.87878853,1.0208529,1.0290534,0.9981256,1.0080023,1.0687877,1.1428704,1.1277288,1.134719,1.3003019,1.0350116,1.0643868,1.0970216,1.1222233,1.1548928,0.029138906,0.038375985,0.04559803,0.053291596,0.07405691,-0.018279146,-0.012305732,-0.005794452,-0.005336559,-0.003283508,0.9837966,0.94255626,0.56519806,0.7771537,0.5995767,0.0015466833,-0.009011102,-0.04197431,-0.044843156,-0.058029305,1.0790541,1.1435544,1.1871123,1.2152913,1.3587581,0.9981256,0.9981256,0.9981256,0.9981256,0.9981256,1.0607386,1.0978634,1.1333581,1.1659173,1.1981468,1.0131166,1.0272086,1.066693,1.0829215,1.1073154,0.2,0.1,0.05,0.033333335,0.016666668,0.023161246,0.0128888115,0.009918183,0.008631225,0.00519755,0.2,0.1,0.45,0.033333335,0.033333335,1.0,1.0,1.0,1.0,1.0,-0.8,-0.9,-0.55,-0.96666664,-0.96666664,-0.09841387,-0.111398004,0.51164854,0.46639282,0.40656912,-0.6971277,-0.6991791,0.28752977,0.5227623,0.4577072,0.2,0.2,0.3,0.26666668,0.31666666,0.8,0.8,0.7,0.73333335,0.68333334,-0.6,-0.6,-0.4,-0.46666667,-0.36666667,0.022873795,0.07490339,0.3016157,0.3616239,0.36267868,0.9771262,0.92509663,0.6983843,0.6383761,0.6373213,-0.9542524,-0.8501932,-0.39676863,-0.2767522,-0.27464262,1.195329,1.1724894,1.4283991,1.4607437,1.4067168,0.25096163,0.24437375,0.5709766,0.5666042,0.6495922,0.8642388,0.6786874,0.945192,1.4180124,1.3983281,0.40099758,0.39068067,0.49888536,0.49134752,0.4985309,0.5990024,0.6093193,0.5011146,0.50865245,0.5014691,-0.19800483,-0.21863869,-0.002229248,-0.017304927,-0.002938195
SZ002415,0.06961823607507275,1.0,,2026-05-27,-0.008458655,0.03383462,-0.25,0.019423611,0.57407504,0.0059523536,0.17592494,-0.021929914,-0.64815015,1.0085309,1.0281202,0.99399686,1.0078824,1.0284381,1.0652533,1.0377618,0.97938144,0.97475207,1.00714,1.0170408,1.0516151,1.0459254,1.0010573,0.00842693,0.012456791,0.04009304,0.03446173,0.053018235,0.0006652404,-0.0029361113,-0.0054589123,-0.0007683197,0.0020622117,0.015579679,0.50926536,0.648847,0.03852224,0.46144065,-0.008470487,-0.0038283064,0.00024451484,-0.034784745,-0.06189257,1.0473897,1.0763725,1.1455467,1.1455467,1.1455467,0.9886184,0.9886184,0.9886184,0.97011787,0.9129761,1.012768,1.0289438,1.0932944,1.071182,1.0392998,0.9998729,1.0045439,1.0175971,1.0195216,0.94979966,0.4,0.2,0.1,0.06666667,0.53333336,0.19365911,0.12969884,0.07252748,0.17033759,0.37418285,0.2,0.1,0.25,0.5,0.75,0.4,0.7,0.85,0.033333335,0.3,-0.2,-0.6,-0.6,0.46666667,0.45,-0.30249554,0.175536,0.6879857,0.4881166,0.7541918,-0.2337727,-0.05972514,0.5010785,0.51825804,0.32436344,0.4,0.3,0.35,0.4,0.45,0.6,0.7,0.65,0.6,0.55,-0.2,-0.4,-0.3,-0.2,-0.1,0.29361954,0.24744035,0.42951196,0.523871,0.5169236,0.7063805,0.75255966,0.57048804,0.47612903,0.4830764,-0.4127609,-0.50511926,-0.14097609,0.04774196,0.033847224,0.9500976,0.98055106,1.1597896,1.1942855,0.91449344,0.17501672,0.15351057,0.32828152,0.41679615,0.43290654,0.73828804,0.87531406,1.2044178,1.2161297,1.3703918,0.5152985,0.4128834,0.52563584,0.4958023,0.49545398,0.48470154,0.5871166,0.47436416,0.5041977,0.50454605,0.030596923,-0.1742332,0.051271666,-0.008395388,-0.009092041
SZ300750,0.06376976546650924,0.875,,2026-05-27,0.0021260544,0.042544447,0.049972545,0.03406453,0.800681,0.0063538626,0.14934646,-0.025584614,-0.601362,0.99787843,1.0339923,0.99153805,1.0105824,0.99988866,1.0464107,1.0725654,0.9874111,0.8212577,0.98503923,0.99891174,1.0302671,1.0356075,0.9777901,0.01343025,0.018960973,0.038524114,0.034553118,0.075353734,-0.00056018936,-0.0051535224,-0.005322237,-0.0020986767,0.0032197873,0.004349522,0.67717135,0.66802263,0.2859027,0.5568582,0.016081126,0.024279092,0.02029415,-0.0051766755,-0.07277386,1.0339923,1.085953,1.1300635,1.1300635,1.1300635,0.9643176,0.9643176,0.9643176,0.9643176,0.79324657,0.99388605,1.0102689,1.0573796,1.0644432,1.0489532,0.97107774,0.987238,0.99838245,1.0046893,0.9367563,1.0,0.6,0.3,0.2,0.6,0.5121285,0.29335502,0.21528353,0.21528353,0.61384505,1.0,0.1,0.3,0.53333336,0.76666665,0.6,0.8,0.9,0.93333334,0.06666667,0.4,-0.7,-0.6,-0.4,0.7,0.2661694,-0.22498074,0.3009943,0.34946883,0.3929791,0.28816858,0.30477607,0.51920056,0.45293126,0.5269722,0.2,0.2,0.3,0.43333334,0.46666667,0.8,0.8,0.7,0.56666666,0.53333336,-0.6,-0.6,-0.4,-0.13333334,-0.06666667,0.50094044,0.28722095,0.40742722,0.51049095,0.5802946,0.4990596,0.71277905,0.59257275,0.48950905,0.41970536,0.0018808434,-0.42555806,-0.18514554,0.020981923,0.16058926,0.7055597,0.6284133,0.6497183,0.7202997,0.66917115,0.17916466,0.15001407,0.12270495,0.17552738,0.1910688,1.246558,1.1637284,0.9105131,0.9705817,1.0896002,0.7890662,0.68908,0.56316906,0.5038521,0.50889766,0.2109338,0.31092,0.4368309,0.49614787,0.49110234,0.5781324,0.37816003,0.12633817,0.0077042473,0.017795311
SH600219,0.06283085292920036,1.0,,2026-05-27,-0.046428576,0.062499955,-0.7428577,0.010714216,0.17142758,0.0053571654,0.085714705,-0.051785626,-0.8285706,1.0486891,1.0599251,0.994382,1.0205785,0.97381306,1.017245,1.0700446,1.1375346,1.2816691,0.99510324,0.9804982,0.9923994,1.0378752,1.1263111,0.04334866,0.035248123,0.033238612,0.0727453,0.13350652,0.018352136,0.006260604,-0.0010007988,-0.0066213654,-0.0066355625,0.44808653,0.28918245,0.031730417,0.64207673,0.753443,-0.03180752,-0.0086709,0.017108195,0.058134574,0.069437996,1.0748935,1.0748935,1.0748935,1.1704684,1.4584874,0.94002944,0.9187908,0.9187908,0.9187908,0.9187908,1.0127316,0.9962529,1.0091974,1.1215243,1.2512667,0.97108793,0.9505642,0.96406215,0.97670853,0.9997871,0.8,0.9,0.65,0.43333334,0.21666667,0.44467416,0.52022916,0.52022916,0.32267138,0.1504719,0.8,0.9,0.95,0.16666667,0.083333336,0.4,0.3,0.65,0.76666665,0.8833333,0.4,0.6,0.3,-0.6,-0.8,0.8683509,0.8048328,0.22929159,-0.008472831,0.43662202,0.8176411,0.7057298,0.009486653,0.04865348,0.28495607,0.4,0.4,0.45,0.36666667,0.4,0.6,0.6,0.55,0.56666666,0.53333336,-0.2,-0.2,-0.1,-0.2,-0.13333334,0.5563704,0.473955,0.43385607,0.40787223,0.42310822,0.44362965,0.526045,0.56614393,0.5921278,0.5768918,0.1127407,-0.05209,-0.13228786,-0.18425554,-0.15378356,0.7434461,0.5853359,0.57470447,0.5538143,0.6189105,0.43960524,0.34364417,0.2841545,0.24898687,0.2577789,1.0904616,1.395822,1.6336741,1.622401,1.390459,0.69299585,0.6309532,0.53485835,0.54907817,0.52099407,0.30700415,0.3690468,0.46514162,0.45092183,0.47900596,0.38599166,0.2619064,0.06971673,0.09815632,0.04198808
SZ002230,0.06282991225659727,0.75,,2026-05-27,0.02051182,0.046506904,0.44104898,0.015028389,0.32314318,0.010966692,0.23580785,0.016450126,0.35371363,0.9799005,1.0147263,0.9691542,0.9978772,0.95522827,0.98308104,0.976512,0.9480607,1.108258,0.96608907,0.9619477,0.9712509,0.9693439,0.97936803,0.025680277,0.020563176,0.020502262,0.018171536,0.046587035,0.01592193,0.0038171296,-0.00074605044,0.00015829776,-0.0012727586,0.961019,0.31586748,0.046344783,0.005881227,0.22764689,0.0020670546,0.020875257,0.035836585,0.02836076,0.058178328,1.0147263,1.0147263,1.0147263,1.0147263,1.119797,0.93073773,0.93073773,0.93073773,0.93073773,0.90267926,0.98408246,0.9780243,0.9916383,0.98479193,1.0270237,0.9416843,0.9416843,0.9506007,0.9510007,0.9394654,1.0,1.0,0.95,0.96666664,0.73333335,0.8246628,0.8246628,0.8246628,0.8246628,0.4482394,1.0,1.0,1.0,1.0,0.016666668,0.4,0.7,0.85,0.9,0.36666667,0.6,0.3,0.15,0.1,-0.35,0.848769,0.67739594,0.3668706,0.39702266,0.30387932,0.12294177,0.2857739,0.30993354,0.33650893,0.35167393,0.8,0.6,0.55,0.6,0.51666665,0.2,0.4,0.45,0.4,0.48333332,0.6,0.2,0.1,0.2,0.033333335,0.79215086,0.5461568,0.53542024,0.56146777,0.43912134,0.20784913,0.45384315,0.4645798,0.43853223,0.56087863,0.5843017,0.092313685,0.07084044,0.12293553,-0.12175732,0.6107624,0.55206984,0.5133289,0.4525148,0.38972452,0.2362046,0.17790498,0.14868864,0.15088445,0.14603482,0.69048244,0.6400333,0.75066763,0.8823202,1.0154272,0.830314,0.68334997,0.63558465,0.60935974,0.55529493,0.16968602,0.31665003,0.36441535,0.3906403,0.44470504,0.66062796,0.36669996,0.27116933,0.21871944,0.1105899
SH600362,0.05994851719134163,0.75,,2026-05-27,-0.051794533,0.05609289,-0.9233707,0.0002149799,0.0038325696,0.004083377,0.07279669,-0.047926135,-0.8544066,1.0546237,1.0548505,0.99569356,1.014995,1.018985,1.1346321,1.0151384,1.01762,1.2896141,1.0174215,1.0283906,1.0487033,1.0474129,1.0702134,0.026509572,0.032515805,0.04300182,0.036540765,0.0883236,0.005769945,-0.0051318514,-0.0019611,-0.0005401486,-0.0026910694,0.11843442,0.22833398,0.072793715,0.01693452,0.28313664,-0.028961418,-0.0052973074,-0.030072877,-0.039580688,0.00917311,1.0607384,1.1757791,1.1757791,1.1757791,1.3666747,0.97881615,0.968897,0.968897,0.968897,0.9564878,1.0319146,1.0517682,1.0946271,1.0719445,1.1199404,0.9970964,1.0,1.0128304,1.0151384,1.0032759,0.4,0.25,0.125,0.083333336,0.175,0.25858462,0.15034185,0.15034185,0.15034185,0.10607908,0.8,0.1,0.55,0.7,0.033333335,0.4,0.5,0.75,0.8333333,0.28333333,0.4,-0.4,-0.2,-0.13333334,-0.25,0.57312167,0.7927867,0.77246517,0.65311885,0.42295164,0.77256095,0.7743341,0.75349617,0.5924866,0.43070772,0.4,0.3,0.45,0.46666667,0.38333333,0.6,0.7,0.5,0.5,0.6,-0.2,-0.4,-0.05,-0.033333335,-0.21666667,0.4437912,0.29126602,0.48568743,0.4862882,0.39624828,0.5562088,0.708734,0.51431257,0.5137118,0.6037517,-0.112417586,-0.41746795,-0.028625105,-0.027423635,-0.20750342,0.9446748,0.99745965,1.0361845,0.9544717,0.8469405,0.14835107,0.19723909,0.30237252,0.30257943,0.31443626,0.5534802,0.4903474,0.5809565,0.75513214,0.89010507,0.45546877,0.39604858,0.5452792,0.53272605,0.50855225,0.5445312,0.60395145,0.4547208,0.46727392,0.49144775,-0.08906247,-0.20790285,0.09055842,0.06545213,0.017104533
SH601018,0.058299229796706334,1.0,,2026-05-27,-0.017142855,0.02571424,-0.66666776,0.0028571,0.111109644,0.0057142847,0.22222258,-0.01428567,-0.5555548,1.0174419,1.0203488,0.99418604,1.003036,1.0323887,1.0748987,1.0850202,1.1052631,1.1700405,1.0206478,1.0293522,1.0480769,1.0631579,1.1181511,0.014126576,0.015658299,0.023688028,0.029355954,0.06375602,-0.005870432,-0.0038645563,-0.0034656476,-0.0031244794,-0.003558793,0.4317241,0.5583694,0.7491676,0.8779395,0.95030487,-0.008906882,-0.0119616985,-0.015153243,-0.017852917,-0.013166721,1.054667,1.0821764,1.0995952,1.1157832,1.2327935,0.99418604,0.99418604,0.99418604,0.99418604,0.99418604,1.0287449,1.0392712,1.0668015,1.0894737,1.1838057,1.0129554,1.0210526,1.025506,1.0356275,1.0566802,0.2,0.1,0.05,0.033333335,0.016666668,0.09612862,0.06607485,0.055156086,0.047813203,0.024366185,0.2,0.1,0.05,0.1,0.11666667,1.0,1.0,1.0,1.0,1.0,-0.8,-0.9,-0.95,-0.9,-0.8833333,-0.20575006,0.03775605,0.1211817,-0.5326768,0.106673494,-0.12710062,-0.26281673,-0.3246297,-0.22734563,-0.19257376,0.2,0.2,0.35,0.3,0.35,0.8,0.8,0.6,0.53333336,0.5,-0.6,-0.6,-0.25,-0.23333333,-0.15,0.25,0.24657542,0.32499993,0.32191765,0.38135588,0.75,0.7534246,0.6750001,0.67808235,0.6186441,-0.5,-0.50684917,-0.3500001,-0.3561647,-0.23728822,1.0793768,1.1336613,1.1947792,1.0247601,1.0706383,0.21069732,0.2879825,0.24982798,0.32060158,0.3864913,0.7374076,0.5662544,0.752718,0.98211545,1.089626,0.6099958,0.48970988,0.53272927,0.5267131,0.5027193,0.39000422,0.51029015,0.4672707,0.47328696,0.49728072,0.21999156,-0.020580243,0.06545858,0.0534261,0.0054385597
SH600482,0.05774015699262091,0.875,,2026-05-27,0.043696057,0.07681605,0.5688402,0.033119995,0.43115982,0.0,0.0,0.010576061,0.13768035,0.95813334,1.0317334,0.95813334,1.009434,0.9741641,1.1037011,1.0773288,1.0784017,0.910692,0.96454495,0.97769535,1.0105176,1.0222689,0.95861644,0.023147427,0.029174576,0.04410578,0.046376258,0.08794618,0.012667616,-0.0040283045,-0.005571211,-0.0030572752,0.0026499429,0.7487285,0.17476197,0.55843973,0.33680567,0.27691016,0.010119788,0.040432025,0.042408876,0.02206156,-0.03678976,1.0317334,1.1175643,1.1301163,1.1560113,1.1560113,0.92321473,0.92321473,0.92321473,0.92321473,0.7760216,0.9771857,0.9932058,1.0512785,1.0544251,1.0402467,0.9519579,0.95741105,0.96908635,0.98246026,0.86300737,1.0,0.9,0.45,0.33333334,0.6,0.7075767,0.39508832,0.3711197,0.32983834,0.5894328,1.0,0.1,0.2,0.3,0.65,0.6,0.8,0.9,0.93333334,0.28333333,0.4,-0.7,-0.7,-0.6333333,0.36666667,0.5566152,0.59629357,0.56615496,0.68540883,0.32030022,0.24392709,0.28256094,0.3859387,0.5308083,0.26841712,0.6,0.4,0.35,0.36666667,0.43333334,0.4,0.6,0.65,0.6333333,0.56666666,0.2,-0.2,-0.3,-0.26666668,-0.13333334,0.60284716,0.3375349,0.4329145,0.4592812,0.5237823,0.39715284,0.6624651,0.5670855,0.5407188,0.4762177,0.2056943,-0.3249302,-0.134171,-0.081437565,0.047564626,0.6712613,0.74910724,0.81285673,0.91547126,0.9184942,0.2150372,0.23496586,0.2409854,0.3382312,0.28774467,0.80738443,0.72887826,1.0598717,0.9994251,0.9250359,0.69831526,0.44707257,0.48341087,0.5062731,0.49422252,0.30168474,0.55292743,0.51658916,0.4937269,0.5057775,0.39663056,-0.105854884,-0.03317828,0.012546191,-0.011554981
SH601111,0.057660101340578376,0.875,,2026-05-27,-0.0057971203,0.017391276,-0.33333495,0.007246358,0.41666627,0.004347798,0.24999878,-0.00869568,-0.50000244,1.0058309,1.0131196,0.99562687,1.002819,0.97707003,1.0420382,0.9872611,1.0152867,1.2496816,0.99796176,0.99248403,1.0017197,1.0059447,1.0265392,0.017223375,0.020056218,0.02829625,0.02544108,0.054815054,0.0066242106,0.0013819764,-3.7354494e-05,-0.0005934405,-0.0018635751,0.3698041,0.043522574,6.0995237e-05,0.042168193,0.35252824,-0.011210192,0.0012970488,-0.0013648658,0.0026601034,0.028436197,1.0269566,1.0402526,1.0768263,1.0768263,1.270512,0.97014564,0.95448613,0.95448613,0.95448613,0.9301064,1.0132483,1.0132483,1.0252229,1.0252229,1.0565605,0.9847134,0.9765605,0.97707003,0.9816561,0.9854777,0.6,0.7,0.6,0.46666667,0.38333333,0.5255037,0.5306724,0.37202716,0.37202716,0.20532447,0.8,0.1,0.35,0.56666666,0.016666668,0.4,0.3,0.65,0.76666665,0.28333333,0.4,-0.2,-0.3,-0.2,-0.26666668,0.59906745,0.1730239,0.45673972,0.40854383,0.38302818,0.82705295,0.16667943,0.3362075,0.38439333,0.28744942,0.6,0.4,0.5,0.5,0.38333333,0.4,0.6,0.5,0.5,0.6166667,0.2,-0.2,0.0,0.0,-0.23333333,0.6451615,0.39354834,0.518116,0.48404256,0.39183226,0.3548385,0.6064517,0.481884,0.5159575,0.60816777,0.290323,-0.21290335,0.036231972,-0.031914897,-0.21633549,1.4565709,1.256632,1.1759677,1.1107261,1.2289921,0.44224516,0.45658585,0.47909313,0.42809385,0.48630595,1.1880932,0.96467423,1.063953,1.08786,1.2045164,0.5365819,0.5057177,0.5123944,0.50487447,0.5023176,0.46341816,0.4942823,0.48760554,0.4951255,0.4976824,0.07316371,0.0114353765,0.024788897,0.009748979,0.004635194
SH601872,0.05755988882553077,0.875,,2026-05-27,-0.045694184,0.07498535,-0.6093748,0.018160501,0.24218732,0.011130666,0.14843787,-0.05272402,-0.7031242,1.0478821,1.0669122,0.9883364,1.0136907,1.0884737,1.1050406,1.0701445,1.1713077,0.9577018,1.0706381,1.0737399,1.089161,1.1003877,1.091041,0.04347058,0.03254752,0.04274793,0.042842217,0.06846218,-0.023581253,-0.004174277,-0.0017526213,-0.00219474,0.0008559046,0.73566985,0.15077808,0.058832057,0.20338741,0.047670435,-0.023475494,-0.05495562,-0.072511196,-0.06856402,-0.11629021,1.1971499,1.1971499,1.2194046,1.2194046,1.30815,0.9883364,0.9883364,0.9883364,0.9883364,0.9425219,1.0961579,1.095171,1.1135707,1.1332394,1.1377512,1.0476559,1.0570321,1.058724,1.0707085,1.0311598,0.2,0.1,0.05,0.033333335,0.083333336,0.05585667,0.05585667,0.050476972,0.050476972,0.15720367,0.6,0.8,0.35,0.56666666,0.43333334,1.0,1.0,1.0,1.0,0.18333334,-0.4,-0.2,-0.65,-0.43333334,0.25,-0.2384302,-0.11813567,0.5672712,0.46427438,0.19284612,0.00044712346,-0.05088189,0.23203185,0.2121533,0.38763553,0.4,0.4,0.4,0.4,0.4,0.6,0.5,0.55,0.56666666,0.5833333,-0.2,-0.1,-0.15,-0.16666667,-0.18333334,0.16353936,0.27286598,0.43958715,0.39849624,0.50936913,0.83646065,0.72713405,0.5604129,0.60150373,0.49063087,-0.67292124,-0.45426807,-0.120825715,-0.2030075,0.018738292,1.0358707,0.97130483,1.0382668,1.0454215,1.287839,0.23409724,0.22600795,0.33234236,0.29719114,0.46375898,0.8104656,0.7939423,0.9676595,0.9642194,1.1621356,0.5655586,0.5234217,0.5056596,0.46924946,0.47983953,0.4344414,0.47657827,0.4943404,0.5307505,0.52016044,0.13111725,0.046843454,0.011319217,-0.06150107,-0.040320907
SH601319,0.05621553911154835,1.0,,2026-05-27,-0.022662897,0.033994347,-0.6666667,0.005665724,0.16666667,0.005665724,0.16666667,-0.022662897,-0.6666667,1.0231885,1.0289855,0.9942029,1.0061415,1.0207064,1.0621194,1.0475031,1.0816078,1.2448235,1.0131547,1.0155908,1.0331912,1.0450671,1.1062526,0.01083977,0.015113136,0.023548473,0.026654942,0.08322542,-0.0007308259,-0.0011811171,-0.002215343,-0.0023856526,-0.00432188,0.011363908,0.05598714,0.3097594,0.6208127,0.8224951,-0.011693074,-0.010275748,-0.012145502,-0.010475061,0.021242894,1.0508527,1.064146,1.0897783,1.0956379,1.2649413,0.9942029,0.98567575,0.98567575,0.98567575,0.98567575,1.0175396,1.0263094,1.0540805,1.0694276,1.2219245,1.0058465,1.0058465,1.0133983,1.0194885,1.0394641,0.2,0.2,0.1,0.06666667,0.033333335,0.102332324,0.1825434,0.13759737,0.13026506,0.05129251,0.2,0.1,0.45,0.1,0.05,1.0,0.3,0.65,0.76666665,0.8833333,-0.8,-0.2,-0.2,-0.6666667,-0.8333333,0.21376196,-0.0064862277,0.3670128,-0.1559388,-0.04995885,0.43085912,0.19483054,0.21955116,0.2349049,0.039585534,0.4,0.3,0.4,0.33333334,0.35,0.6,0.7,0.6,0.6666667,0.6166667,-0.2,-0.4,-0.2,-0.33333334,-0.26666668,0.33962268,0.32167828,0.41176465,0.37546468,0.35864976,0.6603773,0.6783217,0.5882354,0.6245353,0.64135027,-0.32075468,-0.35664344,-0.17647071,-0.24907063,-0.28270048,0.8822782,0.967125,1.0275943,0.92710227,0.98836637,0.24178399,0.28829792,0.25651526,0.2561902,0.35628605,0.8664992,0.90404326,0.9148553,1.0918329,1.2317191,0.60366,0.49765587,0.52970326,0.50157356,0.48828232,0.39634004,0.50234413,0.47029674,0.49842644,0.5117177,0.20731992,-0.00468825,0.05940653,0.0031471434,-0.02343534
SH600160,0.054568696969728665,0.75,,2026-05-27,-0.021950534,0.058071744,-0.37798992,0.030564073,0.52631575,0.0055571375,0.09569435,-0.04695747,-0.8086113,1.0224432,1.0536932,0.9943181,1.0201043,0.9389131,1.0,0.9957387,0.9886449,1.173585,0.9922745,0.979235,1.0016218,0.9925118,1.0280252,0.038166657,0.038544536,0.037317395,0.03409233,0.07720256,0.014658843,0.0034998823,-0.0034207178,0.00019053862,-0.0029502104,0.36878324,0.07557753,0.29408973,0.0024207747,0.445392,-0.021592218,0.005015561,0.03087503,0.004725377,0.059006114,1.0536932,1.0698948,1.0698948,1.0698948,1.2477233,0.92330503,0.8983048,0.8983048,0.8983048,0.8983048,1.0163684,1.0163684,1.0276132,1.0194967,1.0761869,0.9851156,0.93624604,0.9790395,0.9634732,0.9698852,0.4,0.6,0.375,0.55,0.49166667,0.58820504,0.59266394,0.59266394,0.59266394,0.29104108,1.0,0.2,0.6,0.73333335,0.033333335,0.2,0.4,0.7,0.8,0.9,0.8,-0.2,-0.1,-0.06666667,-0.8666667,0.8744014,0.5039294,-0.18303277,0.07364832,-0.15190448,0.9589931,0.73564744,0.69455475,0.60685456,0.37824556,0.4,0.4,0.5,0.43333334,0.43333334,0.6,0.6,0.5,0.56666666,0.55,-0.2,-0.2,0.0,-0.13333334,-0.11666667,0.7002467,0.5,0.50467396,0.5086905,0.43250617,0.29975328,0.5,0.49532604,0.49130952,0.5674938,0.40049344,0.0,0.009347936,0.017380951,-0.13498764,1.0715449,1.1177446,0.872114,0.786553,0.59144616,0.30346382,0.36308727,0.36105025,0.32407144,0.31119722,1.4559042,1.0415721,1.3915551,1.3895549,1.5024875,0.5392188,0.56008047,0.52138585,0.5497492,0.53232026,0.4607812,0.4399195,0.47861415,0.4502508,0.4676797,0.07843763,0.12016097,0.042771675,0.09949838,0.06464056
SZ000708,0.05374651244395684,1.0,,2026-05-27,-0.01862066,0.03931038,-0.4736831,0.011724159,0.2982459,0.008965558,0.22807103,-0.021379262,-0.54385793,1.018974,1.0309206,0.99086434,1.0039799,0.99582106,1.0325027,1.0537069,1.1572511,1.1803126,0.99801886,1.0011144,1.0255997,1.0582572,1.102092,0.016302679,0.014748858,0.028099936,0.05565041,0.06686694,0.0047051734,-0.0012156856,-0.0037299572,-0.0058042454,-0.003346417,0.20824441,0.062278356,0.6166874,0.8430561,0.7639011,-0.007429203,0.004356224,0.009834855,0.025904331,-0.0033727228,1.0309206,1.0447623,1.0803002,1.1688337,1.2490966,0.9732527,0.9732527,0.9732527,0.9732527,0.9732527,1.0051075,1.0059743,1.0544808,1.1306919,1.157375,0.9857606,0.9941186,0.997926,1.000619,1.0385698,0.6,0.6,0.3,0.2,0.1,0.46381605,0.3740381,0.24986374,0.13675806,0.09696527,1.0,0.1,0.4,0.06666667,0.016666668,0.8,0.9,0.95,0.96666664,0.98333335,0.2,-0.8,-0.55,-0.9,-0.96666664,0.9212381,0.5794212,0.43677878,-0.41429532,0.12904972,0.94411945,0.6185014,0.54901266,0.17071149,-0.10595831,0.4,0.3,0.4,0.36666667,0.45,0.6,0.7,0.6,0.6333333,0.55,-0.2,-0.4,-0.2,-0.26666668,-0.1,0.5192582,0.39197543,0.3994204,0.31309807,0.4051458,0.48074183,0.6080246,0.6005796,0.6869019,0.59485424,0.03851635,-0.21604915,-0.2011592,-0.37380382,-0.18970843,1.0090325,1.000796,1.0734736,0.9859138,1.1037335,0.37396216,0.30026808,0.30199087,0.3198627,0.41592103,1.0346389,1.2273135,1.0698507,1.1294446,1.2433577,0.5477256,0.4336449,0.49205658,0.50825006,0.45537814,0.45227438,0.5663551,0.50794345,0.49174997,0.5446219,0.09545125,-0.13271022,-0.015886866,0.01650008,-0.08924373
SZ002938,0.052817419739283944,0.5,,2026-05-27,-0.038929153,0.07277674,-0.534912,0.027223239,0.37406507,0.006624353,0.09102294,-0.059528038,-0.8179541,1.040506,1.0688319,0.9931073,1.0255123,0.8518306,0.8235921,0.67591524,0.531604,0.58512557,1.0095879,0.9236743,0.8252503,0.75759315,0.6278512,0.08202353,0.10857729,0.12883551,0.14704433,0.16728736,0.0329831,0.03235773,0.020027207,0.015673265,0.00836158,0.4042462,0.8141221,0.8457415,0.88048923,0.76199174,-0.0755541,-0.06928404,-0.015508819,0.015144518,0.1254822,1.1610302,1.1610302,1.1610302,1.1610302,1.1610302,0.8852558,0.76958346,0.67545074,0.5253687,0.45322478,1.082548,1.0158759,0.90989983,0.8592021,0.750238,0.96343786,0.83620095,0.71247745,0.64744705,0.49023148,0.6,0.8,0.9,0.93333334,0.96666664,0.41608,0.5886281,0.6683752,0.74667305,0.7724937,0.8,0.9,0.95,0.96666664,0.98333335,0.2,0.3,0.2,0.033333335,0.36666667,0.6,0.6,0.75,0.93333334,0.6166667,0.091310866,0.119785495,0.06698329,-0.06388019,0.4447361,-0.10056832,-0.014245019,0.113787584,0.13858625,0.22645254,0.8,0.7,0.6,0.6333333,0.55,0.2,0.3,0.4,0.36666667,0.45,0.6,0.4,0.2,0.26666668,0.1,0.71878785,0.6769891,0.71225816,0.7314996,0.6396596,0.28121215,0.32301092,0.28774184,0.26850042,0.36034042,0.43757573,0.35397816,0.4245163,0.4629992,0.27931917,0.7190546,0.6175275,0.59069586,0.6135751,0.5018234,0.49306738,0.34574988,0.25385493,0.21904954,0.20618387,0.73386717,0.7423967,0.8225727,0.77275866,0.8799955,0.60747594,0.5932764,0.53718656,0.55149937,0.52433115,0.3925241,0.40672362,0.46281344,0.44850063,0.47566885,0.21495181,0.1865528,0.07437311,0.10299874,0.04866233
SH600176,0.05190750538359114,1.0,,2026-05-27,-0.04262537,0.05860987,-0.7272729,0.0031484573,0.053718895,0.012836042,0.21900819,-0.032937787,-0.56198364,1.0445232,1.0478119,0.9865925,1.012345,0.88410133,0.9593856,0.8309633,0.7350222,0.7176548,0.97843915,0.9314697,0.9252849,0.8891531,0.7689683,0.05387834,0.066065855,0.055496395,0.06962154,0.1334531,0.028493537,0.016472206,0.0046426486,0.006283829,0.006750071,0.6992046,0.56985027,0.24494587,0.6313399,0.7802956,-0.035426244,-0.005594631,0.030609895,0.019731367,0.031904608,1.0815136,1.0815136,1.0815136,1.0815136,1.0815136,0.884351,0.82365876,0.8234158,0.7299937,0.5436512,1.0078924,0.99410474,0.9606444,0.95692235,0.8953299,0.95142853,0.87497866,0.86874145,0.8282954,0.64367604,0.8,0.9,0.95,0.96666664,0.98333335,0.5865663,0.6838777,0.68417525,0.7681108,0.8484488,0.8,0.9,0.95,0.96666664,0.98333335,0.2,0.4,0.2,0.033333335,0.28333333,0.6,0.5,0.75,0.93333334,0.7,-0.11316536,0.16970831,-0.004690675,0.1270029,0.73417187,0.28942022,-0.10058503,-0.11287089,0.05508235,0.03819368,0.8,0.7,0.75,0.73333335,0.6,0.2,0.3,0.25,0.26666668,0.38333333,0.6,0.4,0.5,0.46666667,0.21666667,0.79744714,0.560969,0.65902334,0.6630123,0.60126156,0.20255287,0.43903103,0.3409767,0.3369877,0.39873844,0.5948943,0.12193794,0.31804663,0.3260246,0.20252308,1.3212695,1.2489029,1.2157938,1.196425,0.9475797,0.2089554,0.25760835,0.21829367,0.20973012,0.32798463,0.6740387,1.0633433,1.0969648,0.9841259,1.0027664,0.54711276,0.49051487,0.49765462,0.50587547,0.49608305,0.4528872,0.5094851,0.5023454,0.49412453,0.503917,0.094225556,-0.018970238,-0.004690793,0.011750917,-0.007833908
SZ002600,0.05063217048059647,0.75,,2026-05-27,-0.01460321,0.05079365,-0.28750068,0.022222191,0.4374994,0.013968249,0.2749999,-0.022857152,-0.4500002,1.0148196,1.0373712,0.98582476,1.0104889,1.045767,0.98917973,0.91139054,0.8758591,0.99956137,1.0213774,1.0486475,0.99350053,0.9656383,0.9246503,0.022493314,0.03604724,0.066302024,0.069006436,0.073884144,-0.0031583556,-0.008887532,0.008396448,0.006459647,0.0022272395,0.049289584,0.5572239,0.5613137,0.67910993,0.27716044,-0.015060694,-0.008653588,-0.07326678,-0.05930316,0.009646116,1.0773196,1.150714,1.150714,1.150714,1.150714,0.98000956,0.98000956,0.8848902,0.86631835,0.7909617,1.039538,1.08975,1.0517912,1.0385145,0.9825121,1.0,1.0154408,0.92525226,0.9020033,0.8573769,0.3,0.15,0.575,0.71666664,0.85833335,0.2054304,0.11710557,0.43303037,0.4700551,0.5810617,0.2,0.2,0.6,0.73333335,0.8666667,0.4,0.7,0.15,0.13333334,0.43333334,-0.2,-0.5,0.45,0.6,0.43333334,0.087213784,0.55743295,0.91325605,0.9201875,0.84117347,-0.7284372,0.5002555,0.5558136,0.67910117,0.42930722,0.2,0.4,0.6,0.6,0.51666665,0.8,0.6,0.4,0.4,0.48333332,-0.6,-0.2,0.2,0.2,0.033333335,0.3448959,0.5174693,0.5912651,0.5887147,0.5001737,0.6551041,0.4825307,0.40873495,0.41128528,0.49982634,-0.31020823,0.034938578,0.18253012,0.17742944,0.0003473305,1.2988379,1.710567,1.1807055,0.9898483,0.697474,0.30656612,0.63751507,0.71932364,0.6612713,0.5588359,0.7735959,0.9651633,1.2728792,1.3272666,1.5283439,0.09465414,0.52136225,0.54337746,0.530745,0.5204036,0.90534586,0.47863773,0.4566225,0.46925497,0.47959635,-0.8106917,0.04272455,0.08675497,0.061490037,0.04080728
SH601398,0.0504005178036586,1.0,,2026-05-27,-0.008356575,0.016713064,-0.50000256,0.006963784,0.4166671,0.0013927056,0.083330356,-0.013927653,-0.8333393,1.008427,1.0154494,0.99859554,1.0064876,1.0010996,1.0153931,1.040132,1.0032985,0.9554701,1.0056075,1.0101155,1.0164101,1.0211289,1.0114807,0.0035072556,0.008191958,0.009987191,0.012131284,0.023054995,-0.0008796034,-0.0020257568,-0.001333873,-0.0009198416,0.00066805875,0.15724577,0.56054515,0.62432444,0.44556826,0.25609386,-0.0038482947,-0.0009995758,-0.003738355,-0.0077911555,-0.031188432,1.0155748,1.0323112,1.0458843,1.0538628,1.0579706,0.9945648,0.9945648,0.9945648,0.9945648,0.94036925,1.0082463,1.0175922,1.0252886,1.0310061,1.0294667,1.0035185,1.0037383,1.0080265,1.0095657,0.9950523,0.2,0.1,0.05,0.033333335,0.23333333,0.25869647,0.14399317,0.105909616,0.09165954,0.507058,0.6,0.1,0.05,0.23333333,0.4,0.2,0.6,0.8,0.8666667,0.033333335,0.4,-0.5,-0.75,-0.6333333,0.36666667,-0.7550336,0.4610127,-0.07295199,-0.21579902,-0.14089948,-0.6664386,0.07704926,-0.38648078,-0.03177958,0.10019945,0.6,0.5,0.5,0.53333336,0.53333336,0.4,0.5,0.5,0.43333334,0.41666666,0.2,0.0,0.0,0.1,0.11666667,0.46874908,0.3923074,0.35102022,0.49234685,0.5450501,0.5312509,0.6076926,0.6489798,0.5076532,0.45494992,-0.06250183,-0.21538517,-0.29795957,-0.015306303,0.09010014,0.86526644,0.94764,1.0045576,0.94565165,1.0944651,0.12980972,0.16862684,0.2121201,0.19781232,0.32421616,0.92186064,0.77924705,0.7738395,0.73645884,1.1475555,0.5021443,0.36356884,0.5363393,0.53029776,0.48653546,0.49785575,0.63643116,0.46366075,0.46970224,0.5134645,0.00428852,-0.27286232,0.072678514,0.060595524,-0.026929064
SH600893,0.04944638946456627,1.0,,2026-05-27,-0.019995604,0.030437741,-0.6569345,0.0057765273,0.18978173,0.0046656113,0.15328375,-0.021106519,-0.6934325,1.0204036,1.0262979,0.9952392,1.0045862,1.0689749,1.1648635,1.1134027,1.1666892,1.352989,1.0220585,1.0481607,1.069881,1.0918493,1.1461208,0.015102028,0.03156932,0.045044694,0.05008321,0.10080486,-0.008784158,-0.0096081225,-0.0029683723,-0.0040434436,-0.004511487,0.84580415,0.8490983,0.15199085,0.5051499,0.61090875,-0.0044901185,-0.0049241357,-0.041681476,-0.033219337,-0.013031889,1.0905145,1.1716255,1.2015914,1.2015914,1.4459414,0.98618084,0.98618084,0.98618084,0.98618084,0.98618084,1.0345956,1.0711523,1.1015283,1.1423721,1.2227076,1.014336,1.0197593,1.0330133,1.037598,1.0670273,0.2,0.1,0.05,0.033333335,0.016666668,0.13245164,0.07451917,0.06415275,0.06415275,0.030057332,0.2,0.1,0.5,0.6666667,0.13333334,0.8,0.9,0.95,0.96666664,0.98333335,-0.6,-0.8,-0.45,-0.3,-0.85,-0.012607626,0.65928173,0.73847926,0.29280847,0.5096704,-0.34708497,0.2677726,0.29526612,0.39928755,0.27147338,0.2,0.2,0.4,0.33333334,0.4,0.8,0.8,0.6,0.6666667,0.6,-0.6,-0.6,-0.2,-0.33333334,-0.2,0.062606595,0.13827853,0.39232045,0.37604332,0.4083245,0.9373934,0.86172146,0.60767955,0.6239567,0.59167546,-0.8747868,-0.7234429,-0.21535909,-0.24791339,-0.18335097,1.1236931,1.2678406,1.4328667,1.3751243,1.5159652,0.14889929,0.33789226,0.46216682,0.4679142,0.5258705,0.87172055,1.1047382,1.0222167,1.1396567,1.0781529,0.35002422,0.1928696,0.4883911,0.4687894,0.4673233,0.6499758,0.8071304,0.5116089,0.5312106,0.5326767,-0.29995152,-0.6142608,-0.023217821,-0.06242119,-0.0653534
SH601825,0.04852005848147532,1.0,,2026-05-27,-0.016451174,0.025851976,-0.63636047,0.0035253002,0.13636483,0.0058755004,0.22727472,-0.014100975,-0.54545057,1.0167264,1.0203106,0.99402624,1.004493,1.0378377,1.0324323,1.090991,1.099099,1.0,1.0178379,1.0317117,1.0421622,1.0586786,1.0552852,0.011992465,0.017239418,0.021078601,0.030081833,0.031449612,-0.007297292,-0.005318038,-0.0029804222,-0.0031891298,0.00020361031,0.9256494,0.87230664,0.69974536,0.87103885,0.012784059,-0.0032432484,-0.0077805184,-0.013848122,-0.012436274,-0.06129176,1.042573,1.0665848,1.0980648,1.1181939,1.1181939,0.99402624,0.99402624,0.99402624,0.99402624,0.98805255,1.0277478,1.0477477,1.0553153,1.0918919,1.0888288,1.0122522,1.016036,1.027027,1.0302702,1.0263063,0.2,0.1,0.05,0.033333335,0.025,0.123051904,0.0823303,0.057418894,0.04811056,0.09180356,0.2,0.2,0.05,0.13333334,0.56666666,1.0,1.0,1.0,1.0,0.06666667,-0.8,-0.8,-0.95,-0.8666667,0.5,-0.6396445,0.28354907,0.2745642,-0.18602054,-0.09024603,-0.386945,0.17135072,-0.474135,-0.4027295,-0.1668057,0.0,0.3,0.45,0.43333334,0.51666665,1.0,0.7,0.55,0.53333336,0.46666667,-1.0,-0.4,-0.1,-0.1,0.05,0.0,0.33018902,0.27753335,0.3363097,0.5,1.0,0.669811,0.72246665,0.66369027,0.5,-1.0,-0.339622,-0.4449333,-0.32738057,0.0,0.8451261,0.89179784,1.1984936,1.1284907,1.0829341,0.097858734,0.16775191,0.48454583,0.48868018,0.40031275,0.8549269,0.5780319,1.2330211,1.2732624,1.0723349,0.8069932,0.42094934,0.4384983,0.48863405,0.51083076,0.19300681,0.57905066,0.5615017,0.51136595,0.48916924,0.6139864,-0.15810134,-0.12300342,-0.022731919,0.021661524
SZ002050,0.0484456292462134,0.875,,2026-05-27,-0.037903037,0.04865172,-0.77906877,0.008485784,0.17441899,0.0022629017,0.046512265,-0.04412592,-0.90697545,1.0393963,1.0482163,0.99764794,1.0216844,0.9907901,1.0094131,0.88083076,0.8794588,1.0180386,1.0437094,1.0261496,0.988978,0.95636684,0.92334706,0.027089788,0.031917416,0.05916861,0.06730063,0.06724065,-0.006331294,0.0051500546,0.008380946,0.0068678497,0.0019146563,0.13655692,0.23866,0.7022171,0.80705845,0.24729632,-0.031046756,-0.04932488,-0.068597004,-0.055950683,0.020170558,1.0976114,1.0976114,1.0976114,1.0976114,1.0976114,0.9937317,0.965312,0.8580965,0.8580965,0.8063592,1.0609171,1.0571926,1.0358334,1.0214481,0.99843496,1.0283841,0.99815804,0.93909043,0.8911052,0.8644106,0.2,0.3,0.5,0.6666667,0.81666666,0.06034226,0.26219326,0.5924621,0.5924621,0.66485614,0.8,0.9,0.95,0.96666664,0.98333335,0.2,0.2,0.15,0.43333334,0.3,0.6,0.7,0.8,0.53333336,0.68333334,0.03883151,0.5353835,0.8158882,0.89317536,0.8039611,0.574354,0.5549024,0.5893511,0.5518897,0.42195058,0.6,0.5,0.6,0.53333336,0.45,0.4,0.5,0.4,0.46666667,0.55,0.2,0.0,0.2,0.06666667,-0.1,0.5309539,0.48452836,0.61209226,0.59697104,0.49207148,0.4690461,0.51547164,0.38790774,0.40302896,0.50792855,0.06190782,-0.030943258,0.22418453,0.19394206,-0.015857056,1.1115216,0.9964446,0.8414455,0.68941563,0.52579325,0.18485415,0.25420657,0.30233932,0.33042523,0.29593277,0.87100786,0.80539864,0.8563459,1.1099979,1.2298162,0.5908829,0.5589186,0.5702152,0.54531,0.53134453,0.4091171,0.44108137,0.42978477,0.45469,0.46865544,0.18176581,0.11783725,0.14043044,0.09061999,0.0626891
SZ000786,0.047803510727008856,0.875,,2026-05-27,-0.043722935,0.057142872,-0.76515114,0.0034632185,0.06060631,0.009956718,0.17424253,-0.037229437,-0.65151495,1.045722,1.0493436,0.989588,1.0031776,1.1267601,1.1919239,1.1285439,1.1606892,1.2788341,1.0566777,1.0948803,1.1384265,1.1426367,1.1711065,0.035001535,0.048237078,0.05926855,0.048921175,0.059228014,-0.0194201,-0.015043298,-0.0074520805,-0.0028846473,-0.0023748202,0.7696066,0.89152926,0.5533176,0.26945943,0.49035084,-0.017837504,-0.02718546,-0.06763177,-0.10080931,-0.101049274,1.1240363,1.1905553,1.2249688,1.2249688,1.349922,0.989588,0.989588,0.989588,0.989588,0.989588,1.0803902,1.1307374,1.1938289,1.1843107,1.2019963,1.0362215,1.0702646,1.0812099,1.1180614,1.1289082,0.2,0.1,0.05,0.033333335,0.016666668,0.07744213,0.051809236,0.044234548,0.044234548,0.028895311,0.2,0.1,0.45,0.6333333,0.05,1.0,1.0,1.0,1.0,1.0,-0.8,-0.9,-0.55,-0.36666667,-0.95,-0.72318107,-0.3585751,0.044076815,0.044954617,0.34026796,-0.38362312,-0.1390852,0.12023887,0.053418297,0.17161666,0.2,0.3,0.45,0.43333334,0.41666666,0.8,0.7,0.55,0.56666666,0.5833333,-0.6,-0.4,-0.1,-0.13333334,-0.16666667,0.026911829,0.07252731,0.3411796,0.32647526,0.36814898,0.97308815,0.9274727,0.6588204,0.67352474,0.631851,-0.94617635,-0.85494536,-0.31764078,-0.34704944,-0.263702,0.64417917,0.6211034,0.6611634,0.6401234,0.6795593,0.2795543,0.20967259,0.18786317,0.17821684,0.23095554,0.9151712,0.9820744,0.96306413,1.1736289,1.2473074,0.5691674,0.57793844,0.5897877,0.52065086,0.5114379,0.43083262,0.42206156,0.4102123,0.47934914,0.4885621,0.13833475,0.1558769,0.1795754,0.041301712,0.022875765
SH600438,0.047397640966872163,0.625,,2026-05-27,0.0039292984,0.046496358,0.08450766,0.035363387,0.7605625,0.007203674,0.15492985,-0.024230415,-0.52112496,0.99608606,1.035225,0.9889106,1.008193,1.0534979,1.1226338,1.1644032,1.0626029,,1.0165638,1.0400515,1.0844084,1.1118501,1.121042,0.020918306,0.0324836,0.051296234,0.059081707,0.067711666,-0.008611108,-0.009521753,-0.008157353,-0.005848508,-0.0025904817,0.42364794,0.7876203,0.88510656,0.7594266,0.33614913,0.00065843365,0.0027964746,-0.0069135623,-0.02704675,-0.05498476,1.072423,1.1637505,1.1676476,1.2282944,1.2961309,0.98760813,0.98760813,0.98760813,0.98760813,0.98760813,1.0241152,1.0548044,1.1308435,1.1493827,1.1879938,0.99960905,1.0135802,1.0421193,1.0507407,1.0542798,0.4,0.2,0.1,0.06666667,0.03846154,0.14610471,0.07035131,0.06882848,0.051485464,0.04016508,0.2,0.1,0.05,0.3,0.016666668,0.8,0.9,0.95,0.96666664,0.016666668,-0.6,-0.8,-0.9,-0.6666667,0.0,-0.19681026,0.5117742,0.24908029,0.41416076,0.63821656,0.09440326,0.052949857,0.08427718,0.6455625,0.5336337,0.4,0.4,0.4,0.46666667,0.36666667,0.6,0.6,0.55,0.46666667,0.45,-0.2,-0.2,-0.15,0.0,-0.083333336,0.28405315,0.1986854,0.23419842,0.44076708,0.39699787,0.71594685,0.8013146,0.76580155,0.55923295,0.60300213,-0.4318937,-0.60262924,-0.53160316,-0.11846586,-0.20600429,0.8569767,0.93638194,0.94874924,1.0572828,1.07182,0.09527976,0.25533202,0.21488176,0.35645074,0.50171417,0.58580685,0.9051664,0.98950297,1.7120907,1.4768169,0.62685174,0.5338877,0.50175107,0.52192736,0.44928214,0.37314823,0.4661123,0.49824893,0.47807264,0.5507179,0.25370353,0.06777542,0.003502122,0.043854702,-0.10143572
SH688223,0.04725490067350233,0.625,,2026-05-27,-0.019261664,0.06420538,-0.30000076,0.04012835,0.6249998,0.004815367,0.07499943,-0.054574646,-0.85000116,1.01964,1.0605564,0.99509007,1.0225816,1.085443,1.2468355,1.079114,1.0696203,1.2136077,1.0401899,1.0821203,1.1038766,1.1070148,1.1482067,0.03619581,0.059668887,0.07191841,0.06050229,0.08870221,-0.014082277,-0.017520135,-0.002297277,-0.0011141063,-0.003023959,0.37841573,0.79029727,0.03571204,0.02627915,0.35447267,-0.01202532,-0.0032796399,-0.08205245,-0.090860225,-0.05899996,1.112885,1.2826309,1.2826309,1.2826309,1.440591,0.99509007,0.99509007,0.9933554,0.9933554,0.9933554,1.0585443,1.1085443,1.1781646,1.1439873,1.2208861,1.0177215,1.0310127,1.045886,1.0506328,1.0772152,0.2,0.1,0.05,0.033333335,0.016666668,0.041682117,0.017075624,0.02296977,0.02296977,0.014857034,0.4,0.1,0.55,0.7,0.15,1.0,1.0,0.15,0.43333334,0.71666664,-0.6,-0.9,0.4,0.26666668,-0.56666666,0.9550886,0.68125194,0.7381896,0.6037371,0.7674881,0.8603798,0.19637007,0.43002445,0.52919906,0.53645855,0.2,0.2,0.5,0.43333334,0.41666666,0.8,0.8,0.5,0.53333336,0.55,-0.6,-0.6,0.0,-0.1,-0.13333334,0.29850748,0.17500013,0.4407583,0.46,0.4486692,0.70149255,0.82499987,0.5592417,0.53999996,0.5513308,-0.40298507,-0.64999974,-0.11848341,-0.07999996,-0.10266162,1.1571548,1.2922208,1.280428,1.1819762,1.410951,0.18340711,0.37648088,0.37128493,0.3636176,0.5615136,0.5555525,0.9218695,0.9175985,1.0562387,1.0821056,0.47382742,0.39471096,0.5166012,0.5090813,0.48895508,0.5261726,0.60528904,0.4833988,0.49091867,0.5110449,-0.05234514,-0.21057807,0.033202436,0.018162657,-0.022089815
SZ002648,0.04634385596918161,1.0,,2026-05-27,-0.00710703,0.028010087,-0.2537311,0.008361245,0.29850835,0.012541812,0.44776055,-0.0029264628,-0.104478896,1.0071579,1.015579,0.9873684,0.998073,1.0766363,1.1709404,1.167569,1.2138945,0.97555685,1.0210458,1.0785652,1.1316141,1.1450016,1.1338645,0.020447219,0.068415396,0.07882949,0.073980354,0.07085268,-0.0124582695,-0.021333644,-0.011695851,-0.0057552983,0.0004424248,0.92808324,0.8913204,0.77046734,0.46903425,0.011892309,0.003870716,0.017436199,-0.020503527,-0.06154986,-0.146916,1.0921868,1.2155764,1.2715756,1.2783064,1.2783064,0.98232216,0.98232216,0.98232216,0.98232216,0.9684072,1.0405874,1.1460176,1.1900606,1.1940805,1.1877655,1.0057316,1.0115213,1.0448667,1.0998735,1.0806497,0.2,0.1,0.05,0.033333335,0.05,0.16090578,0.07578787,0.06111543,0.059725635,0.101945385,0.2,0.1,0.2,0.033333335,0.51666665,0.8,0.9,0.95,0.96666664,0.016666668,-0.6,-0.8,-0.75,-0.93333334,0.5,0.09596047,0.53027624,0.203689,0.22897121,0.06114479,-0.6136753,-0.06452699,-0.23401693,-0.124371886,0.1787831,0.0,0.1,0.4,0.43333334,0.5,1.0,0.9,0.6,0.56666666,0.5,-1.0,-0.8,-0.2,-0.13333334,0.0,0.0,0.165036,0.33446473,0.3729883,0.5064416,1.0,0.834964,0.6655353,0.6270117,0.49355844,-1.0,-0.669928,-0.33107054,-0.2540234,0.012883132,1.3862262,1.5460948,1.5865372,1.6255647,1.9691888,0.3573636,0.33579028,0.381699,0.4051863,0.8271802,0.92556494,0.69981253,1.2048556,1.0780095,1.0761602,0.3316678,0.45835382,0.46127027,0.49598232,0.4946282,0.6683322,0.5416462,0.5387297,0.5040177,0.5053718,-0.3366644,-0.08329236,-0.07745948,-0.008035382,-0.0107436
SH601618,0.045132529066870694,0.875,,2026-05-27,-0.0035460745,0.02127656,-0.16666578,0.007092262,0.3333369,0.010638223,0.49999735,-1.1323884e-07,-5.3222348e-06,1.0035586,1.0106761,0.9893239,0.9987704,1.0164835,1.0549451,1.0357144,1.0604396,1.1263736,0.9989011,1.0118132,1.0315934,1.0399268,1.0703297,0.0063246456,0.015326194,0.023590716,0.023185097,0.042985536,0.001648352,-0.004245759,-0.0032347373,-0.0021721337,-0.0021874208,0.16981168,0.7034828,0.65805745,0.6802319,0.78980494,-0.0021978102,0.007292712,-0.0008634295,-0.008430833,-0.0058007883,1.0213524,1.0535101,1.0648148,1.0730641,1.1999353,0.96955377,0.96955377,0.96955377,0.96955377,0.96955377,1.0016483,1.0258242,1.0554945,1.0576923,1.1126374,0.9939561,0.9989011,1.0065935,1.0164835,1.0423077,0.7,0.35,0.175,0.11666667,0.058333334,0.5877808,0.3626438,0.31960842,0.2941372,0.13215572,0.2,0.1,0.3,0.1,0.18333334,0.6,0.8,0.9,0.93333334,0.96666664,-0.4,-0.7,-0.6,-0.8333333,-0.78333336,-0.43834814,-0.074832745,0.010051422,-0.16104966,0.8023324,-0.33300576,-0.43568712,-0.070786424,-0.042784076,0.061872426,0.4,0.3,0.35,0.26666668,0.36666667,0.6,0.7,0.5,0.53333336,0.51666665,-0.2,-0.4,-0.15,-0.26666668,-0.15,0.33333334,0.23684193,0.38596487,0.34285706,0.39912274,0.6666667,0.7631581,0.6140351,0.65714294,0.6008772,-0.33333334,-0.5263161,-0.22807026,-0.31428584,-0.20175448,1.0843728,1.0560176,1.03654,0.9843478,1.592157,0.11430956,0.17351222,0.20308103,0.19558176,0.98405224,0.5002489,0.5632978,0.7690092,0.9056708,1.5184808,0.5817724,0.41954124,0.5180901,0.51618826,0.44590813,0.41822764,0.58045876,0.4819099,0.4838117,0.5540919,0.16354473,-0.16091754,0.036180224,0.032376565,-0.10818376
SH601088,0.04482712521782021,1.0,,2026-05-27,0.027870722,0.044370122,0.6281417,0.0028985355,0.06532629,0.013600863,0.30653203,0.03857305,0.8693474,0.972885,1.0028199,0.9596529,0.9790227,0.9978187,0.9718048,1.0236709,1.006059,0.9073356,0.9801099,0.9863387,0.9970472,0.99740666,1.0116119,0.011875564,0.011520074,0.0249177,0.021597156,0.031508673,0.003263856,-0.0009572199,-0.0027582883,-0.00077576685,-0.00063888216,0.1888398,0.06328844,0.42887574,0.09999332,0.12539528,0.013362434,0.017968843,0.02915658,0.013841956,0.0072350516,1.0190401,1.0190401,1.0564166,1.0564166,1.0928489,0.9596529,0.9596529,0.9596529,0.9596529,0.90412563,0.9853934,0.9981257,1.0188398,1.015576,1.0380191,0.9717078,0.9749071,0.9789788,0.97999674,0.98645985,1.0,1.0,0.75,0.73333335,0.45,0.6793899,0.6793899,0.41696492,0.41696492,0.5080155,0.6,0.8,0.15,0.43333334,0.28333333,1.0,1.0,1.0,1.0,0.016666668,-0.4,-0.2,-0.85,-0.56666666,0.26666668,-0.07774991,-0.060178064,0.051314242,0.1560363,0.27402562,0.031673513,0.112469256,0.0352153,0.05091715,0.40438306,0.4,0.6,0.45,0.46666667,0.46666667,0.6,0.4,0.55,0.53333336,0.53333336,-0.2,0.2,-0.1,-0.06666667,-0.06666667,0.5197658,0.6673059,0.44013095,0.48910844,0.5580525,0.4802342,0.33269414,0.55986905,0.51089156,0.44194755,0.039531566,0.3346117,-0.119738124,-0.02178314,0.11610492,0.92213374,0.90967166,0.85822994,0.81897116,0.967826,0.29114324,0.20420566,0.20271203,0.19589825,0.3980714,1.1167456,1.067878,1.451274,1.4070088,1.4726384,0.5834279,0.59273094,0.5158511,0.5335136,0.5157389,0.4165721,0.40726906,0.4841489,0.46648636,0.4842611,0.1668558,0.18546188,0.03170222,0.06702727,0.03147781
SH600875,0.04417841802882458,0.75,,2026-05-27,0.012924951,0.041022796,0.31506753,0.02556903,0.62328833,0.0025288155,0.061644156,-0.010115262,-0.24657662,0.98723996,1.0252428,0.9847434,1.0101764,1.0321394,1.133137,1.1503108,1.0960091,1.0360647,1.0037782,1.039246,1.0671206,1.0929643,1.0777819,0.01374701,0.042803783,0.046128087,0.059202336,0.06433469,-0.0013902538,-0.011797568,-0.0060028024,-0.0047901347,-0.00022228663,0.025568876,0.69635725,0.59271413,0.5073638,0.0036411292,-0.000997717,0.013843042,-0.010093938,-0.023507306,-0.071224436,1.0444046,1.1420035,1.159455,1.2551547,1.2587881,0.9764306,0.9764306,0.9764306,0.9764306,0.9539609,1.0069513,1.0819758,1.1095847,1.1517011,1.1344128,0.9980046,1.0,1.0219169,1.0434577,1.0233399,0.5,0.25,0.125,0.083333336,0.125,0.34674135,0.14235069,0.12877753,0.08456181,0.1510335,0.2,0.1,0.05,0.3,0.1,0.8,0.9,0.95,0.96666664,0.05,-0.6,-0.8,-0.9,-0.6666667,0.05,0.60609615,0.81963444,0.48803467,0.52890724,0.40747213,0.8711926,0.41577998,0.2290341,0.48620087,0.42428347,0.4,0.4,0.45,0.46666667,0.43333334,0.6,0.6,0.55,0.53333336,0.56666666,-0.2,-0.2,-0.1,-0.06666667,-0.13333334,0.34826225,0.27018628,0.37352046,0.44710755,0.4913978,0.65173775,0.7298137,0.6264795,0.55289245,0.5086022,-0.30347553,-0.45962742,-0.25295907,-0.1057849,-0.017204374,1.0103084,1.3210677,1.4414903,1.5371313,1.7053015,0.13150214,0.37081516,0.43186545,0.460821,0.55495197,0.6737119,0.79442966,0.9307362,1.1245141,1.0159624,0.2465312,0.23986845,0.45770985,0.46050605,0.4774062,0.7534688,0.76013154,0.54229015,0.5394939,0.5225938,-0.50693756,-0.5202631,-0.084580325,-0.07898788,-0.04518758
SH688169,0.04353948375295272,0.875,,2026-05-27,-0.03782898,0.042763192,-0.88461536,0.0049342145,0.115384616,0.0,0.0,-0.042763192,-1.0,1.0393163,1.0444444,1.0,1.017177,1.0961415,1.0256306,0.9865745,0.9911139,1.241874,1.0615691,1.0632843,1.0357887,1.0187979,1.0503026,0.042771425,0.04150126,0.041559536,0.04406343,0.0643189,-0.026673391,-0.00071102334,0.0041859057,0.003697269,-0.0020266706,0.9722748,0.002690646,0.35506308,0.54564124,0.30282307,-0.008222329,-0.06008464,-0.07555474,-0.07240833,0.009484132,1.1494025,1.1494025,1.1494025,1.1494025,1.2476037,1.0,0.9863104,0.9735799,0.9401661,0.9401661,1.089645,1.0964841,1.0855938,1.0488074,1.1071517,1.0338486,1.0338486,0.9995375,0.98604345,0.99418014,0.2,0.2,0.25,0.4,0.26666668,0.0,0.08393778,0.15026575,0.28596315,0.19462132,0.2,0.6,0.8,0.8666667,0.016666668,1.0,0.2,0.5,0.13333334,0.56666666,-0.8,0.4,0.3,0.73333335,-0.55,0.6322526,0.5521604,0.7068215,0.7082987,-0.19737072,0.5495192,0.60081446,0.5160514,0.524628,0.23651856,0.2,0.4,0.5,0.46666667,0.41666666,0.8,0.6,0.5,0.53333336,0.5833333,-0.6,-0.2,0.0,-0.06666667,-0.16666667,0.12732437,0.45287764,0.514274,0.5066942,0.39861053,0.8726756,0.54712236,0.485726,0.4933058,0.60138947,-0.74535125,-0.09424471,0.028547984,0.013388389,-0.20277892,1.078598,1.1992261,1.0090482,0.92959136,0.65168184,0.22190593,0.3358899,0.33092222,0.34242204,0.37998,0.41483754,0.88519794,0.9353419,1.1194497,1.3690727,0.5022064,0.47312054,0.50662893,0.53631943,0.5215045,0.4977936,0.5268795,0.4933711,0.46368054,0.47849548,0.0044127693,-0.053758945,0.013257831,0.0726389,0.043009017
SH603259,0.04351744459860762,0.875,,2026-05-27,-0.013173096,0.030673053,-0.42946804,0.0026922151,0.08777134,0.014807743,0.48276064,-0.0010575679,-0.034478728,1.0133489,1.016077,0.9849946,1.0005584,1.0045941,1.061294,0.9751531,1.0360643,0.95501536,1.0084915,1.0041883,1.0316099,1.0196707,0.97632146,0.00815191,0.008219277,0.035707355,0.038565807,0.061686307,-0.0029976983,0.00080374436,-0.0036160757,0.00018974638,0.0026649854,0.33806258,0.087655686,0.3589448,0.0018760476,0.5692617,-0.0024961478,-0.007805188,0.0027428628,-0.022422051,-0.05493851,1.0487499,1.0851722,1.115657,1.115657,1.115657,0.9803298,0.9803298,0.96618956,0.95110106,0.84857756,1.0146707,1.0134226,1.0689739,1.0614548,1.0349617,0.9998468,0.9982618,0.9998468,0.9787978,0.91058195,0.4,0.4,0.25,0.36666667,0.6,0.28749123,0.18761656,0.22620608,0.2971571,0.56695664,0.2,0.1,0.15,0.43333334,0.71666664,0.8,0.9,0.05,0.23333333,0.28333333,-0.6,-0.8,0.1,0.2,0.43333334,0.57627195,0.5752565,0.7128967,0.5133362,0.49639815,0.5996746,-0.17523752,0.29975998,0.05972041,0.13371085,0.4,0.4,0.5,0.5,0.51666665,0.6,0.6,0.5,0.5,0.46666667,-0.2,-0.2,0.0,0.0,0.05,0.45973212,0.28359038,0.5322726,0.46442065,0.52238864,0.5402679,0.7164096,0.46772745,0.5355794,0.4776114,-0.08053578,-0.43281925,0.064545125,-0.07115871,0.044777226,1.0695866,1.039959,1.2609503,1.1694317,1.0835705,0.29055607,0.31075087,0.48291668,0.4694919,0.42911112,0.49243978,1.4912575,1.3578722,1.538725,1.4680978,0.53725994,0.5082401,0.5088154,0.50560105,0.50862074,0.46274006,0.4917599,0.4911846,0.49439895,0.4913793,0.07451987,0.016480196,0.017630793,0.011202085,0.017241426
SH601059,0.04332000298213941,0.875,,2026-05-27,-0.001156727,0.012724158,-0.09090794,0.0057837158,0.45454603,0.0057837158,0.45454603,-0.001156727,-0.09090794,1.0011581,1.0069485,0.9942096,0.99971735,1.002287,0.9885649,0.95711833,0.97427106,1.0211549,0.99828476,0.9888508,0.9845912,0.98137987,0.982066,0.00478366,0.015748953,0.01348623,0.0126355635,0.021943908,0.0021726743,0.004168614,0.0015059088,0.00079435203,-0.0002825891,0.5157137,0.6422313,0.4363995,0.30629402,0.050580457,-0.002630079,-0.007609543,0.0011026618,0.007102051,0.026270429,1.0139563,1.0139563,1.0139563,1.0139563,1.0274727,0.99025816,0.95358664,0.95358664,0.95358664,0.9352303,1.0009148,1.0004574,0.99622643,0.9932533,1.0036592,0.99473983,0.97289884,0.9725557,0.9725557,0.95997715,0.8,0.8,0.9,0.93333334,0.71666664,0.41108075,0.7688191,0.7688191,0.7688191,0.7021684,0.2,0.6,0.8,0.8666667,0.016666668,0.4,0.2,0.6,0.73333335,0.28333333,-0.2,0.4,0.2,0.13333334,-0.26666668,-0.5040669,0.55144995,0.6596173,0.6468283,0.46949252,-0.22498685,0.5498269,0.6039412,0.5106069,0.25895315,0.4,0.5,0.55,0.5,0.45,0.6,0.5,0.4,0.46666667,0.51666665,-0.2,0.0,0.15,0.033333335,-0.06666667,0.45833272,0.5602407,0.639405,0.5623267,0.47724482,0.5416673,0.4397593,0.360595,0.43767324,0.52275515,-0.083334565,0.12048137,0.27881002,0.1246535,-0.045510344,1.1898823,1.1889226,0.9866044,0.8431756,0.8945349,0.38697946,0.5492021,0.45859197,0.42949626,0.44097328,0.5173703,1.4213188,1.524988,1.6674958,1.6339176,0.37785205,0.5321065,0.5274505,0.49136555,0.48634443,0.622148,0.46789345,0.47254947,0.50863445,0.51365554,-0.2442959,0.06421309,0.05490106,-0.017268883,-0.027311146
SZ300803,0.042394509558300465,0.875,,2026-05-27,-0.025188152,0.046964403,-0.5363244,0.01856501,0.39529964,0.0032112382,0.068376005,-0.040541925,-0.863248,1.025839,1.0448837,0.9967058,1.0160972,1.0305538,1.1004313,0.98889595,1.0467502,1.1956998,1.0247259,1.0299456,1.0406076,1.0376288,1.0543402,0.019308994,0.015153218,0.036309898,0.03234502,0.05144531,-0.0067543755,-0.0026207315,-7.981761e-05,0.00014008375,-0.001599526,0.30590823,0.27418694,0.00016912799,0.0014536586,0.29484305,-0.011217201,-0.018152263,-0.039849274,-0.039660003,-0.007154231,1.1251734,1.1251734,1.1310263,1.1310263,1.2188343,0.99507046,0.99507046,0.9829036,0.9829036,0.9705561,1.0396633,1.0402999,1.063286,1.0605559,1.0978286,1.0086569,1.021232,1.009067,1.0107787,1.012462,0.2,0.1,0.15,0.13333334,0.11666667,0.037889533,0.037889533,0.11542046,0.11542046,0.11859235,0.2,0.6,0.4,0.6,0.05,0.4,0.7,0.15,0.43333334,0.45,-0.2,-0.1,0.25,0.16666667,-0.4,0.54887825,0.09517621,0.4632512,0.5002807,0.14747944,0.47657618,0.29863065,0.5223002,0.47368613,0.48931044,0.6,0.5,0.55,0.5,0.43333334,0.4,0.5,0.45,0.5,0.56666666,0.2,0.0,0.1,0.0,-0.13333334,0.37034804,0.26888043,0.5139506,0.45884696,0.41732895,0.62965196,0.7311196,0.4860494,0.541153,0.58267105,-0.25930396,-0.46223912,0.027901143,-0.082306065,-0.1653421,1.4100839,1.1564156,1.0919467,1.0150862,0.9148136,0.532302,0.46200624,0.44988582,0.3889316,0.34877676,0.5444415,0.75305265,1.1300308,1.1150471,1.1282351,0.5596675,0.5020199,0.5222716,0.46724263,0.5124816,0.44033247,0.49798015,0.47772843,0.5327574,0.48751843,0.11933506,0.0040397244,0.044543177,-0.06551476,0.02496315
SZ000002,0.04102977458116532,1.0,,2026-05-27,-0.014792879,0.044378705,-0.33333284,0.008875796,0.20000122,0.02071003,0.46666595,-0.002958644,-0.0666681,1.015015,1.024024,0.978979,0.99721706,1.0810815,1.1982085,1.1261342,1.1681789,1.4474523,1.0294379,1.0744807,1.1292868,1.1441519,1.2229811,0.019968104,0.053395916,0.0721679,0.06363072,0.11837998,-0.010511187,-0.017143823,-0.008984222,-0.0048810174,-0.005982764,0.69273937,0.9449541,0.5424264,0.45602506,0.7790172,-0.008415555,0.0026665542,-0.043936603,-0.073377185,-0.046489574,1.0870899,1.210211,1.2492642,1.2492642,1.4534682,0.978979,0.978979,0.978979,0.978979,0.978979,1.0432479,1.1183236,1.1988101,1.1958022,1.391601,1.0144248,1.0348489,1.0468574,1.1003058,1.1423472,0.2,0.1,0.05,0.033333335,0.016666668,0.19443923,0.09090863,0.07777336,0.07777336,0.044302367,0.2,0.1,0.45,0.6333333,0.016666668,1.0,1.0,1.0,1.0,1.0,-0.8,-0.9,-0.55,-0.36666667,-0.98333335,-0.70024973,0.023241838,0.43131047,0.14976506,0.00019928858,-0.4682933,-0.6108855,0.23158759,0.339709,0.1081071,0.2,0.2,0.45,0.36666667,0.38333333,0.8,0.8,0.55,0.6,0.56666666,-0.6,-0.6,-0.1,-0.23333333,-0.18333334,0.09089375,0.076906875,0.3432726,0.33906886,0.29920194,0.90910625,0.92309314,0.65672743,0.6609311,0.70079803,-0.8182125,-0.8461862,-0.31345484,-0.32186228,-0.4015961,0.8081667,0.83181965,0.89676344,0.8223508,0.7865294,0.1719946,0.14562744,0.22473955,0.2474287,0.24539077,0.783849,0.5772508,0.7035674,0.8519899,1.1917049,0.6058218,0.53003865,0.5485062,0.53876954,0.46345493,0.3941782,0.46996137,0.4514938,0.46123043,0.53654504,0.21164358,0.060077272,0.09701238,0.077539116,-0.07309013
SH601901,0.040981958123834136,0.875,,2026-05-27,-0.00990097,0.029702999,-0.33333236,0.012729819,0.42857015,0.0070722094,0.23809749,-0.015558579,-0.523805,1.01,1.0228571,0.99285704,1.0051156,0.9960053,1.035952,0.99334216,1.0159786,1.0972036,1.0071903,1.0049267,1.0158455,1.0134043,1.0186862,0.006358088,0.007507523,0.016036404,0.014438754,0.028940229,0.00026632656,0.0002824549,-0.0010832673,-9.953283e-05,-0.0007361122,0.004386477,0.012975267,0.15970752,0.0036827736,0.19732583,-0.0077230167,-0.006197764,-0.005554453,-0.011961072,0.003029162,1.0299002,1.0402707,1.0469917,1.0469917,1.1014897,0.98942864,0.987528,0.987528,0.987528,0.96509117,1.0133156,1.0133156,1.0338216,1.0260985,1.0479361,1.0010653,0.99920106,1.0010653,1.0013314,0.9944074,0.2,0.3,0.2,0.16666667,0.26666668,0.26120484,0.23646814,0.20974064,0.20974064,0.25593293,0.2,0.1,0.45,0.6333333,0.016666668,0.4,0.3,0.65,0.76666665,0.41666666,-0.2,-0.2,-0.2,-0.13333334,-0.4,-0.7239724,0.050486874,0.08692019,0.22067876,-0.033948857,0.033990066,-0.030068358,0.16413686,0.17785065,0.05515405,0.6,0.4,0.55,0.43333334,0.45,0.2,0.5,0.4,0.46666667,0.48333332,0.4,-0.1,0.15,-0.033333335,-0.033333335,0.5652176,0.30434775,0.52066135,0.46000016,0.4153133,0.43478236,0.69565225,0.47933862,0.53999984,0.5846867,0.13043529,-0.39130452,0.04132274,-0.07999966,-0.16937341,0.97141147,0.79768795,0.76186144,0.6908053,0.6983747,0.20669803,0.24492264,0.19799699,0.19538668,0.20820238,0.80596817,0.62276024,0.6907039,0.8634665,1.1749977,0.64920104,0.5879912,0.5829866,0.46845093,0.5211378,0.35079896,0.41200882,0.4170134,0.5315491,0.47886226,0.2984021,0.17598233,0.16597319,-0.063098155,0.042275507
SH603195,0.040774501223260456,0.875,,2026-05-27,0.042026915,0.071806,0.5852842,0.026657058,0.3712372,0.003122025,0.043478608,0.018491883,0.2575256,0.9596681,1.025582,0.956672,1.0007551,0.999123,0.9933212,0.9532483,0.9523039,1.0161235,0.9945355,0.99292314,0.99413073,0.980004,0.97794306,0.022531599,0.015659835,0.02637705,0.029590786,0.02553037,-0.00789314,-4.3746324e-05,0.00069299014,0.0021272597,0.00014598315,0.3068002,7.153525e-05,0.024158485,0.40052512,0.0099722035,0.021250768,0.0072737094,-0.0007141347,-0.010849301,0.017750451,1.0274786,1.0274786,1.0440351,1.0440351,1.0440351,0.956672,0.956672,0.9433316,0.94033515,0.93638563,1.0123997,1.0023612,1.0143965,1.0070026,1.0029548,0.98120487,0.98654795,0.9808271,0.952088,0.9522094,0.6,0.8,0.6,0.73333335,0.78333336,0.6119205,0.6119205,0.5627254,0.57536066,0.5909401,0.2,0.6,0.2,0.46666667,0.73333335,1.0,1.0,0.1,0.033333335,0.3,-0.8,-0.4,0.1,0.43333334,0.43333334,0.41850558,0.39569977,0.8085215,0.8937777,0.72930956,0.72474134,0.5463442,0.795629,0.7840197,0.62304837,0.6,0.6,0.5,0.46666667,0.41666666,0.4,0.4,0.45,0.5,0.56666666,0.2,0.2,0.05,-0.033333335,-0.15,0.5039322,0.52537173,0.5716649,0.563204,0.48788893,0.49606782,0.47462824,0.42833507,0.436796,0.51211107,0.007864351,0.050743494,0.14332983,0.126408,-0.024222132,0.65568596,0.5995346,0.6712571,0.50258416,0.36853245,0.22025384,0.21496248,0.4827861,0.46032616,0.3547696,0.9648851,1.3549308,2.1986835,2.6858563,3.1977174,0.7362915,0.6211587,0.56973237,0.5626109,0.5316067,0.26370847,0.37884128,0.43026763,0.43738905,0.46839333,0.47258303,0.24231745,0.13946474,0.12522188,0.06321334
SH600515,0.04062750207339812,1.0,,2026-05-27,-0.015576309,0.028037399,-0.5555547,0.0062305084,0.22222134,0.006230583,0.22222398,-0.015576234,-0.555552,1.0158228,1.0221518,0.9936708,1.0036573,1.0348163,1.1015474,1.0793036,1.1489362,1.3481625,1.0197291,1.0324951,1.0729207,1.0927466,1.1484364,0.012546462,0.017909521,0.04447238,0.049259458,0.078988895,-0.004158603,-0.005075899,-0.006970522,-0.0050322413,-0.004221648,0.27465808,0.7363248,0.85984045,0.80880785,0.871228,-0.011411985,-0.009653592,-0.0067007192,-0.0197791,-0.023897843,1.0602218,1.1142118,1.1526332,1.1745274,1.3515917,0.9936708,0.9936708,0.9936708,0.9936708,0.9936708,1.0247582,1.0421664,1.113733,1.146615,1.2324951,1.0154738,1.0216634,1.0323017,1.0379109,1.0916828,0.2,0.1,0.05,0.033333335,0.016666668,0.09510257,0.05250638,0.039815526,0.03499552,0.01768315,0.2,0.1,0.2,0.1,0.016666668,1.0,1.0,1.0,1.0,1.0,-0.8,-0.9,-0.8,-0.9,-0.98333335,0.34843874,0.41930285,0.5876604,-0.0997848,0.03942064,-0.037183378,-0.28279817,0.33268002,0.041739896,0.023330603,0.2,0.3,0.4,0.4,0.36666667,0.8,0.7,0.55,0.5,0.53333336,-0.6,-0.4,-0.15,-0.1,-0.16666667,0.23529425,0.14765115,0.3710693,0.32258075,0.31632656,0.7647058,0.85234886,0.6289307,0.67741925,0.68367344,-0.5294115,-0.7046977,-0.25786138,-0.3548385,-0.36734688,1.0368211,1.086473,1.268582,1.1680988,1.120062,0.09696285,0.2710951,0.37363988,0.41826254,0.374381,0.5251188,0.97183233,0.8031725,1.0678486,1.0470431,0.62447214,0.42888686,0.50762975,0.5155295,0.47687253,0.37552786,0.5711131,0.49237025,0.48447046,0.5231275,0.24894427,-0.14222626,0.0152595015,0.031059077,-0.046254963
SH600919,0.04007974168569603,0.875,,2026-05-27,0.0081373425,0.02260387,0.35999775,0.004520797,0.20000103,0.009945731,0.44000125,0.013562276,0.59999794,0.99192834,1.0044843,0.9820629,0.99337584,1.0021448,1.0075067,1.0128686,0.9667561,0.93726546,1.000429,1.000858,1.0069169,1.0005183,0.9805362,0.007911346,0.0067786006,0.008685834,0.014570029,0.025410922,-0.0033244083,-0.000552446,-0.0010296513,0.00072705117,0.001256709,0.44143632,0.060885094,0.49184173,0.19297934,0.74598205,0.0062198257,0.0016280481,0.0028647538,-0.0110606095,-0.017609155,1.0200459,1.0209748,1.027754,1.027754,1.027754,0.9820629,0.9820629,0.9820629,0.9613659,0.9218453,1.0025737,1.0051475,1.0134048,1.0128686,1.0055765,0.9968901,0.9968901,1.0,0.9899196,0.9632172,0.7,0.45,0.225,0.38333333,0.69166666,0.47224137,0.46096772,0.39257362,0.5819436,0.7379443,0.2,0.1,0.45,0.6333333,0.81666666,1.0,1.0,1.0,0.033333335,0.033333335,-0.8,-0.9,-0.55,0.6,0.78333336,0.45507005,0.3026981,-0.07396901,0.42833436,-0.21012701,0.3558384,0.45056644,0.32695648,0.45371053,0.07843287,0.6,0.4,0.4,0.5,0.48333332,0.4,0.6,0.6,0.5,0.46666667,0.2,-0.2,-0.2,0.0,0.016666668,0.4761896,0.45454532,0.45522362,0.57487917,0.5689045,0.5238104,0.5454547,0.5447764,0.42512086,0.43109548,-0.047620755,-0.09090935,-0.089552775,0.14975831,0.13780907,1.0285213,0.933852,0.888101,0.85242516,0.9205788,0.13293217,0.14956146,0.18748572,0.19900146,0.2541809,0.5662756,0.7020355,0.67431325,0.7412452,1.3290377,0.65367275,0.56924224,0.5086988,0.5349024,0.49444896,0.34632725,0.43075776,0.49130118,0.4650976,0.50555104,0.3073455,0.13848448,0.01739763,0.06980481,-0.011102062
SH600111,0.03941975722350592,1.0,,2026-05-27,-0.042225678,0.050315663,-0.83921534,0.0053275595,0.10588272,0.0027624266,0.05490192,-0.04479081,-0.89019614,1.0440873,1.0496497,0.9971158,1.0155485,1.0690091,1.15698,0.97322094,1.0661311,1.2175493,1.0393481,1.0571474,1.0757192,1.0583972,1.0525016,0.022287408,0.03065976,0.062214684,0.059107415,0.076174475,-0.00960025,-0.008128161,-0.0010094,0.0017361798,-0.00034299202,0.46385893,0.6442561,0.009213164,0.06686628,0.006183707,-0.020147579,-0.020570636,-0.06612991,-0.08357179,-0.042383235,1.0970362,1.1573918,1.1940671,1.1940671,1.3096347,0.9971158,0.9971158,0.9534352,0.9534352,0.90688145,1.052611,1.0746956,1.1302418,1.1106718,1.1132212,1.0359313,1.0429771,1.0429771,1.0168124,0.9807117,0.2,0.1,0.15,0.16666667,0.28333333,0.02886512,0.0179953,0.19351049,0.19351049,0.231205,0.2,0.1,0.4,0.6,0.033333335,1.0,1.0,0.1,0.4,0.3,-0.8,-0.9,0.3,0.2,-0.26666668,-0.36816,0.59598494,0.82647586,0.7482114,0.69734883,-0.5134356,0.2930262,0.6443169,0.42139325,0.38713062,0.4,0.4,0.45,0.4,0.41666666,0.6,0.6,0.55,0.6,0.5833333,-0.2,-0.2,-0.1,-0.2,-0.16666667,0.09441006,0.19999236,0.52042526,0.46086302,0.42905262,0.90558994,0.80000764,0.4795747,0.539137,0.57094735,-0.8111799,-0.6000153,0.040850572,-0.07827398,-0.14189476,0.92773306,1.0741179,1.3057659,1.1974933,1.0290934,0.16857453,0.22749272,0.55011207,0.49163538,0.47251987,1.1399529,0.7945269,1.0165187,1.1266336,1.3443986,0.35080516,0.37996954,0.52898973,0.51337445,0.47937375,0.64919484,0.62003046,0.4710103,0.48662558,0.52062625,-0.29838967,-0.24006091,0.057979435,0.026748858,-0.0412525
SZ300628,0.03795487438250539,0.875,,2026-05-27,0.006120324,0.022352345,0.27381128,0.006386373,0.28571376,0.009845649,0.44047496,0.0095796,0.42857245,0.9939169,1.0063475,0.98413116,0.9969775,1.0351872,1.0510522,0.9862487,0.91695696,0.99445504,1.0002166,1.0095541,1.002109,0.9878747,0.94382495,0.0068990085,0.015123949,0.023431286,0.030624108,0.0545314,0.0019022317,-0.0021854579,0.001779537,0.002619822,0.0022219506,0.1900612,0.19141056,0.2018784,0.5671767,0.50637865,-0.004021028,0.0002803892,-0.019014608,-0.025862126,-0.009372466,1.0518476,1.0518476,1.0534325,1.0534325,1.0534325,0.97884876,0.97884876,0.9606019,0.93229467,0.8307314,1.0053492,1.0268791,1.026292,1.0106957,0.9976202,0.9977272,0.99941814,0.9802784,0.953989,0.8944225,0.4,0.3,0.5,0.6666667,0.8333333,0.28974816,0.28974816,0.42440835,0.55891144,0.7600707,0.2,0.6,0.5,0.6666667,0.8333333,0.4,0.7,0.3,0.16666667,0.35,-0.2,-0.1,0.2,0.5,0.48333332,-0.87901396,-0.33556908,0.34726337,0.40838808,0.46267948,-0.77913815,-0.290535,0.2260132,0.61797774,0.37275097,0.4,0.4,0.5,0.5,0.51666665,0.6,0.6,0.45,0.43333334,0.45,-0.2,-0.2,0.05,0.06666667,0.06666667,0.24513377,0.34154075,0.52447975,0.5965535,0.50349295,0.75486624,0.65845925,0.47552028,0.40344653,0.49650705,-0.5097324,-0.3169185,0.04895944,0.19310696,0.006985929,1.0506891,1.0424709,1.1361498,1.1731585,1.0581033,0.20438448,0.14622752,0.25386885,0.45051455,0.424112,1.5294574,1.0248768,1.1047161,1.5395337,1.4926412,0.5218413,0.37065217,0.4756998,0.5143162,0.48923132,0.4781587,0.6293478,0.52430016,0.48568383,0.5107687,0.043682598,-0.25869566,-0.04860037,0.028632358,-0.02153738
SH601318,0.03761069320316489,0.875,,2026-05-27,-0.01860723,0.022660267,-0.82113916,0.00018422287,0.0081297755,0.0038688115,0.17073107,-0.014922643,-0.65853786,1.01896,1.0191478,0.9960578,1.004979,1.0157571,1.0895692,1.0846564,1.104188,1.1920197,1.0106884,1.0232341,1.0663172,1.0751323,1.0993559,0.0077790176,0.019718833,0.047976144,0.041099463,0.04804469,-0.0007249451,-0.005391401,-0.006823991,-0.003244166,-0.0021233824,0.021712044,0.6852551,0.7080994,0.4828759,0.595752,-0.009238516,0.0010272162,-0.0014892679,-0.0280919,-0.036716167,1.0386381,1.098531,1.1471605,1.1471605,1.196553,0.9960578,0.9960578,0.9960578,0.9960578,0.9960578,1.0180336,1.0327243,1.1151998,1.1143491,1.1496255,1.006135,1.008867,1.0174346,1.021916,1.0661913,0.2,0.1,0.05,0.033333335,0.016666668,0.09258184,0.03847022,0.026089296,0.026089296,0.019662146,0.2,0.1,0.3,0.53333336,0.016666668,1.0,1.0,1.0,1.0,1.0,-0.8,-0.9,-0.7,-0.46666667,-0.98333335,0.19646439,0.35135877,0.24492915,-0.051225375,-0.12390056,0.22660361,0.07005267,0.42342976,0.34067363,-0.006623168,0.4,0.2,0.35,0.3,0.38333333,0.6,0.8,0.65,0.6666667,0.6,-0.2,-0.6,-0.3,-0.36666667,-0.21666667,0.29225925,0.099195965,0.29372263,0.32265955,0.37201503,0.7077408,0.90080404,0.7062774,0.67734045,0.62798494,-0.41548154,-0.8016081,-0.41255474,-0.3546809,-0.25596994,1.0082649,1.0241387,1.0674485,0.9437385,0.88927203,0.1527202,0.16710642,0.28163114,0.29190364,0.2835615,0.94058377,0.8639721,1.2411908,1.2779562,1.2073796,0.5623859,0.45327535,0.5281429,0.5182996,0.4936959,0.43761405,0.5467246,0.4718571,0.4817004,0.5063041,0.12477188,-0.09344927,0.05628582,0.036599193,-0.012608148
SZ300251,0.036688267065837575,0.625,,2026-05-27,0.02455869,0.043745197,0.5614031,0.019186508,0.4385969,0.0,0.0,0.005372182,0.122806214,0.97603,1.0187266,0.97603,1.0019248,1.0112351,1.0921438,1.1243582,1.2112296,1.4876609,0.9827748,1.005474,1.0536369,1.1058466,1.1609286,0.011607508,0.027874352,0.053592656,0.091249056,0.10776834,0.0037459251,-0.007196409,-0.008294898,-0.009822799,-0.0051077884,0.26036355,0.6109892,0.8384547,0.8980808,0.68514615,0.009733335,0.026909843,0.02516462,0.03658393,-0.010248889,1.0187266,1.0988818,1.1348311,1.2898992,1.4973714,0.95357215,0.95357215,0.95357215,0.95357215,0.95357215,0.98922324,1.0329708,1.1023188,1.2020924,1.2491416,0.9763264,0.98008615,0.9973058,1.0106388,1.0870425,1.0,0.5,0.25,0.16666667,0.083333336,0.7125812,0.31950963,0.25614092,0.13804367,0.08537678,1.0,0.1,0.35,0.23333333,0.016666668,0.8,0.9,0.95,0.96666664,0.98333335,0.2,-0.8,-0.6,-0.73333335,-0.96666664,0.55015796,0.5826624,0.24341936,0.7739148,0.7146533,-0.003632106,0.116303355,-0.012896946,0.13154937,0.26745543,0.6,0.4,0.45,0.46666667,0.45,0.4,0.6,0.55,0.53333336,0.55,0.2,-0.2,-0.1,-0.06666667,-0.1,0.43805158,0.30723038,0.32567143,0.3531624,0.33437088,0.5619484,0.6927696,0.67432857,0.6468376,0.6656291,-0.123896845,-0.3855392,-0.34865713,-0.29367518,-0.3312582,0.67923594,0.72047305,0.72931004,1.0070064,1.0768855,0.2091035,0.1862056,0.17617032,0.5073865,0.5179072,0.5794521,0.5930119,0.75470746,1.4398828,1.2609471,0.75310975,0.6111382,0.5107918,0.45884317,0.44281948,0.24689025,0.38886175,0.48920825,0.5411568,0.5571805,0.5062195,0.22227648,0.021583518,-0.08231366,-0.11436105
SH601601,0.03667832209119441,1.0,,2026-05-27,-0.014199462,0.025075534,-0.5662676,0.004833798,0.19276948,0.006042274,0.24096292,-0.012990986,-0.51807415,1.0144039,1.0193074,0.9938707,1.0026815,1.0242838,1.0954279,1.1223677,1.1838362,1.2553595,1.0113451,1.0289129,1.0802315,1.102637,1.1457535,0.008313434,0.024158524,0.05658902,0.05677339,0.06399543,-0.0011383232,-0.0070758807,-0.008625721,-0.0057234284,-0.0031532508,0.046871655,0.7863786,0.8131947,0.78763413,0.74048954,-0.009068485,0.0029285166,0.0017128568,-0.019647399,-0.05273264,1.0567421,1.0959389,1.1786549,1.1900392,1.2621624,0.9938707,0.9938707,0.9938707,0.9938707,0.9938707,1.0186303,1.0422311,1.1408082,1.14631,1.2009487,1.005464,1.0104724,1.0198824,1.0314173,1.1142857,0.2,0.1,0.05,0.033333335,0.016666668,0.097489566,0.060051095,0.033170078,0.031245124,0.022845678,0.2,0.1,0.2,0.1,0.21666667,1.0,1.0,1.0,1.0,1.0,-0.8,-0.9,-0.8,-0.9,-0.78333336,0.4530801,0.025680672,0.2391398,-0.1726419,-0.21948981,-0.00755395,0.17309451,0.22949283,0.25307432,0.08776725,0.2,0.1,0.2,0.2,0.33333334,0.8,0.9,0.8,0.76666665,0.6333333,-0.6,-0.8,-0.6,-0.56666666,-0.3,0.26296273,0.110077314,0.27368394,0.26074037,0.37448707,0.7370373,0.8899227,0.72631603,0.7392596,0.62551296,-0.47407457,-0.77984536,-0.4526321,-0.47851926,-0.25102586,1.1448716,1.0519061,1.1815195,1.03008,0.93857163,0.23096222,0.22765641,0.4550085,0.42944705,0.35655364,0.65509593,0.57808477,1.2343686,1.3160377,1.1986535,0.58408815,0.34190717,0.5106927,0.5042777,0.49451572,0.41591185,0.65809286,0.48930728,0.4957223,0.5054843,0.16817626,-0.31618568,0.02138543,0.008555406,-0.010968575
SZ002493,0.036651911277157084,0.875,,2026-05-27,-0.0060344394,0.034482796,-0.17499855,0.009482785,0.27500048,0.01896557,0.55000097,0.0034483462,0.10000193,1.0060711,1.0156114,0.9809193,0.9987629,1.052059,1.1595626,1.050283,1.0962926,1.3243978,1.0017316,1.0437118,1.096226,1.0796462,1.1070688,0.00959522,0.052694414,0.07040806,0.06253185,0.10005049,0.002691773,-0.015316665,-0.009509454,-0.00064422033,-0.002798917,0.19674648,0.774481,0.63846093,0.008225608,0.23869398,-0.0071151233,0.02521318,-0.0058861533,-0.07030505,-0.024500761,1.0650256,1.1864519,1.2237781,1.2237781,1.4206312,0.9600952,0.9600952,0.9600952,0.9600952,0.9496991,1.0036408,1.0787656,1.1607836,1.1319902,1.1840271,0.9972361,0.9989454,1.0145632,1.028638,1.0303695,0.8,0.4,0.2,0.13333334,0.13333334,0.38029766,0.17629158,0.15133618,0.15133618,0.10681136,0.2,0.1,0.2,0.46666667,0.05,0.8,0.9,0.95,0.96666664,0.28333333,-0.6,-0.8,-0.75,-0.5,-0.23333333,0.19101751,0.27532262,0.60343415,0.56740254,0.42940512,0.0056836824,-0.12283828,0.15691702,0.027774509,-0.15370612,0.4,0.3,0.45,0.43333334,0.38333333,0.6,0.7,0.55,0.56666666,0.6166667,-0.2,-0.4,-0.1,-0.13333334,-0.23333333,0.24566185,0.13207108,0.45169553,0.4349164,0.40389362,0.75433815,0.8679289,0.54830444,0.5650836,0.5961064,-0.5086763,-0.73585784,-0.09660892,-0.1301672,-0.19221279,1.2918426,1.3454138,1.5994563,1.5264622,1.721837,0.27397066,0.25866407,0.45046476,0.41445607,0.61092734,1.0896579,1.1413865,0.97905165,0.9557745,1.2716857,0.41150063,0.4002973,0.48786855,0.5007972,0.49459445,0.58849937,0.59970266,0.51213145,0.4992028,0.50540555,-0.17699875,-0.19940536,-0.024262927,0.0015944007,-0.010811118
SZ000157,0.03652445507888136,0.875,,2026-05-27,-0.024226122,0.030955626,-0.78260803,0.0,0.0,0.006729504,0.21739195,-0.017496618,-0.56521606,1.0248276,1.0248276,0.99310344,1.0014961,1.0,1.0868927,1.1020696,1.2082783,1.3793043,1.0135154,1.0164127,1.0591024,1.0862978,1.1622288,0.014442943,0.01809291,0.047335174,0.059336,0.10287415,0.0013782375,-0.002332624,-0.0069288723,-0.006120244,-0.005452048,0.022765474,0.1523646,0.7499377,0.8245228,0.8566563,-0.016271792,-0.0059159277,0.0067218402,0.0024457786,-0.001393401,1.0427595,1.0855167,1.1641331,1.2179302,1.3986119,0.9875882,0.98344827,0.98344827,0.98344827,0.98344827,1.0273036,1.0330985,1.1073126,1.1235783,1.2275795,1.0022075,1.0011038,1.0060707,1.0226156,1.0857888,0.2,0.15,0.075,0.05,0.025,0.2249682,0.1621632,0.09160569,0.070588596,0.039868027,0.2,0.1,0.4,0.1,0.033333335,0.4,0.5,0.75,0.8333333,0.9166667,-0.2,-0.4,-0.35,-0.73333335,-0.8833333,-0.462673,0.4152171,0.6398768,0.112656415,-0.103273906,-0.04259753,-0.10930625,0.34375462,-0.10961071,-0.18769065,0.6,0.3,0.45,0.36666667,0.36666667,0.4,0.7,0.55,0.6333333,0.6166667,0.2,-0.4,-0.1,-0.26666668,-0.25,0.5,0.21099378,0.36497092,0.29649496,0.35571507,0.5,0.78900623,0.6350291,0.70350504,0.64428496,0.0,-0.5780124,-0.27005813,-0.40701005,-0.2885699,0.9994332,1.0252397,1.3759829,1.3095293,1.1614665,0.21099989,0.24757536,0.68293804,0.72841495,0.56668156,0.9353896,1.059659,1.5471631,1.7444025,1.4712569,0.5706595,0.45020726,0.5168596,0.50638795,0.49721166,0.42934048,0.54979277,0.4831404,0.49361202,0.5027883,0.14131902,-0.09958548,0.03371917,0.012775952,-0.005576663
SH601633,0.03505499529700937,0.875,,2026-05-27,-0.011461284,0.02578795,-0.4444434,0.00515759,0.2,0.009169076,0.3555566,-0.007449798,-0.2888868,1.0115942,1.0168116,0.9907246,0.99943155,1.0511024,1.1327201,1.1727259,1.2330266,1.2058694,1.0182216,1.0497882,1.1007811,1.1351341,1.1665304,0.0130744865,0.038484883,0.05908307,0.06969431,0.060427427,-0.008220174,-0.012445079,-0.00961679,-0.0076727076,-0.002347312,0.98821807,0.9585758,0.92726135,0.9393,0.4602282,-0.0017812875,0.006214573,-0.00942161,-0.023879793,-0.09728465,1.0573487,1.1334252,1.1796778,1.2492976,1.2492976,0.9907246,0.9907246,0.9907246,0.9907246,0.9907246,1.0280917,1.0770624,1.1532485,1.1981603,1.2119141,1.0093445,1.0176376,1.032209,1.0654694,1.1468536,0.2,0.1,0.05,0.033333335,0.016666668,0.13921969,0.06499888,0.049088243,0.035871435,0.035871435,0.2,0.1,0.05,0.033333335,0.51666665,1.0,1.0,1.0,1.0,1.0,-0.8,-0.9,-0.95,-0.96666664,-0.48333332,-0.12478783,-0.41792104,-0.5432758,-0.60855925,-0.16953929,-0.6759065,-0.73116946,-0.25043046,-0.2770981,0.13717538,0.0,0.1,0.1,0.13333334,0.31666666,1.0,0.9,0.85,0.8,0.65,-1.0,-0.8,-0.75,-0.6666667,-0.33333334,0.0,0.0043620546,0.009942016,0.030588266,0.33837688,1.0,0.99563795,0.990058,0.96941173,0.6616231,-1.0,-0.9912759,-0.98011595,-0.93882346,-0.32324624,0.93834805,0.8821575,0.7848054,0.71993685,0.7511218,0.14732656,0.18309505,0.20096543,0.1977645,0.23991777,0.55787003,0.9661289,1.3289777,1.3533283,1.1226176,0.6543346,0.5617474,0.5460606,0.49419767,0.5194294,0.34566543,0.43825263,0.45393935,0.50580233,0.48057064,0.30866918,0.12349474,0.09212129,-0.011604689,0.038858723
SH600999,0.03464487804138097,0.5,,2026-05-27,-0.0005617786,0.036516838,-0.0153840985,0.03089895,0.84615624,0.0050561097,0.13845968,-0.026404617,-0.72308064,1.0005621,1.0314784,0.99494106,1.0091219,0.95835465,0.90725607,0.8640777,0.8926929,0.9330608,0.98855394,0.9538069,0.92362034,0.9092829,0.8986629,0.013044423,0.0424072,0.04394149,0.041563164,0.034558434,0.0070260568,0.013434289,0.0068166717,0.0038041477,0.00079734606,0.7252931,0.9199445,0.8422931,0.649231,0.16236241,-0.0026060462,-0.014261176,0.011621252,0.035556916,0.07781535,1.0314784,1.0314784,1.0314784,1.0314784,1.0314784,0.96683663,0.88139975,0.8634644,0.85733145,0.8391927,1.0009198,0.9869188,0.97572815,0.94363827,0.90914667,0.9787941,0.9076137,0.88681656,0.8790496,0.8740419,0.8,0.9,0.95,0.96666664,0.98333335,0.513033,0.79025394,0.8126441,0.81924224,0.8362936,1.0,1.0,1.0,1.0,1.0,0.4,0.2,0.05,0.33333334,0.28333333,0.6,0.8,0.95,0.6666667,0.71666664,-0.24202633,0.6627153,0.6960754,0.7047234,0.6754776,0.8808908,0.58755004,0.515723,0.34867838,0.19405153,0.6,0.6,0.7,0.53333336,0.48333332,0.4,0.4,0.3,0.43333334,0.46666667,0.2,0.2,0.4,0.1,0.016666668,0.8410029,0.8060702,0.8064512,0.7042799,0.5619678,0.1589971,0.1939298,0.19354878,0.2957201,0.4380322,0.68200576,0.6121404,0.6129024,0.40855983,0.123935565,1.2804592,1.0609105,0.826433,0.6586314,0.5157654,0.5475987,0.48988765,0.43010432,0.42801312,0.35004085,1.0350461,0.85033953,1.1273214,1.4161631,1.4596181,0.48823872,0.56983346,0.5547985,0.52073365,0.5183177,0.51176125,0.43016657,0.44520155,0.47926635,0.4816823,-0.023522528,0.13966689,0.10959692,0.041467316,0.036635417
SH600377,0.03421222924143279,0.625,,2026-05-27,0.011199981,0.017600004,0.63636243,0.0,0.0,0.0064000227,0.36363757,0.017600004,1.0,0.9889241,1.0,0.9825949,0.9935742,0.97388464,0.979543,0.9612623,0.912296,0.9453754,0.9819369,0.9778455,0.97290534,0.9614436,0.9579398,0.012805886,0.010482246,0.011188273,0.021990705,0.02224193,0.0069640903,0.002102412,0.0013060938,0.0021549268,0.00026648678,0.7393491,0.36875546,0.47696948,0.74419785,0.043783072,0.0041349404,0.012693656,0.014686773,0.007309955,0.034198843,1.0,1.0,1.0,1.0,1.0,0.96195644,0.96195644,0.94533736,0.9073906,0.9073906,0.99112076,0.98263335,0.97984767,0.977976,0.977976,0.97436345,0.9693145,0.96517956,0.9459847,0.9392818,1.0,1.0,1.0,1.0,1.0,1.0,1.0,1.0,1.0,1.0,1.0,1.0,1.0,1.0,1.0,0.4,0.7,0.05,0.033333335,0.51666665,0.6,0.3,0.95,0.96666664,0.48333332,0.8852503,0.5531898,0.3168046,0.44990006,0.11825808,0.57950205,0.1523231,0.55898374,0.59034985,0.27689633,0.8,0.5,0.55,0.6,0.5833333,0.2,0.5,0.45,0.4,0.4,0.6,0.0,0.1,0.2,0.18333334,0.78846097,0.62368405,0.62027,0.69245446,0.55107856,0.21153904,0.37631598,0.37973,0.30754554,0.44892144,0.5769219,0.24736805,0.24054006,0.3849089,0.10215709,0.7708926,0.7694872,0.8507615,0.833958,0.98758954,0.1306067,0.099099055,0.21913396,0.26650327,0.3421574,0.47816575,0.56584316,0.8518183,1.0330564,1.0345901,0.63652223,0.6028552,0.5401951,0.48441574,0.51081806,0.36347777,0.3971448,0.4598049,0.5155843,0.48918194,0.27304447,0.20571041,0.08039021,-0.03116855,0.021636127
SZ001965,0.03286401117756267,0.625,,2026-05-27,-0.008823518,0.019607885,-0.44999847,0.0009804243,0.050001536,0.009803942,0.5,0.0,0.0,1.0089021,1.0098913,0.9901088,0.9987916,0.97995543,0.9717891,0.9242762,0.8626578,0.952487,0.99910915,0.9906459,0.96625835,0.9464984,0.9576095,0.0064164284,0.010962394,0.028169129,0.038541697,0.0441357,0.0016332552,0.0029695653,0.0045743524,0.004231378,-0.00032905277,0.16198,0.67264575,0.92295474,0.9341222,0.01695317,-0.0023756458,-0.004008915,-0.0097146975,-0.00785337,0.05209756,1.0123671,1.0123671,1.0123671,1.0123671,1.0277131,0.9750317,0.96511966,0.90870804,0.8564796,0.8564796,1.0020788,1.0001485,0.99480325,0.98426133,0.9988122,0.9961396,0.97936153,0.93882704,0.9189309,0.9204157,0.6,0.8,0.9,0.93333334,0.81666666,0.6687565,0.7382476,0.88069415,0.9206663,0.8381563,0.8,0.9,0.95,0.96666664,0.25,0.2,0.1,0.2,0.033333335,0.51666665,0.6,0.8,0.75,0.93333334,-0.26666668,0.58300406,0.33034992,0.14689441,0.069514714,0.0064904303,0.94076586,0.90223825,0.7858662,0.6966419,-0.08068476,0.6,0.6,0.65,0.7,0.6,0.4,0.4,0.3,0.26666668,0.36666667,0.2,0.2,0.35,0.43333334,0.23333333,0.67532444,0.63380283,0.6992187,0.72952867,0.53285426,0.3246756,0.3661972,0.30078134,0.2704713,0.46714577,0.35064885,0.2676056,0.39843732,0.4590574,0.06570847,1.1092482,1.0702224,1.0480796,1.0686649,1.3680722,0.20116588,0.23845701,0.22068824,0.36188763,0.6522549,0.7029951,0.64766514,0.6262432,1.2656918,2.3227737,0.59773827,0.47728476,0.5262883,0.48570493,0.5011417,0.4022617,0.5227152,0.47371173,0.51429504,0.49885827,0.19547659,-0.04543046,0.05257654,-0.028590115,0.0022834719
SH601995,0.03185608823515311,0.75,,2026-05-27,-0.004963497,0.023357688,-0.21249953,0.011970829,0.51250064,0.0064233607,0.27499986,-0.010510965,-0.4500003,1.0049883,1.0170188,0.9935446,1.0020511,1.0082668,1.0205245,0.99002284,0.972634,1.0173888,0.9994299,0.99920183,1.0052594,1.0007697,0.9908685,0.0076091103,0.009490494,0.010346714,0.011368336,0.022531172,0.0017673967,0.00060122355,-0.0005926302,0.00049129693,0.00022778097,0.13487776,0.036787964,0.11482347,0.14474247,0.031172179,-0.0029646794,-0.0019073451,0.00037056388,-0.007893493,0.0024119534,1.0254768,1.0254768,1.0254768,1.0254768,1.0327029,0.98743206,0.9790323,0.9790323,0.9627253,0.9366491,1.0032498,1.0083809,1.0116305,1.0095211,1.0083809,0.9958381,0.9880844,0.99840367,0.98968077,0.96482325,0.6,0.5,0.3,0.46666667,0.525,0.33034587,0.45145768,0.45145768,0.5940053,0.6595355,0.2,0.6,0.8,0.8666667,0.05,0.4,0.3,0.65,0.033333335,0.45,-0.2,0.3,0.15,0.8333333,-0.4,0.47445652,0.43261868,0.3101299,0.5631263,0.5324019,0.4193147,0.43798932,0.45535815,0.4676377,0.3214086,0.4,0.3,0.45,0.5,0.45,0.6,0.7,0.5,0.46666667,0.51666665,-0.2,-0.4,-0.05,0.033333335,-0.06666667,0.41807902,0.4076923,0.5286414,0.55985034,0.48181275,0.581921,0.5923077,0.47135857,0.4401497,0.5181873,-0.16384193,-0.18461537,0.05728286,0.119700626,-0.036374517,1.1243465,1.0414525,1.0295601,0.9385292,0.909107,0.33390468,0.27799687,0.24376677,0.25503513,0.3426684,0.36798555,0.7569565,0.8339558,0.9282677,1.2298107,0.51140934,0.5218001,0.5225883,0.47270355,0.5004771,0.48859066,0.4781999,0.47741172,0.5272964,0.4995229,0.022818686,0.043600224,0.045176566,-0.05459289,0.0009542096
SH600989,0.03153400110913643,0.875,,2026-05-27,-0.0012000126,0.02480001,-0.048387587,0.010799988,0.43548322,0.01280001,0.5161292,0.0008000085,0.03225839,1.0012015,1.0120144,0.9871846,0.9976622,1.1049851,1.1399802,1.1802574,1.1802574,0.9300099,1.0260812,1.0805546,1.1274843,1.1279191,1.1586112,0.03395972,0.06376841,0.074886695,0.06428972,0.08602037,-0.018223835,-0.019612433,-0.011169969,-0.003458449,-0.0017212881,0.71993184,0.8670881,0.7786865,0.22427525,0.12212493,0.010366432,0.007701287,-0.021369632,-0.07777152,-0.10783323,1.0970311,1.1935123,1.2658917,1.2658917,1.4408252,0.9772255,0.9772255,0.9772255,0.9772255,0.9203859,1.062859,1.1353582,1.1918125,1.1817762,1.2312315,0.99940574,1.0058105,1.0632552,1.0897986,1.1031363,0.4,0.2,0.1,0.06666667,0.05,0.19009554,0.10529777,0.07889569,0.07889569,0.15297483,0.2,0.3,0.2,0.46666667,0.2,0.8,0.9,0.95,0.96666664,0.016666668,-0.6,-0.6,-0.75,-0.5,0.18333334,-0.35362926,0.03488539,0.42539722,0.45543268,0.5311588,-0.9735419,-0.580048,-0.4166743,-0.19808747,0.2942483,0.2,0.3,0.4,0.43333334,0.5,0.8,0.7,0.6,0.56666666,0.5,-0.6,-0.4,-0.2,-0.13333334,0.0,0.08157907,0.20056501,0.31677845,0.373728,0.51724136,0.9184209,0.79943496,0.6832215,0.62627196,0.4827586,-0.8368419,-0.59887,-0.36644307,-0.25254396,0.03448275,1.5261009,1.5131178,1.7369932,1.8067648,2.5176027,0.6588712,0.47817686,0.5114701,0.51793265,1.2100612,1.3990382,1.2702907,1.192766,1.0703061,1.22238,0.4758862,0.46073726,0.386513,0.48644656,0.5024229,0.52411383,0.5392628,0.613487,0.51355344,0.49757707,-0.048227627,-0.07852549,-0.226974,-0.02710691,0.004845837
SH601698,0.031095255583423454,0.875,,2026-05-27,-0.030499123,0.04528657,-0.6734695,0.0030807278,0.0680274,0.011706719,0.2585031,-0.021873131,-0.48299378,1.0314586,1.0346363,0.987925,1.0060525,1.0799246,1.2199497,1.1469479,1.0361863,1.1812462,1.0392071,1.0743235,1.1347861,1.133648,1.1117318,0.027122824,0.04405308,0.077209495,0.072956845,0.079641305,-0.014285725,-0.013990127,-0.009240929,-0.0019077213,-0.00012318119,0.69354516,0.9244899,0.5013695,0.05299068,0.0007296454,-0.010635628,-0.011367951,-0.046997253,-0.105986096,-0.1080979,1.0999041,1.221742,1.3027583,1.3027583,1.3027583,0.987925,0.987925,0.987925,0.987925,0.97645843,1.0606042,1.1175582,1.204783,1.2042165,1.1986156,1.0176212,1.0461926,1.0611706,1.0741976,1.0366898,0.2,0.1,0.05,0.033333335,0.05,0.107832626,0.051642932,0.038353615,0.038353615,0.07214709,0.2,0.1,0.4,0.6,0.8,1.0,1.0,1.0,1.0,0.3,-0.8,-0.9,-0.6,-0.4,0.5,-0.25373897,0.6012066,0.8281334,0.79966116,0.7977814,-0.2875841,-0.57928896,0.19322254,0.5799709,0.55523425,0.4,0.3,0.5,0.56666666,0.53333336,0.6,0.7,0.45,0.4,0.45,-0.2,-0.4,0.05,0.16666667,0.083333336,0.09294844,0.080432184,0.36463767,0.47797778,0.44315043,0.90705156,0.9195678,0.6353623,0.5220222,0.5568496,-0.8141031,-0.83913565,-0.27072468,-0.044044416,-0.11369916,1.0297319,1.2768183,1.6812997,1.9130806,1.6782594,0.1893206,0.4297542,0.73920256,0.9885043,0.89897364,0.8543087,1.2275116,1.1480004,1.3439461,1.4502369,0.52410245,0.43077824,0.43090436,0.5036673,0.48598483,0.47589758,0.56922174,0.5690956,0.4963327,0.5140152,0.048204843,-0.13844351,-0.13819127,0.007334607,-0.028030364
SH600015,0.029182737478899337,1.0,,2026-05-27,-0.010370348,0.019259287,-0.5384596,0.00148149,0.0769234,0.0074074497,0.384617,-0.004444388,-0.23076597,1.010479,1.011976,0.9925149,1.0002984,0.99830794,0.98356295,1.0703408,1.0867778,0.99830794,1.0068165,0.9988639,1.0100193,1.0326082,1.0483079,0.005004832,0.009777034,0.029416095,0.0406401,0.040175926,-0.00058013125,0.002752688,-0.002740899,-0.0039188922,-0.00084844156,0.03359027,0.7266265,0.3038674,0.72064084,0.13602285,-0.0056562508,-0.0112509895,0.016019221,0.02421579,-0.023278905,1.0193752,1.0193752,1.083682,1.0957125,1.1255926,0.9925149,0.97603136,0.97603136,0.97603136,0.97603136,1.010394,1.010394,1.0145999,1.0764805,1.0842639,1.0023205,0.98791397,0.98791397,0.9951172,1.0026106,0.2,0.6,0.55,0.36666667,0.18333334,0.2786667,0.5529879,0.22265221,0.20027076,0.16025962,0.6,0.8,0.15,0.1,0.41666666,1.0,0.1,0.55,0.7,0.85,-0.4,0.7,-0.4,-0.6,-0.43333334,-0.59836006,-0.17630723,-0.09883816,-0.63489443,-0.32579854,0.06298568,-0.019374788,-0.64331734,-0.5345517,-0.17571434,0.4,0.6,0.45,0.4,0.5,0.2,0.1,0.4,0.46666667,0.43333334,0.2,0.5,0.05,-0.06666667,0.06666667,0.53763527,0.72078,0.29875538,0.32487807,0.5014799,0.46236473,0.27922,0.70124465,0.67512196,0.49852005,0.07527055,0.44156,-0.40248927,-0.3502439,0.002959897,0.923125,0.90418595,1.0895582,0.9205852,0.9416623,0.11964839,0.112827376,0.40884197,0.41528437,0.34672374,1.0166768,1.0259398,1.8975751,2.0250971,1.5208899,0.6741057,0.5411494,0.5372051,0.5267865,0.51590014,0.32589433,0.45885062,0.46279487,0.4732135,0.4840999,0.34821135,0.08229878,0.07441026,0.053573005,0.031800233
SH600011,0.02892248578510875,0.625,,2026-05-27,0.029372511,0.040053405,0.73333377,0.008010648,0.19999918,0.0026702434,0.06666708,0.024032108,0.60000163,0.9714656,1.0077821,0.9688716,0.9933681,0.968865,0.9985291,0.90512383,0.88698214,0.91958815,0.96798235,0.9748713,0.9567296,0.93900466,0.94655144,0.020996919,0.019984778,0.03453443,0.03792367,0.039989214,0.012625655,-0.00028379075,0.0041640014,0.0036186317,-0.00032437296,0.90393406,0.0018484569,0.5088447,0.7056182,0.020067967,0.006766342,0.02640576,0.0037123887,0.008525173,0.063017555,1.0077821,1.0244452,1.0244452,1.0244452,1.0375966,0.9375811,0.9375811,0.88697577,0.8793659,0.8637556,0.9792106,0.98117185,0.9793577,0.9745036,0.976759,0.94925225,0.9637656,0.9238539,0.9034077,0.9048787,1.0,0.9,0.95,0.96666664,0.94166666,0.8891458,0.7185814,0.8221775,0.8315048,0.7837299,1.0,0.1,0.55,0.7,0.18333334,0.4,0.7,0.1,0.033333335,0.45,0.6,-0.6,0.45,0.6666667,-0.26666668,0.8185457,0.62474525,0.75067043,0.7668028,0.6187645,0.88445866,0.63177514,0.6256531,0.5453097,0.38089785,0.6,0.4,0.5,0.5,0.46666667,0.2,0.4,0.4,0.43333334,0.48333332,0.4,0.0,0.1,0.06666667,-0.016666668,0.7212539,0.50402147,0.6556718,0.65584856,0.55109036,0.27874616,0.49597856,0.34432822,0.34415144,0.44890967,0.4425077,0.008042889,0.31134355,0.3116971,0.102180675,0.70980644,0.829877,0.7935539,0.6963434,0.67845815,0.17743663,0.23722397,0.25222617,0.2610111,0.253481,0.88084054,0.9496777,0.9470583,1.1467602,1.0152643,0.54400325,0.43605176,0.54858845,0.57217824,0.52885157,0.45599678,0.5639483,0.45141152,0.42782176,0.47114846,0.08800644,-0.12789649,0.097176954,0.14435649,0.057703104
SZ000625,0.02818532191369036,0.875,,2026-05-27,-0.018181872,0.029090961,-0.6250007,0.008484856,0.29166642,0.0024242327,0.08333285,-0.024242496,-0.83333427,1.0185186,1.0271605,0.9975309,1.0075562,1.0469644,1.1222187,1.2234584,1.2494438,1.3641926,1.0293865,1.051502,1.1087294,1.1522436,1.2215273,0.018276963,0.030246677,0.06574472,0.08230443,0.097304575,-0.010863003,-0.009649104,-0.011040934,-0.009162985,-0.0052586836,0.8831444,0.93288934,0.9870926,0.9605704,0.89081484,-0.007660546,-0.008080981,-0.0038405093,-0.019380348,-0.06639622,1.0666809,1.1247025,1.2234814,1.2753217,1.3852412,0.9975309,0.9975309,0.9975309,0.9975309,0.9975309,1.042705,1.070391,1.1686904,1.2365862,1.3316435,1.0197712,1.032597,1.044946,1.0598062,1.1439766,0.2,0.1,0.05,0.033333335,0.016666668,0.035706792,0.01941571,0.010927729,0.008888437,0.006368482,0.2,0.1,0.05,0.13333334,0.05,1.0,1.0,1.0,1.0,1.0,-0.8,-0.9,-0.95,-0.8666667,-0.95,-0.3563029,0.14548707,-0.6041723,-0.5390455,-0.6070804,-0.074437045,-0.12388541,-0.1196709,0.30016166,0.19522284,0.0,0.1,0.1,0.2,0.33333334,1.0,0.9,0.9,0.8,0.65,-1.0,-0.8,-0.8,-0.6,-0.31666666,0.0,0.009565924,0.010786199,0.079335295,0.20119971,1.0,0.99043405,0.9892138,0.9206647,0.7988003,-1.0,-0.98086816,-0.9784276,-0.8413294,-0.5976006,0.9086941,0.97581816,0.8690904,0.8071658,0.66230553,0.2081143,0.16163173,0.1798392,0.23524569,0.24587776,1.0805373,0.91387236,0.8873874,0.9852182,1.0783532,0.45233992,0.5916482,0.57417214,0.53527695,0.53023434,0.5476601,0.4083518,0.42582783,0.46472305,0.4697657,-0.09532019,0.1832964,0.14834431,0.070553906,0.060468618
SH601881,0.02798914833011919,0.75,,2026-05-27,-0.0007987307,0.02795526,-0.028571751,0.018370649,0.6571446,0.00878588,0.3142836,-0.0103835,-0.37143275,1.0007994,1.0191847,0.9912071,1.0021415,0.9979771,1.0343897,0.9925827,1.0397842,1.1699258,0.9889414,0.9933918,1.0101821,1.0149921,1.050191,0.015306942,0.013675154,0.022575062,0.021723215,0.052847274,0.005259608,-0.0009889887,-0.002147648,-0.0014738793,-0.0026167457,0.29516843,0.04794349,0.3167644,0.356761,0.74778664,0.00053942634,0.011058647,0.010220569,0.0063790865,0.027002908,1.0420283,1.0429311,1.0510997,1.0512261,1.1790943,0.96748656,0.96748656,0.96748656,0.96748656,0.96748656,1.0012138,1.0028322,1.0345246,1.0354687,1.1185435,0.97559005,0.9813891,0.991234,0.9925827,1.0041808,0.8,0.7,0.4,0.3,0.18333334,0.4361773,0.43095857,0.3888556,0.38826826,0.15364954,0.8,0.1,0.45,0.1,0.016666668,0.6,0.8,0.9,0.93333334,0.96666664,0.2,-0.7,-0.45,-0.8333333,-0.95,0.64746875,0.25836125,0.29958242,-0.0019937977,-0.2114644,0.53128034,0.47336054,0.4702363,0.4262807,0.14676066,0.4,0.3,0.35,0.26666668,0.31666666,0.6,0.7,0.6,0.7,0.6333333,-0.2,-0.4,-0.25,-0.43333334,-0.31666666,0.51428556,0.38248855,0.5145117,0.43683082,0.39043477,0.4857144,0.61751145,0.48548827,0.5631692,0.60956526,0.028571174,-0.23502292,0.029023461,-0.12633835,-0.21913046,1.1571405,0.9703272,0.99285156,0.8876509,0.83908266,0.3928703,0.34316036,0.28695154,0.28832823,0.307721,1.0490532,0.92515314,0.90423745,1.0813395,1.3059524,0.5654583,0.50544196,0.53527004,0.47496682,0.5089675,0.43454167,0.494558,0.46473,0.5250332,0.49103245,0.13091664,0.010883966,0.07054002,-0.050066367,0.017935067
SH601377,0.027905329599852723,0.75,,2026-05-27,0.0034246894,0.027397191,0.12500148,0.01712323,0.6249995,0.006849271,0.24999902,-0.006849271,-0.24999902,0.996587,1.0170648,0.9897611,1.0029788,1.0036452,1.0431348,1.0018226,1.0243014,1.1518834,0.99526125,1.0026731,1.0176792,1.0189347,1.0407149,0.0045747035,0.011107509,0.021189898,0.018062618,0.044988416,0.0020048595,-0.0024743183,-0.0019669451,-0.00085541245,-0.0018969594,0.4801556,0.45487204,0.30157465,0.17381667,0.5422687,0.0007290496,0.008461297,0.0010067793,-0.0065312902,0.015245454,1.0376921,1.0512307,1.0600901,1.0600901,1.1552963,0.97943395,0.97943395,0.97943395,0.97943395,0.9591514,1.0,1.0071689,1.0416768,1.0343864,1.0947752,0.9925881,0.9933171,1.0,1.0,1.0018226,0.9,0.5,0.275,0.18333334,0.15833333,0.35301593,0.28644836,0.25498438,0.25498438,0.20825724,0.2,0.1,0.3,0.53333336,0.016666668,0.6,0.8,0.9,0.93333334,0.45,-0.4,-0.7,-0.6,-0.4,-0.43333334,0.029219886,-0.17828387,0.39700562,0.42654356,0.11899701,-0.581566,-0.18996798,0.12259533,0.12540227,0.16371492,0.2,0.2,0.4,0.36666667,0.36666667,0.4,0.6,0.5,0.56666666,0.56666666,-0.2,-0.4,-0.1,-0.2,-0.2,0.42500132,0.264901,0.4950496,0.45024872,0.39478117,0.5749987,0.735099,0.5049504,0.5497513,0.6052188,-0.14999734,-0.470198,-0.009900828,-0.099502586,-0.21043766,1.0993068,0.9274492,0.991528,0.93918824,0.93743736,0.32054022,0.3443722,0.3319744,0.29778668,0.31504604,1.2025945,0.9278738,0.8795708,0.93169415,1.1556374,0.6277392,0.517655,0.54079294,0.4254488,0.4888837,0.3722608,0.48234499,0.4592071,0.5745512,0.5111163,0.25547835,0.035310052,0.08158585,-0.1491024,-0.022232601
SH601288,0.027674778543598795,0.75,,2026-05-27,-0.015600659,0.021840835,-0.7142886,0.001560022,0.071426846,0.004680154,0.21428457,-0.012480527,-0.57143086,1.0158479,1.0174327,0.9952457,1.0040725,1.0235621,1.0554401,1.0942482,1.024255,0.99792105,1.0187111,1.0340264,1.05149,1.0632479,1.0477824,0.011760624,0.021390809,0.024268152,0.029943418,0.029395005,-0.0069993143,-0.006741011,-0.0038422456,-0.0024716773,0.0004976164,0.8855034,0.9103473,0.8773338,0.5280591,0.08740619,-0.0047124084,-0.0036918146,-0.014988645,-0.027408574,-0.06246211,1.0382183,1.0824733,1.0988508,1.1328245,1.1328245,0.9952457,0.9952457,0.9952457,0.9952457,0.9836215,1.0252253,1.0507277,1.0733194,1.0889814,1.0755371,1.01386,1.020097,1.0235621,1.0318781,1.0234234,0.2,0.1,0.05,0.033333335,0.033333335,0.110636115,0.0545048,0.045888886,0.034557093,0.10977322,0.2,0.1,0.05,0.23333333,0.6166667,1.0,1.0,1.0,1.0,0.033333335,-0.8,-0.9,-0.95,-0.76666665,0.5833333,-0.30388978,0.4376251,0.21765007,0.11085166,0.13612698,-0.49691188,-0.044641323,-0.16892363,-0.0016530241,0.34564784,0.2,0.3,0.35,0.46666667,0.45,0.8,0.7,0.65,0.53333336,0.55,-0.6,-0.4,-0.3,-0.06666667,-0.1,0.20689678,0.24999979,0.24242423,0.45995426,0.5015906,0.7931032,0.7500002,0.75757575,0.54004574,0.4984094,-0.58620644,-0.5000004,-0.51515156,-0.080091484,0.0031812415,0.75199753,0.8721256,0.87216485,0.8938491,0.97887796,0.2023977,0.23882982,0.20425197,0.23187226,0.3561901,0.93174374,0.7880606,0.85036284,0.9631577,1.373668,0.4893352,0.5450945,0.5503615,0.52914447,0.5047969,0.51066476,0.45490548,0.44963852,0.47085553,0.4952031,-0.021329563,0.09018901,0.10072299,0.05828894,0.009593802
SH601600,0.027102245891714616,0.5,,2026-05-27,-0.02471166,0.056836925,-0.4347818,0.027182916,0.47826156,0.004942348,0.08695665,-0.046952225,-0.8260867,1.0253378,1.0532094,0.9949324,1.0173932,0.9287374,1.0023239,1.0193648,1.0433773,1.137103,0.96127033,0.94314486,0.9719597,0.99403566,1.0338756,0.04644976,0.043212768,0.042957034,0.04898585,0.09144171,0.024786977,0.007004202,-0.003528187,-0.0041455827,-0.0036944165,0.7119019,0.24082668,0.23610365,0.5550493,0.497855,-0.010844279,0.025336253,0.061558057,0.06607532,0.07510974,1.0532094,1.0532094,1.0532094,1.0813323,1.2840548,0.91318375,0.8735371,0.8735371,0.8735371,0.8735371,1.0041828,0.9845081,1.0066615,1.026491,1.108598,0.9254841,0.91324556,0.92703325,0.93927187,0.9626646,0.8,0.9,0.65,0.43333334,0.41666666,0.62000215,0.7038527,0.7038527,0.6085939,0.30805707,1.0,1.0,1.0,0.13333334,0.083333336,0.4,0.4,0.7,0.8,0.9,0.6,0.6,0.3,-0.6666667,-0.81666666,0.8931016,0.7601259,0.21684837,0.08463532,0.5215472,0.826776,0.62813324,0.6114907,0.53669244,0.58002645,0.4,0.4,0.35,0.33333334,0.43333334,0.6,0.6,0.65,0.6666667,0.56666666,-0.2,-0.2,-0.3,-0.33333334,-0.13333334,0.71296316,0.49638548,0.48055986,0.46846846,0.46068415,0.28703684,0.5036145,0.5194402,0.5315316,0.5393159,0.42592633,-0.007229023,-0.0388803,-0.06306309,-0.0786317,0.66701776,0.5795341,0.5061924,0.4864709,0.59007305,0.33208993,0.24778044,0.1961221,0.16705059,0.21466853,1.4150494,1.2823939,1.4316097,1.4107168,0.9933508,0.7794234,0.69352794,0.62479776,0.5514833,0.5300117,0.22057661,0.30647206,0.37520227,0.4485167,0.4699883,0.5588468,0.38705584,0.24959546,0.10296658,0.06002342
SH600025,0.027020995900693987,0.75,,2026-05-27,0.019067802,0.023305075,0.8181823,0.003177988,0.13636464,0.0010592868,0.04545305,0.016949099,0.7272707,0.98128897,1.0031185,0.9802495,0.99271035,0.98227847,1.0008439,1.0042194,0.98818564,0.9637131,0.97704643,0.9870042,0.99253166,0.99473983,1.0201969,0.01631334,0.019432506,0.014843626,0.015013745,0.036868475,0.008860756,-0.0017593666,-0.0010132927,-0.00044475117,-0.0014936638,0.73755723,0.07513919,0.16310146,0.06800767,0.500605,0.0052320585,0.020912915,0.01709462,0.011709073,0.023866162,1.0031185,1.0338874,1.0338874,1.0338874,1.1079646,0.9563029,0.9563029,0.9563029,0.9563029,0.9563029,0.9898734,0.9959494,1.0001688,1.0043882,1.0636288,0.96691984,0.9694515,0.98632914,0.9859916,0.98818564,1.0,0.9,0.775,0.68333334,0.40833333,0.93338716,0.56321967,0.56321967,0.56321967,0.2881224,1.0,0.4,0.7,0.8,0.18333334,0.6,0.8,0.9,0.93333334,0.96666664,0.4,-0.4,-0.2,-0.13333334,-0.78333336,-0.08808283,0.45269397,0.11280204,0.016215565,0.18318783,0.53062266,0.5378318,0.47260973,0.3523355,0.24977046,0.6,0.5,0.55,0.53333336,0.48333332,0.4,0.5,0.45,0.46666667,0.48333332,0.2,0.0,0.1,0.06666667,0.0,0.6400002,0.4974092,0.49034742,0.51902175,0.52870494,0.3599998,0.50259084,0.5096526,0.48097825,0.47129506,0.2800004,-0.0051816227,-0.019305171,0.038043473,0.057409864,1.0534136,1.2915468,1.1221937,1.0182215,1.0209048,0.1762595,0.3808976,0.3415896,0.32465893,0.36526775,0.36006927,1.1049439,1.4373786,1.4177622,1.2256793,0.24303894,0.4408931,0.5298459,0.52464324,0.51296693,0.75696105,0.5591069,0.4701541,0.47535676,0.4870331,-0.51392215,-0.118213795,0.059691794,0.049286485,0.025933819
SZ300059,0.02685125315338104,0.75,,2026-05-27,-0.009595946,0.030808128,-0.3114745,0.019696983,0.6393437,0.0015152,0.049181826,-0.027777728,-0.90163636,1.009689,1.0295768,0.9984701,1.0105827,1.0030582,1.0749601,1.0045904,1.0026472,1.1416799,1.0097888,1.0110133,1.0319208,1.026844,1.0299342,0.01211753,0.010700309,0.027983308,0.02413269,0.046272375,-0.00096852466,-0.0010139241,-0.0023863772,-3.7798356e-05,-0.00093674666,0.015971038,0.082305655,0.25453535,0.00019012362,0.12499728,-0.007851664,-0.006450576,-0.00925021,-0.026295964,-0.002300186,1.0724101,1.0810828,1.1014798,1.1014798,1.1503063,0.9872489,0.9872489,0.9872489,0.9872489,0.9311023,1.0195799,1.0195799,1.0583338,1.0395697,1.0782537,0.99887764,1.0024465,1.0077507,1.00797,0.99900717,0.4,0.2,0.1,0.06666667,0.21666667,0.14972898,0.13589013,0.11162571,0.11162571,0.31430858,0.2,0.1,0.45,0.6333333,0.016666668,0.4,0.7,0.85,0.9,0.45,-0.2,-0.6,-0.4,-0.26666668,-0.43333334,0.41023898,0.3271021,0.33974278,0.43357614,0.14170186,0.55911046,0.41045022,0.534401,0.5025209,0.40707392,0.6,0.5,0.55,0.53333336,0.48333332,0.4,0.5,0.45,0.46666667,0.51666665,0.2,0.0,0.1,0.06666667,-0.033333335,0.48315394,0.29178917,0.4925355,0.49670815,0.42347622,0.51684606,0.7082108,0.50746447,0.50329185,0.5765238,-0.03369209,-0.41642162,-0.014928973,-0.006583701,-0.15304755,1.3714681,1.1245797,1.1060746,0.98047,0.85743195,0.49368545,0.45730764,0.38872376,0.37348822,0.37303153,0.39168957,0.7353577,0.9846068,1.0788563,1.2247353,0.56346226,0.4826503,0.5281777,0.45840618,0.5115544,0.43653774,0.51734966,0.47182232,0.5415938,0.4884456,0.12692451,-0.034699373,0.056355387,-0.083187625,0.023108786
SH601877,0.026753944283312375,0.875,,2026-05-27,0.0030272417,0.027917998,0.108433336,0.019845275,0.71084166,0.0050454796,0.18072498,-0.011772555,-0.42168337,0.9969819,1.0197854,0.99195164,1.0063642,1.0965852,1.1603615,1.0862068,1.1245396,1.0922331,1.0120857,1.056478,1.0800134,1.0889354,1.1266739,0.017278463,0.050456412,0.04589277,0.041039865,0.07930346,-0.010060251,-0.014856291,-0.004474276,-0.0027057177,-0.0027757264,0.847515,0.79469323,0.33267877,0.33686414,0.3736533,0.008034826,0.010375279,-0.03750773,-0.049702443,-0.04478996,1.1010568,1.1788692,1.1788692,1.1788692,1.412844,0.9819024,0.9819024,0.9819024,0.9819024,0.9819024,1.0275527,1.1017743,1.11155,1.1154335,1.1651824,0.99866086,1.0057583,1.0323735,1.0708069,1.0831269,0.4,0.2,0.1,0.06666667,0.033333335,0.15188356,0.09188139,0.09188139,0.09188139,0.04199546,0.2,0.1,0.55,0.7,0.15,0.8,0.9,0.95,0.96666664,0.98333335,-0.6,-0.8,-0.4,-0.26666668,-0.8333333,0.57049596,0.29934892,0.21659653,0.1760209,0.731498,-0.58132154,-0.064050816,0.1639632,0.19932067,0.32067752,0.2,0.3,0.45,0.43333334,0.5,0.8,0.7,0.55,0.56666666,0.5,-0.6,-0.4,-0.1,-0.13333334,0.0,0.060883213,0.1921596,0.39084375,0.3870675,0.4690484,0.9391168,0.8078404,0.60915625,0.6129325,0.53095156,-0.87823355,-0.6156808,-0.21831252,-0.22586502,-0.06190316,1.1484754,1.2098132,1.106558,1.0653491,1.2782031,0.31638256,0.3591736,0.3505017,0.33434913,0.6074756,1.2466704,0.9116544,1.1774768,1.1561784,1.3926774,0.5270413,0.4094524,0.52835876,0.50494254,0.5014958,0.47295868,0.59054756,0.47164124,0.49505746,0.49850425,0.05408261,-0.18109515,0.05671751,0.009885052,0.0029915078
SH601998,0.025484556520344887,0.875,,2026-05-27,-0.013192591,0.02770451,-0.4761893,0.0013192417,0.0476183,0.013192678,0.4761924,-0.0013191546,-0.047615156,1.013369,1.0147059,0.986631,0.99635595,1.0507811,1.1015625,1.1165365,1.0976562,0.9667969,1.0265625,1.0468099,1.0793619,1.0903863,1.0684245,0.020179134,0.027722526,0.038991556,0.035885807,0.055165373,-0.012695308,-0.008913348,-0.0063195084,-0.0032711402,0.0015217985,0.98951286,0.9476056,0.9193768,0.64395356,0.23210315,-0.0011718646,-0.0066997954,-0.019326609,-0.042954713,-0.1133175,1.0587325,1.1032517,1.1377181,1.1496439,1.1496439,0.986631,0.986631,0.986631,0.986631,0.9490114,1.0398437,1.0623698,1.1139323,1.1180989,1.1128906,1.0130209,1.0246093,1.0479167,1.0554687,1.0096354,0.2,0.1,0.05,0.033333335,0.18333334,0.18541981,0.114637,0.088485695,0.082012184,0.2541394,0.2,0.1,0.1,0.23333333,0.6166667,1.0,1.0,1.0,1.0,0.06666667,-0.8,-0.9,-0.9,-0.76666665,0.55,-0.23994045,-0.74334925,-0.07441877,-0.28054097,-0.20228957,0.74192804,0.26656958,0.23742257,0.30794582,0.22881201,0.2,0.1,0.15,0.26666668,0.43333334,0.8,0.9,0.8,0.7,0.53333336,-0.6,-0.8,-0.65,-0.43333334,-0.1,0.04651258,0.024390748,0.09865541,0.30964488,0.5298945,0.9534874,0.97560924,0.9013446,0.6903551,0.47010553,-0.90697485,-0.9512185,-0.8026892,-0.38071027,0.059788965,1.0289112,0.8625717,0.89603615,0.79410094,0.8828864,0.23194413,0.23934439,0.2559169,0.2606643,0.33367217,0.50237656,0.7216753,0.9670501,0.8721796,1.2870035,0.5923892,0.6094927,0.5301343,0.54396176,0.51821977,0.40761074,0.39050728,0.4698657,0.45603824,0.48178026,0.18477851,0.21898545,0.0602686,0.08792354,0.036439486
SH601127,0.025220889687631927,0.5,,2026-05-27,-0.015932031,0.050587263,-0.31494156,0.031747874,0.6275863,0.0029073597,0.057472166,-0.044772543,-0.88505566,1.0161899,1.0484518,0.9970456,1.0226278,0.9284028,1.0336068,1.0736203,1.0644037,1.2535685,0.98918736,0.9776329,1.0145667,1.0314975,1.090034,0.021855786,0.027671194,0.043691795,0.043495838,0.08190746,0.008092625,0.002168933,-0.005683591,-0.0038463431,-0.0042825327,0.34275675,0.056318086,0.5922621,0.60604143,0.8337855,-0.005372594,0.012606925,0.039427448,0.024274504,0.03630066,1.0484518,1.0570538,1.0978261,1.1337272,1.2759743,0.92771626,0.9190667,0.9190667,0.9190667,0.9190667,1.0042261,1.0010116,1.0539507,1.0653028,1.1811172,0.9698775,0.9625716,0.9698775,0.98509604,1.0248847,0.8,0.8,0.4,0.26666668,0.13333334,0.5986947,0.58652794,0.45274958,0.37702918,0.22676255,1.0,0.1,0.35,0.3,0.016666668,0.2,0.5,0.75,0.8333333,0.9166667,0.8,-0.4,-0.4,-0.53333336,-0.9,0.50829023,0.48688978,-0.21538928,-0.35068217,-0.31239486,0.9438228,0.86475194,0.72803056,0.6801452,0.4109544,0.6,0.3,0.35,0.4,0.36666667,0.4,0.7,0.65,0.6,0.6333333,0.2,-0.4,-0.3,-0.2,-0.26666668,0.74556714,0.43304983,0.40703946,0.4354875,0.3805338,0.25443286,0.56695014,0.59296054,0.5645125,0.6194662,0.4911343,-0.13390033,-0.18592106,-0.12902497,-0.2389324,1.0184836,0.7868672,0.66871446,0.58950704,0.5228749,0.44497502,0.38527074,0.30148458,0.29257435,0.23418221,1.0771666,1.241582,1.4477074,1.6039448,1.4668769,0.56906706,0.5529853,0.5544695,0.5476438,0.52694094,0.43093294,0.4470147,0.44553044,0.45235622,0.47305903,0.1381341,0.105970606,0.10893911,0.095287584,0.053881932
SZ002027,0.02491999343294532,0.875,,2026-05-27,-0.012612595,0.02522519,-0.5,0.0018017885,0.07142814,0.010810807,0.42857185,-0.003603577,-0.14285628,1.0127738,1.0145985,0.9890511,0.9997553,1.0328919,1.1004415,1.1186534,1.1806843,1.3029802,1.0077041,1.0327152,1.0822517,1.1011957,1.1552998,0.0067781447,0.030359164,0.057928007,0.054513477,0.07139779,-0.0033002165,-0.009549802,-0.009003469,-0.005255214,-0.0037740953,0.59265673,0.9070277,0.8454941,0.7202359,0.8522284,-0.0011037528,0.010258889,0.0032813132,-0.024995115,-0.043964025,1.0529963,1.1077269,1.1825541,1.1825541,1.3066003,0.9890511,0.9890511,0.9890511,0.9890511,0.9890511,1.0109934,1.0555408,1.1419647,1.1477925,1.2186755,1.004415,1.0055188,1.01649,1.0431346,1.1091832,0.2,0.1,0.05,0.033333335,0.016666668,0.17122315,0.09225887,0.056582592,0.056582592,0.03447938,0.2,0.1,0.3,0.53333336,0.016666668,1.0,1.0,1.0,1.0,1.0,-0.8,-0.9,-0.7,-0.46666667,-0.98333335,0.2759887,-0.29675445,-0.03718294,-0.1711809,-0.3562199,-0.6852622,-0.84835106,0.31890404,0.14830334,0.018004745,0.2,0.1,0.2,0.2,0.3,0.6,0.7,0.6,0.6333333,0.6,-0.4,-0.6,-0.4,-0.43333334,-0.3,0.090659074,0.03381137,0.27889764,0.2675376,0.33057645,0.9093409,0.9661886,0.72110236,0.7324624,0.6694236,-0.81868184,-0.9323773,-0.44220474,-0.46492478,-0.33884713,1.133132,1.1324939,1.1280645,1.0607604,0.917062,0.214592,0.3061324,0.3819543,0.34219497,0.34794173,0.8451706,1.1305362,1.4230335,1.4250906,1.2936549,0.42828172,0.5275429,0.5080589,0.50921565,0.50287557,0.5717183,0.4724571,0.4919411,0.49078438,0.49712443,-0.14343658,0.055085793,0.01611784,0.018431272,0.0057511334
SH601919,0.024654754469553706,0.25,,2026-05-27,-0.014432931,0.024054922,-0.59999907,0.0,0.0,0.009621992,0.40000093,-0.0048109395,-0.19999814,1.0146443,1.0146443,0.9902371,0.99901867,1.0104895,0.9828088,1.0043706,1.0600232,1.0509906,1.0158508,1.002972,0.9945221,1.0058469,1.0451,0.00933217,0.017689984,0.015697185,0.023528893,0.04824434,-0.0049533653,0.0034929712,0.0015028835,-0.0013034417,-0.002380428,0.7043288,0.35739338,0.3208301,0.23783836,0.7425354,-0.0059440383,-0.018690355,-0.008799493,0.013053024,0.025122643,1.0392909,1.0392909,1.0392909,1.0637226,1.1842638,0.9902371,0.9743681,0.9715258,0.9715258,0.9715258,1.0220861,1.0195221,1.0114801,1.0220861,1.0856643,1.0123543,0.98624706,0.98106056,0.9828088,0.9963869,0.2,0.5,0.7,0.46666667,0.23333333,0.19902433,0.39480603,0.42018962,0.30884117,0.13384622,0.6,0.8,0.9,0.1,0.05,1.0,0.4,0.4,0.6,0.8,-0.4,0.4,0.5,-0.5,-0.75,0.6658448,0.4900178,0.4457095,-0.21888836,0.48472154,0.05285565,0.81239736,0.7311735,0.56447923,0.4420838,0.4,0.5,0.5,0.4,0.45,0.6,0.5,0.45,0.56666666,0.5,-0.2,0.0,0.05,-0.16666667,-0.05,0.37323987,0.577428,0.48686528,0.37252486,0.46559185,0.6267601,0.42257202,0.5131347,0.62747514,0.53440815,-0.25352028,0.15485595,-0.026269443,-0.25495026,-0.06881633,1.3189288,1.379231,1.2971076,1.1452237,1.4618462,0.43329167,0.51224303,0.39600095,0.39857602,1.0629818,0.826491,1.175124,1.3238653,1.3588744,3.2262168,0.0079622045,0.51868683,0.51214623,0.51070637,0.49094424,0.9920378,0.48131317,0.48785377,0.48929366,0.50905573,-0.9840756,0.037373647,0.024292462,0.021412674,-0.018111523
SZ000895,0.02363101422978846,0.625,,2026-05-27,0.019834647,0.03471073,0.5714269,0.0020661175,0.059523877,0.012809968,0.36904922,0.030578496,0.88095224,0.9805511,1.002026,0.9679903,0.9888508,1.064835,1.0769873,1.1506118,1.1009637,1.0351583,1.0260925,1.0489877,1.0796973,1.0970455,1.0935029,0.026960406,0.030754307,0.040968746,0.042025644,0.035022072,-0.014626484,-0.009378761,-0.006642924,-0.004176978,-0.00011524789,0.7358123,0.8524924,0.920198,0.7655919,0.0033027988,0.0031604092,-0.006783358,-0.016589452,-0.036479373,-0.090103045,1.0692874,1.0931981,1.1608651,1.1667744,1.1667744,0.9679903,0.9679903,0.9679903,0.9679903,0.9679903,1.0463482,1.0685558,1.1198578,1.1338309,1.1231167,0.99870414,1.0340319,1.0480541,1.064835,1.0661254,0.4,0.2,0.1,0.06666667,0.033333335,0.31599838,0.2556527,0.16596113,0.16102757,0.16102757,0.2,0.1,0.15,0.23333333,0.6166667,1.0,1.0,1.0,1.0,1.0,-0.8,-0.9,-0.85,-0.76666665,-0.38333333,-0.9742691,-0.78884476,-0.13693376,-0.16139685,-0.034817748,-0.9644805,-0.8598069,-0.43071944,-0.085664354,-0.11341939,0.4,0.3,0.3,0.36666667,0.46666667,0.6,0.6,0.65,0.6,0.51666665,-0.2,-0.3,-0.35,-0.23333333,-0.05,0.115327775,0.16547823,0.19022718,0.35014603,0.47409236,0.8846722,0.8345218,0.8097728,0.649854,0.52590764,-0.76934445,-0.66904354,-0.61954564,-0.29970798,-0.05181528,0.79544646,0.6654036,0.6971886,0.67183554,0.6702364,0.40562594,0.30878475,0.24424873,0.21684161,0.20493643,1.6452142,1.9984891,1.6017108,1.5591222,1.3779137,0.67901975,0.60346144,0.53486127,0.54069734,0.5291158,0.32098025,0.39653856,0.46513873,0.45930266,0.4708842,0.35803953,0.2069229,0.069722556,0.08139465,0.058231592
SH600039,0.022427675216531284,0.25,,2026-05-27,0.025670925,0.035005845,0.7333325,0.002333765,0.06666786,0.007001155,0.1999996,0.030338315,0.8666643,0.9749716,1.0022753,0.96814567,0.9904798,0.9204259,0.9089905,1.1376972,1.0705836,1.1171925,0.95223975,0.9316562,0.9393336,0.99540484,1.0580691,0.03491913,0.032217167,0.042525582,0.08952818,0.09221007,0.021498427,0.009354749,-0.0018105013,-0.007641404,-0.0044234227,0.94760305,0.7728602,0.06344029,0.5645839,0.70187545,0.0047633937,0.026247477,0.07786615,0.11539551,0.07242181,1.0022753,1.0022753,1.1160375,1.1695406,1.2093953,0.89991385,0.88170797,0.88170797,0.88170797,0.88170797,0.98,0.9513407,0.9788644,1.0946687,1.137918,0.92107254,0.90559936,0.9099369,0.9120032,0.92152995,1.0,1.0,0.9,0.6,0.3,0.9777714,0.9811279,0.50481063,0.41097495,0.36099064,1.0,1.0,0.05,0.23333333,0.1,0.4,0.3,0.65,0.76666665,0.8833333,0.6,0.7,-0.6,-0.53333336,-0.78333336,-0.30270004,0.31189126,0.18900302,-0.73498374,-0.7091701,-0.5533458,0.030924274,-0.55405897,-0.48942477,-0.38782844,0.8,0.6,0.4,0.53333336,0.5,0.2,0.2,0.45,0.36666667,0.4,0.6,0.4,-0.05,0.16666667,0.1,0.98556256,0.9543303,0.3015909,0.42359567,0.44296023,0.014437458,0.045669675,0.6984091,0.57640433,0.5570398,0.97112507,0.90866065,-0.3968182,-0.15280865,-0.114079565,0.9821199,0.89071643,1.0634074,0.8499362,0.6684877,0.07488347,0.20679316,0.2866741,0.3874929,0.33991116,0.8163469,1.173893,1.6202657,1.8502355,1.7727315,0.7694432,0.51336825,0.54214627,0.5402899,0.5292696,0.23055679,0.48663175,0.4578537,0.45971012,0.47073045,0.5388864,0.026736524,0.084292576,0.08057973,0.058539122
SH605499,0.02170156219678719,0.875,,2026-05-27,-0.0163355,0.036701802,-0.44508713,0.01039529,0.2832365,0.009971011,0.27167636,-0.01675978,-0.4566473,1.0166068,1.0271747,0.9898634,1.0049677,1.0712017,1.052029,1.0909233,1.0918251,1.3844737,1.0317428,1.0370005,1.0624074,1.0689577,1.1459014,0.022840053,0.022435017,0.034730427,0.032864455,0.09645018,-0.013820828,-0.0025104969,-0.0046283705,-0.0019897346,-0.0050323647,0.9154063,0.11478313,0.6215901,0.284079,0.83030564,-0.0041011414,-0.025703343,-0.018437833,-0.040106557,0.0025533142,1.106914,1.106914,1.1521497,1.1521497,1.3762207,0.9898634,0.9898634,0.9898634,0.9898634,0.9898634,1.0458812,1.0562634,1.0917702,1.0984905,1.2550638,1.0144913,1.0175416,1.0359851,1.0432072,1.0583965,0.2,0.1,0.05,0.033333335,0.016666668,0.08660012,0.08660012,0.062461235,0.062461235,0.02623633,0.2,0.6,0.15,0.43333334,0.016666668,1.0,1.0,1.0,1.0,1.0,-0.8,-0.4,-0.85,-0.56666666,-0.98333335,0.07119079,0.4431408,0.0033480355,-0.20300186,-0.619532,-0.48069525,0.2597441,0.50837296,0.37238854,-0.24520451,0.2,0.5,0.35,0.43333334,0.41666666,0.8,0.5,0.65,0.56666666,0.5833333,-0.6,0.0,-0.3,-0.13333334,-0.16666667,0.042799745,0.35382253,0.3715235,0.41204748,0.36212033,0.9572002,0.6461775,0.6284765,0.5879525,0.63787967,-0.9144005,-0.29235497,-0.25695303,-0.17590503,-0.2757593,1.0066302,1.1602706,1.0356942,0.9745719,0.7795703,0.047668386,0.2666373,0.37865004,0.35702008,0.40939012,0.52677625,0.75749797,0.97939664,0.9441868,1.5636475,0.14454553,0.5377733,0.53100246,0.51652324,0.5188574,0.85545444,0.46222666,0.46899757,0.48347676,0.48114258,-0.71090895,0.07554666,0.062004868,0.03304646,0.037714828
SZ002594,0.021566718435671088,0.625,,2026-05-27,-0.008125009,0.027187513,-0.29885077,0.013229131,0.48658848,0.005833373,0.21456075,-0.015520767,-0.5708785,1.0081916,1.0215291,0.99411887,1.0050316,0.98045105,1.035495,1.0445356,1.0677208,0.9435882,0.9976715,1.0017748,1.0321307,1.0472277,1.0514861,0.014047943,0.01756846,0.03636677,0.03827482,0.042264055,0.0065319017,-0.0018572396,-0.0054537095,-0.0038390143,-0.00030758066,0.54049766,0.10244244,0.7871231,0.7796773,0.016153831,-0.010735265,0.0065828385,0.019679558,0.008437945,-0.042412546,1.0215291,1.0502003,1.1094394,1.1129025,1.1743412,0.9725821,0.9725821,0.9725821,0.9725821,0.9212275,1.0090139,1.0118695,1.0596143,1.0816053,1.0845143,0.98405385,0.98405385,0.9985055,1.0081198,1.0107152,0.6,0.5,0.25,0.16666667,0.15,0.5601554,0.35324046,0.20033947,0.19539498,0.31121385,1.0,0.1,0.15,0.13333334,0.28333333,0.4,0.7,0.85,0.9,0.033333335,0.6,-0.6,-0.7,-0.76666665,0.25,0.6158796,0.08241007,0.73170316,0.6473392,0.5124849,0.7088301,-0.15076041,0.54174435,0.5055543,0.7457305,0.8,0.6,0.45,0.4,0.41666666,0.2,0.4,0.55,0.6,0.5833333,0.6,0.2,-0.1,-0.2,-0.16666667,0.70575815,0.37011728,0.42509255,0.4211344,0.527102,0.29424182,0.62988275,0.5749074,0.5788656,0.472898,0.41151637,-0.25976545,-0.1498149,-0.15773118,0.054203972,0.99203056,1.0123918,1.2560698,1.2706779,1.6204704,0.14714497,0.15865189,0.4837521,0.42985973,0.76854235,1.0304788,0.8255372,1.2123803,1.1302274,1.5735093,0.4196156,0.44547653,0.5038428,0.47242203,0.50260085,0.58038443,0.55452347,0.49615723,0.527578,0.49739915,-0.1607688,-0.10904695,0.007685564,-0.055155937,0.0052016717
SZ000425,0.021243916331498768,0.75,,2026-05-27,-0.020920468,0.042887047,-0.4878039,0.0,0.0,0.021966578,0.5121961,0.0010461092,0.024392195,1.0213674,1.0213674,0.97756404,0.9899142,1.0128206,1.1239235,1.0427432,1.1335571,1.3205129,1.0245755,1.033657,1.0639445,1.0690897,1.1218853,0.015687348,0.033769473,0.047042098,0.04192618,0.08753662,-0.0049141254,-0.006391016,-0.004225896,-0.0022454434,-0.003981944,0.24532026,0.32832402,0.282444,0.2222979,0.6311181,-0.014747251,-0.004897331,-0.023798423,-0.03653074,-0.004417922,1.0758483,1.1292839,1.1816304,1.1816304,1.3344058,0.97756404,0.9722222,0.9722222,0.9722222,0.9722222,1.0333431,1.0523573,1.1019218,1.1081302,1.1722327,1.0179439,1.0094001,1.0205079,1.0301367,1.0608914,0.2,0.1,0.05,0.033333335,0.016666668,0.2282761,0.17685926,0.1326492,0.1326492,0.076695405,0.2,0.1,0.45,0.6333333,0.13333334,1.0,0.5,0.75,0.8333333,0.9166667,-0.8,-0.4,-0.3,-0.2,-0.78333336,-0.5797946,-0.59794587,0.21685918,0.06932854,-0.14191002,-0.379447,-0.5788535,-0.07768357,-0.14259607,-0.12420653,0.6,0.4,0.5,0.43333334,0.41666666,0.4,0.6,0.5,0.56666666,0.5833333,0.2,-0.2,0.0,-0.13333334,-0.16666667,0.41178414,0.19149718,0.46182588,0.40712547,0.39754257,0.5882159,0.80850285,0.5381741,0.5928745,0.60245746,-0.17643175,-0.61700565,-0.07634822,-0.18574902,-0.20491488,0.85631466,0.85219556,0.9209348,0.87289983,0.75731224,0.28901428,0.2900496,0.31826088,0.33138046,0.31559485,0.65569663,1.5168836,1.2873495,1.3751293,1.3670515,0.51634,0.52824605,0.5481364,0.52636147,0.5105087,0.48366,0.47175395,0.45186356,0.4736385,0.4894913,0.03268,0.056492083,0.09627288,0.05272297,0.021017374
SH600887,0.02060247806540207,0.625,,2026-05-27,0.0071888063,0.034808934,0.20652187,0.013999304,0.4021756,0.013620825,0.39130253,0.0068103266,0.19564882,0.9928625,1.0138993,0.9793389,0.99536896,1.0187814,1.0480832,0.9485339,0.9819662,0.98121864,0.99496573,1.0122461,1.0155894,0.9970068,0.9914283,0.009013978,0.02040001,0.029985048,0.03653759,0.027838923,0.0003758712,-0.0059650545,0.00014689106,0.0024116673,0.0006033558,0.0043469556,0.7837536,0.00083994196,0.33764216,0.14326563,0.004282498,0.014596591,-0.01698485,-0.031975955,-0.009227318,1.0259193,1.0514661,1.0668685,1.0668685,1.0668685,0.9770855,0.9770855,0.9447773,0.9440264,0.9440264,1.0010517,1.027572,1.0384682,1.0338835,1.0112705,0.9863264,0.9961678,0.995867,0.9581522,0.9649138,0.8,0.4,0.35,0.56666666,0.7,0.4692346,0.30807096,0.45230657,0.45565438,0.45565438,0.2,0.2,0.45,0.6333333,0.81666666,0.6,0.8,0.05,0.3,0.65,-0.4,-0.6,0.4,0.33333334,0.16666667,-0.09821038,-0.4300441,0.1610932,0.44625986,0.38208255,-0.51334023,-0.35465723,0.48252186,0.2697014,0.14188126,0.6,0.3,0.4,0.36666667,0.46666667,0.4,0.7,0.55,0.6,0.5,0.2,-0.4,-0.15,-0.23333333,-0.033333335,0.3134485,0.19812241,0.6335361,0.5373878,0.52227974,0.6865515,0.8018776,0.3664639,0.4626122,0.47772026,-0.37310305,-0.6037552,0.26707223,0.074775554,0.0445595,0.93506044,0.8442902,1.2208287,1.0413594,0.8626424,0.12765418,0.14525913,0.70806366,0.6339548,0.5023327,0.9021266,0.9677737,1.9046377,2.1521773,2.3182402,0.6872635,0.47698113,0.51981676,0.52699685,0.50788116,0.3127365,0.5230189,0.4801832,0.47300312,0.49211884,0.37452698,-0.046037756,0.03963355,0.053993735,0.01576233
SH600016,0.020553357218143577,0.75,,2026-05-27,-0.008522694,0.017045455,-0.499998,0.008522762,0.500002,0.0,0.0,-0.017045455,-1.0,1.008596,1.017192,1.0,1.0083349,1.0200655,1.0458307,1.0744847,1.0658963,1.111727,1.0074484,1.0183245,1.039245,1.0486987,1.0753956,0.0043476564,0.01337123,0.024027662,0.023875477,0.0360863,-0.0022954422,-0.004232675,-0.0039812396,-0.002395471,-0.0019079272,0.69688696,0.9185409,0.9609077,0.7801524,0.85258716,-0.0028575698,0.0007225737,-0.0014232008,-0.013964372,-0.019111706,1.025804,1.0486723,1.0801916,1.0801916,1.1518736,1.0,1.0,1.0,1.0,1.0,1.0091661,1.0274827,1.0578856,1.0693473,1.111727,1.0068706,1.0085883,1.0108994,1.0223141,1.0567302,0.2,0.1,0.05,0.033333335,0.016666668,0.0,0.0,0.0,0.0,0.0,0.2,0.1,0.05,0.26666668,0.18333334,1.0,1.0,1.0,1.0,1.0,-0.8,-0.9,-0.95,-0.73333335,-0.81666666,-0.68565136,0.38798237,-0.12757115,-0.08807096,0.59209085,-0.8799688,-0.62249297,-0.49808234,-0.13531134,-0.1501621,0.0,0.1,0.1,0.2,0.26666668,0.6,0.7,0.65,0.53333336,0.55,-0.6,-0.6,-0.55,-0.33333334,-0.28333333,0.0,0.055976488,0.06636367,0.21941492,0.37252805,1.0,0.9440235,0.9336363,0.7805851,0.627472,-1.0,-0.88804704,-0.8672727,-0.56117016,-0.2549439,0.71106035,0.785458,0.741292,0.7302491,0.95204705,0.1823996,0.21131298,0.18696618,0.18880045,0.36190456,1.1515841,0.91331786,1.0648258,1.1016248,1.2857505,0.76078355,0.5496394,0.5259956,0.53604394,0.49513134,0.23921648,0.45036057,0.4740044,0.46395606,0.5048687,0.52156705,0.09927884,0.051991228,0.07208787,-0.009737343
SH601390,0.02009913584573515,1.0,,2026-05-27,-0.01252608,0.020876825,-0.5999993,0.0041754073,0.20000203,0.0041753366,0.19999865,-0.012526151,-0.6000027,1.012685,1.0169133,0.9957717,1.0042754,1.0207407,1.08,1.1022222,1.1125927,1.3007407,1.0041481,1.0241481,1.0545186,1.0747654,1.1328149,0.006491523,0.024602817,0.036261994,0.041524768,0.07965648,0.00029629323,-0.0072817104,-0.0056429976,-0.0044085206,-0.0043249466,0.0052082315,0.8029871,0.8475872,0.8735203,0.8991229,-0.0047407346,0.00861954,-0.00091005163,-0.0108419,-0.0052289106,1.0270588,1.0820929,1.1081482,1.131205,1.3445362,0.987315,0.987315,0.987315,0.987315,0.987315,1.0077037,1.045926,1.0853333,1.1134815,1.2103704,1.0,1.0,1.0130371,1.0314074,1.0752592,0.4,0.2,0.1,0.06666667,0.033333335,0.3191683,0.13383894,0.104979254,0.08815747,0.03551014,0.2,0.1,0.15,0.1,0.016666668,0.4,0.7,0.85,0.9,0.95,-0.2,-0.6,-0.7,-0.8,-0.93333334,0.48981714,0.38615525,0.14825326,0.02895145,0.79537797,0.50786316,-0.34580177,-0.40134206,-0.37035716,-0.21282248,0.2,0.2,0.3,0.33333334,0.36666667,0.6,0.7,0.65,0.6,0.56666666,-0.4,-0.5,-0.35,-0.26666668,-0.2,0.29411757,0.18604632,0.2802547,0.29347813,0.30812857,0.70588243,0.8139537,0.7197453,0.70652187,0.69187146,-0.41176486,-0.6279074,-0.4394906,-0.4130437,-0.38374287,1.1605754,1.2848678,1.3800169,1.3275497,2.099395,0.2068188,0.37288377,0.57256395,0.47920704,1.1973983,0.66294044,0.7399564,1.2795242,1.4640229,1.332057,0.46815088,0.456656,0.49934015,0.4880598,0.4464042,0.5318491,0.54334396,0.5006598,0.5119402,0.55359584,-0.0636982,-0.08668795,-0.0013196956,-0.023880402,-0.10719165
SH600031,0.019762973133424882,0.375,,2026-05-27,-0.0217161,0.038665242,-0.5616439,0.0,0.0,0.016949145,0.43835607,-0.0047669546,-0.12328784,1.0221982,1.0221982,0.9826746,0.9977467,1.0503563,1.158094,1.0568464,1.118568,1.2642167,1.0189515,1.0464017,1.0849229,1.0863574,1.1028979,0.0110115195,0.037813712,0.05381042,0.045635544,0.06034626,-0.0057411613,-0.011356924,-0.005863947,-0.0021963129,-0.0018208924,0.6795869,0.8268643,0.41563806,0.17950794,0.2776948,-0.0074691726,0.0047044675,-0.029215401,-0.054510806,-0.049181513,1.083385,1.1667563,1.2171104,1.2171104,1.2772088,0.9826746,0.9826746,0.9826746,0.9826746,0.9826746,1.0265357,1.0618346,1.1328623,1.120734,1.1534408,1.0155925,1.0216545,1.0265357,1.0489453,1.0489453,0.2,0.1,0.05,0.033333335,0.016666668,0.17203167,0.09411795,0.073902465,0.073902465,0.05882299,0.2,0.1,0.4,0.6,0.016666668,1.0,1.0,1.0,1.0,1.0,-0.8,-0.9,-0.6,-0.4,-0.98333335,-0.30161473,-0.23761326,0.42209765,0.3230421,-0.02181868,-0.35830125,-0.3492437,0.38644066,0.36605296,0.16947635,0.2,0.2,0.4,0.33333334,0.3,0.6,0.7,0.55,0.6333333,0.6666667,-0.4,-0.5,-0.15,-0.3,-0.36666667,0.048506267,0.04375168,0.42778748,0.38388392,0.38868147,0.95149374,0.95624834,0.5722125,0.61611605,0.6113185,-0.9029875,-0.9124966,-0.14442503,-0.23223212,-0.22263707,0.8539229,0.80351204,0.91824955,0.79962045,0.7162336,0.22909577,0.19022427,0.34368968,0.33011094,0.2850291,1.0876765,1.1761973,1.4337528,1.5822259,1.3775309,0.6357365,0.56127113,0.5469145,0.5359408,0.51856434,0.36426347,0.43872887,0.45308545,0.46405917,0.48143563,0.27147305,0.12254227,0.09382909,0.07188163,0.037128735
SH601186,0.019498895657142423,0.5,,2026-05-27,-0.0094936425,0.01898736,-0.49999803,0.0031645973,0.16666862,0.00632912,0.33333334,-0.00632912,-0.33333334,1.0095847,1.0127796,0.9936102,1.000842,1.0368364,1.0780065,1.0877572,1.1170098,1.1755146,1.0140845,1.0315276,1.0554171,1.0714698,1.1069881,0.00938272,0.02087414,0.028492356,0.032922763,0.046910703,-0.005633798,-0.006625296,-0.0044061947,-0.0035308285,-0.0025218574,0.90133256,0.9234318,0.8370256,0.89137906,0.8814486,-0.0028168953,-0.0017137721,-0.013558254,-0.020272817,-0.032593276,1.0419835,1.0798967,1.0881077,1.116384,1.2121259,0.9936102,0.9936102,0.9936102,0.9936102,0.9936102,1.0190682,1.0530877,1.0801734,1.100975,1.151246,1.0104009,1.0138679,1.0242686,1.0377032,1.0777898,0.2,0.1,0.05,0.033333335,0.016666668,0.1320932,0.07405307,0.06761855,0.052045178,0.029241752,0.2,0.1,0.05,0.1,0.18333334,1.0,1.0,1.0,1.0,1.0,-0.8,-0.9,-0.95,-0.9,-0.81666666,-0.9715117,0.27711344,-0.12628675,-0.3869183,0.5382414,-0.42477572,0.09894411,-0.08859475,-0.1976959,-0.07528239,0.0,0.1,0.25,0.2,0.31666666,1.0,0.9,0.75,0.73333335,0.6,-1.0,-0.8,-0.5,-0.53333336,-0.28333333,0.0,0.14000009,0.22068991,0.20000023,0.32911396,1.0,0.8599999,0.7793101,0.7999998,0.67088604,-1.0,-0.71999985,-0.55862015,-0.59999955,-0.3417721,0.85858864,0.9021997,0.8783965,0.8350112,1.0668541,0.10481831,0.1184721,0.15081906,0.1642994,0.4899894,0.7456107,0.50731534,0.69101244,0.82302165,1.2995353,0.9377541,0.61270404,0.5128761,0.55073816,0.4638304,0.062245905,0.38729596,0.4871239,0.44926187,0.5361696,0.8755082,0.22540806,0.025752196,0.10147625,-0.07233917
SH600276,0.01947833416512914,0.625,,2026-05-27,0.030482817,0.058306087,0.52280676,0.019026231,0.3263164,0.008797038,0.15087683,0.020253625,0.34736723,0.9704189,1.0184634,0.9618821,0.9915832,1.0074043,1.1044854,1.1082422,1.1282114,1.1214893,0.9930699,1.0171027,1.0470423,1.0690174,1.0822068,0.018138329,0.03411106,0.04154165,0.04698214,0.04118513,-0.0059686494,-0.010196707,-0.0057274895,-0.0046605463,-0.0010794968,0.27070582,0.81910753,0.6653178,0.76262283,0.20953748,0.018867388,0.028782431,0.007368921,-0.0014394334,-0.050361726,1.0437839,1.1218865,1.1639994,1.1639994,1.1639994,0.9618821,0.9618821,0.9618821,0.9618821,0.9618821,1.0034578,1.042836,1.0849097,1.1097047,1.1141341,0.9764384,0.9937982,1.0059235,1.0195036,1.0560831,0.8,0.4,0.2,0.13333334,0.06666667,0.4654099,0.23823047,0.18859303,0.18859303,0.18859303,0.2,0.1,0.45,0.6333333,0.81666666,1.0,1.0,1.0,1.0,1.0,-0.8,-0.9,-0.55,-0.36666667,-0.18333334,0.5868067,0.19262935,0.23195687,-0.0962266,-0.18023829,0.5911454,0.54879576,0.51308674,0.41385227,0.27369085,0.4,0.2,0.3,0.33333334,0.38333333,0.6,0.8,0.7,0.6666667,0.6166667,-0.2,-0.6,-0.4,-0.33333334,-0.23333333,0.45461288,0.20756951,0.33151135,0.3663313,0.4437487,0.54538715,0.7924305,0.6684886,0.63366866,0.5562513,-0.09077426,-0.584861,-0.3369773,-0.26733738,-0.11250259,0.87354636,0.8542168,0.9270069,0.8450561,0.69465816,0.14746806,0.11502898,0.4347788,0.39060262,0.344473,0.6255214,0.5748473,1.5339173,1.4697227,1.401819,0.56431353,0.39764625,0.53407586,0.5220129,0.51713705,0.43568647,0.60235375,0.46592414,0.47798714,0.48286292,0.12862709,-0.20470747,0.06815169,0.044025745,0.034274153
SZ002463,0.018658744143522678,0.75,,2026-05-27,-0.014745449,0.056831338,-0.25945982,0.03294681,0.5797296,0.0091390805,0.16081059,-0.03855318,-0.6783788,1.0149661,1.048406,0.99072415,1.0166091,0.80738556,0.87755346,0.7943339,0.6852504,0.6622842,0.9384391,0.8749024,0.8505029,0.82074785,0.72236633,0.09171334,0.09114238,0.070519924,0.07492111,0.11477227,0.053370684,0.025035618,0.007846058,0.0067351647,0.0058764666,0.8466044,0.69165146,0.4332589,0.6263106,0.79957366,-0.04518046,0.012437303,0.074959524,0.081592284,0.10427791,1.0506608,1.0506608,1.0506608,1.0506608,1.0506608,0.8028633,0.7662285,0.7662285,0.670422,0.5392279,1.0079029,0.9641545,0.87987643,0.84718734,0.81328636,0.8729986,0.806466,0.8021793,0.7716551,0.6102737,0.8,0.9,0.95,0.96666664,0.98333335,0.79555535,0.82188773,0.82188773,0.8667656,0.9009432,0.8,0.9,0.95,0.96666664,0.98333335,0.2,0.4,0.7,0.033333335,0.11666667,0.6,0.5,0.25,0.93333334,0.8666667,0.8901579,0.8413241,0.8356653,0.24309216,0.055150308,0.11709454,0.28241357,0.28410986,0.2188205,0.3115774,0.8,0.6,0.65,0.7,0.6166667,0.2,0.4,0.3,0.26666668,0.36666667,0.6,0.2,0.35,0.43333334,0.25,0.8545357,0.6624309,0.7023181,0.70788646,0.6284101,0.14546429,0.33756915,0.2976819,0.29211354,0.3715899,0.7090714,0.3248617,0.4046362,0.41577289,0.2568202,0.98051596,0.777813,0.6960923,0.75851053,0.8055628,0.13772412,0.24369738,0.19645685,0.2099398,0.2664555,0.68784106,0.9933265,1.2667847,1.1135018,1.0294178,0.8106566,0.61013174,0.5145695,0.51375645,0.48104146,0.1893434,0.38986823,0.4854305,0.48624352,0.51895857,0.6213132,0.22026351,0.029138984,0.027512968,-0.037917085
SH601066,0.01708809265138642,0.5,,2026-05-27,0.018018028,0.033033002,0.54545534,0.0077220327,0.2337672,0.0072929426,0.22077745,0.017588938,0.5324656,0.9823009,1.0075854,0.975137,0.9912127,0.9408171,0.9633448,0.90301645,0.9179076,0.9996182,0.9656358,0.95204276,0.9535892,0.94184804,0.9422553,0.03281918,0.026488008,0.026182605,0.027358714,0.031080922,0.016189374,0.005979614,0.0013358138,0.0018919666,-0.00023673373,0.6083375,0.46715298,0.09110331,0.37062716,0.017694255,0.0019854887,0.021048954,0.033720594,0.03071843,0.06472831,1.0160538,1.0160538,1.0160538,1.0160538,1.0160538,0.924543,0.9228943,0.89880264,0.89880264,0.880594,0.9996946,0.9641848,0.9732722,0.969454,0.9710577,0.9423444,0.9336388,0.93119514,0.9195877,0.9136312,1.0,1.0,1.0,1.0,0.98333335,0.82456964,0.82767445,0.8630823,0.8630823,0.88148683,0.8,0.9,0.95,0.96666664,0.98333335,0.4,0.4,0.05,0.33333334,0.45,0.4,0.5,0.9,0.6333333,0.53333336,0.79206365,0.8074779,0.7404172,0.82557106,0.56488836,0.7895821,0.7555386,0.75321347,0.7242642,0.5352926,0.8,0.6,0.55,0.5,0.5,0.2,0.4,0.4,0.46666667,0.48333332,0.6,0.2,0.15,0.033333335,0.016666668,0.7557756,0.6159421,0.6778712,0.631579,0.50031304,0.24422444,0.3840579,0.3221288,0.36842102,0.49968693,0.5115511,0.2318842,0.3557424,0.263158,0.0006261379,1.0061834,0.66897297,0.5993925,0.48108342,0.3916522,0.57586485,0.5256356,0.4214031,0.38187173,0.29416025,1.4625275,1.9848163,1.9750986,2.392859,2.4756234,0.5846546,0.59016186,0.5654081,0.52399415,0.53424305,0.41534537,0.4098381,0.4345919,0.47600582,0.46575698,0.16930927,0.18032376,0.1308162,0.047988333,0.06848604
SH600018,0.017063250459168684,0.75,,2026-05-27,-0.007873973,0.01574805,-0.49999666,0.0039370917,0.250005,0.0039369864,0.24999833,-0.007874078,-0.50000334,1.0079365,1.0119048,0.99603176,1.0012187,1.0140845,1.0164319,0.971831,0.9917841,1.0058686,1.0082159,1.0106807,1.0043427,0.9965571,1.004284,0.005182954,0.0062217573,0.015673565,0.017579788,0.017286189,-0.0026995346,-0.00094608194,0.0016131862,0.0014262052,-0.0003112821,0.67820835,0.21195461,0.3707673,0.51008016,0.09890304,-0.0028168764,-0.006423365,-0.019667983,-0.017237093,0.0048987926,1.0244612,1.0244612,1.0244612,1.0244612,1.0412426,0.99603176,0.99603176,0.96389765,0.96389765,0.96389765,1.0112677,1.0140845,1.0140845,1.0140845,1.0176055,1.0065727,1.007277,0.9983568,0.97840375,0.99061036,0.2,0.1,0.25,0.5,0.34166667,0.13958225,0.13958225,0.59610784,0.59610784,0.4667705,0.2,0.6,0.8,0.8666667,0.05,1.0,1.0,0.1,0.4,0.7,-0.8,-0.4,0.7,0.46666667,-0.65,0.016727826,0.4556122,0.5039037,0.44363952,0.44265208,-0.6121323,0.46868998,0.41441786,0.13909389,-0.061814886,0.2,0.2,0.4,0.36666667,0.41666666,0.6,0.7,0.45,0.53333336,0.51666665,-0.4,-0.5,-0.05,-0.16666667,-0.1,0.16666584,0.3653842,0.6132075,0.52380943,0.49354002,0.83333415,0.63461584,0.3867925,0.47619057,0.50645995,-0.66666836,-0.26923165,0.226415,0.047618873,-0.012919944,0.9522765,1.0919932,1.1033502,1.0247649,1.2340555,0.095347025,0.21762614,0.32053712,0.3592556,0.59730273,0.7233818,1.0669286,1.0275607,1.048819,1.3138778,0.5826292,0.47342116,0.54349184,0.5178721,0.5009793,0.41737077,0.52657884,0.45650816,0.4821279,0.49902073,0.16525844,-0.053157687,0.08698366,0.035744194,0.0019585753
SZ002001,0.01687084059109585,0.75,,2026-05-27,-0.020447312,0.035143774,-0.5818189,0.0031948946,0.09090926,0.011501568,0.32727185,-0.012140639,-0.3454563,1.0208741,1.0241357,0.98825836,0.99871624,1.0179393,1.0737156,1.1350325,1.1934153,1.0130467,1.0116794,1.0291615,1.0646794,1.101133,1.1276174,0.017042713,0.027722605,0.04870572,0.07171266,0.07091219,0.00012963027,-0.007167689,-0.007414238,-0.007616192,-0.0020593775,0.00014463565,0.61277586,0.811038,0.87414974,0.257235,-0.011938615,0.0030931542,0.005755926,0.00930178,-0.066865735,1.0391442,1.1210057,1.161122,1.2654952,1.3108295,0.98825836,0.98825836,0.98825836,0.98825836,0.98825836,1.0303379,1.0429275,1.1118717,1.1461849,1.1839578,0.99915534,0.99987036,1.0278581,1.0313805,1.0652324,0.6,0.3,0.15,0.1,0.05,0.23074488,0.08845116,0.06792438,0.042352423,0.0364002,0.4,0.1,0.05,0.033333335,0.16666667,1.0,1.0,1.0,1.0,1.0,-0.6,-0.9,-0.95,-0.96666664,-0.8333333,0.15204361,0.0145231495,0.1549929,0.38093135,0.41531938,0.18376033,-0.17660606,-0.11812709,-0.16543964,0.13090202,0.4,0.3,0.35,0.4,0.45,0.6,0.7,0.65,0.6,0.55,-0.2,-0.4,-0.3,-0.2,-0.1,0.43764532,0.3171523,0.3314367,0.36674085,0.49583846,0.5623547,0.68284774,0.6685633,0.6332592,0.50416154,-0.12470937,-0.36569545,-0.3371266,-0.2665183,-0.008323101,0.944653,0.9151522,1.0541557,1.1400579,1.4746604,0.18125911,0.16727044,0.38373604,0.37829074,0.6093087,0.3342438,0.8063693,1.0946587,0.9758156,1.1346395,0.6886244,0.5067829,0.51069605,0.49454618,0.4855038,0.3113756,0.49321714,0.48930392,0.5054538,0.5144962,0.3772488,0.013565723,0.021392155,-0.010907625,-0.028992405
SH600061,0.015638878130771625,0.875,,2026-05-27,-0.007668773,0.02914117,-0.2631594,0.012269953,0.4210522,0.009202444,0.31578842,-0.010736282,-0.36842316,1.007728,1.0200928,0.9907264,1.0015204,0.99530965,1.0448718,1.0123515,1.0695748,1.1530645,0.99593496,1.0008912,1.0160413,1.0290287,1.0624661,0.010241087,0.012518902,0.02129234,0.028944142,0.04649282,0.0034083747,-0.0018411124,-0.0018963915,-0.0025848337,-0.0024192235,0.27691254,0.19826205,0.27763695,0.6180812,0.82581,-0.002751742,0.0073937923,0.0019744122,0.008451492,0.008900935,1.0277839,1.0479228,1.0633699,1.0865631,1.1561558,0.9767581,0.9752057,0.9752057,0.9752057,0.9752057,1.0018449,1.0079738,1.0379925,1.0547217,1.1152283,0.99002504,0.9934334,0.9965604,1.0037524,1.0120388,0.8,0.6,0.3,0.2,0.1,0.4554926,0.34096894,0.28122845,0.22265498,0.13702278,0.2,0.1,0.45,0.06666667,0.016666668,0.4,0.4,0.7,0.8,0.9,-0.2,-0.3,-0.25,-0.73333335,-0.8833333,0.37297636,-0.10150992,0.30631405,-0.3213075,-0.28904882,0.4660764,0.23499663,0.31407872,0.20125192,0.033539277,0.6,0.4,0.45,0.36666667,0.41666666,0.4,0.6,0.55,0.6333333,0.53333336,0.2,-0.2,-0.1,-0.26666668,-0.11666667,0.54335177,0.32936966,0.4711046,0.38233724,0.38629496,0.4566482,0.67063034,0.5288954,0.6176627,0.61370504,0.08670358,-0.3412607,-0.0577908,-0.2353255,-0.22741006,1.1956769,1.0784868,1.2753158,1.1592835,1.0289302,0.31579024,0.2853075,0.42518526,0.4166855,0.38812453,0.7068741,0.5513074,1.0011004,1.0083548,1.1969342,0.55886674,0.49225953,0.49924105,0.4750377,0.4964938,0.44113326,0.50774044,0.50075895,0.5249623,0.50350624,0.117733486,-0.015480924,-0.0015178656,-0.049924634,-0.007012441
SH601658,0.01439178406994765,0.875,,2026-05-27,0.0,0.010020053,0.0,0.004007962,0.3999941,0.006012091,0.60000587,0.0020041286,0.20001177,1.0,1.0040079,0.9939879,0.99900866,0.9838235,1.0014706,1.0367647,1.0014706,0.9970588,0.9941176,0.99470586,1.0057353,1.012353,1.0119117,0.006493961,0.007076504,0.015207386,0.017586099,0.015766118,0.0039705997,-0.00028520045,-0.0021627578,-0.0013701494,-6.349814e-05,0.9346154,0.014889303,0.70790446,0.4704338,0.0049473466,-0.0020588296,0.0065775453,0.014810941,0.0075142602,-0.010038538,1.0040079,1.0093557,1.046896,1.056142,1.056142,0.97568166,0.97568166,0.97568166,0.97568166,0.97568166,1.0,1.0,1.0135293,1.0314705,1.0255882,0.9888235,0.9888235,0.9952941,0.99558824,0.9970588,0.9,0.85,0.425,0.3,0.25833333,0.85850734,0.7221705,0.34148082,0.30224013,0.30224013,0.8,0.1,0.05,0.23333333,0.6166667,0.4,0.7,0.85,0.9,0.95,0.4,-0.6,-0.8,-0.6666667,-0.33333334,-0.12638691,-0.09236248,0.12837777,0.2592354,0.1260079,0.05034388,-0.34163356,-0.28165987,0.36949,0.10101071,0.8,0.5,0.35,0.4,0.46666667,0.0,0.3,0.55,0.5,0.48333332,0.8,0.2,-0.2,-0.1,-0.016666668,1.0,0.4838709,0.33333305,0.4961832,0.503125,0.0,0.5161291,0.666667,0.50381684,0.496875,1.0,-0.032258205,-0.33333394,-0.007633627,0.006250021,1.0473709,1.0970674,1.122707,1.1746573,1.3038186,0.14904068,0.18879722,0.2235553,0.31799403,0.37197107,0.74264973,1.0372046,1.0053308,1.1466491,1.1705488,0.48607808,0.5089256,0.5087722,0.50467354,0.4914938,0.5139219,0.49107438,0.4912278,0.49532643,0.50850624,-0.027843812,0.017851237,0.01754437,0.009347116,-0.01701242
SH600026,0.014291430281690087,0.625,,2026-05-27,-0.0406427,0.06521744,-0.6231876,0.010397022,0.15942088,0.014177718,0.21739152,-0.036862005,-0.56521696,1.0423645,1.053202,0.9852216,1.0051485,1.1152445,1.1058793,1.0470864,1.187565,1.0067638,1.0721644,1.080333,1.0851587,1.0868106,1.1310874,0.05072394,0.03994867,0.036243264,0.03282639,0.06791291,-0.03056712,-0.006489447,-0.00059403025,-0.0006727908,-0.0019112432,0.9078688,0.24189238,0.009402224,0.032554843,0.24156116,-0.01103019,-0.051130477,-0.0795154,-0.07705515,-0.074705735,1.1817197,1.1817197,1.1817197,1.1862026,1.3382901,0.9852216,0.9852216,0.9852216,0.9852216,0.98472387,1.115973,1.1168054,1.1157128,1.1157128,1.1792403,1.0366285,1.0555671,1.0588449,1.0588449,1.0776795,0.2,0.1,0.05,0.033333335,0.016666668,0.075208634,0.075208634,0.075208634,0.07353109,0.043205872,0.6,0.8,0.9,0.033333335,0.31666666,1.0,1.0,1.0,1.0,0.016666668,-0.4,-0.2,-0.1,-0.96666664,0.3,-0.061868593,0.1170125,0.33834955,0.37313625,0.5637644,-0.20164679,0.29653272,0.297733,0.2605952,0.24639507,0.2,0.4,0.5,0.4,0.45,0.8,0.6,0.5,0.6,0.55,-0.6,-0.2,0.0,-0.2,-0.1,0.066535965,0.30637455,0.45436206,0.36593527,0.4984053,0.93346405,0.69362545,0.54563797,0.63406473,0.5015947,-0.8669281,-0.38725087,-0.0912759,-0.2681295,-0.0031893966,1.1014673,0.98711056,1.024318,1.0221407,1.4598355,0.20050846,0.24367346,0.28591946,0.2633365,0.6667139,0.8429455,0.7278085,0.71526706,0.78409386,1.2451147,0.5565498,0.5410234,0.5317349,0.4701608,0.4865589,0.44345024,0.45897663,0.4682651,0.5298392,0.5134411,0.113099515,0.08204673,0.063469805,-0.059678383,-0.026882142
SZ002714,0.013659983312325024,0.75,,2026-05-27,-0.011777077,0.019628346,-0.60000354,0.0010468474,0.05333345,0.006804422,0.34666303,-0.006019502,-0.3066739,1.0119175,1.0129768,0.9931145,1.0005971,1.0357789,1.110173,1.1300809,1.1266772,1.1822056,1.0145781,1.0453476,1.0946926,1.1228337,1.1680936,0.012984889,0.0415109,0.060520817,0.06554527,0.08309181,-0.0072322832,-0.012861367,-0.009156568,-0.006669803,-0.003838243,0.7755582,0.87995696,0.8011686,0.80250007,0.6508011,-0.00011350265,0.012528549,-0.007705191,-0.026121533,-0.05486535,1.0651083,1.1413405,1.1890118,1.222545,1.3485556,0.9931145,0.9931145,0.9931145,0.9931145,0.9931145,1.0208446,1.069935,1.1557461,1.1746092,1.2297814,1.0055622,1.0126203,1.0310558,1.0517052,1.1126848,0.2,0.1,0.05,0.033333335,0.016666668,0.095640294,0.046452817,0.03514858,0.030011324,0.019371746,0.2,0.1,0.15,0.13333334,0.21666667,1.0,1.0,1.0,1.0,1.0,-0.8,-0.9,-0.85,-0.8666667,-0.78333336,-0.036040768,0.552986,0.34945497,0.13629556,0.16157085,-0.45448548,-0.4308782,0.17483053,0.1349236,0.14122365,0.2,0.2,0.3,0.36666667,0.41666666,0.8,0.8,0.7,0.6333333,0.5833333,-0.6,-0.6,-0.4,-0.26666668,-0.16666667,0.1418384,0.0991649,0.30148187,0.37636477,0.42996523,0.8581616,0.9008351,0.69851816,0.62363523,0.5700348,-0.7163232,-0.8016702,-0.39703625,-0.24727045,-0.14006957,0.9770648,1.1261239,1.1514845,1.1316377,1.195312,0.08727817,0.29804692,0.28746644,0.29182053,0.40334302,0.6729275,1.5215204,1.12235,1.0518876,1.2777432,0.5862488,0.50692225,0.51904386,0.49561778,0.50088835,0.4137512,0.49307775,0.48095617,0.50438225,0.49911162,0.17249759,0.013844505,0.03808769,-0.008764469,0.0017767259
SZ002241,0.01301668341318472,0.5,,2026-05-27,0.03629033,0.07258066,0.5,0.026026363,0.35858536,0.010263967,0.14141463,0.020527935,0.28282925,0.96498054,1.0251149,0.955076,0.9982767,0.88715464,0.9246515,0.8613341,0.8634624,0.95790654,0.9307409,0.91556627,0.90284884,0.88988453,0.870772,0.04981844,0.03755152,0.031890627,0.0322707,0.04554538,0.02971519,0.008152736,0.0035653478,0.0028214674,0.000750192,0.8894402,0.4320791,0.43746737,0.5924272,0.08274771,0.009828719,0.047746412,0.063280374,0.069204174,0.107097305,1.0251149,1.0251149,1.0251149,1.0251149,1.0251149,0.85956675,0.85956675,0.8425912,0.8425912,0.77290255,0.9725565,0.9235312,0.91071993,0.9052691,0.8973529,0.8977756,0.8942373,0.883906,0.86246914,0.83190995,1.0,1.0,1.0,1.0,1.0,0.8482923,0.8482923,0.8624018,0.8624018,0.9004215,1.0,1.0,1.0,1.0,1.0,0.4,0.7,0.15,0.43333334,0.36666667,0.6,0.3,0.85,0.56666666,0.6333333,0.80015594,0.8146098,0.82997054,0.86525893,0.60672265,0.46920246,0.6179003,0.69560224,0.68392915,0.42514205,0.6,0.4,0.55,0.53333336,0.5,0.4,0.5,0.4,0.43333334,0.48333332,0.2,-0.1,0.15,0.1,0.016666668,0.94189197,0.68917936,0.6932999,0.6507901,0.52296555,0.058108047,0.3108206,0.3067001,0.34920993,0.47703448,0.88378394,0.37835875,0.38659978,0.30158016,0.045931052,0.48429924,0.389541,0.3275879,0.28173822,0.22279952,0.301348,0.22672668,0.1750004,0.15823296,0.13105258,1.0663487,1.2723361,1.2584885,1.4238603,1.3930027,0.83336407,0.7158148,0.67647994,0.64064,0.6016247,0.16663595,0.28418514,0.3235201,0.35935998,0.39837524,0.66672814,0.4316297,0.3529598,0.28128004,0.2032495
SH600941,0.01294564240386675,0.5,,2026-05-27,0.0053575695,0.014836238,0.36111376,0.002266628,0.15277646,0.0072120405,0.4861098,0.010302982,0.6944471,0.994671,1.0022546,0.9874974,0.9948769,1.0161659,1.0032161,0.97807866,0.9633516,0.9630131,0.9922471,1.0054506,0.998286,0.9883763,0.9812004,0.0062123276,0.016870284,0.014756736,0.019967832,0.019788286,0.0029538996,-0.0031105762,0.00096901273,0.0017271454,0.00044789576,0.5652268,0.31163648,0.15091985,0.57982606,0.15625623,0.0018451024,0.00854694,-0.007491645,-0.01341992,0.0055866744,1.0150208,1.0592253,1.0592253,1.0592253,1.0592253,0.9802412,0.9802412,0.9745576,0.95513254,0.9457976,0.9968176,1.0186034,1.005129,1.0014557,1.0002031,0.9888616,0.9911975,0.9883537,0.9745239,0.9602031,1.0,0.5,0.65,0.76666665,0.8,0.568113,0.25016192,0.30049744,0.43103337,0.4778586,0.2,0.4,0.7,0.8,0.9,0.6,0.8,0.1,0.2,0.36666667,-0.4,-0.4,0.6,0.6,0.53333336,-0.27469984,0.7991067,0.8357959,0.7924452,0.60403913,-0.26387852,0.5205029,0.5301845,0.73998904,0.53461206,0.6,0.6,0.7,0.56666666,0.56666666,0.4,0.4,0.3,0.43333334,0.41666666,0.2,0.2,0.4,0.13333334,0.15,0.33506125,0.48554087,0.56921434,0.5846695,0.5462042,0.66493875,0.51445913,0.4307857,0.41533056,0.45379576,-0.32987747,-0.028918294,0.13842866,0.1693389,0.092408456,1.2044494,1.7343563,1.4384185,1.3239992,1.3072956,0.34864154,0.7613609,0.62538254,0.6567578,0.5640736,1.2070136,1.0552796,1.3098127,1.7473354,1.6624063,0.2575703,0.47501963,0.5133879,0.50302064,0.50020033,0.7424297,0.52498037,0.48661205,0.4969794,0.4997997,-0.48485938,-0.049960718,0.026775882,0.006041244,0.00040060337
SH601838,0.012550247278466913,0.625,,2026-05-27,-0.001086901,0.017391242,-0.062497023,0.008152171,0.4687515,0.008152171,0.4687515,-0.001086901,-0.062497023,1.0010881,1.0092491,0.99183893,1.0000033,1.016494,1.0299194,0.99961644,0.9482163,0.8807058,1.006214,1.0106252,1.0200998,0.9986958,0.9632911,0.008960585,0.00938372,0.014103283,0.035012264,0.044498347,-0.0045262803,-0.0019644103,-0.0014639584,0.0026520533,0.0022295115,0.6378964,0.40172213,0.37712482,0.44465765,0.7656521,0.0028385397,-0.0017853746,-0.0061921026,-0.037150573,-0.02906171,1.024139,1.0366551,1.0473932,1.0473932,1.0473932,0.99170744,0.99170744,0.99170744,0.93149096,0.87417847,1.0111239,1.0197161,1.0316073,1.0299194,1.0186421,0.9995397,1.0003068,1.0040659,0.95573455,0.9290372,0.4,0.2,0.1,0.4,0.7,0.25569344,0.1844935,0.14891693,0.59109324,0.7263904,0.2,0.1,0.45,0.6333333,0.81666666,0.8,0.9,0.95,0.16666667,0.033333335,-0.6,-0.8,-0.5,0.46666667,0.78333336,-0.6357608,-0.2809595,0.15818958,0.27929142,-0.15996717,0.39328623,-0.26307172,-0.089600585,0.38834772,0.40056452,0.4,0.3,0.45,0.5,0.51666665,0.6,0.7,0.55,0.5,0.48333332,-0.2,-0.4,-0.1,0.0,0.033333335,0.27835077,0.3318966,0.50116545,0.5976846,0.62449956,0.7216492,0.6681034,0.49883455,0.4023154,0.37550044,-0.44329846,-0.3362068,0.0023309214,0.19536918,0.24899913,0.9708362,0.99425757,1.0884788,1.1183133,1.2467417,0.057881746,0.19610524,0.25137565,0.4542509,0.552965,0.47796196,0.83404696,0.8310089,1.4541184,1.6675766,0.8711931,0.55006015,0.40811113,0.4777043,0.4962026,0.1288069,0.44993982,0.5918889,0.5222957,0.5037974,0.7423862,0.10012036,-0.18377775,-0.04459142,-0.0075948066
SH601939,0.012505705011765749,0.75,,2026-05-27,-0.0009774868,0.02443789,-0.039998826,0.021505348,0.88000023,0.0019550535,0.080000915,-0.020527782,-0.8399982,1.0009785,1.0225048,0.99804306,1.0100017,0.9635294,0.93999994,0.9529411,0.90392154,0.8431372,0.9944314,0.9775686,0.96460783,0.95560783,0.9278954,0.010045661,0.01961552,0.020367887,0.0236325,0.036736347,0.0054117716,0.0061509246,0.0024346157,0.0021289012,0.0019331077,0.72554094,0.9013482,0.5000771,0.62891704,0.8445397,-0.005254897,-0.0052477615,0.0122633325,0.013523116,0.015077921,1.0225048,1.0225048,1.0225048,1.0225048,1.0225048,0.9547681,0.9353304,0.9284538,0.8961121,0.83356786,1.0017254,0.9937254,0.98415685,0.9717647,0.95882356,0.9872157,0.9596078,0.94768625,0.9398431,0.897647,0.8,0.9,0.95,0.96666664,0.98333335,0.6677602,0.7418415,0.7607168,0.82194525,0.8808871,1.0,1.0,1.0,1.0,1.0,0.2,0.1,0.4,0.033333335,0.033333335,0.8,0.9,0.6,0.96666664,0.96666664,-0.07370802,0.6178499,0.62445575,0.5307717,-0.013648284,0.7014587,0.74035716,0.48810232,0.5861364,0.38780862,0.8,0.7,0.55,0.56666666,0.6,0.2,0.3,0.45,0.43333334,0.38333333,0.6,0.4,0.1,0.13333334,0.21666667,0.8394161,0.7865172,0.6339287,0.6864536,0.6501502,0.1605839,0.21348277,0.36607128,0.31354645,0.34984985,0.67883223,0.57303447,0.26785743,0.3729071,0.3003003,0.9197457,0.7739937,0.70616174,0.6658441,0.7021236,0.20340213,0.21843392,0.24395883,0.2342217,0.23519096,0.78944457,0.73437035,0.8570679,1.0588924,0.9896842,0.642684,0.6052105,0.5647277,0.5480175,0.51457864,0.35731605,0.3947895,0.43527225,0.4519825,0.4854214,0.28536794,0.21042101,0.1294555,0.09603502,0.02915724
SZ000166,0.012489849036063788,0.75,,2026-05-27,-0.008908664,0.031180365,-0.2857139,0.0155901825,0.5,0.0066815186,0.21428609,-0.017817328,-0.5714278,1.0089887,1.0247191,0.9932584,1.0064657,1.0042675,1.0682788,1.0412518,1.0611664,1.1237553,1.001707,1.0102419,1.0373399,1.0450925,1.063632,0.0067772954,0.016006628,0.030855348,0.02798998,0.03336603,0.0009957298,-0.0036208483,-0.00418721,-0.0023933654,-0.0015442888,0.053964756,0.46906435,0.64455,0.56664956,0.653353,-0.0036984251,0.006052,0.0024385352,-0.01038865,-0.018075524,1.0379677,1.072266,1.082956,1.082956,1.1329757,0.9883949,0.9883949,0.9883949,0.9883949,0.9883949,1.0056899,1.0165007,1.0682788,1.0682788,1.0972973,0.99857754,1.0,1.0042675,1.0099573,1.0423898,0.5,0.25,0.125,0.083333336,0.041666668,0.23410252,0.13836835,0.12272608,0.12272608,0.08026723,0.2,0.1,0.45,0.6333333,0.21666667,0.4,0.7,0.85,0.9,0.95,-0.2,-0.6,-0.4,-0.26666668,-0.73333335,0.3765134,0.09385358,-0.100661896,-0.33196333,-0.04618121,0.42013243,0.11553454,0.19038317,0.0914926,0.053634375,0.4,0.3,0.4,0.33333334,0.4,0.4,0.6,0.5,0.53333336,0.53333336,0.0,-0.3,-0.1,-0.2,-0.13333334,0.44827586,0.23333304,0.39097735,0.368098,0.39568338,0.55172414,0.76666695,0.6090226,0.63190204,0.60431665,-0.10344828,-0.53333396,-0.21804526,-0.26380402,-0.20863324,1.1959134,1.1756688,1.1140708,1.003126,1.0012312,0.29796523,0.27685118,0.24491116,0.26758707,0.28265232,0.6575453,0.7992719,0.9526087,1.1035234,1.204102,0.54668015,0.4750503,0.5254895,0.45350352,0.49799636,0.45331985,0.52494967,0.4745105,0.5464965,0.5020036,0.09336033,-0.049899377,0.050978996,-0.092992984,-0.0040072557
SH601808,0.012223316632680292,0.625,,2026-05-27,-0.015695047,0.02391633,-0.6562481,0.0022422012,0.09375189,0.0059790825,0.25,-0.011958165,-0.5,1.0159453,1.0182233,0.9939256,1.0025365,1.0768278,1.0836432,1.1369269,1.2032218,1.2819083,1.0249071,1.0508054,1.0835192,1.1099546,1.2105742,0.016523132,0.029678041,0.043598462,0.0536627,0.13250385,-0.009851297,-0.008756709,-0.0070194085,-0.0058597396,-0.0070890887,0.88867337,0.79803663,0.9072495,0.924088,0.8730188,-0.0052044825,-0.011400272,-0.016834851,-0.024988363,-0.0014460456,1.0634633,1.0928361,1.1597517,1.2321761,1.6588382,0.9939256,0.9939256,0.9939256,0.9939256,0.9939256,1.0389096,1.0774474,1.1297398,1.155886,1.3249071,1.0153656,1.0246593,1.0403966,1.0716233,1.0931847,0.2,0.1,0.05,0.033333335,0.016666668,0.087354295,0.061413243,0.036631286,0.02549594,0.009135669,0.2,0.3,0.2,0.033333335,0.06666667,1.0,1.0,1.0,1.0,1.0,-0.8,-0.7,-0.8,-0.96666664,-0.93333334,0.5380214,0.5024018,0.47020698,0.45605013,0.9007383,-0.9823529,-0.2277446,-0.18294996,0.11361797,0.49103883,0.2,0.3,0.25,0.26666668,0.36666667,0.8,0.7,0.7,0.7,0.6166667,-0.6,-0.4,-0.45,-0.43333334,-0.25,0.030303413,0.13903764,0.15576333,0.2039712,0.39929172,0.9696966,0.8609624,0.8442367,0.7960288,0.60070825,-0.93939316,-0.7219247,-0.68847334,-0.5920576,-0.20141654,1.1026508,1.1871668,1.2623671,1.3355782,2.3442078,0.25492272,0.27877867,0.27475768,0.36486307,2.0508125,1.0877556,1.1409868,1.2442565,1.080845,2.3246586,0.45439556,0.45412847,0.4604909,0.4795254,0.48829052,0.5456044,0.54587156,0.5395091,0.5204746,0.51170945,-0.09120885,-0.09174306,-0.0790182,-0.040949248,-0.023418963
SH600585,0.012193740169112208,0.75,,2026-05-27,-0.006552394,0.021169359,-0.30952254,0.006552394,0.30952254,0.008064571,0.3809549,-0.005040217,-0.2380902,1.0065956,1.0131912,0.99188226,1.0000198,1.0151765,1.0781224,1.0856693,1.1587328,1.2993034,0.9941947,1.0121496,1.0444353,1.0705147,1.1469384,0.0075675594,0.024581203,0.037421077,0.049697574,0.093000114,-0.0009122568,-0.007071382,-0.0056326757,-0.0054061655,-0.0051955674,0.036329757,0.75860155,0.79298496,0.9170859,0.9519165,0.00762981,0.019671625,0.009075208,0.007874686,0.006330854,1.021309,1.0806543,1.1024303,1.1592592,1.3388419,0.9771257,0.9771257,0.9771257,0.9771257,0.9771257,1.0,1.0211478,1.0764637,1.1181788,1.2549179,0.9880909,0.99659973,1.0,1.0149776,1.0723834,0.9,0.45,0.225,0.15,0.075,0.51771414,0.220947,0.1825497,0.12559092,0.06323831,0.2,0.1,0.3,0.06666667,0.033333335,0.8,0.9,0.95,0.96666664,0.98333335,-0.6,-0.8,-0.65,-0.9,-0.95,-0.037234675,0.38193095,0.69417864,0.22428454,0.11063879,-0.53650844,-0.3838154,0.10895562,-0.010481838,-0.026537802,0.4,0.3,0.4,0.26666668,0.33333334,0.6,0.7,0.6,0.73333335,0.6666667,-0.2,-0.4,-0.2,-0.46666667,-0.33333334,0.3441231,0.15620437,0.25807944,0.18269213,0.30598855,0.65587693,0.84379566,0.74192053,0.8173079,0.69401145,-0.3117538,-0.68759125,-0.4838411,-0.6346157,-0.3880229,0.93461585,1.0378336,1.4193616,1.3406919,1.2580255,0.21045928,0.3491099,0.6584283,0.5832175,0.48589945,0.7091566,1.0242845,1.1629174,1.147872,1.0293921,0.56808233,0.46201715,0.4968562,0.50967187,0.4804273,0.43191767,0.5379829,0.5031438,0.49032813,0.5195727,0.13616465,-0.07596573,-0.006287601,0.019343717,-0.039145395
SH600048,0.012099494143691877,0.625,,2026-05-27,-0.027444236,0.039451133,-0.69565135,0.0017152803,0.043478604,0.010291619,0.26087004,-0.018867897,-0.4782599,1.0282186,1.0299823,0.98941797,1.0034697,1.0723109,1.1481606,1.0123522,0.9876477,1.1940309,1.0257862,1.0566401,1.0846865,1.0706372,1.0774231,0.014859484,0.03628604,0.05085297,0.047004618,0.05957602,-0.006536689,-0.011254019,-0.0037477508,0.0007408624,-0.0012082612,0.48378035,0.88175434,0.19009769,0.019252883,0.12545228,-0.01271283,-0.0059970845,-0.04908287,-0.08137969,-0.04177943,1.0847057,1.1622616,1.2099315,1.2099315,1.2169706,0.98941797,0.98941797,0.98941797,0.97710544,0.96472967,1.0353209,1.0896174,1.1298524,1.1174735,1.1351272,1.0212059,1.0307271,1.0346131,1.0346131,1.0292848,0.2,0.1,0.05,0.033333335,0.083333336,0.111053415,0.06122316,0.04798814,0.098333284,0.13982794,0.2,0.1,0.4,0.6,0.033333335,1.0,1.0,1.0,0.033333335,0.45,-0.8,-0.9,-0.6,0.56666666,-0.41666666,-0.31154096,0.112444095,0.68914706,0.6015231,0.49775836,-0.5762328,-0.43284133,0.46635348,0.42290053,0.23230298,0.2,0.2,0.4,0.43333334,0.38333333,0.8,0.8,0.5,0.5,0.53333336,-0.6,-0.6,-0.1,-0.06666667,-0.15,0.09799565,0.14404865,0.48415825,0.5113316,0.398491,0.90200436,0.85595137,0.5158418,0.48866838,0.601509,-0.8040087,-0.7119027,-0.031683534,0.022663252,-0.20301798,0.89188,0.9121467,1.1962539,1.1044478,1.0361013,0.1712199,0.17303993,0.5242757,0.48510683,0.41179362,0.9652737,0.6798265,1.1071824,1.1223818,1.1498693,0.6326805,0.4212936,0.50809306,0.51168007,0.48773804,0.3673195,0.5787064,0.49190694,0.4883199,0.512262,0.265361,-0.15741283,0.016186144,0.023360178,-0.024523942
SZ000725,0.009821186544639246,0.125,,2026-05-27,-0.013793048,0.096551776,-0.14285651,0.050000083,0.51785773,0.032758642,0.33928576,-0.031034488,-0.32142848,1.013986,1.0646853,0.9667832,1.0106864,0.74484533,0.7396907,0.72197163,0.70650774,0.7570876,0.93041235,0.834826,0.7824903,0.7611898,0.74349225,0.07756789,0.11348889,0.09491759,0.083293624,0.06600378,0.046681717,0.03515503,0.012326808,0.0066525806,0.0012706134,0.90546095,0.8795889,0.5903042,0.4943773,0.1130288,-0.023775795,0.0069763367,0.100405015,0.14234774,0.21902464,1.0646853,1.0646853,1.0646853,1.0646853,1.0646853,0.7814373,0.71341556,0.71327317,0.6958331,0.67305,1.0017397,0.9371134,0.8363401,0.74787366,0.7609536,0.8856314,0.7374356,0.7290593,0.72023195,0.7010309,0.8,0.9,0.95,0.96666664,0.98333335,0.77163005,0.8158528,0.81592745,0.82463074,0.8348327,1.0,1.0,1.0,1.0,1.0,0.4,0.3,0.2,0.13333334,0.28333333,0.6,0.7,0.8,0.8666667,0.71666664,0.7707744,0.9342278,0.9344448,0.9179212,0.89577067,0.62228346,0.6706024,0.6121376,0.6023559,0.4888526,0.8,0.6,0.6,0.53333336,0.46666667,0.2,0.4,0.4,0.46666667,0.51666665,0.6,0.2,0.2,0.06666667,-0.05,0.968085,0.89842194,0.8321786,0.7933033,0.6448886,0.031914994,0.10157804,0.16782142,0.20669669,0.35511145,0.93617004,0.7968439,0.6643572,0.5866066,0.2897771,0.8573195,0.50814795,0.31419444,0.251077,0.18668485,0.38329402,0.44839203,0.36768392,0.31301185,0.23128498,0.97326183,1.5728302,2.2426372,2.630302,3.1140842,0.7747968,0.7502902,0.73895967,0.69670933,0.63623285,0.22520323,0.2497098,0.26104036,0.30329067,0.36376718,0.5495935,0.50058043,0.4779193,0.39341867,0.27246565
SZ300832,0.009249652267800836,0.5,,2026-05-27,0.032986086,0.048828147,0.67555475,0.0062934626,0.12889005,0.009548598,0.1955552,0.036241222,0.7422199,0.9680672,1.0060925,0.95882356,0.98563963,1.010455,1.027681,0.97321516,0.9503136,1.0629294,0.98761326,1.0030469,0.99685854,0.9784427,1.0063095,0.019293137,0.02539887,0.025891347,0.035059806,0.050876815,-0.0031365221,-0.004777036,0.00085279834,0.0027805904,-0.0016427555,0.06607406,0.32426468,0.03797095,0.48747995,0.31798443,0.018659765,0.01844975,-0.0049601104,-0.018761275,0.042151734,1.0387028,1.0535349,1.0535349,1.0535349,1.1177504,0.94104373,0.94104373,0.94104373,0.8980798,0.8980798,1.0029075,1.0183213,1.0157125,1.0115902,1.0572538,0.9751668,0.9791298,0.9703874,0.9474659,0.9575027,0.8,0.5,0.55,0.7,0.46666667,0.60369426,0.5240971,0.5240971,0.655625,0.4639682,0.2,0.2,0.6,0.73333335,0.1,0.6,0.8,0.9,0.06666667,0.53333336,-0.4,-0.6,-0.3,0.6666667,-0.43333334,0.0929948,0.53505665,0.60936326,0.6030401,-0.12115983,0.13445409,0.60008526,0.60789937,0.57650375,0.4391156,0.6,0.5,0.55,0.53333336,0.48333332,0.4,0.5,0.45,0.46666667,0.51666665,0.2,0.0,0.1,0.06666667,-0.033333335,0.43873987,0.44734854,0.5287701,0.5399392,0.47334683,0.56126016,0.55265146,0.4712299,0.4600608,0.5266532,-0.12252027,-0.105302945,0.057540163,0.07987842,-0.053306345,1.0015506,1.069035,1.0668056,1.0155861,0.79813695,0.15034997,0.22669947,0.27417848,0.31562644,0.3383718,0.69022083,0.8075522,0.98157465,0.99154377,1.1101131,0.51739407,0.45549896,0.48301607,0.5206413,0.51733106,0.48260596,0.54450107,0.5169839,0.47935864,0.4826689,0.034788087,-0.0890021,-0.03396787,0.04128271,0.034662165
SZ002352,0.008589059988236522,0.625,,2026-05-27,-0.00055951334,0.017902173,-0.031253938,0.006993015,0.3906238,0.010349644,0.57812226,0.0027971158,0.15624449,1.0005598,1.0075568,0.9896446,0.9986451,0.9997799,1.0140173,1.0095407,1.0330986,1.0372083,0.99587554,0.9948922,1.0111295,1.0148565,1.0215483,0.008185971,0.0071091126,0.0185208,0.017018616,0.019188376,0.003581367,0.000628029,-0.002309881,-0.0012672086,-0.0004339829,0.47851694,0.07153854,0.5444121,0.42968422,0.15601581,-0.0030382946,0.0022817175,0.010814377,0.0035180782,-0.008745815,1.0075568,1.0156817,1.0458282,1.0574514,1.0693405,0.97956544,0.97956544,0.97956544,0.97956544,0.9711528,1.0011302,1.0004257,1.0271834,1.0289447,1.038955,0.9911787,0.988155,0.9927492,0.99920744,1.0052693,0.8,0.8,0.4,0.26666668,0.16666667,0.73003227,0.56579804,0.3083866,0.2623653,0.29379672,1.0,0.1,0.3,0.1,0.4,0.6,0.8,0.9,0.93333334,0.28333333,0.4,-0.7,-0.6,-0.8333333,0.11666667,-0.049980756,0.31952354,0.6294105,0.30667302,0.20386004,-0.11451923,0.37742272,0.14159104,-0.029007109,0.21101001,0.4,0.3,0.45,0.4,0.46666667,0.6,0.7,0.55,0.6,0.5,-0.2,-0.4,-0.1,-0.2,-0.033333335,0.50252897,0.41434965,0.46895877,0.42709318,0.46762863,0.49747106,0.5856503,0.53104126,0.5729068,0.53237134,0.0050578765,-0.1713007,-0.062082496,-0.14581364,-0.06474272,0.943399,0.9194627,1.0786752,0.9999074,1.0545169,0.06884541,0.099274226,0.25445575,0.27354997,0.3904999,0.27178207,0.5106934,0.41457343,0.7527602,1.3532394,0.43981817,0.4075241,0.5452238,0.51858085,0.48514703,0.5601818,0.5924759,0.45477623,0.48141912,0.51485294,-0.12036362,-0.1849518,0.09044753,0.037161745,-0.029705929
SZ000333,0.008371067006454165,0.5,,2026-05-27,0.0062869727,0.017729213,0.35461095,0.0031434863,0.17730547,0.008298754,0.4680836,0.01144224,0.6453891,0.9937523,1.0031239,0.9855054,0.99323195,1.0183655,1.0043644,0.99536985,0.954762,0.9902523,1.0025476,1.0132191,1.0090144,0.99932796,0.9751043,0.009462904,0.01435089,0.011743546,0.019600525,0.03039662,-0.0045858365,-0.0041215424,0.000116000374,0.0015296126,0.0013313276,0.58712184,0.75608975,0.0034149806,0.4719861,0.5850852,0.0066239936,0.0053277877,-0.010116364,-0.021507366,-0.014378457,1.0389826,1.0426029,1.0426029,1.0426029,1.0426029,0.9845077,0.9845077,0.9845077,0.9433921,0.8967827,1.0061721,1.0241432,1.0183655,1.013886,1.0044174,0.9966016,0.99945056,0.99945056,0.9928753,0.9527371,0.6,0.3,0.25,0.5,0.75,0.2843934,0.2666714,0.2666714,0.5705821,0.70783967,0.2,0.3,0.65,0.76666665,0.8833333,0.6,0.8,0.9,0.06666667,0.36666667,-0.4,-0.5,-0.25,0.7,0.51666665,0.7951542,0.900056,0.60333115,0.7313491,0.31234363,0.29177418,0.51962876,0.3143804,0.4192702,0.052782644,0.2,0.5,0.5,0.53333336,0.48333332,0.6,0.4,0.45,0.43333334,0.5,-0.4,0.1,0.05,0.1,-0.016666668,0.19766645,0.4757806,0.5149308,0.6013701,0.50931734,0.80233353,0.5242194,0.48506922,0.39862993,0.4906827,-0.60466707,-0.048438795,0.029861562,0.20274015,0.01863464,1.0581027,1.2444602,1.283946,1.1748058,1.1021987,0.14699723,0.25326955,0.2241609,0.26030815,0.3567199,1.058879,0.8826592,0.7775727,0.7769128,1.819695,0.30189544,0.39273843,0.5225023,0.49913007,0.5003404,0.69810456,0.60726154,0.47749773,0.5008699,0.49965957,-0.3962091,-0.2145231,0.04500455,-0.0017398467,0.0006808436
SH601238,0.008326729689039258,0.5,,2026-05-27,-0.0016129552,0.014516107,-0.11111486,0.008064482,0.55555403,0.0048386697,0.33333108,-0.0048387675,-0.33333784,1.0016155,1.009693,0.9951535,1.003296,1.0241504,1.1010734,1.1350626,1.1744187,1.2924865,1.0134169,1.031932,1.0782648,1.1070663,1.1617472,0.011541612,0.025299178,0.051589817,0.059475895,0.07822885,-0.0069767633,-0.007974202,-0.008406526,-0.0065166824,-0.004213057,0.9135136,0.91069525,0.9293371,0.93040675,0.88462776,0.0005366892,0.003951854,0.0015972126,-0.012574325,-0.037462026,1.0467657,1.104371,1.1495941,1.1907202,1.304961,0.9951535,0.9951535,0.9951535,0.9951535,0.9951535,1.0241504,1.0504472,1.1314849,1.1595707,1.2520573,1.0021467,1.0134168,1.0241504,1.0355994,1.1182469,0.2,0.1,0.05,0.033333335,0.016666668,0.09390211,0.044374686,0.031380925,0.024781764,0.015643548,0.2,0.1,0.2,0.06666667,0.05,1.0,1.0,1.0,1.0,1.0,-0.8,-0.9,-0.8,-0.93333334,-0.95,0.31653738,0.32093823,-0.06377552,-0.50259846,0.050031178,0.046160407,-0.42406833,-0.15167637,-0.15939268,0.009002282,0.0,0.1,0.25,0.26666668,0.38333333,0.6,0.7,0.55,0.6,0.55,-0.6,-0.6,-0.3,-0.33333334,-0.16666667,0.0,0.068701945,0.1421795,0.16027834,0.27633375,1.0,0.9312981,0.8578205,0.8397217,0.72366625,-1.0,-0.8625961,-0.715641,-0.67944336,-0.4473325,0.9805224,1.0117066,1.0277551,0.91449064,0.9629141,0.14884901,0.16787219,0.25089437,0.2691117,0.2860742,1.1946675,0.96928877,1.1644381,1.2259682,1.0796828,0.5486289,0.40530637,0.5191954,0.51639104,0.49491552,0.45137104,0.5946936,0.48080462,0.48360896,0.50508446,0.097257905,-0.18938725,0.03839074,0.032782063,-0.010168962
SH601117,0.006173086824061376,0.625,,2026-05-27,-0.01513245,0.020176576,-0.75000083,0.0,0.0,0.005044128,0.24999918,-0.010088322,-0.5000016,1.015365,1.015365,0.99487835,1.0046923,1.024319,1.0856031,1.0904669,1.1595331,1.1420234,1.009144,1.0220817,1.0544261,1.0720493,1.1233301,0.0078003285,0.016923778,0.03658779,0.04034564,0.066183515,-0.00077820965,-0.004745905,-0.0057100425,-0.004238172,-0.0033669374,0.02488327,0.72086644,0.8524608,0.8551959,0.78935117,-0.0075875693,-0.0007251646,-0.00018068118,-0.010595811,-0.02400546,1.0346735,1.0941455,1.1140716,1.1619363,1.3411769,0.99098027,0.99098027,0.99098027,0.99098027,0.99098027,1.0142024,1.036965,1.0871595,1.1011673,1.1727626,1.0038911,1.0071985,1.0188717,1.02393,1.0747082,0.2,0.1,0.05,0.033333335,0.016666668,0.20643327,0.0874298,0.07327662,0.052760452,0.025756147,0.2,0.1,0.15,0.033333335,0.18333334,0.8,0.9,0.95,0.96666664,0.98333335,-0.6,-0.8,-0.8,-0.93333334,-0.8,0.38689426,0.3155993,0.58132976,0.41289538,0.7912628,0.46254608,0.16494747,0.16119856,0.20019895,0.5682994,0.4,0.3,0.35,0.3,0.33333334,0.6,0.7,0.65,0.7,0.6333333,-0.2,-0.4,-0.3,-0.4,-0.3,0.31343302,0.22500002,0.34551498,0.29187807,0.43886092,0.68656695,0.775,0.65448505,0.70812196,0.5611391,-0.37313393,-0.54999995,-0.30897006,-0.41624385,-0.12227816,0.94648886,0.9495216,1.1024213,1.0891541,1.450577,0.2384833,0.21774824,0.2620897,0.24081917,0.62475896,0.6096769,0.58418405,0.6328497,0.7001228,1.3652933,0.5865122,0.4936573,0.4590874,0.4877203,0.49217385,0.4134878,0.5063427,0.5409126,0.5122797,0.50782615,0.17302443,-0.012685407,-0.0818252,-0.024559386,-0.015652275
SH688271,0.006029628084761513,0.375,,2026-05-27,0.043303438,0.05545575,0.7808647,0.01180997,0.21296205,0.0003423433,0.0061732694,0.031835813,0.57407594,0.9584939,1.0113198,0.95816576,0.9845895,0.9186918,0.93924314,0.9431577,0.935084,1.0745392,0.97758925,0.9470233,0.9379995,0.93946606,0.9520999,0.026498172,0.037343387,0.030465221,0.025558542,0.03831095,-0.00081553403,0.009275268,0.0028184755,0.0007341015,-0.0011034139,0.002368058,0.5655057,0.2995628,0.06393546,0.25300604,0.024041798,0.011238006,0.035225008,0.04988946,0.080450766,1.072611,1.072611,1.072611,1.072611,1.0771782,0.9267634,0.89525956,0.89525956,0.89525956,0.8941979,1.0022835,0.9729897,0.9566465,0.9562877,0.9830696,0.95729893,0.9184146,0.91714233,0.91864294,0.9209753,0.8,0.9,0.95,0.96666664,0.8666667,0.50214475,0.59058136,0.59058136,0.59058136,0.57821566,0.2,0.6,0.8,0.8666667,0.016666668,0.2,0.3,0.65,0.76666665,0.45,0.0,0.3,0.15,0.1,-0.43333334,0.47872442,0.85815823,0.73106205,0.4935804,0.100909814,0.87233347,0.82266283,0.7165154,0.696986,0.5417565,0.8,0.5,0.55,0.53333336,0.43333334,0.2,0.5,0.45,0.46666667,0.55,0.6,0.0,0.1,0.06666667,-0.11666667,0.7022313,0.6101094,0.57277095,0.5664885,0.46048084,0.2977687,0.3898906,0.42722902,0.43351153,0.53951913,0.4044626,0.2202188,0.14554195,0.13297695,-0.07903832,1.2887629,0.87317085,0.68990356,0.5595755,0.42215443,0.6103787,0.5986831,0.46476966,0.4215067,0.3296421,1.2812009,1.7667139,2.1903207,2.5563838,2.8709016,0.5848535,0.5752157,0.56589746,0.5586635,0.51710117,0.41514656,0.4247843,0.4341025,0.44133654,0.48289883,0.16970688,0.15043141,0.13179499,0.11732692,0.034202356
SH688009,0.005701238356876601,0.625,,2026-05-27,-0.008247379,0.035051577,-0.23529266,0.016494881,0.47058886,0.010309317,0.2941185,-0.014432944,-0.41176304,1.0083159,1.024948,0.98960495,1.0021303,1.0154109,1.0582192,1.1078768,1.140411,1.1934931,1.0085616,1.0186644,1.0440924,1.0678653,1.1299658,0.0048431903,0.014673502,0.030367315,0.042218372,0.0792293,-0.00205479,-0.0040784543,-0.004898804,-0.0046729995,-0.004227677,0.4499993,0.7081661,0.91082585,0.9494896,0.868424,-0.0044520493,-0.00031131855,0.002446195,-0.00010677369,-0.0052492516,1.0331403,1.0662857,1.1083672,1.1374768,1.3239962,0.98960495,0.98960495,0.98960495,0.98960495,0.98960495,1.0106164,1.030137,1.064041,1.1116438,1.1989726,1.0082191,1.0102739,1.0116439,1.0154109,1.0565069,0.2,0.1,0.05,0.033333335,0.016666668,0.23877287,0.13556258,0.087528184,0.07029767,0.031086482,0.2,0.1,0.05,0.033333335,0.15,1.0,1.0,1.0,1.0,1.0,-0.8,-0.9,-0.95,-0.96666664,-0.85,-0.39879087,0.35694653,0.07304432,-0.38663566,0.46443164,-0.05947715,-0.08586219,-0.5223942,-0.43527153,0.14729537,0.2,0.2,0.25,0.26666668,0.33333334,0.6,0.7,0.6,0.6333333,0.5833333,-0.4,-0.5,-0.35,-0.36666667,-0.25,0.090909995,0.20689675,0.21100883,0.21527782,0.39556378,0.90909,0.7931033,0.78899115,0.78472215,0.6044362,-0.81818,-0.5862065,-0.57798237,-0.56944436,-0.20887241,0.88224655,0.9163826,0.9848388,0.90158445,1.0798911,0.12551123,0.17372927,0.25515217,0.25489682,0.39688662,1.151634,0.8321593,1.0563552,1.1220211,1.2070704,0.67207456,0.5392639,0.52994955,0.5202839,0.505249,0.3279254,0.4607361,0.47005045,0.47971612,0.494751,0.34414917,0.07852779,0.059899118,0.040567752,0.010497999
SH600233,0.005613819702638804,0.625,,2026-05-27,-0.015957462,0.044680875,-0.35714298,0.015425557,0.34523848,0.013297856,0.29761854,-0.018085163,-0.40476295,1.0162163,1.031892,0.9864865,0.9996511,1.0454012,1.1162426,1.1854208,1.1081214,1.0,1.0095303,1.0415167,1.0983856,1.1143543,1.0932877,0.009363649,0.038526397,0.06683259,0.06355476,0.053742744,-0.0016144839,-0.011867999,-0.0111006,-0.0049825097,0.0006829362,0.074321955,0.86986065,0.9655714,0.47632334,0.049251612,-0.0063013723,0.011889342,0.007070159,-0.042107835,-0.11343431,1.0480973,1.1313796,1.2324423,1.2357318,1.2357318,0.9864865,0.9864865,0.9864865,0.9864865,0.9864865,1.0152446,1.0745792,1.161272,1.1648532,1.1415069,1.0004697,1.0091976,1.0204697,1.0505675,1.047593,0.2,0.1,0.05,0.033333335,0.016666668,0.21933682,0.093265325,0.054942794,0.05421765,0.05421765,0.2,0.1,0.05,0.3,0.65,1.0,1.0,1.0,1.0,1.0,-0.8,-0.9,-0.95,-0.7,-0.35,0.36574933,-0.3306898,0.088218175,0.34858087,0.16106394,0.5517103,0.19583377,-0.034106072,0.51384956,0.39650384,0.2,0.1,0.25,0.33333334,0.45,0.8,0.9,0.75,0.6666667,0.53333336,-0.6,-0.8,-0.5,-0.33333334,-0.083333336,0.24392939,0.13558292,0.17695174,0.40135688,0.5,0.7560706,0.8644171,0.82304823,0.5986431,0.5,-0.5121412,-0.72883415,-0.6460965,-0.19728628,0.0,0.83280563,0.82019585,0.8632543,0.9779074,0.95129603,0.176964,0.20910059,0.2282687,0.41080442,0.40229264,0.7030202,0.7457403,0.7568181,1.6330677,1.45266,0.6293758,0.5661756,0.4732719,0.50695765,0.48524785,0.37062418,0.43382445,0.5267281,0.49304238,0.51475215,0.25875163,0.13235112,-0.053456217,0.013915248,-0.029504312
SZ000768,0.005452595368471783,0.5,,2026-05-27,-0.016289547,0.022171918,-0.7346927,0.00452492,0.20408337,0.0013574524,0.061223947,-0.019457014,-0.8775521,1.0165592,1.0211592,0.9986201,1.007238,1.053354,1.1619313,1.0938368,1.122837,1.4264046,1.011333,1.0457754,1.0777371,1.0944402,1.1559149,0.014070594,0.04056348,0.050171737,0.048045497,0.100564614,-0.0027184302,-0.012389543,-0.005064586,-0.0039028267,-0.004920667,0.09331502,0.8551682,0.35664633,0.511393,0.7302263,-0.005896163,0.009977488,-0.02962354,-0.037849285,-0.010755175,1.0625832,1.1646979,1.186269,1.186269,1.4512452,0.98254436,0.98254436,0.98254436,0.98254436,0.98254436,1.0267036,1.079577,1.1165776,1.13746,1.2287011,1.0003846,1.0023179,1.0267036,1.0643773,1.0813928,0.2,0.1,0.05,0.033333335,0.016666668,0.21808964,0.09582922,0.0856825,0.0856825,0.037242595,0.2,0.1,0.45,0.6333333,0.016666668,0.8,0.9,0.95,0.96666664,0.98333335,-0.6,-0.8,-0.5,-0.33333334,-0.96666664,0.467728,0.560099,0.6107445,0.25963336,0.39612746,0.31728712,0.115096465,0.5116737,0.4915795,0.21274345,0.4,0.3,0.35,0.4,0.41666666,0.6,0.7,0.6,0.56666666,0.56666666,-0.2,-0.4,-0.25,-0.16666667,-0.15,0.2478544,0.1549838,0.36956197,0.3647059,0.3202612,0.7521456,0.8450162,0.630438,0.63529414,0.67973876,-0.50429124,-0.6900324,-0.26087606,-0.27058825,-0.35947755,1.3662428,1.4794745,1.7053868,1.5148265,1.4382126,0.28436986,0.37769142,0.9150844,0.8022541,0.75716674,0.5494939,0.6950068,1.1647375,1.3250712,1.4526987,0.42925864,0.28618768,0.48801178,0.50213134,0.46780834,0.57074136,0.7138123,0.5119882,0.49786863,0.53219163,-0.1414827,-0.42762464,-0.023976473,0.004262732,-0.06438331
SH601669,0.005331406807344658,0.375,,2026-05-27,-0.022222206,0.031481452,-0.7058825,0.0037037155,0.11764754,0.00555553,0.17646994,-0.020370392,-0.6470601,1.0227273,1.0265151,0.9943182,1.0043141,1.071831,1.1521127,1.0943663,1.071831,1.0746479,1.0301409,1.0609859,1.0788028,1.0838498,1.1039907,0.018460909,0.035705786,0.038236205,0.033556532,0.05532825,-0.00816901,-0.010968853,-0.0028709099,-0.001340457,-0.0013962409,0.48952264,0.8650808,0.19731386,0.12366685,0.19423465,-0.013802809,-0.011626091,-0.051529184,-0.06441315,-0.062801525,1.0763443,1.1557823,1.1634636,1.1634636,1.3605634,0.9943182,0.9943182,0.9943182,0.9943182,0.9943182,1.0391549,1.095493,1.1087325,1.1121128,1.1270423,1.0225352,1.0349295,1.0467606,1.0622535,1.0707042,0.2,0.1,0.05,0.033333335,0.016666668,0.06926819,0.035189178,0.03359118,0.03359118,0.015513628,0.2,0.1,0.5,0.6666667,0.18333334,1.0,1.0,1.0,1.0,1.0,-0.8,-0.9,-0.5,-0.33333334,-0.81666666,-0.5522239,0.12988447,0.61698467,0.6109188,0.84613705,-0.7963828,-0.5125155,0.44053605,0.4572181,0.46292496,0.2,0.3,0.45,0.5,0.48333332,0.6,0.6,0.5,0.46666667,0.5,-0.4,-0.3,-0.05,0.033333335,-0.016666668,0.13043478,0.114285484,0.3799282,0.42936283,0.47315097,0.8695652,0.88571453,0.6200718,0.57063717,0.52684903,-0.73913044,-0.77142906,-0.24014361,-0.14127435,-0.05369807,0.88775265,0.9625852,1.1168878,1.0877849,1.7206489,0.19884484,0.35965434,0.5113246,0.45139647,1.5242033,0.8218557,1.1190426,1.2851888,1.3216367,2.387795,0.5855289,0.30662593,0.49618092,0.50808734,0.50173897,0.41447106,0.6933741,0.5038191,0.4919127,0.49826103,0.17105785,-0.38674814,-0.007638164,0.016174618,0.0034779569
SH601688,0.0037042483189815784,0.5,,2026-05-27,-0.0059139025,0.026344003,-0.22448762,0.0172043,0.65306324,0.0032258,0.12244913,-0.019892402,-0.75510174,1.0059491,1.0232557,0.996755,1.0055935,1.0042769,1.0532659,1.015552,1.0124416,1.1621306,0.9996889,1.004199,1.0234253,1.0247408,1.0309551,0.01151209,0.013490685,0.023717739,0.019880373,0.04400691,0.0010886426,-0.001814408,-0.002712554,-0.0009553548,-0.0012091119,0.022356424,0.165811,0.45780262,0.17897074,0.23024546,-0.0018662306,0.0039657927,0.002343942,-0.010888121,0.0047136773,1.051117,1.0665816,1.0773014,1.0773014,1.1681969,0.9788702,0.9788702,0.9788702,0.9788702,0.9486953,1.0093312,1.0109642,1.0454899,1.0436236,1.064619,0.9936236,0.99587864,1.0012442,1.0080093,0.996423,0.6,0.4,0.2,0.13333334,0.25,0.29246742,0.2409014,0.2146657,0.2146657,0.23373276,0.2,0.1,0.45,0.6333333,0.016666668,0.4,0.7,0.85,0.9,0.45,-0.2,-0.6,-0.4,-0.26666668,-0.43333334,0.12487125,0.32477924,0.47035688,0.37846124,0.040298484,0.29427654,0.34419042,0.5062,0.5224451,0.32620665,0.6,0.4,0.45,0.43333334,0.38333333,0.4,0.6,0.5,0.53333336,0.5833333,0.2,-0.2,-0.05,-0.1,-0.2,0.46994528,0.32917693,0.47032645,0.48214296,0.40422595,0.5300547,0.67082304,0.5296735,0.517857,0.59577405,-0.060109425,-0.34164613,-0.059347082,-0.035714086,-0.1915481,1.3410906,1.278084,1.3847164,1.2433234,1.0498135,0.42064214,0.3825337,0.4816796,0.47046527,0.45316872,0.70139843,0.71940297,0.832973,0.9510093,1.0537336,0.5217652,0.4193053,0.5119042,0.46206543,0.5038108,0.47823483,0.5806947,0.4880958,0.5379346,0.4961892,0.04353032,-0.1613894,0.023808403,-0.07586916,0.007621605
SZ300442,0.0020830063239656504,0.625,,2026-05-27,-0.038036667,0.05193029,-0.73245627,0.008541157,0.1644735,0.0053524673,0.10307024,-0.041225355,-0.79385954,1.0395406,1.0484196,0.9944359,1.0165334,1.1347426,1.2030637,1.1004289,1.0304534,1.2095588,1.0725735,1.1231312,1.1183333,1.1118749,1.0765706,0.047537286,0.06480872,0.05895225,0.051340498,0.07196344,-0.02197304,-0.019672832,-2.193172e-05,0.0010310471,0.0010905126,0.53413564,0.84465307,4.8440947e-06,0.03125637,0.07003859,-0.028627438,-0.034603372,-0.11812498,-0.12682518,-0.108740784,1.1635107,1.3138556,1.3138556,1.3138556,1.3138556,0.9944359,0.9944359,0.9944359,0.9944359,0.92934185,1.1080637,1.1773162,1.1666054,1.1595343,1.1393628,1.0430392,1.0781127,1.0643995,1.0667524,1.0006863,0.2,0.1,0.05,0.033333335,0.2,0.032909144,0.017419422,0.017419422,0.017419422,0.18375972,0.2,0.2,0.6,0.73333335,0.8666667,1.0,1.0,1.0,1.0,0.45,-0.8,-0.8,-0.4,-0.26666668,0.41666666,0.07599836,0.737955,0.77199465,0.752386,0.850008,-0.3173152,0.20305793,0.5771921,0.5738677,0.65159637,0.4,0.3,0.4,0.46666667,0.4,0.6,0.7,0.6,0.53333336,0.6,-0.2,-0.4,-0.2,-0.06666667,-0.2,0.17267048,0.20154908,0.43251255,0.4856516,0.44536743,0.8273295,0.7984509,0.5674874,0.5143484,0.5546326,-0.65465903,-0.59690183,-0.13497487,-0.028696781,-0.10926517,1.0590184,1.2976484,1.2472843,1.2016048,1.1163012,0.120278254,0.41979173,0.42115787,0.35872594,0.41264403,0.5621471,0.5308421,1.1565305,1.087887,1.0543339,0.48561028,0.3375464,0.49178708,0.49560523,0.44683078,0.51438975,0.6624536,0.5082129,0.50439477,0.55316925,-0.028779453,-0.32490718,-0.016425833,-0.008789521,-0.10633845
SH601166,0.0017203932914623488,0.5,,2026-05-27,0.008968609,0.017937219,0.5,0.008408097,0.46875143,0.00056051265,0.031248583,0.0011210253,0.062497165,0.9911111,1.0083333,0.9905556,1.0016494,0.9628217,0.98274547,1.0100095,1.0294566,1.013918,0.9811058,0.9774452,0.9855577,0.99793136,1.0170003,0.014410023,0.011781527,0.013952663,0.021788018,0.026163466,0.009056243,0.0016096135,-0.0014358102,-0.002172374,-0.0011416631,0.98743105,0.17110059,0.37063625,0.770434,0.5807446,0.00078169466,0.015311551,0.028082523,0.033568062,0.01667875,1.0083333,1.0083333,1.0227708,1.0439376,1.0605241,0.95997167,0.95997167,0.95997167,0.95997167,0.95997167,0.99244994,0.9843089,0.9968732,1.0204576,1.0424595,0.96898,0.9685224,0.9718017,0.98135364,0.986082,1.0,1.0,0.85,0.56666666,0.28333333,0.8276868,0.8276868,0.63740265,0.47672105,0.39808428,1.0,1.0,0.05,0.13333334,0.4,0.4,0.7,0.85,0.9,0.95,0.6,0.3,-0.8,-0.76666665,-0.55,0.83115274,0.8194796,0.52873236,-0.2890692,-0.52807957,-0.4263834,0.43613982,0.098653086,-0.037423067,-0.23247771,1.0,0.6,0.4,0.36666667,0.43333334,0.0,0.3,0.5,0.56666666,0.5,1.0,0.3,-0.1,-0.2,-0.06666667,1.0,0.6373292,0.4481738,0.4042158,0.48275864,0.0,0.3626708,0.5518262,0.5957842,0.51724136,1.0,0.2746584,-0.1036524,-0.19156837,-0.034482706,0.76329756,0.6988177,0.74397767,0.70096725,0.62863344,0.14523102,0.12947674,0.16019505,0.18456896,0.17925337,0.55334604,0.7724414,1.0988327,1.0434594,1.103826,0.955705,0.72170156,0.5727424,0.5734064,0.5405733,0.044295024,0.27829844,0.4272576,0.42659363,0.4594267,0.91141,0.4434031,0.14548482,0.14681275,0.081146605
SH601985,0.0005569549044059358,0.5,,2026-05-27,-0.0045662364,0.015981773,-0.28571525,0.0068493,0.4285695,0.0045662364,0.28571525,-0.0068493,-0.4285695,1.0045872,1.0114679,0.9954128,1.0015241,1.0335821,1.0597016,1.0401119,0.9990671,0.97854483,1.0016792,1.0222948,1.0318563,1.0258707,1.0247823,0.0021272213,0.02278806,0.020402135,0.021120371,0.022191124,9.328483e-05,-0.006190636,-0.0018313025,0.00045282682,0.00017796208,0.0048076925,0.6764992,0.28199214,0.03562566,0.019615354,-0.0018656965,0.005563071,-0.014458976,-0.03243663,-0.03003222,1.037401,1.0661881,1.0688764,1.0688764,1.0825775,0.993332,0.993332,0.993332,0.99282926,0.97282064,1.0037314,1.0402985,1.0496268,1.0429105,1.0440298,0.99981344,1.0014925,1.0037314,1.0033582,1.0014925,0.4,0.2,0.1,0.16666667,0.2,0.15130812,0.09152285,0.08826584,0.09429309,0.24763268,0.2,0.1,0.5,0.6666667,0.31666666,0.4,0.7,0.85,0.033333335,0.033333335,-0.2,-0.6,-0.35,0.6333333,0.28333333,-0.23432629,0.2856545,0.354877,0.5465893,0.44069862,-0.4314439,0.009331306,0.21725172,0.27963817,0.44151995,0.2,0.3,0.45,0.5,0.5,0.6,0.6,0.45,0.43333334,0.46666667,-0.4,-0.3,0.0,0.06666667,0.033333335,0.10869675,0.27464798,0.4009218,0.5017065,0.51876014,0.89130324,0.725352,0.59907824,0.4982935,0.48123986,-0.7826065,-0.45070404,-0.19815645,0.00341301,0.03752031,1.1271902,1.1905489,1.253663,1.2192813,1.5453064,0.35889888,0.27140453,0.23850127,0.27990207,0.6937148,1.72828,0.96616566,1.025491,1.0177482,1.056054,0.36212385,0.4055759,0.471344,0.5101096,0.5043109,0.63787615,0.5944241,0.528656,0.4898904,0.49568906,-0.2757523,-0.18884821,-0.057312027,0.020219235,0.008621847
SH601788,0.00041359427149982326,0.625,,2026-05-27,-0.0075342227,0.032191757,-0.23404199,0.01575343,0.4893622,0.008904105,0.2765958,-0.014383547,-0.4468084,1.0075914,1.0234644,0.9910283,1.0039924,1.0333511,1.0719957,1.0169401,1.0799365,1.1466384,1.0009528,1.0178401,1.0340922,1.042368,1.0651314,0.012920576,0.02090298,0.027697345,0.028253496,0.03732917,-0.0007411242,-0.0055921827,-0.00220111,-0.0020125883,-0.0017557666,0.008225424,0.65608144,0.2210422,0.39324862,0.6747404,0.0005293572,0.0073246863,-0.013181586,-0.013185579,-0.013336356,1.0628107,1.0749694,1.0840292,1.0879105,1.156507,0.97301126,0.97301126,0.97301126,0.97301126,0.97301126,1.0129169,1.0336686,1.0584437,1.0724193,1.1039704,0.9886713,0.9977766,1.0151403,1.0168343,1.0330334,0.6,0.3,0.15,0.1,0.05,0.30054474,0.26470432,0.24310268,0.23489067,0.14708106,0.2,0.1,0.45,0.1,0.016666668,0.6,0.8,0.9,0.93333334,0.96666664,-0.4,-0.7,-0.45,-0.8333333,-0.95,0.74864554,-0.5498256,-0.046579465,-0.41968173,-0.41592976,0.15693721,0.07590894,0.3077794,0.26575425,0.2684754,0.4,0.3,0.5,0.4,0.41666666,0.6,0.7,0.5,0.56666666,0.56666666,-0.2,-0.4,0.0,-0.16666667,-0.15,0.29677436,0.2518251,0.46039614,0.35940418,0.3860082,0.7032257,0.7481749,0.5396038,0.6405958,0.6139918,-0.4064513,-0.4963498,-0.0792077,-0.28119165,-0.2279836,1.2535304,0.98119676,1.019315,0.85972995,0.65799093,0.3059383,0.36324033,0.39870247,0.4143926,0.37582242,0.6971842,0.8345194,1.2578789,1.4043701,1.4102055,0.58183515,0.5340598,0.52834624,0.5021102,0.51820606,0.41816485,0.46594018,0.47165376,0.49788982,0.48179394,0.16367029,0.06811967,0.056692507,0.004220374,0.036412105
SH688012,-0.0004274317178551588,0.75,,2026-05-27,-0.01918314,0.0716026,-0.26791123,0.04903545,0.6848278,0.003384008,0.04726097,-0.06483458,-0.90547806,1.0195583,1.0695528,0.9965498,1.0361716,1.0775281,0.8913338,0.7106459,0.71202254,0.8071628,1.0325365,1.0060332,0.9168113,0.8437688,0.77091855,0.025382506,0.06856036,0.10575822,0.13565016,0.122392155,-0.010460187,0.013500222,0.016359594,0.0145727135,0.0051293047,0.42457056,0.35542426,0.83749986,0.89442086,0.53568524,-0.011616122,-0.06678413,-0.072227396,-0.055073116,0.07776694,1.1720297,1.1720297,1.1720297,1.1720297,1.1720297,0.962547,0.8130649,0.70934165,0.66780627,0.6424118,1.0497814,1.0563018,1.0347129,1.0037191,0.8463159,1.0148764,0.96161616,0.8241719,0.7025435,0.68782014,0.2,0.4,0.7,0.8,0.9,0.17878798,0.5207617,0.62819505,0.6588225,0.67518145,0.2,0.6,0.8,0.8666667,0.93333334,0.6,0.2,0.05,0.2,0.43333334,-0.4,0.4,0.75,0.6666667,0.5,0.94330335,0.65244585,0.73698527,0.8721548,0.8549457,0.5784614,0.741873,0.7090871,0.6633887,0.5536546,0.2,0.5,0.65,0.53333336,0.46666667,0.8,0.5,0.35,0.46666667,0.53333336,-0.6,0.0,0.3,0.06666667,-0.06666667,0.23546056,0.6313316,0.7160761,0.6819953,0.5752229,0.7645394,0.3686684,0.28392392,0.31800473,0.4247771,-0.5290789,0.26266322,0.43215215,0.36399058,0.15044585,1.3100451,1.2706064,1.075227,0.899355,0.6421972,0.27724317,0.30023906,0.30671513,0.35980165,0.36847922,0.480473,0.9977787,1.044719,1.249285,1.4865766,0.40675008,0.5150408,0.5230126,0.5445962,0.5251121,0.5932499,0.48495921,0.47698742,0.45540383,0.47488788,-0.1864998,0.030081574,0.04602518,0.08919234,0.050224222
SZ300476,-0.0010418305852091022,0.625,,2026-05-27,-0.017051922,0.06662693,-0.2559314,0.04332951,0.6503303,0.006245494,0.09373828,-0.05413594,-0.8125234,1.0173477,1.0614289,0.99364614,1.0224128,0.88109744,1.0213531,0.8320308,0.759052,0.82579786,0.9821508,0.942546,0.9269187,0.89862275,0.8111622,0.06299504,0.060953006,0.066573136,0.07257683,0.1048531,0.029857833,0.0141985845,0.0068689804,0.0062066275,0.0048476765,0.56162167,0.49740627,0.3726101,0.5667833,0.6519354,-0.041866455,-0.006439625,0.007826018,0.011381125,0.04583138,1.0614289,1.0614289,1.0614289,1.0614289,1.0614289,0.8700215,0.8579469,0.8014765,0.7465586,0.6569704,1.0160568,1.0022149,0.9977659,0.989833,0.898317,0.96672785,0.8869587,0.87217814,0.8358491,0.7225435,0.6,0.8,0.85,0.9,0.95,0.67906713,0.69811136,0.7636917,0.80490726,0.8481206,1.0,1.0,1.0,1.0,1.0,0.2,0.4,0.15,0.033333335,0.38333333,0.8,0.6,0.85,0.96666664,0.6166667,0.78713244,0.7512801,0.64857066,0.4836716,0.7566618,0.5912396,0.21903962,0.3185114,0.34072623,0.3793143,0.6,0.4,0.5,0.53333336,0.48333332,0.4,0.6,0.5,0.46666667,0.51666665,0.2,-0.2,0.0,0.06666667,-0.033333335,0.7891001,0.4717128,0.6299302,0.621345,0.5554339,0.21089987,0.5282872,0.37006983,0.378655,0.44456607,0.5782003,-0.056574386,0.25986037,0.24269003,0.11086788,1.1174735,0.95459765,0.88588566,0.8799947,0.7265749,0.21807973,0.30455172,0.26456118,0.2260536,0.24657539,1.2783549,1.2327564,1.1833557,0.9952339,1.1161907,0.7020093,0.541534,0.51256573,0.51344,0.48271677,0.29799068,0.45846596,0.48743424,0.48656,0.5172832,0.4040186,0.08306807,0.025131524,0.02688001,-0.03456646
SZ002920,-0.0013781700133368101,0.25,,2026-05-27,0.018545382,0.054909114,0.33774686,0.026545515,0.48344463,0.009818217,0.17880851,0.0018180822,0.033110753,0.9817923,1.0260621,0.9721528,1.0046091,0.8609671,0.9469634,1.0010039,0.9515644,1.1031454,0.975824,0.9441359,0.94086504,0.9464894,0.9662819,0.020044422,0.041091435,0.031953216,0.029259985,0.046686623,0.009854438,0.009062007,0.0013853855,-0.00018119163,-0.0016731643,0.60424995,0.44581804,0.06579307,0.0029718694,0.39173475,0.0044670976,0.015085069,0.04597381,0.056137912,0.08307643,1.0260621,1.0260621,1.0260621,1.0260621,1.1194286,0.86109287,0.8604316,0.8604316,0.8604316,0.8604316,0.9889577,0.98044175,0.9692321,0.9689142,1.0122805,0.96285766,0.9208634,0.9226368,0.9271541,0.9278066,1.0,1.0,1.0,0.96666664,0.73333335,0.842018,0.84264874,0.84264874,0.84264874,0.5388803,1.0,1.0,1.0,1.0,0.016666668,0.2,0.5,0.75,0.8333333,0.9166667,0.8,0.5,0.25,0.16666667,-0.9,-0.39933506,0.50103515,0.38556153,0.27325925,0.0559343,0.9932146,0.103332266,-0.029981164,0.03384653,0.04485581,0.8,0.5,0.5,0.5,0.43333334,0.2,0.5,0.5,0.5,0.56666666,0.6,0.0,0.0,0.0,-0.13333334,0.89087486,0.5901592,0.49883988,0.54173267,0.4518171,0.10912512,0.40984082,0.50116014,0.45826733,0.5481829,0.7817498,0.18031836,-0.002320239,0.08346537,-0.09636582,1.2154973,0.88382,0.6558242,0.5687176,0.435214,0.25023967,0.40938726,0.37886813,0.33926606,0.28143933,1.0397629,1.2451124,1.5975487,1.7292479,1.9316821,0.5450702,0.60156816,0.5519291,0.5876904,0.5531133,0.45492986,0.3984318,0.44807085,0.4123096,0.44688672,0.09014028,0.20313637,0.10385828,0.17538084,0.10622658
SZ300866,-0.002767759345431539,0.625,,2026-05-27,0.02293343,0.046774503,0.49029768,0.020458698,0.43739,0.0033823731,0.07231233,0.005857104,0.12522002,0.9775807,1.02,0.97427416,1.002867,1.0693237,1.0835813,0.9674432,0.926691,0.77721024,1.0024811,1.0319674,1.0100449,0.9854243,0.89857143,0.02316638,0.037302207,0.044912346,0.052656785,0.10267221,-0.010884095,-0.010289932,0.0032680482,0.0044679455,0.0054644537,0.5518338,0.69753724,0.18531623,0.55796725,0.8639477,0.01928711,0.014337233,-0.041091394,-0.0502095,-0.05977283,1.080944,1.0873709,1.0936836,1.0936836,1.0936836,0.9355518,0.9355518,0.9291443,0.8795181,0.72552687,1.0203313,1.0694358,1.0551333,1.0316924,0.99089533,0.986023,0.9978333,0.97021616,0.94035363,0.7768285,0.6,0.3,0.5,0.6666667,0.8333333,0.44327146,0.42450643,0.4306306,0.5625644,0.7455333,0.2,0.3,0.5,0.6666667,0.8333333,0.6,0.8,0.15,0.1,0.11666667,-0.4,-0.5,0.35,0.56666666,0.71666664,0.26613992,0.5240999,0.1714728,-0.039266363,0.3788049,0.31888485,0.44704834,0.6779128,0.7222494,0.71713483,0.2,0.4,0.45,0.43333334,0.48333332,0.8,0.6,0.55,0.56666666,0.51666665,-0.6,-0.2,-0.1,-0.13333334,-0.033333335,0.2168728,0.35029134,0.5278097,0.54793715,0.57872814,0.7831272,0.6497086,0.4721903,0.45206282,0.42127186,-0.56625444,-0.2994173,0.055619407,0.09587436,0.15745625,1.1081679,1.1716504,1.3901353,1.4846641,1.4657396,0.17896487,0.14886865,0.40561318,0.44876504,0.6631572,0.4009256,0.4701691,1.0779594,1.2315416,1.641629,0.36772698,0.2650625,0.45936778,0.43175834,0.49981228,0.632273,0.7349375,0.54063225,0.56824166,0.50018775,-0.26454607,-0.46987498,-0.08126445,-0.13648333,-0.0003754748
SH601868,-0.0034976820382517527,0.5,,2026-05-27,-0.01694914,0.027118687,-0.6249985,0.003389849,0.12500049,0.006779698,0.25000098,-0.013559291,-0.49999806,1.0172414,1.0206896,0.9931034,1.002138,1.0622951,1.2196721,1.0,0.9836066,0.86229503,1.0281967,1.0622951,1.0591804,1.0416393,1.0472131,0.018777452,0.04080472,0.06890974,0.06231679,0.09329201,-0.0065573705,-0.012518632,0.0024134074,0.0032363818,0.0002581773,0.30487806,0.8627886,0.04293071,0.20903118,0.002335861,-0.015081952,-0.005961219,-0.08210769,-0.08856688,-0.05482934,1.0744196,1.2357398,1.2357398,1.2357398,1.3608837,0.9931034,0.9931034,0.96065575,0.96065575,0.85817736,1.0367212,1.1036066,1.1127869,1.1036066,1.1186885,1.0209836,1.0288525,0.9829508,0.98622954,0.9829508,0.2,0.1,0.3,0.35,0.36666667,0.084811985,0.02842356,0.14302622,0.14302622,0.2821183,0.2,0.1,0.55,0.7,0.18333334,1.0,1.0,0.1,0.4,0.016666668,-0.8,-0.9,0.45,0.3,0.16666667,-0.18179034,0.6941027,0.8532723,0.8102912,0.7622065,-0.32878116,-0.46054614,0.49711478,0.4980258,0.5184629,0.4,0.4,0.55,0.56666666,0.55,0.6,0.6,0.45,0.43333334,0.45,-0.2,-0.2,0.1,0.13333334,0.1,0.21212122,0.13978484,0.5,0.5111111,0.5380435,0.7878788,0.8602151,0.5,0.4888889,0.4619565,-0.57575756,-0.7204303,0.0,0.02222221,0.07608699,0.99636555,1.3323114,1.5432004,1.4416344,2.02066,0.1458542,0.6492988,0.92385435,0.7901122,1.4916208,0.5978926,1.6496682,1.3442676,1.5050666,1.6903242,0.42733684,0.13424744,0.4872695,0.5064843,0.50524706,0.5726632,0.8657526,0.5127305,0.49351567,0.49475294,-0.14532635,-0.7315051,-0.025461005,0.012968632,0.010494106
SH600886,-0.00391768296593234,0.375,,2026-05-27,-0.0028942942,0.020260453,-0.14285436,0.009406702,0.46428883,0.007959457,0.3928568,-0.00434154,-0.2142864,1.0029027,1.0123367,0.99201745,0.9990961,0.9680653,0.98475456,0.97025084,0.9731516,0.9499324,0.98359954,0.9783014,0.9817856,0.978399,1.0024918,0.018912544,0.016549058,0.012442773,0.012612219,0.03691888,0.011029434,0.0031975117,-8.3127656e-05,0.0005022308,-0.0011476787,0.8502498,0.3422072,0.0015621573,0.12289247,0.29474303,-0.0056584124,0.007309798,0.019004112,0.014318673,0.031364635,1.0123367,1.0123367,1.015237,1.015237,1.0994203,0.9492003,0.9492003,0.9492003,0.9492003,0.9470216,1.0013059,0.99709666,0.9895494,0.9879573,1.0454264,0.9677793,0.9671964,0.9693767,0.9679223,0.97096616,0.8,0.9,0.95,0.96666664,0.6333333,0.8046025,0.8046025,0.7692644,0.7692644,0.3476301,1.0,1.0,0.2,0.46666667,0.16666667,0.4,0.7,0.85,0.9,0.016666668,0.6,0.3,-0.65,-0.43333334,0.15,0.6086027,0.29021785,0.19170621,0.44593838,0.07852435,0.9489091,0.86291486,0.59478784,0.5465514,0.33338842,0.6,0.4,0.5,0.43333334,0.46666667,0.4,0.6,0.4,0.46666667,0.48333332,0.2,-0.2,0.1,-0.033333335,-0.016666668,0.7974348,0.5533313,0.58650434,0.5504154,0.53658396,0.20256522,0.44666865,0.41349566,0.44958463,0.463416,0.59486955,0.10666268,0.17300871,0.100830756,0.07316798,1.1081002,1.35702,1.2669649,1.0772915,1.0278056,0.28812495,0.4503856,0.46569735,0.4770184,0.4665942,1.2318134,1.0909306,1.5620599,1.5234642,1.1463523,0.41844463,0.4099172,0.5223284,0.5259336,0.51012194,0.58155537,0.59008276,0.47767162,0.47406638,0.48987806,-0.16311073,-0.18016559,0.04465677,0.051867254,0.020243904
SZ300274,-0.005008612941405406,0.25,,2026-05-27,0.008159929,0.059638545,0.13682306,0.04173054,0.6997244,0.009748073,0.16345257,-0.02382254,-0.39944872,0.9919061,1.0413928,0.9822369,1.0153451,0.90824836,0.77489156,0.7232813,0.707063,0.7873952,0.9345532,0.8827311,0.8156129,0.7871728,0.80749553,0.048404522,0.07622194,0.088249594,0.08252897,0.08918235,0.028193038,0.023649031,0.013913358,0.007895864,-0.00064471323,0.8481094,0.8824257,0.8699745,0.70939505,0.01593952,0.009060706,0.010848296,0.052210163,0.098337166,0.21152352,1.0413928,1.0413928,1.0413928,1.0413928,1.0413928,0.86370784,0.7117174,0.67473507,0.67473507,0.65813583,0.97783697,0.921234,0.90034115,0.86265546,0.90012324,0.8974189,0.8300834,0.7457041,0.72534615,0.72534615,1.0,1.0,1.0,1.0,1.0,0.76704395,0.8744438,0.88710785,0.88710785,0.89199734,1.0,1.0,1.0,1.0,1.0,0.6,0.2,0.1,0.4,0.45,0.4,0.8,0.9,0.6,0.55,0.6370013,0.21815856,0.49528638,0.540383,0.27782434,0.8764496,0.5709011,0.34924036,0.3682671,0.33370218,0.6,0.6,0.55,0.56666666,0.5,0.4,0.4,0.45,0.43333334,0.5,0.2,0.2,0.1,0.13333334,0.0,0.8792197,0.8265113,0.77963024,0.73722905,0.5818197,0.12078031,0.17348869,0.22036977,0.26277092,0.4181803,0.75843936,0.6530226,0.5592604,0.47445816,0.16363946,0.91673017,0.9607887,0.8078733,0.7438635,0.71916187,0.11428809,0.22798531,0.27026987,0.25553092,0.26125348,1.0481455,1.2768403,1.486179,1.576659,1.4865929,0.45892102,0.6063676,0.57305205,0.50635195,0.51104635,0.541079,0.39363238,0.42694792,0.49364808,0.48895362,-0.082158,0.21273522,0.14610413,0.012703855,0.022092743
SH600600,-0.0050880886499488085,0.75,,2026-05-27,0.013039101,0.027415618,0.4756085,0.0040120957,0.14634344,0.010364422,0.37804806,0.019391427,0.7073131,0.98712873,1.0039605,0.9768977,0.991786,1.0199558,1.0255433,1.017827,1.0293571,1.031663,1.0010998,1.0106342,1.0227805,1.0227022,1.0281951,0.006123784,0.011043525,0.015585089,0.012689094,0.013592273,-0.0026873627,-0.003364384,-0.0023179248,-0.00069594005,-0.00031792055,0.48145178,0.8507599,0.774191,0.23312247,0.16686025,0.0042749476,0.0045055556,-0.00076023024,-0.012611041,-0.018816495,1.0201774,1.0427045,1.0533166,1.0533166,1.0653465,0.9738953,0.9738953,0.9738953,0.9738953,0.9738953,1.0050732,1.0193172,1.0363636,1.0316807,1.0411353,0.99661195,0.9994324,1.0088514,1.017969,1.019796,0.6,0.3,0.15,0.1,0.05,0.564035,0.37937832,0.32868612,0.32868612,0.28544933,0.2,0.1,0.2,0.46666667,0.43333334,0.8,0.9,0.95,0.96666664,0.98333335,-0.6,-0.8,-0.75,-0.5,-0.55,-0.5696927,-0.34937403,0.29625922,0.18805195,0.24682683,-0.2979216,-0.11471641,0.50074303,0.42776656,0.19150797,0.4,0.3,0.45,0.43333334,0.43333334,0.6,0.6,0.5,0.53333336,0.55,-0.2,-0.3,-0.05,-0.1,-0.11666667,0.17948699,0.18558948,0.41176462,0.38254046,0.4576512,0.820513,0.8144105,0.5882354,0.61745954,0.5423488,-0.641026,-0.628821,-0.17647077,-0.2349191,-0.08469762,0.80933326,0.74946654,0.8081389,0.6896231,0.70958894,0.18860526,0.18116172,0.20264159,0.24092045,0.2090618,0.54558796,0.9254349,1.2020903,1.3897172,1.3035269,0.74969906,0.593153,0.57160014,0.5250173,0.5204981,0.2503009,0.40684703,0.42839986,0.47498265,0.47950193,0.49939814,0.18630596,0.14320026,0.050034687,0.040996157
SZ002252,-0.005476639914303172,0.625,,2026-05-27,-0.0152091235,0.030418247,-0.5,0.0057034027,0.18749937,0.009505721,0.31250063,-0.011406805,-0.37499875,1.015444,1.0212355,0.99034745,1.0023589,1.0327971,1.083003,1.0694801,1.108106,1.2162119,1.0119375,1.0296961,1.0539209,1.0666277,1.1152444,0.011023588,0.02147334,0.030328318,0.031265996,0.06129691,-0.0052071083,-0.006783149,-0.0040211286,-0.002987647,-0.003348708,0.5578113,0.9146921,0.61527216,0.7076454,0.91028464,-0.001523285,0.00082806253,-0.015720155,-0.02330692,-0.016457526,1.0443544,1.0848856,1.1080837,1.1177585,1.2355014,0.99034745,0.99034745,0.99034745,0.99034745,0.99034745,1.0180928,1.048636,1.0767856,1.094956,1.1918707,1.0046009,1.0088599,1.0262065,1.0405067,1.0687028,0.2,0.1,0.05,0.033333335,0.016666668,0.17872745,0.10210199,0.08198434,0.07575898,0.03937334,0.2,0.1,0.45,0.13333334,0.033333335,1.0,1.0,1.0,1.0,1.0,-0.8,-0.9,-0.55,-0.8666667,-0.96666664,0.67215174,-0.450686,0.2040299,-0.11468433,0.06797333,0.24699177,-0.077095896,0.25578928,0.15818574,0.03759432,0.2,0.2,0.35,0.3,0.3,0.8,0.8,0.65,0.7,0.6333333,-0.6,-0.6,-0.3,-0.4,-0.33333334,0.18507442,0.13574316,0.3124999,0.28789255,0.3069664,0.81492555,0.86425686,0.6875001,0.7121074,0.6930336,-0.62985116,-0.72851366,-0.3750002,-0.4242149,-0.3860672,0.9888071,0.8800977,0.9232926,0.8718109,0.883,0.07433517,0.15693074,0.19876634,0.19078267,0.24271907,0.65371275,0.56775904,0.8600637,0.85157716,1.2609231,0.72129303,0.5455213,0.5340568,0.5491077,0.5103997,0.278707,0.45447868,0.46594322,0.45089233,0.48960027,0.44258603,0.091042645,0.068113595,0.09821534,0.02079944
SH601628,-0.005724035724180538,0.375,,2026-05-27,-0.0041666212,0.024404746,-0.17072996,0.011607185,0.4756118,0.008630939,0.35365823,-0.0071428674,-0.29268354,1.004184,1.0158398,0.99133295,1.0020396,1.032208,1.0901822,1.099067,1.1288316,1.3387383,1.0098178,1.0289204,1.0673478,1.0842292,1.1436028,0.0062853293,0.023791714,0.043977596,0.04354904,0.09024759,-0.0035761818,-0.0075064264,-0.0063951514,-0.0042617074,-0.0046224524,0.8093253,0.91248655,0.74012786,0.74218434,0.80015385,-0.0026654704,0.004858462,-0.006593884,-0.02243445,-0.0072404775,1.056098,1.0940499,1.1569269,1.1569269,1.3471167,0.99133295,0.99133295,0.99133295,0.99133295,0.99133295,1.0122168,1.0420702,1.0997778,1.1215016,1.2606841,1.0079964,1.0105287,1.016215,1.0362949,1.0844958,0.2,0.1,0.05,0.033333335,0.016666668,0.13382293,0.08437797,0.052339196,0.052339196,0.02436045,0.2,0.1,0.2,0.46666667,0.016666668,1.0,1.0,1.0,1.0,1.0,-0.8,-0.9,-0.8,-0.53333336,-0.98333335,0.047760382,-0.19460282,0.3420853,-0.16319077,-0.3258432,-0.07649697,0.14599352,0.24350244,0.23654042,0.10274963,0.2,0.1,0.25,0.26666668,0.31666666,0.8,0.9,0.75,0.73333335,0.68333334,-0.6,-0.8,-0.5,-0.46666667,-0.36666667,0.0068033654,0.0024512145,0.23515476,0.2410714,0.2920643,0.9931966,0.99754876,0.76484525,0.7589286,0.7079357,-0.9863933,-0.9950976,-0.52969044,-0.5178572,-0.4158714,0.991769,0.85466826,1.0876621,0.87791485,0.7492174,0.2976467,0.27319175,0.5500808,0.539329,0.4314166,1.0419271,0.848202,1.3425345,1.5477524,1.4256601,0.6074511,0.3964637,0.52439857,0.50829893,0.5121156,0.3925489,0.6035363,0.47560143,0.4917011,0.48788437,0.21490222,-0.20707262,0.048797153,0.01659783,0.024231225
SH600000,-0.00709908715850532,0.5,,2026-05-27,0.015069968,0.030139936,0.5,0.011840729,0.39285845,0.0032292395,0.10714155,0.006458479,0.2142831,0.98515373,1.011665,0.98197246,1.0008891,0.9480478,0.9575692,1.0021088,1.0487571,1.0318232,0.9671162,0.96139693,0.96781266,0.99155223,1.0279944,0.02449131,0.018008947,0.017577603,0.039223794,0.048591282,0.01537478,0.0032357576,-0.0011604198,-0.0037641109,-0.0021619261,0.9852212,0.2959285,0.15253831,0.71371907,0.6037607,0.002134292,0.024042163,0.043211315,0.0630274,0.03578245,1.011665,1.011665,1.011665,1.0784789,1.109254,0.9278873,0.9278873,0.9278873,0.9278873,0.9278873,0.98640174,0.9668989,0.98491925,1.0320148,1.0712634,0.94803506,0.9488658,0.95526874,0.9575692,0.9639594,1.0,1.0,1.0,0.6666667,0.33333334,0.86076313,0.86076313,0.86076313,0.47886276,0.3976071,1.0,1.0,1.0,0.13333334,0.26666668,0.4,0.7,0.85,0.9,0.95,0.6,0.3,0.15,-0.76666665,-0.68333334,0.89197224,0.5687403,-0.18188453,-0.72580624,-0.53205633,0.56816983,0.3302938,0.25775105,0.16536078,-0.011030986,0.8,0.6,0.45,0.36666667,0.43333334,0.2,0.4,0.5,0.6,0.55,0.6,0.2,-0.05,-0.23333333,-0.11666667,0.8767381,0.73281926,0.49268275,0.3999475,0.47032884,0.12326191,0.26718077,0.50731725,0.60005254,0.5296712,0.7534762,0.46563846,-0.0146345105,-0.20010501,-0.05934235,0.82519245,0.8864711,0.7509725,0.65294355,0.59612554,0.20699152,0.2061076,0.22280464,0.23806334,0.23725131,0.56817573,0.85481805,1.0169293,0.9398273,1.0235865,0.7000373,0.59111375,0.5530794,0.5855131,0.5252773,0.29996273,0.40888625,0.44692057,0.41448689,0.4747227,0.40007454,0.18222749,0.10615883,0.17102624,0.050554592
SH601211,-0.007452462424439603,0.375,,2026-05-27,-0.0039267372,0.026832486,-0.14634266,0.013088987,0.48780376,0.009816761,0.36585358,-0.0071989633,-0.26829284,1.0039423,1.0170828,0.99014455,1.0018114,1.0058738,1.0528635,1.0988742,1.1248165,1.2466961,0.99794424,1.0074401,1.034655,1.0608256,1.105784,0.006670188,0.012677762,0.029492661,0.045024283,0.066435546,0.0015663136,-0.0033047071,-0.004583412,-0.004979918,-0.0035753804,0.13785459,0.6228625,0.84531367,0.94809616,0.8833714,-0.0010768484,0.00743112,0.008887468,0.011383196,-0.0003102893,1.03647,1.0585896,1.1020553,1.1448544,1.2572666,0.9863945,0.9863945,0.9863945,0.9863945,0.9863945,1.00186,1.0154675,1.0618699,1.104748,1.174743,0.99402845,0.999119,1.0045033,1.0129222,1.058933,0.6,0.3,0.15,0.1,0.05,0.2716994,0.18845485,0.11763274,0.08586082,0.05022849,0.2,0.1,0.05,0.13333334,0.05,0.6,0.8,0.9,0.93333334,0.96666664,-0.4,-0.7,-0.85,-0.8,-0.9166667,0.2425592,0.03857253,0.5420343,-0.17562427,-0.40618014,0.106052525,0.17680141,-0.11609771,-0.025086194,0.058313265,0.4,0.4,0.35,0.33333334,0.38333333,0.6,0.6,0.55,0.6,0.5833333,-0.2,-0.2,-0.2,-0.26666668,-0.2,0.42857113,0.21276619,0.19578339,0.20417659,0.31305644,0.57142884,0.7872338,0.8042166,0.7958234,0.6869436,-0.14285772,-0.5744676,-0.60843325,-0.59164685,-0.37388715,1.1088336,1.0370793,1.2343576,1.1162839,0.93759686,0.37447894,0.29684448,0.37715572,0.3627915,0.37524545,0.40139604,0.7725513,1.222221,1.3219705,1.3972417,0.5559045,0.4058185,0.511804,0.46092293,0.49465948,0.44409552,0.59418154,0.48819602,0.5390771,0.5053405,0.11180897,-0.18836305,0.02360796,-0.07815416,-0.010681058
SH603369,-0.00827914146982979,0.375,,2026-05-27,0.05744681,0.0826241,0.6952791,0.013475129,0.16308957,0.0117021585,0.1416313,0.05567384,0.67382085,0.94567406,1.0127431,0.9346076,0.9772374,0.9509894,0.9409802,0.89369535,0.8823055,1.0553383,0.94781405,0.9456627,0.93607336,0.9159035,0.93021744,0.033103317,0.023803929,0.029669775,0.03829741,0.046331152,0.014749198,0.002248672,0.002865914,0.0035242154,-0.00093043345,0.496288,0.08180248,0.32656214,0.65627784,0.12300541,0.022687545,0.044218317,0.036700435,0.032995384,0.09723037,1.0127431,1.0127431,1.0127431,1.0127431,1.0590417,0.8896885,0.8896885,0.86520505,0.8498102,0.8498102,0.9578463,0.9532674,0.9532674,0.9460193,0.9758398,0.93179935,0.93485963,0.92310166,0.87514955,0.8835941,1.0,1.0,1.0,1.0,0.95,0.89644367,0.89644367,0.9136285,0.9217894,0.71781623,1.0,1.0,1.0,1.0,0.016666668,0.6,0.8,0.1,0.26666668,0.6333333,0.4,0.2,0.9,0.73333335,-0.6166667,0.85487425,0.7569084,0.64585197,0.6520247,-0.06498402,0.7315277,0.7202352,0.8040862,0.6825829,0.39084724,0.6,0.7,0.55,0.56666666,0.48333332,0.4,0.3,0.45,0.43333334,0.51666665,0.2,0.4,0.1,0.13333334,-0.033333335,0.68267566,0.6421052,0.6389891,0.6238799,0.4702462,0.3173243,0.35789478,0.36101088,0.37612006,0.5297538,0.36535138,0.28421044,0.27797824,0.24775986,-0.05950759,0.56831527,0.504762,0.49299517,0.44090348,0.34375212,0.25165835,0.21134682,0.20985316,0.21184663,0.18793683,1.1016029,1.1870539,1.3871393,1.5176314,1.5952443,0.78101814,0.66434693,0.538965,0.5734836,0.5477718,0.21898189,0.33565304,0.46103498,0.42651644,0.4522282,0.5620362,0.3286939,0.07793001,0.14696713,0.09554359
SH601006,-0.008348778312446186,0.375,,2026-05-27,-0.011472253,0.02868068,-0.39999935,0.0076482324,0.26666844,0.009560195,0.33333224,-0.009560291,-0.33333555,1.0116054,1.0193424,0.99032885,1.0012444,1.0614485,1.0438918,1.024872,1.0058522,0.98024875,1.0291148,1.040673,1.0363936,1.0298464,1.0238113,0.02050501,0.020193974,0.017027136,0.016973563,0.017192017,-0.0123628415,-0.004114297,0.0003547638,0.001026582,0.0004821914,0.9087756,0.380504,0.015193697,0.28349337,0.23993029,-0.004389187,-0.022158694,-0.03976384,-0.04473184,-0.03803593,1.0692897,1.0731012,1.0731012,1.0731012,1.0731012,0.99032885,0.99032885,0.99032885,0.99032885,0.97836685,1.0465252,1.0520849,1.048281,1.0465252,1.040673,1.0134602,1.0308706,1.0190197,1.0153621,1.0073153,0.2,0.1,0.05,0.033333335,0.06666667,0.122480236,0.116840266,0.116840266,0.116840266,0.22835578,0.2,0.4,0.7,0.8,0.9,1.0,1.0,1.0,1.0,0.016666668,-0.8,-0.6,-0.3,-0.2,0.8833333,-0.8142772,-0.081037804,0.1332328,0.46708372,0.179415,-0.703462,0.32325128,0.30385855,0.36871168,0.3467717,0.2,0.4,0.45,0.5,0.51666665,0.8,0.6,0.45,0.43333334,0.41666666,-0.6,-0.2,0.0,0.06666667,0.1,0.033333138,0.30769217,0.4401408,0.48876405,0.51953685,0.9666669,0.69230783,0.5598592,0.51123595,0.48046312,-0.9333337,-0.38461563,-0.119718395,-0.022471897,0.03907376,0.8450414,0.85152936,0.8872527,0.77228224,0.96298265,0.1708247,0.2059621,0.2754006,0.2953068,0.4451624,0.57484525,0.69926196,0.99775934,1.1511931,1.1717027,0.6932472,0.5404626,0.536184,0.5246233,0.5091535,0.30675283,0.45953742,0.463816,0.4753767,0.49084654,0.38649434,0.0809252,0.072368026,0.0492466,0.01830694
SZ300896,-0.009908699227590457,0.25,,2026-05-27,0.0069957543,0.042368688,0.16511615,0.017637225,0.4162797,0.017735709,0.41860417,0.007094239,0.16744061,0.99305284,1.0175147,0.9754403,0.9948034,1.0256382,1.1726379,1.1554363,1.1173441,1.3911836,1.0057266,1.0417442,1.0926464,1.1030203,1.1807361,0.006720467,0.04969859,0.06332319,0.05406713,0.11890565,-0.0038384364,-0.014937144,-0.009211234,-0.0040176767,-0.005861103,0.81554854,0.82805353,0.7405904,0.42794213,0.7410604,0.001950276,0.02547288,-0.0051396377,-0.044764027,-0.007833497,1.053828,1.1632282,1.1859456,1.1859456,1.4066215,0.9754403,0.9754403,0.9754403,0.9754403,0.9754403,1.0100946,1.0692159,1.1455535,1.1427194,1.349527,0.9994741,1.0069829,1.0124394,1.045915,1.1090318,0.4,0.2,0.1,0.06666667,0.033333335,0.31331018,0.13078406,0.11666999,0.11666999,0.056959018,0.2,0.1,0.5,0.6666667,0.15,1.0,1.0,1.0,1.0,1.0,-0.8,-0.9,-0.5,-0.33333334,-0.85,-0.6252775,0.38499403,0.12223229,0.06862207,-0.25166577,-0.1683848,-0.05000426,0.4174773,0.5126369,0.034561362,0.2,0.1,0.35,0.43333334,0.41666666,0.8,0.9,0.65,0.56666666,0.5833333,-0.6,-0.8,-0.3,-0.13333334,-0.16666667,0.085106894,0.014781447,0.26281765,0.36655864,0.32700193,0.9148931,0.9852185,0.7371824,0.6334414,0.6729981,-0.82978624,-0.9704371,-0.4743647,-0.26688272,-0.34599617,0.7631015,0.81138945,0.799088,0.7501433,0.6727888,0.16972992,0.14845859,0.22222139,0.26363644,0.25455427,0.88575804,1.0069256,1.1672133,1.2058328,1.3628191,0.648707,0.35658294,0.47112018,0.54438525,0.513805,0.35129303,0.64341706,0.5288798,0.45561472,0.486195,0.29741398,-0.2868341,-0.05775963,0.088770546,0.027609998
SH601236,-0.010225497993311718,0.25,,2026-05-27,0.0085836705,0.018598024,0.4615367,0.005722447,0.30769113,0.0042919065,0.23077218,0.0071531297,0.38461775,0.9914894,1.0056738,0.987234,0.99401754,1.0130796,1.0630202,1.0808561,1.098692,1.1521997,0.99928653,1.011296,1.0421522,1.0609195,1.0890805,0.007595118,0.015546464,0.03421406,0.038989943,0.044281796,-0.0022592132,-0.0045904955,-0.00546342,-0.004216338,-0.0022366168,0.22120012,0.7992217,0.8924584,0.9062903,0.7780949,0.0052318657,0.009361156,0.009750298,0.00021736557,-0.023100257,1.0360171,1.0671608,1.097962,1.1207012,1.1721052,0.9862691,0.9862691,0.9862691,0.9862691,0.9862691,1.0023781,1.0228299,1.0715815,1.0965517,1.1250892,0.99381685,0.9969084,1.0095125,1.0149822,1.0639714,0.8,0.4,0.2,0.13333334,0.06666667,0.27600944,0.16974406,0.122934386,0.10214004,0.0738871,0.2,0.1,0.15,0.1,0.23333333,0.6,0.8,0.9,0.93333334,0.96666664,-0.4,-0.7,-0.75,-0.8333333,-0.73333335,0.35351598,-0.13451922,0.33080468,-0.19029932,0.29338205,-0.1433339,0.047951683,-0.09882966,-0.15707912,0.1538341,0.4,0.3,0.4,0.4,0.45,0.6,0.7,0.6,0.56666666,0.5,-0.2,-0.4,-0.2,-0.16666667,-0.05,0.31034568,0.18823558,0.28481022,0.2914575,0.36991876,0.68965435,0.8117644,0.7151898,0.70854247,0.63008124,-0.37930864,-0.62352884,-0.43037957,-0.417085,-0.26016247,1.1241281,0.99516946,1.1674063,1.0263479,1.2040838,0.30087006,0.2876246,0.4027333,0.38794896,0.4830597,1.255015,0.90004003,1.2230656,1.3816435,1.2492591,0.57870346,0.3980064,0.52820754,0.44041872,0.5004743,0.42129654,0.60199356,0.4717925,0.5595813,0.49952576,0.15740696,-0.20398717,0.05641503,-0.11916259,0.0009485153
SH600795,-0.010447108962436148,0.25,,2026-05-27,0.006085157,0.020283926,0.29999897,0.0020283856,0.09999966,0.012170383,0.60000134,0.016227154,0.80000067,0.9939516,1.0020161,0.98185486,0.9918522,0.995968,1.0181442,0.9939519,0.96774364,0.9717757,0.9951616,0.998992,0.9932463,0.9894495,0.9948929,0.00677694,0.015994618,0.017444247,0.016426804,0.021440463,0.003427228,-8.55256e-05,0.0012899514,0.0010015082,-0.0003591831,0.6393795,0.00026209335,0.19138604,0.28807437,0.08559793,-0.002016035,0.0013928553,-0.0055008847,-0.0039713723,0.01570303,1.0100813,1.0423365,1.0423365,1.0423365,1.0645148,0.97379094,0.97379076,0.9516152,0.9516152,0.9475834,1.0004032,1.0004032,1.0004032,0.997984,1.0120962,0.9879039,0.9895167,0.98548466,0.9737917,0.9758078,0.8,0.8,0.8,0.8666667,0.65833336,0.72220355,0.38236156,0.53333443,0.53333443,0.44826847,0.2,0.4,0.7,0.8,0.18333334,0.4,0.2,0.2,0.46666667,0.45,-0.2,0.2,0.5,0.33333334,-0.26666668,-0.151917,0.62253386,0.51612365,0.62569517,0.6810699,0.031229861,0.7198307,0.56748676,0.58491063,0.48889706,0.4,0.3,0.45,0.46666667,0.45,0.4,0.6,0.5,0.46666667,0.51666665,0.0,-0.3,-0.05,0.0,-0.06666667,0.5714286,0.4415583,0.51111114,0.54651165,0.51933664,0.42857143,0.5584417,0.48888886,0.45348835,0.48066336,0.14285715,-0.11688339,0.022222267,0.09302332,0.038673297,0.8076268,0.9897581,0.9276092,0.80598,0.8731996,0.16102424,0.36971155,0.30632135,0.31551117,0.31508243,0.8503488,1.5353024,1.4704994,1.6129073,1.2655083,0.32392687,0.44506568,0.53995097,0.54426444,0.4984713,0.67607313,0.5549343,0.46004903,0.45573553,0.5015287,-0.35214624,-0.109868675,0.07990194,0.08852891,-0.0030574063
SH601229,-0.011212619302487278,0.375,,2026-05-27,-0.007726231,0.017659957,-0.4375,0.0011037473,0.0625,0.008829978,0.5,0.0,0.0,1.0077864,1.0088987,0.99110126,0.99835473,1.0100622,1.0446877,1.087008,1.0668837,1.0858241,1.0069844,1.0208938,1.0324209,1.0507547,1.0704153,0.004451988,0.020890756,0.02192952,0.03220403,0.031642884,-0.002456351,-0.00614849,-0.003028213,-0.003304254,-0.0013919552,0.7610495,0.79403585,0.6673945,0.8158836,0.59019876,-0.002071622,0.006774449,-0.003652814,-0.0028429849,-0.029352633,1.0200738,1.0700985,1.0980955,1.1091762,1.1214198,0.99110126,0.99110126,0.99110126,0.99110126,0.99110126,1.010299,1.0352767,1.056348,1.0871856,1.097958,1.0044984,1.007517,1.0100622,1.0174016,1.034152,0.2,0.1,0.05,0.033333335,0.016666668,0.30714387,0.11264605,0.0831702,0.07536517,0.06828446,0.4,0.2,0.05,0.13333334,0.21666667,1.0,1.0,1.0,1.0,1.0,-0.6,-0.8,-0.95,-0.8666667,-0.78333336,-0.8164954,0.7075071,0.6989,0.13470353,-0.042161193,-0.6821463,-0.028218053,-0.07136538,0.36588714,0.13817461,0.4,0.3,0.25,0.3,0.33333334,0.6,0.7,0.75,0.7,0.6333333,-0.2,-0.4,-0.5,-0.4,-0.3,0.20689328,0.2234427,0.22574599,0.3651551,0.41695306,0.79310673,0.7765573,0.774254,0.6348449,0.583047,-0.5862134,-0.5531146,-0.548508,-0.2696898,-0.16609392,0.7122243,0.88378716,1.0350746,1.0029838,0.9336989,0.16540326,0.25182214,0.26537216,0.32515892,0.27608237,1.1012211,1.0244077,0.8966369,0.9218533,0.9133641,0.6066219,0.4018842,0.42916998,0.517434,0.5172935,0.39337805,0.5981158,0.57083005,0.482566,0.4827065,0.21324389,-0.19623162,-0.14166005,0.034868013,0.03458705
SH600926,-0.012505256156087372,0.375,,2026-05-27,-0.0074580656,0.017402114,-0.4285724,0.0012429914,0.07142761,0.008701057,0.5,0.0,0.0,1.0075141,1.0087664,0.9912336,0.9999465,1.0138359,1.0424619,1.0713264,1.0739505,1.0193226,1.0063932,1.0161021,1.0410903,1.0534112,1.0506958,0.004324945,0.013126366,0.030368427,0.030697756,0.02531369,-0.0018845425,-0.003965704,-0.004915021,-0.0030845883,-0.00013281009,0.4746688,0.8366868,0.9167991,0.78249735,0.008395587,-0.002624086,0.0017435385,0.0056024883,-0.008684769,-0.04677792,1.022007,1.050035,1.1013525,1.1013525,1.1013525,0.9912336,0.9912336,0.9912336,0.9912336,0.9912336,1.0101622,1.0252863,1.0683206,1.0820612,1.0747138,1.0040077,1.0059638,1.0105916,1.0163168,1.0292462,0.2,0.1,0.05,0.033333335,0.016666668,0.2848707,0.14908533,0.079608835,0.079608835,0.079608835,0.6,0.1,0.2,0.46666667,0.73333335,1.0,1.0,1.0,1.0,1.0,-0.4,-0.9,-0.8,-0.53333336,-0.26666668,0.05365379,-0.3604071,0.28627646,-0.050541684,-0.015872287,-0.16007967,-0.2702778,0.005671,-0.009986867,0.009215687,0.2,0.2,0.25,0.33333334,0.5,0.8,0.8,0.7,0.6,0.46666667,-0.6,-0.6,-0.45,-0.26666668,0.033333335,0.22641607,0.17985606,0.26821706,0.3368418,0.4796788,0.77358395,0.82014394,0.731783,0.6631582,0.5203212,-0.5471679,-0.6402879,-0.46356592,-0.32631642,-0.040642377,0.97711974,0.9213437,0.99515545,0.9620889,1.0292974,0.12219713,0.11697309,0.15,0.23334935,0.33430004,0.2709114,0.66287,0.8991636,0.9047997,1.0712223,0.6440473,0.4903831,0.49499294,0.5183613,0.50534934,0.35595268,0.5096169,0.505007,0.4816387,0.4946507,0.2880946,-0.019233827,-0.0100141,0.03672259,0.01069863
SH600674,-0.013373909488370235,0.375,,2026-05-27,-0.0066050543,0.019154545,-0.34482962,0.003962997,0.2068959,0.008586493,0.44827446,-0.001981558,-0.103451066,1.006649,1.0106384,0.99135643,0.9985857,0.99733156,1.0232831,0.9926984,0.97407776,0.94149905,0.9946807,1.0001994,1.0089775,1.0002463,1.008305,0.008855172,0.0130732255,0.013645765,0.019677676,0.025805594,0.004985033,-0.0006977269,-0.0012440119,0.0009820826,-0.00040360037,0.7922861,0.026110603,0.29088497,0.19304125,0.07460625,-0.004650745,0.002940364,0.0028406307,-0.014486523,0.003601215,1.0106384,1.049201,1.049201,1.049201,1.0877707,0.96941876,0.96941876,0.96941876,0.9474872,0.9408375,1.0011964,1.0027916,1.0212891,1.0168905,1.0291244,0.9872383,0.99387723,0.9972025,0.9872383,0.98790103,0.8,0.65,0.325,0.48333332,0.39166668,0.74191076,0.38330844,0.38330844,0.51627994,0.402649,1.0,0.4,0.7,0.8,0.18333334,0.4,0.7,0.85,0.06666667,0.016666668,0.6,-0.3,-0.15,0.73333335,0.16666667,-0.026408436,0.67126065,0.33169147,0.5467364,0.41776812,0.29107544,0.6782287,0.6313038,0.67104673,0.5723779,0.6,0.5,0.5,0.46666667,0.45,0.4,0.5,0.45,0.46666667,0.5,0.2,0.0,0.05,0.0,-0.05,0.53238416,0.41620934,0.51874155,0.5438058,0.5423837,0.4676158,0.58379066,0.48125845,0.4561942,0.45761633,0.06476837,-0.16758132,0.037483092,0.08761161,0.08476732,1.1157323,1.2428555,1.1964339,1.1575625,1.2944405,0.1657798,0.30361265,0.3226355,0.40872905,0.53210545,0.5861947,1.0097768,1.2138455,1.4215182,1.2221493,0.35096055,0.44250584,0.5011678,0.49643874,0.5067618,0.64903945,0.55749416,0.49883223,0.50356126,0.4932382,-0.2980789,-0.11498832,0.0023355565,-0.007122492,0.013523605
SZ300015,-0.015016999742285517,0.375,,2026-05-27,0.018846972,0.037694026,0.4999989,0.011086498,0.29411817,0.007760557,0.20588294,0.015521031,0.41176367,0.98150164,1.0108814,0.97388464,0.99367046,1.0304798,1.184993,1.1958634,1.0457113,1.1523491,1.0041367,1.0559341,1.113986,1.1000044,1.0910457,0.013178662,0.06726065,0.07668036,0.07138411,0.057694014,-0.004896576,-0.020668458,-0.011757628,-0.0011381912,-0.00019022838,0.3451297,0.8655765,0.82288516,0.019702852,0.0033158045,0.005656518,0.03707402,-0.0022885143,-0.08350062,-0.08543404,1.0478826,1.1958668,1.2165412,1.2285074,1.2285074,0.97388464,0.97388464,0.97388464,0.97388464,0.97388464,1.0167581,1.1173066,1.1751932,1.1730158,1.1482059,0.9965175,0.9997819,1.0180664,1.0302618,1.0409172,0.6,0.3,0.15,0.1,0.05,0.35292023,0.11764606,0.107622616,0.1025648,0.1025648,0.2,0.1,0.1,0.33333334,0.6666667,1.0,1.0,1.0,1.0,1.0,-0.8,-0.9,-0.9,-0.6666667,-0.33333334,0.6564902,-0.44812316,-0.030982403,0.40156087,0.33568284,0.594611,-0.306944,0.2828756,0.5741061,0.34144855,0.4,0.2,0.3,0.4,0.41666666,0.6,0.8,0.7,0.53333336,0.55,-0.2,-0.6,-0.4,-0.13333334,-0.13333334,0.3332731,0.123874865,0.2606396,0.46152994,0.4239084,0.6667269,0.87612516,0.7393604,0.53847003,0.5760916,-0.3334538,-0.75225025,-0.4787208,-0.0769401,-0.1521832,1.0872141,1.1007612,1.1113193,1.0940291,0.8111511,0.122603625,0.21045758,0.2762663,0.59113085,0.50996715,0.3609039,0.6411094,0.7063867,1.5096362,1.7751495,0.18108362,0.4371098,0.32261977,0.51994,0.5187651,0.8189164,0.5628902,0.6773802,0.48005998,0.48123488,-0.63783276,-0.12578039,-0.35476044,0.039880015,0.03753024
SH601328,-0.01577897975894652,0.25,,2026-05-27,-0.0015151065,0.009090909,-0.16666172,0.006060606,0.6666667,0.0015151964,0.1666716,-0.006060516,-0.6666568,1.0015174,1.0075872,0.9984825,1.0019505,0.99665177,1.0133928,1.0591518,1.031808,0.9983259,1.0036831,1.0078125,1.0181082,1.0305431,1.0337518,0.0034081286,0.00813788,0.01769344,0.023452103,0.021422138,-0.00206473,-0.0021915564,-0.0025145148,-0.0023227672,-0.00025622483,0.91756034,0.6648048,0.70689017,0.76023775,0.04363315,0.00044642814,0.002049511,0.00577965,0.0031369976,-0.026193194,1.0209069,1.0286342,1.0678674,1.0783825,1.0816637,0.99360186,0.99360186,0.99360186,0.99360186,0.9877054,1.0072545,1.0132812,1.0233259,1.0561384,1.0544642,1.0008929,1.0008929,1.0063616,1.009933,1.0117188,0.2,0.2,0.1,0.06666667,0.06666667,0.23432036,0.18263566,0.08615221,0.07546701,0.13085166,0.4,0.2,0.05,0.23333333,0.38333333,0.2,0.6,0.8,0.8666667,0.033333335,0.2,-0.4,-0.75,-0.6333333,0.35,0.4294518,0.21987776,-0.22230424,-0.5102933,-0.33369866,-0.037268326,0.22071916,-0.22343908,-0.06161779,0.07891554,0.2,0.3,0.3,0.4,0.5,0.6,0.6,0.6,0.53333336,0.45,-0.4,-0.3,-0.3,-0.13333334,0.05,0.59375,0.3723404,0.2590909,0.4117647,0.50192064,0.40625,0.62765956,0.7409091,0.5882353,0.4980794,0.1875,-0.25531915,-0.48181817,-0.1764706,0.0038412292,0.98941433,1.0341028,1.0276606,0.93511415,0.98447347,0.15934293,0.15095258,0.25911668,0.25675038,0.3090086,1.2707448,1.05393,1.2231779,1.1897054,1.3775989,0.41727647,0.50899726,0.54287016,0.5236082,0.5059336,0.5827235,0.49100274,0.45712987,0.4763918,0.49406642,-0.16544704,0.017994547,0.085740276,0.04721644,0.011867159
SZ002422,-0.016301661219149763,0.375,,2026-05-27,0.018846342,0.031125009,0.6055048,0.0034265774,0.110090815,0.008852089,0.28440437,0.024271855,0.77981836,0.9815023,1.0033633,0.9728139,0.98753643,0.8957266,0.9069643,0.93765765,0.9396071,0.84232855,0.9662564,0.92510897,0.9277215,0.9356433,0.9258033,0.03556318,0.05090274,0.0370225,0.03506131,0.044222392,0.01986851,0.015590737,0.001559198,-0.0007921803,0.0009781297,0.780314,0.85992867,0.062078204,0.039563388,0.14921355,-0.005993428,0.0047327434,0.057466112,0.07584332,0.045341842,1.005884,1.005884,1.005884,1.005884,1.0197481,0.89210993,0.84920996,0.84920996,0.84920996,0.8047435,0.989909,0.9759499,0.9568841,0.965018,0.9588487,0.95196086,0.8796958,0.8998853,0.9068496,0.90087146,1.0,1.0,1.0,1.0,0.96666664,0.9482835,0.96244437,0.96244437,0.96244437,0.9081504,0.8,0.9,0.95,0.96666664,0.41666666,0.2,0.3,0.65,0.76666665,0.06666667,0.6,0.6,0.3,0.2,0.35,0.3278081,0.530161,0.45585585,0.5518662,0.6426417,0.92947733,0.73472685,0.64637226,0.5911306,0.6504047,0.8,0.5,0.5,0.5,0.5,0.2,0.5,0.5,0.5,0.5,0.6,0.0,0.0,0.0,0.0,0.9189189,0.7008914,0.5797711,0.5522625,0.5682427,0.08108106,0.29910865,0.42022887,0.44773754,0.43175727,0.8378379,0.4017827,0.15954223,0.10452493,0.13648546,1.2434206,1.0602317,0.9867804,1.0438548,1.0410064,0.58219457,0.50287056,0.39917752,0.39255452,0.40178218,1.4347587,1.3733872,1.4168036,1.2689581,1.3314848,0.5400523,0.49428466,0.5054452,0.48023278,0.49858198,0.45994774,0.50571537,0.4945548,0.5197672,0.501418,0.08010454,-0.011430699,0.01089042,-0.039534464,-0.002836045
SH601138,-0.016933545787724304,0.375,,2026-05-27,0.002575001,0.05793985,0.044442657,0.05236055,0.9037053,0.0030043004,0.051852055,-0.04678125,-0.8074106,0.99743164,1.0522261,0.994435,1.0215656,0.9724386,1.0109048,0.92762136,0.806471,0.8269623,0.9789336,0.9773517,0.9568784,0.9306691,0.8403336,0.030809969,0.021188656,0.036013108,0.05712973,0.10232744,0.017088065,0.0025564209,0.0034602676,0.005153799,0.0050536008,0.76903,0.13343486,0.32312173,0.63071376,0.743905,-0.013109677,0.011144355,0.01024904,-0.0053991983,0.010585197,1.0522261,1.0559666,1.0559666,1.0559666,1.0559666,0.9203432,0.9203432,0.8810574,0.7905662,0.67564183,1.0006231,0.9988497,0.987154,0.9784302,0.9585621,0.95357704,0.9635711,0.91837037,0.8774836,0.7442781,0.8,0.9,0.9,0.93333334,0.96666664,0.6039965,0.5873379,0.6800247,0.7891238,0.85284513,1.0,0.1,0.55,0.7,0.85,0.4,0.7,0.25,0.033333335,0.28333333,0.6,-0.6,0.3,0.6666667,0.56666666,0.724606,0.24799192,0.3536196,0.5898,0.7954275,0.4364937,0.25955307,0.55082226,0.67095923,0.48786062,0.6,0.4,0.5,0.53333336,0.46666667,0.4,0.6,0.5,0.46666667,0.53333336,0.2,-0.2,0.0,0.06666667,-0.06666667,0.62286353,0.47122052,0.57362264,0.62843966,0.56850094,0.3771365,0.52877945,0.4263774,0.37156034,0.43149903,0.245727,-0.057558935,0.14724524,0.2568793,0.13700192,0.81494504,0.8907732,0.8911368,0.84385335,0.6597833,0.13852178,0.24024984,0.22738552,0.2277767,0.26824924,0.936247,0.8833584,1.1975209,1.149718,1.2462598,0.6934269,0.36543497,0.51206833,0.53068554,0.5216452,0.3065731,0.634565,0.4879317,0.4693145,0.47835484,0.3868538,-0.26913005,0.024136633,0.06137105,0.043290336
SH601021,-0.018314589490827905,0.25,,2026-05-27,0.005626195,0.027922474,0.20149344,0.007501553,0.26865646,0.014794726,0.5298501,0.012919368,0.46268708,0.99440527,1.0074596,0.97969335,0.99646187,0.94465554,0.96170706,0.9992205,0.97680986,1.1511254,0.99054855,0.96490306,0.97124135,0.97823244,0.9861736,0.016451772,0.030499052,0.023401383,0.02274865,0.038669948,0.0053590615,0.008319382,-0.00012637553,-0.00084361946,-0.0009808068,0.2652724,0.6820572,0.00102073,0.10658195,0.19620928,-0.0012666725,-0.002340249,0.029959233,0.034000013,0.042760182,1.022659,1.022659,1.022659,1.022659,1.1641775,0.9548816,0.90785307,0.90785307,0.90785307,0.8926877,1.0004287,0.9980512,0.9928676,0.99890864,1.0036051,0.98517,0.94313556,0.95065767,0.9620189,0.9597973,0.8,0.9,0.95,0.8833333,0.75,0.66568583,0.8026327,0.8026327,0.8026327,0.39527193,0.6,0.8,0.9,0.93333334,0.016666668,0.2,0.3,0.65,0.76666665,0.28333333,0.4,0.5,0.25,0.16666667,-0.26666668,0.19054522,0.7336153,0.5374192,0.15529582,0.047617756,0.88679683,0.6924518,0.552977,0.5492295,0.039609496,0.6,0.5,0.4,0.43333334,0.38333333,0.4,0.5,0.6,0.56666666,0.6166667,0.2,0.0,-0.2,-0.13333334,-0.23333333,0.72647536,0.59859514,0.5013832,0.5319035,0.4192608,0.2735246,0.40140486,0.4986168,0.4680965,0.5807392,0.45295078,0.19719031,0.0027663554,0.06380702,-0.16147842,1.3900373,1.0150602,0.9263968,0.8335294,0.9888066,0.46700463,0.5097832,0.39904976,0.3646564,0.48624206,0.9827509,1.2369738,1.4879869,1.599998,1.6060821,0.5667177,0.5406278,0.5499829,0.5187136,0.51079446,0.4332823,0.45937222,0.4500171,0.4812864,0.48920554,0.13343541,0.08125555,0.09996583,0.037427187,0.02158895
SH601898,-0.01923442828824136,0.25,,2026-05-27,-0.0032278877,0.036797933,-0.08771927,0.0071013295,0.19298176,0.026468715,0.71929896,0.016139498,0.43859795,1.0032383,1.0103626,0.9734456,0.9911538,1.1064773,1.0408163,1.1246673,1.1100266,0.94409937,1.0132209,1.0548358,1.0925466,1.0930494,1.1205708,0.023317074,0.051569447,0.07172499,0.060338646,0.061941054,-0.011978708,-0.0121696135,-0.009524255,-0.0028463062,-0.0015688328,0.6597993,0.5104816,0.61714774,0.17245424,0.19565724,0.010736487,-7.258062e-05,-0.0020661545,-0.051777948,-0.07429027,1.1007458,1.1375545,1.2316989,1.2316989,1.2802413,0.9734456,0.9734456,0.9734456,0.9734456,0.94081396,1.0179237,1.1086069,1.1464064,1.128394,1.1787932,0.9994676,1.004614,1.0344276,1.047205,1.0710737,0.4,0.2,0.1,0.06666667,0.05,0.20859689,0.16180974,0.10282321,0.10282321,0.17437038,0.2,0.5,0.15,0.43333334,0.18333334,1.0,1.0,1.0,1.0,0.016666668,-0.8,-0.5,-0.85,-0.56666666,0.16666667,-0.5329301,-0.32796443,-0.028713176,0.057385523,0.30021343,-0.44059005,0.07152617,0.051347096,0.17041482,0.30283004,0.2,0.4,0.4,0.4,0.45,0.8,0.6,0.6,0.6,0.55,-0.6,-0.2,-0.2,-0.2,-0.1,0.0238097,0.4068828,0.36954507,0.41874185,0.51582915,0.9761903,0.5931172,0.6304549,0.5812582,0.48417085,-0.9523806,-0.18623441,-0.26090986,-0.1625163,0.031658288,0.92735356,0.8627008,0.8416022,0.81275064,1.0611542,0.14181054,0.24163873,0.2256401,0.2065889,0.48871475,1.036955,1.0360309,1.2484521,1.2060392,1.322647,0.72532606,0.58491546,0.5329387,0.5250856,0.5124726,0.27467394,0.41508454,0.46706128,0.47491434,0.48752734,0.45065212,0.16983089,0.06587744,0.050171312,0.024945308
SZ300979,-0.020791762806260973,0.375,,2026-05-27,-0.010115614,0.02774567,-0.36458352,0.0043352633,0.15625009,0.013294793,0.4791664,-0.0011560848,-0.041667216,1.010219,1.0145986,0.98656934,0.9987613,1.0536246,1.0747269,1.1802384,1.2296425,1.3458292,1.0250745,1.0498263,1.075869,1.1208788,1.2068686,0.022015704,0.031166129,0.044242647,0.074379526,0.10702112,-0.013381339,-0.010049355,-0.0062913005,-0.0079411315,-0.0058498266,0.92357886,0.9530642,0.70772856,0.8834046,0.91126955,0.0016881966,-0.0046041277,-0.016101578,-0.0057324604,-0.03429872,1.0792743,1.1113334,1.1924514,1.2429549,1.3796749,0.98656934,0.98656934,0.98656934,0.98656934,0.98656934,1.034558,1.0762662,1.0871897,1.2068025,1.319712,1.0095333,1.023436,1.0486097,1.0713009,1.0808342,0.2,0.1,0.05,0.033333335,0.016666668,0.1448752,0.10764839,0.06523472,0.0523846,0.034165513,0.2,0.1,0.1,0.23333333,0.21666667,1.0,1.0,1.0,1.0,1.0,-0.8,-0.9,-0.9,-0.76666665,-0.78333336,0.43466318,0.07097874,-0.10645674,-0.36690524,-0.29796654,0.08760001,0.09931588,-0.39089957,-0.33461115,-0.21968906,0.2,0.2,0.25,0.26666668,0.33333334,0.8,0.8,0.75,0.7,0.6333333,-0.6,-0.6,-0.5,-0.43333334,-0.3,0.07812511,0.16629694,0.18324605,0.20893642,0.30252334,0.9218749,0.83370304,0.8167539,0.7910636,0.6974766,-0.84374976,-0.6674061,-0.6335079,-0.58212715,-0.3949533,1.0095766,0.96869403,1.1546347,1.0284303,0.91103697,0.23787963,0.29769117,0.6697985,0.57751286,0.50743526,1.0386323,0.96763784,2.1737354,2.3240957,2.083934,0.60089713,0.51174766,0.49848077,0.45900467,0.48088995,0.39910287,0.4882523,0.50151926,0.5409953,0.5191101,0.2017943,0.02349535,-0.0030384723,-0.08199066,-0.038220126
SH601916,-0.021353130222915188,0.25,,2026-05-27,-0.0067114136,0.01006712,-0.6666667,0.0033557068,0.33333334,0.0,0.0,-0.01006712,-1.0,1.0067568,1.0101352,1.0,1.0038158,1.0097561,1.0121951,1.0,1.002439,1.002439,1.002439,1.0068293,1.0079268,1.0085366,1.016504,0.001724652,0.005243749,0.0068473592,0.0071253316,0.017096004,-0.0009756105,-0.0013599419,-5.318178e-05,-0.00013185393,-0.00046367932,0.8,0.6165501,0.0021112883,0.026538579,0.22436032,-0.00048780526,-0.0007095349,-0.0074216085,-0.0066247103,-0.0028255386,1.0149943,1.0204521,1.0238311,1.0238311,1.0628458,0.99906385,0.99906385,0.9966216,0.9966216,0.9893065,1.0029268,1.0097561,1.0170732,1.0170732,1.0360976,1.0019512,1.002439,1.0019512,1.0019512,1.002439,0.2,0.1,0.125,0.11666667,0.09166667,0.058766436,0.043770395,0.12416156,0.12416156,0.14541207,0.2,0.4,0.35,0.56666666,0.21666667,0.6,0.8,0.05,0.36666667,0.45,-0.4,-0.4,0.3,0.2,-0.23333333,0.07790624,0.30360243,0.45293027,0.40236655,0.5273007,-0.4723664,0.3262872,0.3323343,0.44026238,-0.1326677,0.0,0.1,0.2,0.23333333,0.31666666,0.6,0.5,0.35,0.4,0.43333334,-0.6,-0.4,-0.15,-0.16666667,-0.11666667,0.0,0.27272728,0.5,0.4878049,0.49655172,1.0,0.72727275,0.5,0.5121951,0.50344825,-1.0,-0.45454547,0.0,-0.024390243,-0.0068965517,0.8348569,0.8590087,0.8680846,0.84801775,1.2464755,0.18253396,0.17160235,0.2196081,0.21714343,0.56834096,1.1304036,1.1225486,1.687337,1.3657404,2.0026639,0.60164344,0.5621515,0.5180079,0.5219798,0.5027565,0.39835656,0.43784848,0.48199213,0.4780202,0.49724352,0.2032869,0.124303035,0.036015768,0.04395962,0.0055129295
SH600030,-0.02215667289439284,0.125,,2026-05-27,-0.015660772,0.033613496,-0.46590728,0.008785357,0.26136398,0.009167368,0.27272877,-0.015278762,-0.4545425,1.0159099,1.0248351,0.9906868,1.0054332,1.0120445,1.0535579,1.0178916,1.0050868,1.0625036,1.0109571,1.0158452,1.0356399,1.0304683,1.0062689,0.008340886,0.009544637,0.022035006,0.019783555,0.039793115,-0.002180903,-0.002328846,-0.0032119844,-0.00020134468,0.00070201646,0.17091821,0.5457254,0.7436842,0.008027372,0.09492456,-0.0065953066,-0.0053653265,-0.0051260525,-0.0275488,-0.026978327,1.0512432,1.060555,1.0803539,1.0803539,1.0803539,0.9906868,0.9906868,0.9906868,0.9891702,0.922379,1.0171548,1.0200316,1.0572063,1.0563059,1.0390575,1.0031339,1.0104191,1.016079,1.016079,0.95818275,0.2,0.1,0.05,0.033333335,0.3,0.1537942,0.13329686,0.10386438,0.11876917,0.4913501,0.2,0.1,0.25,0.5,0.75,1.0,1.0,1.0,0.033333335,0.45,-0.8,-0.9,-0.75,0.46666667,0.3,0.2853934,-0.06533236,0.3123242,0.341746,0.3498159,0.49461392,0.38496527,0.51770043,0.50943255,0.45929998,0.6,0.4,0.45,0.46666667,0.41666666,0.4,0.6,0.55,0.5,0.56666666,0.2,-0.2,-0.1,-0.033333335,-0.15,0.37767297,0.23027131,0.45497346,0.49045843,0.45363867,0.622327,0.76972866,0.54502654,0.5095416,0.5463613,-0.24465407,-0.5394574,-0.09005306,-0.019083144,-0.09272266,0.9901642,0.8218375,0.8818378,0.8377545,0.7664451,0.23179987,0.2515717,0.24455504,0.24857095,0.32977164,0.65172756,0.6722397,0.8193651,0.86244035,2.090515,0.6252615,0.5677126,0.5404119,0.415704,0.5075362,0.3747385,0.43228742,0.45958814,0.584296,0.49246386,0.250523,0.13542515,0.080823734,-0.16859196,0.015072297
SH601336,-0.022856136994678367,0.125,,2026-05-27,-0.014434366,0.036757283,-0.39269403,0.010909716,0.2968042,0.011413203,0.31050178,-0.013930879,-0.3789964,1.0146458,1.0257152,0.98841965,1.0031453,1.0160174,1.0907227,1.0627884,1.0609944,1.2796003,1.0080727,1.0214121,1.058406,1.0635871,1.1098732,0.01097894,0.019950056,0.042878892,0.037093982,0.08416693,0.0012173319,-0.005179163,-0.0055814837,-0.0022477563,-0.0038500607,0.030735279,0.6177922,0.5930349,0.28457272,0.638193,-0.010507436,0.0018941405,-0.005381851,-0.030994583,0.0037036482,1.0518794,1.0930984,1.1437486,1.1437486,1.3315943,0.98841965,0.98841965,0.98841965,0.98841965,0.98841965,1.0141209,1.0317786,1.1025628,1.0970016,1.208406,0.9992824,1.0063556,1.0151205,1.0243465,1.0422604,0.4,0.2,0.1,0.06666667,0.033333335,0.18248345,0.110627525,0.07455374,0.07455374,0.03374479,0.2,0.1,0.2,0.46666667,0.05,1.0,1.0,1.0,1.0,1.0,-0.8,-0.9,-0.8,-0.53333336,-0.95,0.67220926,-0.0106015485,0.41913965,0.40224144,-0.066383734,0.501396,0.5758187,0.5764893,0.59992874,0.28437716,0.4,0.3,0.45,0.43333334,0.4,0.6,0.7,0.55,0.56666666,0.6,-0.2,-0.4,-0.1,-0.13333334,-0.2,0.3889874,0.21172649,0.38288718,0.42201838,0.36403286,0.6110126,0.7882735,0.6171128,0.57798165,0.63596714,-0.22202522,-0.576547,-0.23422562,-0.15596326,-0.27193424,0.98881274,0.8483616,0.9420739,0.9202301,0.8672378,0.27839392,0.25247636,0.30258778,0.28399873,0.27444753,0.4870727,0.5327501,0.7497532,0.8734187,1.109771,0.6143547,0.46850678,0.52968097,0.5032239,0.5043868,0.3856453,0.5314932,0.47031906,0.4967761,0.49561322,0.22870941,-0.06298642,0.059361883,0.006447777,0.008773544
SZ002142,-0.024664473916870367,0.125,,2026-05-27,-0.009043912,0.015180852,-0.59574467,0.0012919875,0.08510638,0.004844953,0.31914893,-0.0054909466,-0.3617021,1.0091264,1.0104302,0.9951108,1.0018156,1.0206186,1.0446736,1.0528681,0.9859899,1.0097806,1.0114195,1.0193497,1.0422285,1.0386995,1.021524,0.010301918,0.013296858,0.028150855,0.026352987,0.03023538,-0.0060666227,-0.0037808716,-0.0045120725,-0.0006408858,0.00050549686,0.8669574,0.7411348,0.8991601,0.04583564,0.08525227,0.000713717,-0.0023358176,0.0006362875,-0.029406613,-0.036436096,1.0388385,1.0515265,1.1043464,1.1043464,1.1043464,0.9951108,0.9951108,0.9951108,0.9765221,0.9550808,1.0162306,1.0297648,1.0686492,1.0594766,1.0452551,1.0062385,1.0081153,1.0132964,1.0132964,0.992387,0.2,0.1,0.05,0.06666667,0.31666666,0.11180962,0.0866633,0.044758026,0.18367328,0.30093467,0.2,0.1,0.05,0.36666667,0.68333334,1.0,1.0,1.0,0.033333335,0.28333333,-0.8,-0.9,-0.95,0.33333334,0.4,0.67538726,0.06567091,0.513365,0.60842913,0.48324877,0.7986017,0.010564115,0.02838629,0.41259944,0.12362219,0.4,0.3,0.4,0.46666667,0.46666667,0.6,0.7,0.6,0.53333336,0.51666665,-0.2,-0.4,-0.2,-0.06666667,-0.05,0.21111205,0.22916706,0.381094,0.520416,0.4924551,0.788888,0.77083296,0.61890596,0.47958398,0.5075449,-0.5777759,-0.5416659,-0.23781197,0.040832013,-0.015089787,1.3451657,1.3149959,1.5998821,1.5566716,1.4444796,0.20731999,0.1866796,0.67737406,0.6065941,0.5396385,0.7166005,0.9824787,0.9009213,1.0171217,1.0913693,0.46135312,0.41683826,0.4399393,0.4950493,0.5018902,0.5386469,0.5831618,0.56006074,0.5049507,0.49810982,-0.077293746,-0.16632348,-0.120121434,-0.009901396,0.0037803582
SH601607,-0.025475826729224337,0.25,,2026-05-27,0.0024464915,0.020183526,0.121212296,0.0018348973,0.090910636,0.015902137,0.7878771,0.016513731,0.8181787,0.9975595,1.0018305,0.9816961,0.99115103,1.0140103,1.0402726,1.0298885,1.0469754,1.0506566,1.0012087,1.0098675,1.0245811,1.0292603,1.0349139,0.0037612242,0.011151984,0.018073961,0.016519137,0.017813144,-0.0019504401,-0.0032598989,-0.0023473066,-0.0013741384,-0.00048765153,0.67227477,0.78327703,0.5903383,0.5362755,0.2285798,0.0026921707,0.004801951,-0.0022816577,-0.009335296,-0.020528119,1.0213459,1.040865,1.0530825,1.0543085,1.0610318,0.9816961,0.9816961,0.9816961,0.9816961,0.9816961,1.0037581,1.0207132,1.0431844,1.0431844,1.0495248,0.9989011,0.9998791,1.0059667,1.0125488,1.0181749,0.6,0.3,0.15,0.1,0.06666667,0.46163842,0.3093498,0.25640544,0.25207615,0.23071384,0.2,0.1,0.45,0.13333334,0.21666667,1.0,1.0,1.0,1.0,1.0,-0.8,-0.9,-0.55,-0.8666667,-0.78333336,0.16501236,-0.00061019417,0.35528556,0.3201022,0.34738883,0.6455259,-0.04794105,-0.0018925775,0.15458043,0.092729874,0.2,0.2,0.3,0.3,0.43333334,0.8,0.8,0.6,0.6333333,0.51666665,-0.6,-0.6,-0.3,-0.33333334,-0.083333336,0.15258914,0.22952095,0.38713706,0.37532815,0.4352528,0.84741086,0.770479,0.61286294,0.6246718,0.5647472,-0.6948217,-0.5409581,-0.2257259,-0.24934368,-0.12949444,0.683302,0.6923918,0.7519013,0.7444771,0.8745224,0.18803672,0.15816182,0.16388363,0.181085,0.31072572,0.45407557,0.6738961,0.76587087,0.8472824,1.3555096,0.7921561,0.57589746,0.5654947,0.50658387,0.5052718,0.2078439,0.42410254,0.43450525,0.49341616,0.49472824,0.5843122,0.15179488,0.13098946,0.013167681,0.010543553
SZ300502,-0.025801678553892617,0.375,,2026-05-27,0.0064733415,0.045139153,0.14340857,0.028963178,0.64164203,0.009702633,0.21494938,-0.012787203,-0.28328407,0.9935683,1.0287769,0.9839281,1.0036244,0.8459999,0.90502155,0.7730504,0.75179845,0.5552511,0.9285695,0.8942615,0.8470667,0.8326229,0.7266303,0.08335154,0.06850927,0.07517153,0.07302182,0.12626052,0.05053679,0.014823168,0.010526766,0.005549908,0.006786218,0.91902655,0.42913583,0.68635875,0.44768023,0.8810901,-0.029643085,0.03903424,0.05292902,0.086903445,0.07317628,1.0287769,1.0287769,1.0287769,1.0287769,1.0287769,0.81333786,0.80620134,0.7381293,0.70506483,0.49890673,1.0014387,0.95857257,0.8922555,0.8800283,0.8462962,0.8613174,0.8415481,0.77381295,0.7722183,0.59134334,0.8,0.9,0.95,0.96666664,0.98333335,0.86642677,0.87070954,0.9009904,0.9111034,0.9456907,1.0,1.0,1.0,1.0,1.0,0.2,0.4,0.3,0.1,0.033333335,0.8,0.6,0.7,0.9,0.96666664,0.50594723,0.63539064,0.20403652,-0.0019966646,-0.07211854,0.6519004,0.44801304,0.25666204,-0.085278764,0.21667518,0.6,0.4,0.5,0.46666667,0.53333336,0.4,0.6,0.5,0.53333336,0.46666667,0.2,-0.2,0.0,-0.06666667,0.06666667,0.83245367,0.641695,0.7062211,0.631744,0.6331137,0.16754633,0.35830495,0.2937789,0.36825597,0.3668863,0.66490734,0.2833901,0.4124422,0.26348805,0.2662274,1.1521362,1.0589283,1.1251799,1.171075,1.1842219,0.18761842,0.17122488,0.25214365,0.34727147,0.3412679,0.6709578,0.8510959,0.95745045,1.1895151,1.0553422,0.5448797,0.42231488,0.36203772,0.48471093,0.5028163,0.45512035,0.5776851,0.6379623,0.51528907,0.4971837,0.0897593,-0.15537022,-0.27592453,-0.030578138,0.0056325803
SH600660,-0.027435408900102213,0.375,,2026-05-27,-0.010319005,0.021763548,-0.47414163,0.0015008678,0.068962455,0.009943676,0.45689592,-0.0018761961,-0.086208194,1.0104266,1.0119431,0.9899526,0.9967961,1.0291938,1.083223,1.0964631,1.0663733,1.1428998,1.0224842,1.0372896,1.0694095,1.0798639,1.0798177,0.017883575,0.02280322,0.03692623,0.034827694,0.030183436,-0.009403154,-0.0069499025,-0.00578326,-0.0029581254,-0.0005903571,0.6911598,0.85148394,0.85850644,0.5590948,0.11667885,-0.0036778497,-0.0060150702,-0.01446856,-0.036971066,-0.06240206,1.051186,1.0896695,1.1345428,1.1349127,1.1414137,0.9899526,0.9899526,0.9899526,0.9899526,0.9899526,1.0336694,1.0526644,1.1037078,1.104266,1.104266,1.0112231,1.0191858,1.0299535,1.047053,1.0518897,0.2,0.1,0.05,0.033333335,0.016666668,0.16408323,0.1007589,0.069488496,0.0693112,0.06633625,0.4,0.1,0.05,0.23333333,0.016666668,1.0,1.0,1.0,1.0,1.0,-0.6,-0.9,-0.95,-0.76666665,-0.98333335,0.36422578,-0.11314227,0.16211124,0.112382665,-0.0130202845,0.8761045,0.19715388,0.17282526,0.32809612,0.07176129,0.4,0.2,0.35,0.43333334,0.45,0.6,0.8,0.65,0.56666666,0.55,-0.2,-0.6,-0.3,-0.13333334,-0.1,0.28001302,0.15433994,0.24970362,0.38498607,0.39199176,0.719987,0.8456601,0.75029635,0.6150139,0.6080082,-0.43997392,-0.6913201,-0.50059277,-0.23002784,-0.21601646,0.9763424,0.9245268,1.0191715,0.9672534,0.9446652,0.10084743,0.1749552,0.38948476,0.36413437,0.3813068,0.7647274,0.675386,0.79136,0.87897336,1.0315244,0.6790127,0.46293232,0.5121988,0.5179664,0.50773203,0.32098728,0.5370677,0.4878012,0.4820336,0.49226794,0.35802546,-0.07413536,0.024397632,0.035932798,0.015464123
SH601888,-0.027694494275083116,0.375,,2026-05-27,-0.0023065938,0.03974447,-0.05803559,0.018452812,0.46428627,0.018985065,0.47767815,-0.0017743412,-0.044643726,1.002312,1.0208074,0.98097104,0.99891436,1.0281528,1.0915926,1.1634704,1.2278306,1.4245167,1.0077018,1.0268564,1.0790887,1.1194998,1.2084522,0.0057316795,0.024943978,0.059998002,0.07670177,0.11180751,-0.0033138988,-0.007632481,-0.009928666,-0.008578929,-0.006275649,0.83570814,0.8582454,0.958465,0.96952087,0.96089345,-0.0010739509,0.0074897567,0.015233635,0.004894624,-0.023320587,1.0489304,1.1147486,1.1915412,1.2480835,1.4465474,0.98097104,0.98097104,0.98097104,0.98097104,0.98097104,1.0111997,1.0401657,1.1266493,1.1895059,1.3135471,1.0042958,1.0070881,1.0144216,1.0323873,1.1107395,0.2,0.1,0.05,0.033333335,0.016666668,0.28000507,0.14224322,0.09036872,0.071239516,0.040871833,0.2,0.1,0.2,0.06666667,0.016666668,1.0,1.0,1.0,1.0,1.0,-0.8,-0.9,-0.8,-0.93333334,-0.98333335,-0.6170805,0.32909828,-0.28282887,-0.5161772,-0.32474712,-0.23108867,0.22806509,-0.034511264,-0.17694788,-0.10414711,0.2,0.2,0.3,0.3,0.35,0.8,0.8,0.7,0.7,0.65,-0.6,-0.6,-0.4,-0.4,-0.3,0.07816151,0.06676324,0.15236606,0.16674185,0.264791,0.92183846,0.9332368,0.84763396,0.83325815,0.735209,-0.843677,-0.8664735,-0.69526786,-0.6665163,-0.470418,0.6932079,0.69980127,0.6597112,0.5964281,0.5324182,0.19468832,0.18252425,0.18899488,0.19535679,0.19277288,0.56892794,0.94238204,1.2563634,1.270677,1.1178916,0.802156,0.6111229,0.5951007,0.55898196,0.4955084,0.19784404,0.38887712,0.40489927,0.44101802,0.5044916,0.6043119,0.22224577,0.19020143,0.11796395,-0.008983219
SH601456,-0.027836727819055388,0.0,,2026-05-27,-0.0066225054,0.027593797,-0.23999977,0.015452564,0.5600014,0.0055187284,0.19999887,-0.016556341,-0.6000022,1.0066667,1.0222223,0.9944445,1.004498,1.0267667,1.0749464,1.0310493,1.0299786,1.0877944,1.0113491,1.0234475,1.044486,1.0416845,1.0385439,0.010230311,0.016122887,0.026619617,0.02200312,0.02387087,-0.005139186,-0.004989943,-0.0032981266,-0.00060738367,-0.00022525887,0.63088614,0.8780454,0.53727806,0.059055373,0.027159834,-0.0010706735,-0.0009928035,-0.01315388,-0.032877445,-0.031898763,1.0611725,1.0768709,1.0828936,1.0828936,1.0942184,0.9944445,0.9944445,0.9944445,0.9944445,0.9944445,1.0149894,1.0329764,1.0721627,1.0706638,1.0578158,1.0059958,1.0092077,1.0220556,1.0276232,1.012848,0.2,0.1,0.05,0.033333335,0.033333335,0.08325617,0.0673997,0.06281036,0.06281036,0.05568108,0.2,0.1,0.2,0.46666667,0.016666668,1.0,1.0,1.0,1.0,1.0,-0.8,-0.9,-0.8,-0.53333336,-0.98333335,0.59321564,-0.3386252,0.11631461,0.19222954,0.38040882,0.45851517,0.31758288,0.35587507,0.26624006,0.33368245,0.6,0.4,0.5,0.5,0.45,0.4,0.6,0.45,0.43333334,0.48333332,0.2,-0.2,0.05,0.06666667,-0.033333335,0.14285804,0.09302328,0.40136057,0.42708316,0.41163784,0.857142,0.9069767,0.5986394,0.57291687,0.58836216,-0.71428394,-0.81395346,-0.19727889,-0.14583369,-0.17672428,1.1214447,0.92562217,1.0233996,0.9053043,0.8687101,0.2511633,0.28272912,0.3625523,0.34686354,0.3231033,1.1754627,0.9617922,1.4798719,1.5815449,1.3094497,0.5928028,0.5401165,0.536406,0.4619743,0.5072545,0.40719718,0.4598835,0.46359405,0.5380257,0.49274552,0.18560566,0.080232956,0.07281191,-0.07605141,0.014508948
SZ000776,-0.028543892337562105,0.125,,2026-05-27,-0.0068421043,0.041578945,-0.16455694,0.020526312,0.49367082,0.01421053,0.34177226,-0.013157886,-0.3164555,1.0068892,1.027557,0.98569155,1.0023113,1.029685,1.1049255,1.0524628,1.0,1.1028699,1.0110352,1.0296439,1.0705575,1.0659978,1.03729,0.008944266,0.024380017,0.047489896,0.040039472,0.051819604,-0.0042348476,-0.007610517,-0.0068586697,-0.0012803752,0.0006848995,0.56043625,0.8932474,0.73003787,0.07925004,0.053280145,-0.0025655557,0.004603409,-0.0054001347,-0.047432404,-0.057494488,1.075781,1.1097145,1.1515691,1.1515691,1.1515691,0.98569155,0.98569155,0.98569155,0.98569155,0.9359423,1.0166762,1.0452923,1.118987,1.1144642,1.0820656,1.0055258,1.0090123,1.0220541,1.0290601,0.9879779,0.2,0.1,0.05,0.033333335,0.24166666,0.15882483,0.11536925,0.08625899,0.08625899,0.2970768,0.2,0.1,0.2,0.46666667,0.73333335,1.0,1.0,1.0,1.0,0.45,-0.8,-0.9,-0.8,-0.53333336,0.28333333,0.7240305,-0.37329125,0.3584764,0.26930597,0.45697132,0.5718204,0.3674372,0.38901618,0.37479952,0.29988024,0.2,0.1,0.25,0.4,0.38333333,0.8,0.9,0.7,0.56666666,0.6,-0.6,-0.8,-0.45,-0.16666667,-0.21666667,0.17477441,0.06598626,0.38416842,0.5,0.43766814,0.8252256,0.9340137,0.6158316,0.5,0.56233186,-0.6504512,-0.86802745,-0.23166317,0.0,-0.124663696,1.0932765,0.9309855,1.1601127,1.1413367,0.9343898,0.31226367,0.31882524,0.5439464,0.47375083,0.44190142,0.51225704,0.50264174,2.3649244,1.9899776,1.6807535,0.5852385,0.5297434,0.5001859,0.47915635,0.5117146,0.41476145,0.47025663,0.4998141,0.5208437,0.48828542,0.17047706,0.059486765,0.0003718355,-0.041687325,0.023429137
SH688008,-0.02861899480697188,0.375,,2026-05-27,-0.06838834,0.087406546,-0.7824167,0.013333822,0.15254946,0.005684382,0.06503382,-0.07603778,-0.86993235,1.0734086,1.0877212,0.99389833,1.0445845,0.96911776,0.9747825,0.61581755,0.54060376,0.6219209,1.0213801,0.9873291,0.8821413,0.7832286,0.6615367,0.03159869,0.046097916,0.1422224,0.18338758,0.17967413,0.002678891,0.009892726,0.021900496,0.019894345,0.00813367,0.017968506,0.42216367,0.8299269,0.9120552,0.6250314,-0.026737794,-0.031846415,-0.090196,-0.071696565,0.09852004,1.0877212,1.0877212,1.0877212,1.0877212,1.0877212,0.98305756,0.87789917,0.62280077,0.5362783,0.47080418,1.0344639,1.0242088,0.99874276,0.97731894,0.9114466,0.99749285,0.9340618,0.73373294,0.5938089,0.53276074,0.4,0.7,0.85,0.9,0.95,0.161875,0.5819255,0.8113198,0.8409241,0.85780704,1.0,1.0,1.0,1.0,1.0,0.2,0.4,0.15,0.033333335,0.38333333,0.8,0.6,0.85,0.96666664,0.6166667,-0.25887662,0.025382534,0.46869022,0.76157206,0.8072723,0.17103721,0.17137778,0.665115,0.6365379,0.4239974,0.6,0.6,0.65,0.6666667,0.51666665,0.4,0.4,0.35,0.33333334,0.48333332,0.2,0.2,0.3,0.33333334,0.033333335,0.59037435,0.5419402,0.7445561,0.745297,0.63647395,0.40962562,0.45805982,0.25544384,0.25470296,0.36352602,0.18074873,0.083880395,0.48911232,0.4905941,0.27294794,1.1367998,1.1491679,1.1073365,0.9652107,0.6952854,0.19308153,0.22121364,0.24400833,0.29129726,0.34940788,0.30351114,0.7501879,1.1627046,1.308951,1.5528278,0.5097052,0.47645676,0.51788354,0.538093,0.5287831,0.49029484,0.52354324,0.48211646,0.46190703,0.47121695,0.01941034,-0.047086507,0.03576709,0.07618595,0.057566132
SH601818,-0.028651815435075348,0.25,,2026-05-27,0.0,0.0064725312,0.0,0.0064725312,1.0,0.0,0.0,-0.0064725312,-1.0,1.0,1.0064726,1.0,1.002206,1.0140625,1.0140625,1.0296875,1.0328125,1.05,1.0034375,1.0067188,1.0114844,1.0183854,1.0358334,0.00338743,0.0060313363,0.0075918725,0.011840661,0.022671755,-0.0020312567,-0.0012784122,-0.0009480746,-0.0012322721,-0.0011144589,0.89893645,0.41183773,0.54582727,0.83938855,0.73698324,0.00062500837,-0.0009659034,-0.0024776766,-0.0005174783,-0.0029568064,1.0207747,1.0237819,1.029915,1.0391748,1.0878378,1.0,0.99676377,0.99676377,0.99676377,0.99676377,1.0053126,1.0115625,1.0203125,1.0296875,1.056875,1.0,1.0,1.0046875,1.0078125,1.0134375,0.3,0.2,0.1,0.06666667,0.033333335,0.0,0.11977977,0.09762031,0.07630632,0.035534047,0.2,0.5,0.05,0.13333334,0.18333334,0.8,0.3,0.65,0.76666665,0.8833333,-0.6,0.2,-0.6,-0.6333333,-0.7,0.21958296,0.33644742,0.18124412,-0.19112481,0.56424034,0.4232018,-0.05190805,-0.045609593,-0.09291222,-0.19925706,0.0,0.3,0.3,0.26666668,0.3,0.6,0.5,0.5,0.4,0.41666666,-0.6,-0.2,-0.2,-0.13333334,-0.11666667,0.0,0.35483897,0.34426242,0.3521127,0.43103454,1.0,0.64516103,0.6557376,0.6478873,0.56896544,-1.0,-0.29032204,-0.31147513,-0.2957746,-0.13793091,0.9505486,1.1700327,1.2271445,1.1512597,1.6721233,0.1091381,0.3538042,0.37899,0.36276615,0.8311103,1.0317563,0.83146334,0.95198673,1.161011,1.6482201,0.15459546,0.48599666,0.5109136,0.5032025,0.4900443,0.84540457,0.51400334,0.48908636,0.4967975,0.5099557,-0.6908091,-0.028006654,0.021827264,0.006405009,-0.019911423
SH600415,-0.029012857798208724,0.25,,2026-05-27,-0.0060377223,0.045283034,-0.133333,0.018113244,0.40000066,0.021132067,0.46666634,-0.0030188996,-0.06666734,1.0060744,1.0242977,0.97873956,0.99578935,1.0759192,0.9924012,1.0060756,0.994686,1.1161636,1.0162467,1.0329503,1.0214819,0.9986268,1.0158999,0.014592179,0.027023433,0.027656268,0.04480625,0.04664997,-0.0064529623,-0.004233363,0.00030538614,0.0034654269,-0.00094811,0.48889768,0.224958,0.004267559,0.4635942,0.12598377,-0.0033407074,-0.0139000965,-0.024383048,-0.048875496,0.012069368,1.0721327,1.0903457,1.0903457,1.0903457,1.1336298,0.97873956,0.96734697,0.96734697,0.91495204,0.91495204,1.0293083,1.050412,1.0444887,1.0343176,1.0602783,1.0042512,1.0119885,1.0005955,0.9397009,0.98373955,0.2,0.1,0.2,0.4,0.36666667,0.22764453,0.26547462,0.26547462,0.48489752,0.38891906,0.2,0.5,0.75,0.8333333,0.016666668,1.0,0.1,0.55,0.16666667,0.5833333,-0.8,0.4,0.2,0.6666667,-0.56666666,0.54611754,0.61276346,0.76708454,0.68952066,-0.04831578,0.039066937,0.6289187,0.5752717,0.69686675,0.51555616,0.2,0.4,0.4,0.4,0.4,0.8,0.6,0.6,0.6,0.6,-0.6,-0.2,-0.2,-0.2,-0.2,0.17539945,0.51497984,0.4926719,0.5041318,0.4519785,0.8246006,0.48502016,0.5073281,0.4958682,0.5480215,-0.6492011,0.029959686,-0.014656197,0.008263575,-0.09604299,1.0753614,1.4384559,1.304821,1.2783349,0.89658886,0.26174664,0.5147701,0.44226575,0.60290086,0.60332125,0.92692024,0.95673543,1.0812446,1.5874305,1.8257148,0.31661198,0.5204834,0.43417895,0.48337278,0.50702244,0.683388,0.47951666,0.56582105,0.51662725,0.49297753,-0.36677602,0.040966712,-0.13164207,-0.03325445,0.014044926
SZ000651,-0.029698605341133538,0.125,,2026-05-27,-0.0048968093,0.021649469,-0.22618613,0.0072165267,0.33333504,0.009536132,0.44047883,-0.0025772036,-0.119042344,1.004921,1.0121729,0.99041694,0.9981928,1.0233105,1.0437714,0.96115005,0.96710694,0.9735822,1.0034707,1.0178713,1.0234655,1.0025728,0.99037814,0.003248453,0.016595896,0.021593703,0.034864098,0.02929931,-0.0009323633,-0.005148635,-0.00074232713,0.0025335439,0.00094987097,0.20594783,0.8822551,0.04136228,0.40926224,0.32056367,-0.0016059733,0.005297637,-0.016413443,-0.0393092,-0.018399352,1.0256411,1.0536132,1.0587927,1.0587927,1.0587927,0.99041694,0.99041694,0.95778334,0.9481997,0.94794065,1.0065788,1.0311316,1.0433569,1.038177,1.0235696,1.0004145,1.0027971,1.0027971,0.96218604,0.965139,0.2,0.1,0.15,0.43333334,0.6666667,0.27205917,0.15163955,0.41794816,0.46838683,0.46962935,0.2,0.2,0.15,0.43333334,0.71666664,1.0,1.0,0.05,0.26666668,0.06666667,-0.8,-0.8,0.1,0.16666667,0.65,-0.15182745,0.6006673,0.32822067,0.666993,0.5734479,-0.20963977,0.26675376,0.82966983,0.70828104,0.43757066,0.2,0.2,0.35,0.4,0.45,0.8,0.8,0.65,0.6,0.55,-0.6,-0.6,-0.3,-0.2,-0.1,0.17857264,0.13419643,0.6074508,0.57868713,0.530321,0.82142735,0.86580354,0.39254925,0.42131287,0.46967903,-0.6428547,-0.73160714,0.21490152,0.15737426,0.060641974,0.9332814,0.98857504,1.3873227,1.1435884,0.98424906,0.07213999,0.12151508,0.9656877,0.8612037,0.66066086,0.7795871,0.9208428,2.708007,3.1987085,3.1446512,0.6275028,0.5506048,0.50865555,0.52177423,0.4689519,0.3724972,0.4493952,0.49134442,0.47822577,0.5310481,0.25500557,0.10120961,0.017311135,0.043548442,-0.062096186
SZ300394,-0.02971911233217491,0.375,,2026-05-27,0.06104715,0.10597846,0.5760336,0.03968303,0.3744443,0.005248277,0.049522113,0.026612397,0.2511114,0.9424652,1.0373999,0.9375189,0.99726593,0.83756906,0.88236415,0.75562817,0.8373574,0.8446375,0.9061053,0.89609635,0.8299573,0.8285528,0.7924331,0.081633456,0.062115457,0.086975574,0.074401274,0.07098265,0.050642893,0.006258428,0.012308915,0.0038278478,0.0022122662,0.9621453,0.09305563,0.7009918,0.20513994,0.29625806,-0.0073910486,0.07574075,0.053108018,0.1159434,0.14230506,1.0373999,1.0373999,1.0373999,1.0373999,1.0373999,0.78388214,0.78388214,0.71160275,0.71160275,0.64667165,0.9592165,0.9363848,0.91680014,0.88755375,0.849583,0.85262066,0.8450523,0.74900746,0.76016366,0.7356987,1.0,1.0,1.0,1.0,1.0,0.8524763,0.8524763,0.88520503,0.88520503,0.9042816,1.0,1.0,1.0,1.0,1.0,0.2,0.6,0.3,0.53333336,0.21666667,0.8,0.4,0.7,0.46666667,0.78333336,0.46633402,0.4390542,0.65684354,0.57691395,0.591963,0.50910693,0.53703713,0.43007734,0.2731493,0.19349167,0.8,0.6,0.6,0.5,0.5,0.2,0.4,0.4,0.5,0.5,0.6,0.2,0.2,0.0,0.0,0.80755836,0.6432544,0.6944672,0.5780816,0.54042244,0.19244166,0.3567456,0.3055328,0.4219184,0.45957756,0.61511666,0.2865088,0.3889344,0.15616323,0.08084486,0.96735936,1.0358723,0.9394531,0.9327119,0.8188818,0.112660035,0.17549473,0.25815678,0.22122432,0.2255914,0.5550151,0.59895617,0.93326765,0.7955546,0.8509813,0.6689828,0.33154917,0.4911557,0.50673705,0.5086636,0.33101717,0.66845083,0.5088443,0.49326298,0.4913364,0.33796567,-0.33690163,-0.017688591,0.01347405,0.017327195
SZ002736,-0.030303485346391226,0.25,,2026-05-27,-0.009775161,0.02443794,-0.39999938,0.009775161,0.39999938,0.0048876177,0.20000122,-0.014662704,-0.5999976,1.0098716,1.0197433,0.99506414,1.0028406,1.0082706,1.0609022,1.0857143,1.162406,1.2195488,1.0031579,1.0122557,1.0409774,1.0777694,1.1220927,0.0061635715,0.014712647,0.032170292,0.06428815,0.07230752,-0.00015036181,-0.0037411675,-0.0050257207,-0.00688434,-0.0036241268,0.0014878194,0.59271264,0.8541905,0.888719,0.7661957,-0.002857153,0.0045796405,0.0067669335,0.02205354,-0.015180956,1.0358945,1.0661243,1.0989655,1.2184188,1.3124018,0.9935155,0.9935155,0.9935155,0.9935155,0.9935155,1.0087217,1.0198495,1.0670676,1.1201503,1.1969924,0.99909776,1.0012031,1.0082706,1.0105263,1.0609022,0.4,0.2,0.1,0.06666667,0.033333335,0.15301238,0.08930751,0.061493676,0.028832423,0.02033486,0.2,0.1,0.15,0.13333334,0.21666667,0.4,0.7,0.85,0.9,0.95,-0.2,-0.6,-0.7,-0.76666665,-0.73333335,0.3822942,0.27900532,0.6133531,0.14400168,0.17880061,0.35915756,0.1391772,-0.23238203,-0.5136169,0.23125309,0.4,0.3,0.4,0.4,0.41666666,0.4,0.6,0.5,0.53333336,0.55,0.0,-0.3,-0.1,-0.13333334,-0.13333334,0.39215758,0.22068973,0.30479464,0.29310355,0.3880368,0.6078424,0.7793103,0.69520533,0.7068964,0.6119632,-0.21568482,-0.5586206,-0.3904107,-0.41379288,-0.22392641,1.2671385,1.218834,1.5127187,1.5674564,1.5788244,0.37693638,0.34538722,0.5261995,0.69047576,0.927836,0.7129036,0.84554917,1.330692,1.7951007,1.6767026,0.51534873,0.44228598,0.4751012,0.45295838,0.5031207,0.48465124,0.557714,0.5248988,0.54704165,0.49687928,0.030697525,-0.115428,-0.049797595,-0.09408328,0.0062414133
SH600918,-0.030556475935375436,0.125,,2026-05-27,0.0053860485,0.02333937,0.23077095,0.008976661,0.38461453,0.008976661,0.38461453,0.0053860485,0.23077095,0.9946428,1.0089285,0.98571426,0.99754506,1.0241796,1.074266,1.0621761,1.0863557,1.134715,1.0065631,1.0240068,1.0487046,1.0590674,1.0805699,0.008840399,0.020875951,0.029516155,0.028730255,0.033473134,-0.0050086314,-0.00666771,-0.004334671,-0.002784133,-0.0016674654,0.8024804,0.9351305,0.75485015,0.7277844,0.756869,0.0034542447,0.0059978147,-0.007525261,-0.018697398,-0.03137968,1.0492772,1.0784204,1.0883683,1.0970764,1.1450777,0.9839863,0.9839863,0.9839863,0.9839863,0.9839863,1.0096718,1.0435233,1.0746113,1.0811745,1.1108809,0.9996546,1.0055268,1.017962,1.0352331,1.060449,0.4,0.2,0.1,0.06666667,0.033333335,0.24526727,0.16957553,0.15341441,0.14160128,0.09940757,0.2,0.1,0.45,0.1,0.016666668,0.8,0.9,0.95,0.96666664,0.98333335,-0.6,-0.8,-0.5,-0.8666667,-0.96666664,0.04794742,-0.41777334,0.05034405,-0.2407721,0.13955392,-0.108489454,-0.17881925,0.08726812,0.011642244,0.124309935,0.2,0.2,0.35,0.36666667,0.45,0.6,0.7,0.6,0.6,0.51666665,-0.4,-0.5,-0.25,-0.23333333,-0.06666667,0.06250147,0.094339974,0.2750004,0.2641513,0.37499997,0.9374985,0.90566003,0.7249996,0.7358487,0.625,-0.8749971,-0.81132007,-0.4499992,-0.4716974,-0.25000003,1.0225613,0.8930985,0.92024785,0.8417557,0.9090215,0.24373472,0.2369478,0.23335077,0.22485043,0.2880014,0.93979055,0.727939,0.7799771,0.84884775,1.4946343,0.57480466,0.5079441,0.54563314,0.44561723,0.5076161,0.4251953,0.49205592,0.45436686,0.55438274,0.49238387,0.14960936,0.015888158,0.0912663,-0.108765535,0.015232259
SH601058,-0.03259076175417599,0.125,,2026-05-27,-0.014393991,0.029545434,-0.48718157,0.0007575171,0.025639057,0.014393927,0.48717937,-0.0007575819,-0.025641251,1.0146042,1.0153728,0.98539585,0.9992517,0.9562526,1.0092173,1.0383822,1.043885,1.2106205,0.9958454,0.98587155,1.0211515,1.029064,1.0492343,0.021413425,0.020336786,0.044863272,0.039526924,0.053549662,0.010524143,0.003265841,-0.0058339215,-0.0026935053,-0.0019903611,0.60386693,0.2363942,0.591844,0.35987473,0.42135692,-0.016893683,-0.00056781335,0.034270763,0.009991741,0.009481438,1.025361,1.025361,1.1299701,1.1299701,1.2267288,0.9592964,0.94702834,0.94702834,0.94702834,0.94702834,1.0099602,1.0013757,1.0591553,1.059458,1.0907415,0.9798597,0.9669831,0.98170316,0.9922961,1.0042096,0.6,0.8,0.4,0.26666668,0.18333334,0.6161183,0.6762401,0.28955498,0.28955498,0.18938716,0.8,0.9,0.1,0.4,0.016666668,0.2,0.5,0.75,0.8333333,0.9166667,0.6,0.4,-0.65,-0.43333334,-0.9,-0.4472095,-0.41070896,0.55855566,0.21490872,-0.14275976,0.14334576,-0.16034672,0.6314158,0.3879606,0.124535225,0.8,0.5,0.35,0.4,0.38333333,0.2,0.5,0.65,0.6,0.6166667,0.6,0.0,-0.3,-0.2,-0.23333333,0.7476633,0.4711455,0.4456987,0.4577259,0.4154237,0.25233668,0.5288545,0.55430126,0.54227406,0.5845763,0.49532667,-0.057708953,-0.10860257,-0.08454817,-0.16915263,1.1495357,1.2061328,1.4719902,1.3580831,1.20869,0.21396948,0.19634275,0.6776715,0.64410394,0.5656515,0.2934153,0.36574027,1.9043344,1.7985381,1.4903193,0.42085594,0.40436918,0.51536334,0.50378203,0.5051318,0.57914406,0.5956308,0.48463663,0.49621794,0.49486822,-0.15828814,-0.19126163,0.030726707,0.0075641,0.010263574
SZ000301,-0.03456663246070002,0.125,,2026-05-27,-0.0048780823,0.02926828,-0.1666679,0.007317016,0.24999817,0.01707318,0.58333397,0.0048780823,0.1666679,1.004902,1.0122548,0.9828431,0.9966302,1.0391483,1.048077,1.0171704,0.94127744,1.0604395,1.0127747,1.0290523,1.0460165,1.0257899,0.98733974,0.008360378,0.021970991,0.025968969,0.04556387,0.07977955,-0.004223899,-0.0065143183,-0.0035771083,0.0021871834,0.0012998307,0.63813883,0.80584246,0.66408366,0.17857924,0.080963686,-0.004326935,0.00026223127,-0.012033954,-0.05750399,-0.025684746,1.0516067,1.1004602,1.1012912,1.1012912,1.2010815,0.9828431,0.9828431,0.9828431,0.9002747,0.8227322,1.0175138,1.0440247,1.0669643,1.0591346,1.0572115,1.0098901,1.0123626,1.0216346,1.0085164,0.91140115,0.2,0.1,0.05,0.2,0.5,0.2495053,0.14587072,0.14484718,0.49610493,0.4685295,0.2,0.1,0.2,0.46666667,0.06666667,1.0,1.0,1.0,0.06666667,0.3,-0.8,-0.9,-0.8,0.4,-0.23333333,0.39178345,0.49307048,0.6184697,0.4423102,0.40783417,-0.8431578,-0.14862916,0.03551696,0.36916167,0.29176474,0.2,0.4,0.6,0.6333333,0.55,0.6,0.5,0.35,0.33333334,0.43333334,-0.4,-0.1,0.25,0.3,0.11666667,0.08088229,0.29885054,0.4661246,0.5630996,0.47487152,0.9191177,0.70114946,0.5338754,0.43690038,0.5251285,-0.83823544,-0.40229893,-0.06775082,0.12619926,-0.05025694,1.2559844,1.37457,1.5411375,1.5338411,1.8228626,0.31654096,0.4179196,0.49618155,0.52081084,0.8853296,0.850171,1.1135911,1.1018156,1.2218521,1.6788483,0.5098977,0.4513408,0.49179032,0.47971314,0.48023096,0.49010226,0.5486592,0.50820965,0.52028686,0.5197691,0.01979546,-0.097318396,-0.016419321,-0.040573735,-0.03953811
SH601009,-0.03526576230809731,0.125,,2026-05-27,-0.005576177,0.013011178,-0.42856818,0.0009294417,0.07143409,0.0065055597,0.49999774,-5.9147364e-08,-4.5458883e-06,1.0056075,1.0065421,0.993458,0.9984281,1.0262119,1.0458378,1.0972077,1.0196259,1.0467598,1.0106955,1.024157,1.0481691,1.051282,1.0504193,0.008784416,0.01733801,0.030688917,0.030014113,0.023536034,-0.005439952,-0.005565671,-0.0050617214,-0.001574868,-0.0002100198,0.95874774,0.9446,0.95214117,0.21337278,0.024285879,0.00018443257,0.0008885021,-8.279481e-05,-0.028446484,-0.044223733,1.0337269,1.0617702,1.1149458,1.1169038,1.1169038,0.993458,0.993458,0.993458,0.993458,0.993458,1.0152266,1.0359589,1.0761328,1.0798209,1.0660433,1.004531,1.0100895,1.021391,1.0256586,1.0313752,0.2,0.1,0.05,0.033333335,0.016666668,0.16245833,0.095766775,0.053849366,0.052995227,0.052995227,0.2,0.1,0.05,0.3,0.65,1.0,1.0,1.0,1.0,1.0,-0.8,-0.9,-0.95,-0.7,-0.35,0.14641811,0.11111752,0.025182728,0.30326095,0.23668629,-0.6653587,-0.37618494,-0.32222107,0.33961177,0.11635473,0.0,0.2,0.3,0.36666667,0.41666666,1.0,0.8,0.7,0.6,0.56666666,-1.0,-0.6,-0.4,-0.23333333,-0.15,0.0,0.16538405,0.15384564,0.46043545,0.45440528,1.0,0.83461595,0.8461544,0.53956455,0.54559475,-1.0,-0.6692319,-0.6923087,-0.07912912,-0.09118946,1.0225015,1.0212488,1.0498177,1.0508091,1.0815545,0.19837886,0.16651712,0.20244285,0.2812038,0.2869357,0.8106132,0.92724276,1.0684229,1.1845214,1.2633976,0.5599721,0.5277107,0.49868634,0.4990058,0.49654797,0.44002792,0.47228932,0.5013136,0.5009942,0.50345206,0.11994416,0.05542133,-0.0026273038,-0.0019883937,-0.00690407
SZ300759,-0.03609482040848263,0.375,,2026-05-27,-0.007451037,0.027450932,-0.2714311,0.008627423,0.31428525,0.011372472,0.41428363,-0.004705988,-0.17143272,1.007507,1.0161991,0.98854214,1.0033202,1.0537107,1.0791258,1.154524,1.2292445,1.1672316,1.0210776,1.0341749,1.0809726,1.1225686,1.112733,0.020857828,0.020039774,0.06010036,0.07878238,0.07299927,-0.01253813,-0.0055481982,-0.009441428,-0.008640121,-0.00017409945,0.9033738,0.70263493,0.86375237,0.9321443,0.0017348328,0.003998621,-0.009208008,0.008720974,0.002713086,-0.107597075,1.0814832,1.0885354,1.242732,1.2679133,1.2687572,0.98854214,0.98854214,0.98854214,0.98854214,0.9830056,1.0304981,1.0515419,1.1198577,1.2049475,1.2005762,1.0060997,1.0167062,1.0371739,1.0486615,1.0493731,0.2,0.1,0.05,0.033333335,0.033333335,0.12328071,0.114586204,0.045075934,0.04101298,0.059472673,0.2,0.1,0.1,0.1,0.5,1.0,1.0,1.0,1.0,0.28333333,-0.8,-0.9,-0.9,-0.9,0.21666667,0.6407547,0.21541835,0.64672744,0.32659197,0.52808845,0.20987792,0.19845852,0.46833053,0.30100155,0.32915828,0.2,0.2,0.25,0.3,0.45,0.8,0.8,0.75,0.7,0.55,-0.6,-0.6,-0.5,-0.4,-0.1,0.009287996,0.12995246,0.29588178,0.2933088,0.43199664,0.990712,0.8700475,0.7041182,0.7066912,0.56800336,-0.98142403,-0.7400951,-0.40823644,-0.4133824,-0.13600671,1.0228548,0.95346975,1.2525065,1.2153836,1.1873273,0.24750854,0.21135636,0.49922752,0.45118636,0.5709115,1.225233,1.1582388,1.2610258,1.2343377,1.5297667,0.52697873,0.50865006,0.49629962,0.4605979,0.5104815,0.47302124,0.49134994,0.5037004,0.53940207,0.48951855,0.0539575,0.017300144,-0.007400758,-0.07880418,0.020962922
SZ300999,-0.036430193909998625,0.25,,2026-05-27,0.030511027,0.05377575,0.5673752,0.012204461,0.22695102,0.011060261,0.20567377,0.029366827,0.546098,0.97039235,1.0118431,0.9596595,0.9867838,0.9873189,1.0413043,1.0155798,1.042029,1.0768116,0.97202903,0.98800725,1.0125363,1.0199276,1.0495894,0.017337237,0.022607746,0.031383548,0.028001482,0.046407197,0.008985502,-0.004806765,-0.003860195,-0.0022145393,-0.0020833686,0.6715292,0.41438374,0.5295201,0.48473737,0.61469746,0.009999988,0.03362317,0.024135588,0.012183245,0.011869966,1.0175112,1.0451819,1.07205,1.07205,1.2330377,0.95061946,0.95061946,0.95061946,0.95061946,0.95061946,0.982029,1.0023913,1.0425363,1.0418117,1.072971,0.95934784,0.9631884,0.98536235,0.9989855,1.0170289,1.0,0.8,0.4,0.26666668,0.13333334,0.7382153,0.52220064,0.40665692,0.40665692,0.174849,0.8,0.1,0.2,0.46666667,0.11666667,0.6,0.8,0.9,0.93333334,0.96666664,0.2,-0.7,-0.7,-0.46666667,-0.85,0.8889992,0.36036065,0.25993946,0.060848337,0.71873456,0.27353665,0.31532806,0.44148827,0.45212615,0.58742803,0.4,0.3,0.45,0.4,0.43333334,0.6,0.7,0.55,0.6,0.56666666,-0.2,-0.4,-0.1,-0.2,-0.13333334,0.591623,0.340782,0.46312165,0.42287228,0.4525515,0.408377,0.659218,0.53687835,0.5771277,0.5474485,0.18324603,-0.31843603,-0.07375667,-0.15425545,-0.094897,0.66404986,0.59593606,0.59114313,0.5478456,0.7744562,0.29191402,0.22043236,0.21025021,0.18517321,0.55540246,0.8802641,0.8422956,0.9516359,1.0499363,2.8981905,0.81874895,0.6619638,0.5758346,0.57024175,0.5178859,0.18125105,0.33803615,0.42416543,0.42975828,0.48211408,0.6374979,0.3239277,0.15166913,0.14048344,0.035771858
SH688082,-0.03655315605251784,0.25,,2026-05-27,-0.0621838,0.10744029,-0.5787754,0.031208683,0.29047465,0.014047811,0.13074993,-0.079344675,-0.7385001,1.0663071,1.099585,0.9850207,1.0357006,0.87418324,0.7505309,0.65550476,0.6385985,0.77780956,0.9749918,0.8787651,0.77446705,0.7334055,0.68253154,0.08675177,0.12413289,0.14032862,0.1281186,0.1062241,0.04165305,0.03887371,0.021864844,0.011994951,0.00364477,0.5763376,0.8989794,0.84970534,0.67931986,0.35908234,-0.058297917,-0.053696785,0.01781691,0.09266774,0.20994772,1.1161942,1.1161942,1.1161942,1.1161942,1.1161942,0.848872,0.6912008,0.5916222,0.5916222,0.57492954,1.0464554,1.0082979,0.8830121,0.8281199,0.7164897,0.8841392,0.7600947,0.6622754,0.6471823,0.621047,0.6,0.8,0.9,0.93333334,0.96666664,0.5653402,0.7265976,0.77849716,0.77849716,0.7853283,0.8,0.9,0.95,0.96666664,0.98333335,0.4,0.2,0.15,0.43333334,0.35,0.4,0.7,0.8,0.53333336,0.6333333,0.14700857,0.6324014,0.8062535,0.7819622,0.7614001,0.730917,0.6109591,0.2648879,0.3458684,0.18121605,0.8,0.8,0.8,0.6666667,0.55,0.2,0.2,0.2,0.33333334,0.45,0.6,0.6,0.6,0.33333334,0.1,0.7434035,0.7900485,0.7503562,0.72875315,0.5891704,0.2565965,0.20995152,0.24964379,0.27124685,0.41082957,0.486807,0.58009696,0.5007124,0.4575063,0.17834084,1.2244084,1.0880082,0.83320487,0.64960027,0.4266889,0.26691845,0.28069407,0.34706584,0.38708153,0.35701218,1.4020147,1.221044,1.3140823,1.6216016,2.043206,0.4408721,0.54136723,0.5814531,0.57510495,0.5522605,0.55912787,0.45863277,0.41854692,0.42489505,0.44773945,-0.118255764,0.08273449,0.16290614,0.15020989,0.10452108
SZ300308,-0.03761904360536875,0.375,,2026-05-27,0.019605512,0.05351379,0.3663637,0.03268811,0.61083525,0.0012201691,0.022801021,-0.011862432,-0.22167055,0.9807715,1.0320596,0.97957474,1.0072974,0.9330824,0.9440607,0.79716265,0.6602511,0.51426995,0.96074075,0.9518488,0.88125026,0.83725846,0.682464,0.045449976,0.033586565,0.08965255,0.10017861,0.17400162,0.027090618,0.0048671816,0.01370911,0.010509609,0.00955643,0.8881995,0.19250204,0.8183918,0.85295254,0.9199933,-0.014921975,0.026248869,-0.011486829,0.010352208,0.03562129,1.0320596,1.0320596,1.0320596,1.0320596,1.0320596,0.8937986,0.8897846,0.7335692,0.6418979,0.4547562,0.9939749,0.98527074,0.9497251,0.94103724,0.8554962,0.9259319,0.9318227,0.7713043,0.7631996,0.5107358,1.0,1.0,1.0,1.0,1.0,0.7681228,0.77466476,0.8925943,0.91783005,0.9444667,1.0,1.0,1.0,1.0,1.0,0.2,0.4,0.15,0.033333335,0.11666667,0.8,0.6,0.85,0.96666664,0.8833333,0.46604988,0.19922245,-0.1479366,-0.25776875,-0.19110802,0.026736304,0.17466873,0.26234013,0.3104131,0.4242385,0.8,0.6,0.65,0.7,0.6166667,0.2,0.4,0.35,0.3,0.38333333,0.6,0.2,0.3,0.4,0.23333333,0.7299809,0.6266245,0.71045214,0.76600635,0.7010867,0.27001908,0.37337545,0.28954783,0.23399365,0.2989133,0.4599618,0.25324908,0.4209043,0.5320127,0.40217343,0.9437251,0.9978861,1.0556145,1.1087137,1.1629506,0.06758983,0.10668248,0.16320637,0.1934199,0.2740828,0.6915962,0.73247075,0.88778824,0.885208,0.92390037,0.60817945,0.48385987,0.42590442,0.47366038,0.499693,0.39182052,0.5161401,0.5740956,0.52633965,0.50030696,0.21635894,-0.03228026,-0.14819117,-0.052679263,-0.0006139666
SZ002049,-0.03933276860444883,0.125,,2026-05-27,0.01868264,0.07281437,0.25657904,0.053532887,0.73519677,0.0005988417,0.008224225,-0.034251403,-0.47039348,0.98166,1.0525512,0.9810721,1.0214741,0.955802,0.9640318,0.8358896,0.8156704,0.9426343,0.9655581,0.94912463,0.9330297,0.90168774,0.8702507,0.037794076,0.033476576,0.036811184,0.054506846,0.060874294,0.02064192,0.008721592,0.004777525,0.0056469426,0.0016471278,0.74574906,0.6221869,0.5895415,0.83181435,0.22329886,-0.006841979,0.011628209,0.021583825,0.016431607,0.08115905,1.0525512,1.0525512,1.0525512,1.0525512,1.0525512,0.91007584,0.895969,0.83834887,0.80590487,0.7618131,0.9996259,0.9800651,0.96346325,0.95270455,0.9289803,0.9330166,0.9198488,0.90888816,0.8383286,0.8112412,1.0,1.0,1.0,1.0,1.0,0.63115627,0.66438645,0.754666,0.78693736,0.81924933,1.0,1.0,1.0,1.0,1.0,0.2,0.4,0.05,0.033333335,0.43333334,0.8,0.6,0.95,0.96666664,0.56666666,0.75058156,0.7807086,0.75088423,0.89811814,0.8217263,0.48937303,0.5000053,0.561901,0.47128978,0.3150078,0.6,0.6,0.65,0.6333333,0.55,0.4,0.4,0.35,0.36666667,0.45,0.2,0.2,0.3,0.26666668,0.1,0.62771606,0.5651556,0.66439337,0.6444888,0.5260043,0.37228397,0.43484437,0.33560663,0.3555112,0.47399566,0.25543207,0.13031127,0.32878673,0.2889776,0.05200867,0.69017017,0.55770165,0.51304907,0.41505143,0.2906436,0.23245265,0.2124213,0.17437086,0.20154469,0.19203545,0.6688422,0.85428834,0.87672305,1.0619026,1.3269727,0.70120555,0.6356772,0.6222922,0.6107547,0.5750519,0.29879442,0.36432278,0.3777078,0.38924527,0.42494807,0.40241116,0.2713544,0.2445844,0.22150946,0.15010385
SH601225,-0.039989200736240085,0.25,,2026-05-27,0.023236588,0.03734436,0.62222487,0.0012447637,0.033332042,0.012863006,0.34444308,0.03485483,0.9333359,0.9772911,1.0012165,0.9647202,0.9815152,0.97997665,0.9508731,1.0663562,1.02305,0.94155985,0.96698487,0.9706868,0.98923165,1.0017152,1.0217501,0.021615766,0.019139692,0.039432857,0.038727257,0.03974152,0.012619335,0.0014830546,-0.0042254063,-0.0027417855,-0.0012205365,0.85206294,0.055037137,0.40187272,0.38845,0.28768188,0.007776485,0.022639444,0.050909728,0.038040757,0.014255779,1.0070838,1.0070838,1.0827184,1.0878454,1.1328623,0.92524534,0.92524534,0.92524534,0.92524534,0.92524534,0.9769034,0.989057,1.033341,1.0372525,1.0591384,0.9488707,0.949057,0.96186256,0.96623975,0.9792782,1.0,1.0,0.75,0.53333336,0.28333333,0.91344184,0.91344184,0.47471422,0.45974544,0.36006048,0.6,0.8,0.15,0.33333334,0.28333333,0.4,0.7,0.85,0.9,0.95,0.2,0.1,-0.7,-0.56666666,-0.6666667,0.21960619,0.10085385,0.17909431,-0.0029431304,0.1127855,0.10902951,0.3133603,-0.12545078,-0.081514634,0.21929431,0.6,0.5,0.35,0.4,0.43333334,0.4,0.4,0.5,0.5,0.51666665,0.2,0.1,-0.15,-0.1,-0.083333336,0.61256576,0.6693419,0.396814,0.4740431,0.5304834,0.3874342,0.33065808,0.603186,0.5259569,0.4695166,0.22513157,0.33868387,-0.20637202,-0.051913816,0.06096681,1.0748619,0.9760932,1.0243292,0.93998504,1.0041975,0.33145288,0.30363908,0.2731624,0.28394905,0.40195164,0.80919504,0.89791435,1.3038847,1.3423058,1.233114,0.60118747,0.4892839,0.5009599,0.5266209,0.5134927,0.39881256,0.5107161,0.4990401,0.4733791,0.4865073,0.20237488,-0.02143221,0.0019197922,0.053241797,0.026985418
SZ302132,-0.04014892144182369,0.125,,2026-05-27,-0.020634929,0.036825366,-0.5603455,0.0050793905,0.13793184,0.011111049,0.3017227,-0.014603269,-0.39655462,1.0210696,1.0262561,0.98865485,1.0057497,1.0633682,1.1756757,1.0894531,1.10049,1.2956015,1.033843,1.0643077,1.0928853,1.1020871,1.1299304,0.022503661,0.03889397,0.048128296,0.0417795,0.0676635,-0.013615828,-0.012673471,-0.0044928608,-0.0026688792,-0.0027342064,0.91521215,0.97328043,0.30500925,0.31625187,0.49802777,-0.0066113872,-0.007277054,-0.050203085,-0.063388444,-0.049271237,1.0805553,1.1758388,1.2244534,1.2244534,1.3486223,0.98865485,0.98865485,0.98865485,0.98865485,0.98865485,1.0535212,1.0925003,1.128933,1.1311296,1.1859481,1.0195758,1.034979,1.0536181,1.0785291,1.0865457,0.2,0.1,0.05,0.033333335,0.016666668,0.123450436,0.06060965,0.048113756,0.048113756,0.031517163,0.2,0.1,0.45,0.6333333,0.033333335,1.0,1.0,1.0,1.0,1.0,-0.8,-0.9,-0.55,-0.36666667,-0.96666664,-0.35745418,0.39043725,0.7168088,0.4961298,0.54727453,-0.47665676,-0.1080456,0.70696914,0.68303406,0.52132493,0.2,0.1,0.3,0.3,0.35,0.8,0.9,0.7,0.6666667,0.6333333,-0.6,-0.8,-0.4,-0.36666667,-0.28333333,0.0025357124,0.00091763417,0.3787491,0.39511096,0.36347812,0.9974643,0.9990824,0.6212509,0.60488904,0.6365219,-0.9949286,-0.9981647,-0.24250181,-0.20977807,-0.27304375,0.970684,1.031082,1.2170618,1.1056874,1.0784003,0.15738124,0.22701684,0.6361008,0.55724347,0.64282316,0.71588224,0.9393977,1.6906935,1.7996069,1.6886233,0.5088265,0.29118183,0.5071197,0.51117927,0.49697036,0.49117348,0.7088182,0.4928803,0.4888207,0.50302964,0.017653037,-0.41763636,0.014239387,0.022358572,-0.006059261
SH600028,-0.04096704579767433,0.125,,2026-05-27,-0.0061727734,0.026748903,-0.23076734,0.0,0.0,0.02057613,0.7692327,0.014403357,0.5384653,1.0062112,1.0062112,0.9792961,0.98969954,1.0555049,1.0700637,1.1155596,1.2024568,1.343494,1.0190172,1.0404458,1.0681301,1.0973157,1.2017212,0.016134698,0.025156522,0.035668954,0.053823702,0.13536803,-0.010145588,-0.0079769455,-0.005814239,-0.0059867343,-0.0072874227,0.98849094,0.92168707,0.9299788,0.9588145,0.88392514,0.0012739091,-0.004549568,-0.012894814,-0.010508056,0.013257736,1.0558939,1.0763181,1.1384889,1.2132174,1.6788216,0.9792961,0.9792961,0.9792961,0.9792961,0.9792961,1.0297543,1.0623293,1.1059144,1.1395814,1.3019108,1.0065514,1.0165604,1.0384895,1.0606005,1.077889,0.2,0.1,0.05,0.033333335,0.016666668,0.27029407,0.2133939,0.13005573,0.08850812,0.02959711,0.2,0.1,0.15,0.033333335,0.06666667,1.0,1.0,1.0,1.0,1.0,-0.8,-0.9,-0.85,-0.96666664,-0.93333334,-0.6332614,-0.47109354,0.34614083,-0.31774858,0.57231736,-0.33021814,-0.56254417,0.2776392,0.20239753,0.6538971,0.0,0.1,0.15,0.16666667,0.23333333,1.0,0.9,0.85,0.8333333,0.75,-1.0,-0.8,-0.7,-0.6666667,-0.51666665,0.0,0.030487921,0.122024186,0.100538306,0.3521347,1.0,0.9695121,0.8779758,0.8994617,0.6478653,-1.0,-0.93902415,-0.75595164,-0.7989234,-0.2957306,0.75786185,0.6900574,0.8187119,0.7354174,0.9445386,0.17931275,0.19010036,0.34293613,0.3159597,0.74343973,0.2704648,0.6710852,1.0103079,0.9470701,2.6516142,0.8077235,0.61516756,0.5388368,0.5516863,0.51742196,0.1922765,0.38483247,0.46116325,0.4483137,0.48257804,0.615447,0.23033507,0.07767352,0.10337256,0.0348439
SH600023,-0.0413772748364817,0.125,,2026-05-27,-0.0049751434,0.024875628,-0.2000007,0.01326699,0.5333329,0.006633495,0.26666644,-0.011608638,-0.46666715,1.005,1.0183333,0.99333334,1.0050371,1.005,1.0,0.9666667,0.91166663,0.865,0.9816666,1.0071666,0.9905833,0.97305554,0.9425278,0.026431268,0.045195397,0.037374653,0.04114521,0.04353008,0.015166678,-0.004616166,0.0024348376,0.0033040417,0.0019628138,0.82316124,0.09562818,0.1485435,0.4997516,0.6201249,-0.011999993,0.013606092,-0.013714274,-0.020964146,-0.00043077068,1.025,1.1283333,1.1283333,1.1283333,1.1283333,0.93999994,0.93999994,0.9333333,0.90166664,0.865,1.0026667,1.0156666,1.0063334,1.001,0.9776666,0.95699996,0.9796666,0.9596666,0.94699997,0.90966666,0.8,0.4,0.675,0.78333336,0.89166665,0.7058825,0.31858426,0.34188053,0.43382367,0.51265824,0.8,0.4,0.7,0.8,0.9,0.4,0.7,0.1,0.033333335,0.016666668,0.4,-0.3,0.6,0.76666665,0.8833333,-0.4963875,0.53419054,0.5705056,0.7277395,0.32556194,0.50282824,0.7087076,0.62127614,0.591695,0.5253384,0.6,0.7,0.7,0.7,0.6333333,0.4,0.3,0.3,0.23333333,0.31666666,0.2,0.4,0.4,0.46666667,0.31666666,0.4805194,0.5,0.5362319,0.58412695,0.57714283,0.5194806,0.5,0.46376815,0.41587302,0.4228572,-0.038961165,0.0,0.07246371,0.16825394,0.15428564,1.2142031,1.475909,1.1840206,1.0111829,1.0393094,0.3283603,0.69397604,0.59553367,0.5487252,0.4897109,0.9707648,1.3967335,1.8441602,2.1906636,2.0821319,0.08901929,0.4929594,0.52120453,0.5271651,0.49404994,0.9109807,0.50704056,0.4787955,0.4728349,0.50595003,-0.8219614,-0.014081156,0.042409018,0.054330252,-0.011900109
SZ000661,-0.042073043454147,0.125,,2026-05-27,-0.02054268,0.037467755,-0.54827625,0.0,0.0,0.016925074,0.45172378,-0.0036176036,-0.096552454,1.0209736,1.0209736,0.98271996,0.99605274,1.067225,1.1472665,1.1241013,1.1321301,1.2966882,1.035771,1.0661901,1.1034443,1.1155466,1.1390135,0.023996517,0.038458724,0.04900908,0.04385513,0.046854753,-0.013632563,-0.012340283,-0.006432127,-0.0035192007,-0.0020400155,0.8068608,0.9437825,0.60287064,0.49905562,0.5781752,-0.008505942,-0.010658845,-0.04233915,-0.06451814,-0.078833126,1.0765727,1.1472708,1.1847782,1.1847782,1.2779846,0.98271996,0.98271996,0.98271996,0.98271996,0.98271996,1.0538919,1.0996594,1.1413698,1.1463188,1.1840411,1.0205854,1.0371301,1.0592521,1.0835459,1.116599,0.2,0.1,0.05,0.033333335,0.016666668,0.18411893,0.10501347,0.08552016,0.08552016,0.058523953,0.2,0.1,0.4,0.6,0.016666668,1.0,1.0,1.0,1.0,1.0,-0.8,-0.9,-0.6,-0.4,-0.98333335,-0.87778795,-0.41011912,0.15735123,0.11846917,0.31112728,-0.42912912,-0.5884474,0.383368,0.40293217,0.33029172,0.2,0.2,0.3,0.36666667,0.38333333,0.8,0.8,0.7,0.6333333,0.6166667,-0.6,-0.6,-0.4,-0.26666668,-0.23333333,0.13255344,0.11553959,0.31578177,0.34999442,0.34499472,0.86744654,0.8844604,0.6842182,0.6500056,0.6550053,-0.7348931,-0.76892084,-0.36843643,-0.3000112,-0.31001052,0.640807,0.606078,0.6292713,0.6022027,0.6167313,0.20511207,0.16641958,0.268257,0.23366162,0.31225058,0.7037924,0.5968958,1.0908874,1.1440068,1.280485,0.7483129,0.57855105,0.5762267,0.544182,0.37046382,0.2516871,0.42144898,0.42377332,0.45581803,0.6295362,0.4966258,0.15710206,0.15245338,0.08836395,-0.2590724
SZ000963,-0.04327298934731523,0.25,,2026-05-27,0.011703934,0.030981118,0.37777632,0.007917408,0.25555593,0.011359776,0.36666775,0.015146302,0.48888817,0.98843145,1.0078259,0.97720313,0.99170977,1.008503,1.1320112,1.1970075,1.2266041,1.2157041,0.9974718,1.0226529,1.0811925,1.1146562,1.1557974,0.0069731832,0.03955611,0.066306636,0.07287779,0.06964259,-0.0017687223,-0.010933651,-0.010430856,-0.007669248,-0.0027892387,0.16084115,0.70034933,0.8661515,0.8582561,0.48923942,0.006065637,0.02654858,0.017900664,-0.003452062,-0.073514834,1.0248351,1.1354085,1.1942873,1.2248857,1.2643651,0.97720313,0.97720313,0.97720313,0.97720313,0.97720313,1.0017006,1.0331391,1.1382082,1.1716095,1.2107334,0.99304116,0.9940605,1.0068024,1.0213004,1.1328186,0.8,0.4,0.2,0.13333334,0.06666667,0.47860497,0.14409676,0.1050141,0.092040785,0.079386875,0.2,0.1,0.05,0.033333335,0.41666666,1.0,1.0,1.0,1.0,1.0,-0.8,-0.9,-0.95,-0.96666664,-0.5833333,0.72836685,0.28043717,0.21459432,-0.012884115,-0.08482873,0.47978067,-0.41855848,-0.051373277,0.19759503,0.17572457,0.4,0.3,0.25,0.3,0.4,0.4,0.6,0.65,0.6333333,0.56666666,0.0,-0.3,-0.4,-0.33333334,-0.16666667,0.33782527,0.06312684,0.083529234,0.21443589,0.38654888,0.66217476,0.93687314,0.91647077,0.7855641,0.6134511,-0.3243495,-0.87374634,-0.83294153,-0.57112825,-0.22690223,0.9183054,1.0443816,1.0821522,1.0243721,0.9385999,0.20155074,0.31555814,0.3114023,0.34633324,0.34599513,1.1901125,1.3810229,1.435443,1.3390093,1.3064716,0.47035256,0.52586794,0.4337557,0.50776047,0.510778,0.5296474,0.47413206,0.5662443,0.49223956,0.489222,-0.05929486,0.051735863,-0.13248862,0.015520877,0.021556031
SH601298,-0.044974620529464084,0.125,,2026-05-27,-0.0022726972,0.019318229,-0.11764522,0.0022727642,0.11764869,0.014772767,0.7647061,0.010227305,0.52941215,1.0022779,1.0045558,0.9851936,0.9939353,1.0169923,1.0271877,1.0322855,0.9838572,1.0492778,1.0113848,1.0160577,1.0195411,1.0169357,1.0170773,0.009937252,0.009822381,0.009428754,0.01277242,0.023283347,-0.006202205,-0.0022810916,-0.00074485125,0.00032321375,-0.0003525001,0.9738671,0.4943828,0.21842305,0.049628932,0.0699081,0.0010195456,-0.0057928464,-0.012465095,-0.021622293,-0.0066785365,1.04258,1.04258,1.0477413,1.0477413,1.0844777,0.9851936,0.9851936,0.9851936,0.97273767,0.96456933,1.0173322,1.0261682,1.0275276,1.0275276,1.0356839,1.0033984,1.0103654,1.0125743,1.0076466,0.9991504,0.2,0.1,0.05,0.1,0.21666667,0.25801262,0.25801262,0.23672205,0.36348027,0.29548144,0.2,0.6,0.05,0.36666667,0.05,1.0,1.0,1.0,0.033333335,0.28333333,-0.8,-0.4,-0.95,0.33333334,-0.23333333,0.59526455,-0.11307424,-0.26670638,0.0072682207,0.2687821,0.99863154,0.5029132,-0.12856841,-0.047725193,-0.083151154,0.2,0.4,0.45,0.56666666,0.5,0.8,0.6,0.55,0.43333334,0.48333332,-0.6,-0.2,-0.1,0.13333334,0.016666668,0.24999951,0.33333334,0.40865377,0.53135324,0.46112597,0.7500005,0.6666667,0.5913462,0.46864676,0.53887403,-0.500001,-0.33333334,-0.18269245,0.06270644,-0.077748045,0.99718726,0.9145559,0.93542916,0.87399024,1.0317624,0.08071249,0.13509485,0.20445444,0.19777195,0.3504928,0.41494256,0.63485676,0.8143006,0.8030266,1.079862,0.6820863,0.57928544,0.5377891,0.49557027,0.5037013,0.3179137,0.42071456,0.4622109,0.5044297,0.49629867,0.36417258,0.15857089,0.0755782,-0.00885943,0.007402645
SZ300408,-0.045805111202476254,0.25,,2026-05-27,0.03326889,0.086112686,0.38634133,0.052843798,0.61365867,0.0,0.0,-0.019574907,-0.22731733,0.9678023,1.0511423,0.9678023,1.0020152,0.7802342,0.73738647,0.6065448,0.4822334,0.53343546,0.9248586,0.8319634,0.76050764,0.68585116,0.57190603,0.07420003,0.1129962,0.10969203,0.14036939,0.15213865,0.04144322,0.03573427,0.01654784,0.015166691,0.0074300664,0.7799,0.9167557,0.796527,0.90477073,0.7274549,-0.0077450746,0.007232341,0.08228788,0.09423181,0.208907,1.0511423,1.0511423,1.0511423,1.0511423,1.0511423,0.8002209,0.68818855,0.5975799,0.47431302,0.41008648,0.9605852,0.9404582,0.82751083,0.78117543,0.7057641,0.908161,0.7178761,0.6920397,0.53331876,0.44625515,1.0,1.0,1.0,1.0,1.0,0.7961818,0.8590941,0.887243,0.91133887,0.9202217,1.0,1.0,1.0,1.0,1.0,0.2,0.3,0.05,0.033333335,0.28333333,0.8,0.7,0.95,0.96666664,0.71666664,0.86301845,0.9447487,0.8027006,0.741129,0.7792497,0.7671485,0.71293455,0.66380113,0.60326105,0.39118955,1.0,0.7,0.7,0.73333335,0.55,0.0,0.3,0.3,0.26666668,0.45,1.0,0.4,0.4,0.46666667,0.1,1.0,0.87176585,0.8883687,0.8910318,0.7372639,0.0,0.12823415,0.11163128,0.10896819,0.26273605,1.0,0.7435317,0.77673745,0.7820636,0.4745279,0.96106046,0.7089885,0.58690965,0.5295728,0.42216703,0.1902192,0.30566558,0.25524828,0.23298676,0.20489402,1.3635237,1.4757359,1.6476635,1.6069732,1.7353444,0.8236689,0.69455475,0.57572746,0.5831037,0.5453042,0.17633112,0.30544522,0.42427257,0.4168963,0.45469585,0.6473378,0.38910955,0.15145488,0.16620739,0.09060832
SH688506,-0.04627519023834621,0.125,,2026-05-27,0.0073077097,0.036239296,0.20165153,0.016880319,0.46580148,0.0120512685,0.33254698,0.0024786599,0.068397015,0.9927453,1.0167578,0.98078144,0.9949394,1.0492129,1.1225657,1.2050401,1.288787,1.1715667,1.014696,1.0429934,1.0978341,1.1543351,1.1617503,0.028062003,0.038369425,0.06483956,0.09923685,0.0980762,-0.013508111,-0.011902144,-0.0105063785,-0.01099661,-0.0006125059,0.5792846,0.88204604,0.91895455,0.95164156,0.011895783,0.012320234,0.010566173,0.0019764348,0.0051157647,-0.14368135,1.1072929,1.1391115,1.2191676,1.3359636,1.4023589,0.96822363,0.96822363,0.96822363,0.96822363,0.96822363,1.0269737,1.0749564,1.1573204,1.2578082,1.2667431,0.9977006,1.0043782,1.042111,1.0586822,1.0818379,0.4,0.2,0.1,0.06666667,0.033333335,0.228493,0.18594848,0.12662725,0.08640983,0.073194586,0.2,0.1,0.1,0.1,0.41666666,0.6,0.8,0.9,0.93333334,0.96666664,-0.4,-0.7,-0.8,-0.8333333,-0.55,0.045943692,-0.67963934,-0.24439047,0.011460845,0.31963417,0.14630462,0.103997916,0.18195325,0.06668599,0.5344154,0.4,0.3,0.4,0.33333334,0.36666667,0.6,0.7,0.6,0.6666667,0.6333333,-0.2,-0.4,-0.2,-0.33333334,-0.26666668,0.2696585,0.16430388,0.25534058,0.27419883,0.45290884,0.7303415,0.8356961,0.7446594,0.72580117,0.5470911,-0.46068302,-0.6713922,-0.48931888,-0.4516023,-0.09418228,1.1965098,0.9909568,0.98920524,1.0037153,1.0170621,0.2076661,0.25957176,0.20906247,0.22558251,0.27223498,0.6487327,0.7797237,0.82754517,0.9913645,1.3968039,0.5540086,0.5307782,0.52253956,0.4868049,0.51474565,0.44599143,0.46922177,0.4774604,0.5131951,0.48525435,0.108017154,0.06155644,0.04507916,-0.026390176,0.029491313
SZ002311,-0.04648674195085588,0.0,,2026-05-27,-0.014643487,0.022495726,-0.6509453,0.0016978385,0.07547383,0.0061544003,0.27358088,-0.0101869255,-0.45283827,1.0148611,1.0165842,0.99375415,1.0003695,0.9711581,0.9825766,1.0150865,1.0488982,1.154001,0.988203,0.99482036,1.0095311,1.018024,1.0826452,0.018802648,0.021477977,0.03207962,0.030638488,0.077017866,0.008655519,-0.0027467709,-0.0035076907,-0.0023345638,-0.004052459,0.52977103,0.14992344,0.41845837,0.4499648,0.84441143,-0.005514018,0.017540123,0.023791872,0.015827157,0.0369024,1.0226202,1.0433084,1.1005906,1.1005906,1.2653564,0.960157,0.960157,0.960157,0.960157,0.960157,1.0028871,1.0165893,1.0284456,1.0409703,1.1695904,0.9717557,0.97184443,0.98359424,0.98834497,1.0075078,0.8,0.7,0.5,0.33333334,0.16666667,0.63786405,0.4791624,0.28371438,0.28371438,0.13054754,0.8,0.1,0.2,0.46666667,0.2,0.4,0.7,0.85,0.9,0.95,0.4,-0.6,-0.65,-0.43333334,-0.75,0.3850363,0.6571071,0.38907793,0.05219835,-0.23353162,0.9668687,0.80968714,0.57121253,0.4038273,0.22467574,0.6,0.4,0.35,0.36666667,0.4,0.4,0.6,0.65,0.6333333,0.6,0.2,-0.2,-0.3,-0.26666668,-0.2,0.671715,0.54798734,0.47920066,0.45082983,0.43186218,0.32828498,0.45201266,0.52079934,0.54917014,0.5681378,0.34343,0.0959747,-0.041598678,-0.09834031,-0.13627565,1.4730145,1.7142967,1.8642069,1.6360384,1.4330525,0.4444965,0.8010621,0.68379545,0.69155174,0.6082021,1.253524,1.3448225,1.2523308,1.3170896,1.226314,0.4359587,0.4096185,0.5136251,0.45910883,0.5017186,0.5640413,0.5903815,0.4863749,0.5408912,0.4982814,-0.12808259,-0.18076302,0.027250158,-0.081782326,0.0034371957
SZ000596,-0.047416642418896024,0.25,,2026-05-27,0.020541264,0.05771111,0.3559326,0.02271493,0.39359716,0.014454916,0.25047025,0.012281251,0.21280566,0.97987217,1.0222577,0.9657082,0.9914917,1.0231159,1.057394,1.1661345,1.1020149,1.2864894,0.9956142,1.0162772,1.0711108,1.0912454,1.1286908,0.011306073,0.02768853,0.06297198,0.059837732,0.066082954,-0.0017887903,-0.0079704,-0.0101017095,-0.00549409,-0.0031465355,0.06257997,0.75957716,0.9006647,0.65334564,0.6914904,0.007963382,0.019589635,0.024855375,-0.011581073,-0.03586806,1.045374,1.1022431,1.181467,1.1895636,1.2910542,0.9657082,0.9657082,0.9657082,0.9657082,0.9657082,1.0023229,1.0267556,1.1332128,1.135677,1.1829711,0.98669565,0.99456865,1.0092915,1.0229689,1.0942267,0.8,0.4,0.2,0.13333334,0.06666667,0.43044558,0.25115764,0.1589357,0.15318722,0.105400965,0.2,0.1,0.15,0.33333334,0.016666668,1.0,1.0,1.0,1.0,1.0,-0.8,-0.9,-0.85,-0.6666667,-0.98333335,-0.117652416,0.045192424,-0.28306288,-0.19473195,-0.08833636,0.19371668,0.34897634,0.43304005,0.56619596,0.2880891,0.4,0.4,0.35,0.4,0.45,0.6,0.6,0.65,0.6,0.55,-0.2,-0.2,-0.3,-0.2,-0.1,0.34647152,0.30653447,0.2736583,0.39718616,0.3762572,0.6535285,0.69346553,0.72634166,0.60281384,0.6237428,-0.307057,-0.38693106,-0.45268336,-0.2056277,-0.2474856,0.6392413,0.58195746,0.54523903,0.515964,0.51158094,0.21785831,0.18774307,0.16822429,0.20043504,0.18095723,0.582582,0.7583753,0.7090173,1.1383929,1.0061365,0.83974975,0.6081288,0.5825242,0.5637752,0.5224282,0.16025026,0.3918712,0.41747585,0.4362248,0.4775718,0.6794995,0.21625756,0.16504832,0.12755042,0.0448564
SH600741,-0.048217270259462784,0.25,,2026-05-27,-0.010005893,0.021188997,-0.4722212,0.0,0.0,0.011183104,0.5277788,0.0011772105,0.055557635,1.010107,1.010107,0.98870385,0.99819154,1.0279417,1.0725272,1.2057076,1.2169954,1.161112,1.0086765,1.0262742,1.0686345,1.1175147,1.1227175,0.005242441,0.020879641,0.05331128,0.08262237,0.066477045,-0.00285278,-0.0067015947,-0.008724298,-0.00916539,-0.0011453163,0.7403029,0.9443254,0.9373264,0.9536923,0.09053309,-0.0029709705,0.0038829392,0.014246354,0.015383369,-0.08893061,1.0386394,1.0743104,1.2039167,1.2342402,1.2342402,0.98870385,0.98870385,0.98870385,0.98870385,0.98870385,1.0125995,1.045416,1.1013076,1.2122438,1.196075,1.0066534,1.0092707,1.0129572,1.0331722,1.0628986,0.2,0.1,0.05,0.033333335,0.016666668,0.22621419,0.13195412,0.052488208,0.04600595,0.04600595,0.2,0.1,0.05,0.13333334,0.56666666,1.0,1.0,1.0,1.0,1.0,-0.8,-0.9,-0.95,-0.8666667,-0.43333334,0.2887974,-0.1600876,-0.06212162,-0.6025258,-0.114820406,-0.15262932,-0.063864075,-0.3883322,-0.22948237,0.09308189,0.4,0.2,0.1,0.2,0.33333334,0.6,0.8,0.9,0.8,0.6666667,-0.2,-0.6,-0.8,-0.6,-0.33333334,0.056748845,0.023502776,0.008546559,0.12986566,0.39339933,0.94325113,0.97649723,0.99145347,0.87013435,0.60660064,-0.8865023,-0.95299447,-0.9829069,-0.74026865,-0.21320134,1.3459823,1.2143517,1.2826756,1.1096854,0.9623282,0.47925442,0.36346585,0.36915803,0.3971156,0.50094575,1.1197258,0.73554957,1.0433698,1.1154515,2.1465292,0.5213623,0.47562653,0.5263886,0.5111002,0.5158551,0.47863767,0.5243735,0.47361144,0.48889983,0.48414493,0.04272466,-0.048746962,0.052777115,0.022200366,0.031710144
SH600196,-0.0489662131348958,0.25,,2026-05-27,0.0060396753,0.031924076,0.18918873,0.007765374,0.24324508,0.018119026,0.5675662,0.016393328,0.51350987,0.99399656,1.0077188,0.97598636,0.99054956,1.0300102,1.0707568,1.088323,1.1354941,1.1367965,1.0025756,1.019728,1.0476863,1.0708137,1.090124,0.008667619,0.019747179,0.032732945,0.044247296,0.043607198,-0.004332227,-0.0061910986,-0.005074183,-0.004822214,-0.0013766813,0.6245437,0.9010248,0.8410662,0.9204945,0.30398366,0.0060888417,0.008131958,0.0005184214,-0.000891595,-0.049511887,1.0454577,1.0797749,1.1102084,1.1616762,1.1728178,0.97598636,0.97598636,0.97598636,0.97598636,0.97598636,1.0061004,1.0352424,1.0842136,1.10112,1.1348227,0.9980206,0.9998264,1.0140703,1.0313993,1.0584865,0.6,0.3,0.15,0.1,0.05,0.34566256,0.23137105,0.17891005,0.12932137,0.12200116,0.2,0.1,0.1,0.1,0.41666666,1.0,1.0,1.0,1.0,1.0,-0.8,-0.9,-0.9,-0.9,-0.5833333,0.5487423,-0.06375676,0.47231767,0.14186703,0.17089021,0.23342617,-0.000265215,0.32953474,0.36473566,0.21011879,0.2,0.2,0.2,0.2,0.3,0.8,0.8,0.8,0.8,0.7,-0.6,-0.6,-0.6,-0.6,-0.4,0.14989871,0.12648976,0.23851947,0.23397736,0.40075585,0.8501013,0.87351024,0.7614805,0.7660226,0.5992442,-0.7002026,-0.7470205,-0.522961,-0.5320453,-0.1984883,0.7938112,0.7316372,0.89938277,0.84926903,0.8103082,0.20556252,0.2094938,0.31986606,0.30029026,0.29543325,0.62969625,0.76968586,1.1603465,1.1295127,1.1354811,0.6870626,0.5361695,0.5476235,0.52202487,0.5133454,0.31293738,0.46383047,0.45237648,0.47797513,0.48665458,0.3741252,0.072339065,0.095247,0.044049732,0.026690835
SH600958,-0.049123754414446684,0.125,,2026-05-27,-0.009443906,0.02413433,-0.39130592,0.011542455,0.4782588,0.0031479688,0.1304353,-0.017838392,-0.73912936,1.009534,1.0211865,0.996822,1.0053723,1.0339558,1.057725,,0.98217314,1.0721562,1.0135823,1.0225806,1.0226939,1.0137097,1.0066553,0.00846773,0.01651995,0.020120475,0.02355959,0.03436372,-0.004414264,-0.0032515305,-0.00044870228,0.0014360113,-0.00011113753,0.6793954,0.35511547,0.009946495,0.35000935,0.0035675205,-0.004753835,-0.007948775,-0.019552931,-0.030941822,-0.0031545295,1.0653211,1.0748883,1.0748883,1.0748883,1.0787249,0.996822,0.996822,0.97691894,0.97264385,0.9380401,1.0181664,1.0368421,1.0463498,1.0363327,1.0387098,1.0101868,1.0115451,1.0101868,0.9894737,0.97045845,0.2,0.1,0.13333334,0.35,0.42,0.046394546,0.040708754,0.23559467,0.26755643,0.44041649,0.2,0.1,0.05,0.2,0.6,1.0,1.0,0.05,0.2,0.6,-0.8,-0.9,0.0,0.0,0.0,0.87780064,0.75836354,0.30733025,0.59368783,0.3866139,0.17012496,0.7169552,0.70810443,0.6219219,0.40012318,0.2,0.2,0.25,0.26666668,0.31666666,0.8,0.8,0.45,0.33333334,0.46666667,-0.6,-0.6,-0.2,-0.06666667,-0.15,0.10000017,0.30898866,0.47735184,0.49354827,0.42666662,0.89999986,0.6910113,0.52264816,0.5064517,0.5733334,-0.79999965,-0.38202268,-0.045296337,-0.012903425,-0.14666674,1.2909234,1.4623685,2.133099,1.8114203,1.1992923,0.31081036,0.5102665,1.216612,1.1969466,0.9263434,0.6619986,1.0982516,0.9856131,1.2268925,1.3905461,0.5056517,0.3360469,0.3125428,0.3249013,0.40055725,0.49434826,0.6639531,0.6874572,0.6750987,0.5994428,0.011303473,-0.3279062,-0.3749144,-0.35019737,-0.19888552
SH600406,-0.04977294482134024,0.0,,2026-05-27,0.0031385478,0.027461799,0.11428777,0.0051000277,0.18571354,0.019223223,0.6999987,0.017261744,0.62857294,0.9968713,1.005084,0.9777082,0.9896399,1.0375448,1.095822,1.0379353,1.0308994,1.0731374,1.0074339,1.026753,1.0323464,1.0367782,1.062909,0.012044447,0.023778927,0.02394841,0.022348206,0.054035533,-0.0020732272,-0.0065748575,-0.0009622664,-0.0007634409,-0.002077213,0.07407304,0.700809,0.056507394,0.09044139,0.45071605,-0.003287409,0.0028339098,-0.023204854,-0.025708284,-0.0016312379,1.0438038,1.1138055,1.1138055,1.1138055,1.253814,0.9777082,0.9777082,0.9777082,0.9777082,0.9777082,1.0135372,1.0409869,1.0504528,1.0541307,1.0962906,0.99929714,1.0028174,1.0145539,1.0187784,1.0202637,0.4,0.2,0.1,0.06666667,0.05,0.3372661,0.1637931,0.1637931,0.1637931,0.08073646,0.6,0.1,0.55,0.7,0.11666667,1.0,1.0,1.0,1.0,1.0,-0.4,-0.9,-0.45,-0.3,-0.8833333,-0.49199882,0.42067826,0.61468464,0.4415078,0.5842271,-0.37437394,0.029805724,0.393933,0.44728673,0.4931792,0.6,0.5,0.55,0.5,0.43333334,0.4,0.5,0.45,0.5,0.56666666,0.2,0.0,0.1,0.0,-0.13333334,0.29484695,0.24529974,0.44756523,0.46677327,0.46668676,0.70515305,0.75470024,0.5524348,0.5332267,0.5333132,-0.4103061,-0.5094005,-0.104869574,-0.066453464,-0.06662649,0.9094328,1.0415839,1.1592245,1.0432471,1.0067018,0.21932623,0.34475046,0.5277426,0.47407964,0.4486361,0.8751064,0.8096736,1.0753324,1.2073909,1.0959803,0.5553749,0.29402202,0.5257325,0.5216188,0.50491595,0.4446251,0.705978,0.4742675,0.47838122,0.49508402,0.11074979,-0.41195595,0.05146499,0.04323757,0.009831935
SZ002475,-0.0510751907053096,0.375,,2026-05-27,-0.0077616163,0.049895976,-0.15555596,0.029660394,0.59444463,0.012473963,0.24999939,-0.024948047,-0.50000125,1.0078223,1.0377147,0.9874285,1.0107052,0.97876716,1.1195682,0.92191744,0.8126833,0.71462625,1.0029607,1.0110065,1.0075146,0.96501344,0.8276501,0.034698825,0.030781753,0.048206676,0.07880276,0.15113272,0.010462767,-0.0032457404,0.0019834863,0.0068664257,0.007999037,0.22730218,0.101918325,0.059253242,0.58841044,0.8543943,-0.023886213,0.0035993007,-0.026357746,-0.06457661,-0.06362174,1.0466547,1.1083947,1.1423367,1.1423367,1.1423367,0.94384456,0.94384456,0.92596513,0.8031829,0.6225732,1.018298,1.03562,1.0453974,1.02137,0.99664724,0.98960704,0.9957534,0.968625,0.9183687,0.6851221,0.4,0.3,0.45,0.6333333,0.81666666,0.54620534,0.3412663,0.34216526,0.58031803,0.72615093,0.6,0.1,0.5,0.6666667,0.8333333,0.2,0.6,0.3,0.033333335,0.3,0.4,-0.5,0.2,0.6333333,0.53333336,0.1233603,0.33447674,0.2586809,-0.0136943655,0.6197172,0.28287402,0.03793972,0.3920374,0.53134143,0.585711,0.4,0.2,0.45,0.5,0.48333332,0.6,0.8,0.55,0.5,0.51666665,-0.2,-0.6,-0.1,0.0,-0.033333335,0.56260395,0.30738539,0.56035346,0.6111763,0.6050808,0.43739608,0.6926146,0.43964657,0.38882372,0.39491922,0.12520787,-0.38522923,0.12070687,0.22235256,0.21016158,1.1116816,1.1311576,1.245108,1.3144139,1.0906125,0.14244239,0.15459053,0.24735904,0.31516385,0.44293723,0.6011062,0.69529074,0.9392088,1.2075304,1.3112144,0.42663157,0.37804747,0.43100622,0.4218045,0.5112737,0.57336843,0.62195253,0.5689938,0.5781955,0.48872632,-0.14673686,-0.24390505,-0.13798757,-0.15639104,0.022547357
SH600009,-0.051095763987740815,0.125,,2026-05-27,-0.003139688,0.02197799,-0.142856,0.0,0.0,0.018838303,0.857144,0.015698614,0.714288,1.0031496,1.0031496,0.98110235,0.9927626,1.0137895,1.0562868,1.0645605,1.0873761,1.200326,1.0028081,1.0116961,1.0408988,1.0527223,1.0902888,0.0068287225,0.014411783,0.031882115,0.031058645,0.0507435,6.267871e-05,-0.0035898658,-0.0049798246,-0.0030879932,-0.0027291297,0.00021062074,0.56876445,0.85389006,0.7661069,0.8822412,-0.002933395,0.00445831,0.006409542,-0.007946465,-0.009779372,1.0306047,1.0628974,1.0936825,1.0936825,1.2030464,0.98110235,0.98110235,0.98110235,0.98110235,0.98110235,1.0078726,1.0162967,1.072032,1.077949,1.1527892,0.9984205,1.0047135,1.0075467,1.0113827,1.0643098,0.4,0.2,0.1,0.06666667,0.033333335,0.3817527,0.2310364,0.1678593,0.1678593,0.08514594,0.2,0.1,0.3,0.53333336,0.016666668,1.0,1.0,1.0,1.0,1.0,-0.8,-0.9,-0.7,-0.46666667,-0.98333335,-0.16953956,0.000576355,-0.27873862,-0.50328696,-0.1583072,-0.1582376,-0.079340376,-0.00051779445,-0.09762581,-0.20093635,0.4,0.4,0.45,0.4,0.41666666,0.6,0.6,0.55,0.6,0.5833333,-0.2,-0.2,-0.1,-0.2,-0.16666667,0.35054353,0.22655268,0.28876108,0.29366457,0.31487486,0.6494565,0.77344733,0.7112389,0.7063354,0.6851252,-0.29891294,-0.5468946,-0.42247784,-0.41267085,-0.37025028,0.7473999,0.72594243,0.68251383,0.6057894,0.58130664,0.14785343,0.14642929,0.15511261,0.17842187,0.20368057,0.5448815,0.666685,0.8225458,0.87924576,1.4167302,0.7627827,0.5889276,0.5970557,0.55653524,0.51605874,0.23721728,0.41107234,0.40294436,0.44346473,0.4839413,0.52556545,0.17785531,0.1941113,0.11307053,0.032117438
SH688041,-0.051150874632557436,0.25,,2026-05-27,-0.07641398,0.07679298,-0.99506474,0.0,0.0,0.00037899514,0.004935284,-0.076034985,-0.9901294,1.0827361,1.0827361,0.9995896,1.0350974,0.9998427,1.0991192,0.89965403,0.731771,0.7976723,1.0145581,0.99990565,1.0075668,0.9432851,0.833423,0.04375648,0.038397606,0.06786714,0.109318264,0.13833968,0.015262669,0.0059873974,0.0027209804,0.009734215,0.0062282397,0.30416986,0.22288422,0.056260012,0.6144947,0.6182114,-0.045083378,-0.026848922,-0.033416167,-0.08443123,-0.017156072,1.0890324,1.1164511,1.1326002,1.1326002,1.1326002,0.9507105,0.92041075,0.85565555,0.75760174,0.6407481,1.0479207,1.029374,1.0801007,1.0479207,0.98517144,0.9827179,0.96695185,0.95224285,0.8202265,0.7017049,0.6,0.7,0.55,0.7,0.85,0.35633937,0.40598375,0.5212034,0.6463981,0.73040646,0.8,0.1,0.45,0.6333333,0.81666666,0.4,0.4,0.15,0.033333335,0.3,0.4,-0.3,0.3,0.6,0.51666665,0.49162015,0.27140146,0.4819528,0.7144326,0.84750926,0.33314195,0.012500007,0.25131446,0.34485358,0.3338445,0.6,0.6,0.55,0.6666667,0.55,0.4,0.4,0.45,0.33333334,0.45,0.2,0.2,0.1,0.33333334,0.1,0.50036496,0.37655723,0.55894744,0.6244854,0.563044,0.49963504,0.62344277,0.4410526,0.3755146,0.43695602,0.0007299377,-0.24688554,0.11789486,0.2489708,0.126088,1.0310748,0.9897901,0.9909448,0.89420724,0.666961,0.14196956,0.15648627,0.16757394,0.22892492,0.29512486,0.51555145,0.68232024,1.0467781,1.1331332,1.3765888,0.54611355,0.5258098,0.47875237,0.53045154,0.52186656,0.45388648,0.47419018,0.5212476,0.4695485,0.4781334,0.09222705,0.051619653,-0.042495243,0.060903024,0.043733157
SH600845,-0.05236343303444324,0.25,,2026-05-27,-0.009039008,0.022359677,-0.40425485,0.0061846143,0.27659675,0.007136055,0.3191484,-0.008087567,-0.36170322,1.0091214,1.0153625,0.99279886,1.0026891,1.1478727,1.1495771,1.0963404,1.0659106,1.1495771,1.0503176,1.0940039,1.1062224,1.0998523,1.0887035,0.041629933,0.05534567,0.046578694,0.04007193,0.04456105,-0.024579348,-0.015100156,-0.002537114,0.00019498394,0.0003510772,0.87150383,0.68234974,0.10384208,0.0018349272,0.018931903,-0.0011589421,-0.026053235,-0.082119755,-0.10267959,-0.09906029,1.1742773,1.2002015,1.2002015,1.2002015,1.2002015,0.99279886,0.99279886,0.99279886,0.99279886,0.96702945,1.0853646,1.1409563,1.1482136,1.1402559,1.1334263,1.0126926,1.0484893,1.0777044,1.0738063,1.0638158,0.2,0.1,0.05,0.033333335,0.05,0.039680436,0.034720607,0.034720607,0.034720607,0.14140014,0.2,0.5,0.75,0.8333333,0.9166667,1.0,1.0,1.0,1.0,0.3,-0.8,-0.5,-0.25,-0.16666667,0.6166667,0.6286782,0.32106057,0.3999272,0.4733535,0.46579254,-0.75940806,-0.17572488,0.51018125,0.6031667,0.5227151,0.2,0.3,0.4,0.43333334,0.41666666,0.8,0.7,0.6,0.56666666,0.56666666,-0.6,-0.4,-0.2,-0.13333334,-0.15,0.079188734,0.23393226,0.3941581,0.44885296,0.4504872,0.9208113,0.76606774,0.60584193,0.55114704,0.5495128,-0.84162253,-0.5321355,-0.21168382,-0.10229407,-0.09902558,1.7575924,1.7116435,1.6092608,1.4798862,1.4000344,0.5188985,0.37990525,0.5612444,0.5494193,0.52856076,0.77686256,0.7936621,1.1488961,1.1734453,1.1714447,0.3121592,0.3609008,0.497451,0.50294936,0.48140234,0.68784076,0.63909924,0.502549,0.49705064,0.51859766,-0.37568155,-0.27819842,-0.0050979764,0.005898692,-0.03719534
SH601800,-0.05250177606890253,0.125,,2026-05-27,0.0031949305,0.019169327,0.16666889,0.0015973799,0.08332999,0.014377017,0.75000113,0.015974566,0.83334,0.99681526,1.0015923,0.98248404,0.99101126,1.0267953,1.096463,1.1329045,1.210075,1.2936763,1.0051447,1.030225,1.0695605,1.106931,1.1826545,0.0075560594,0.029860605,0.045995165,0.06719784,0.09466769,-0.003751333,-0.009483898,-0.0075429715,-0.007536061,-0.0052214395,0.61619836,0.9246727,0.9413012,0.9747202,0.9278479,0.002357992,0.012452507,0.0020977212,0.0023418898,-0.028622001,1.0309485,1.1000087,1.1349205,1.2175128,1.3605826,0.98248404,0.98248404,0.98248404,0.98248404,0.98248404,1.007074,1.055091,1.1080385,1.175134,1.2733119,1.0,1.0025723,1.015434,1.047374,1.0981779,0.3,0.15,0.075,0.05,0.025,0.36141878,0.1490408,0.11490677,0.07452696,0.046326507,0.2,0.1,0.05,0.1,0.18333334,1.0,1.0,1.0,1.0,1.0,-0.8,-0.9,-0.95,-0.9,-0.81666666,-0.42342582,-0.45712143,-0.18148942,-0.6944513,-0.1726502,0.36081097,0.011876597,-0.0019769853,-0.041606773,0.14905912,0.2,0.1,0.2,0.2,0.33333334,0.8,0.8,0.7,0.73333335,0.6166667,-0.6,-0.7,-0.5,-0.53333336,-0.28333333,0.09677328,0.031249613,0.050724898,0.07017542,0.28184715,0.90322673,0.9687504,0.9492751,0.9298246,0.7181529,-0.8064534,-0.9375008,-0.8985502,-0.8596492,-0.4363057,1.0137984,0.96044517,0.99559575,0.8286742,0.7856062,0.16560839,0.14839332,0.369167,0.39566532,0.43596554,0.5281312,0.81068414,0.98349243,0.94514626,1.5201659,0.4604092,0.57983,0.54087657,0.55149454,0.5157374,0.53959084,0.42017004,0.45912343,0.44850546,0.48426262,-0.079181634,0.15965994,0.08175313,0.10298906,0.031474777
SZ000100,-0.05268524267828869,0.25,,2026-05-27,0.004291845,0.06866952,0.0625,0.05364801,0.7812492,0.010729664,0.15625075,-0.038626503,-0.5624985,0.9957265,1.0534188,0.9850427,1.013846,0.90408623,0.9341657,0.90408623,0.9273553,1.0300794,0.96254253,0.934563,0.926135,0.92546344,0.94725686,0.031936243,0.037017297,0.027636113,0.023098378,0.049826466,0.018955734,0.010824474,0.0027177767,0.00081538514,-0.0017523472,0.88075167,0.7838188,0.3384868,0.09657491,0.37724197,-0.00045398084,0.016726917,0.048046093,0.062713474,0.10443738,1.0534188,1.0534188,1.0534188,1.0534188,1.0854998,0.8824512,0.880446,0.880446,0.880446,0.87837845,0.9950056,0.95788866,0.93450624,0.9341657,0.99682176,0.93552774,0.9036322,0.90908056,0.9103291,0.91259927,1.0,1.0,1.0,1.0,0.81666666,0.6875504,0.6911724,0.6911724,0.6911724,0.5871996,1.0,1.0,1.0,1.0,0.083333336,0.4,0.3,0.65,0.76666665,0.45,0.6,0.7,0.35,0.23333333,-0.36666667,-0.39940274,0.6889911,0.6662173,0.5270572,0.28272128,0.53501827,0.4005851,0.4007687,0.42699674,0.343717,1.0,0.7,0.65,0.53333336,0.45,0.0,0.3,0.35,0.46666667,0.53333336,1.0,0.4,0.3,0.06666667,-0.083333336,1.0,0.68589747,0.6550459,0.59356725,0.48383164,0.0,0.3141025,0.34495404,0.40643275,0.51616836,1.0,0.371795,0.3100919,0.1871345,-0.03233669,1.1245961,0.7217064,0.54351807,0.42989153,0.34515196,0.2755183,0.46464872,0.37652057,0.34624836,0.26558605,1.0072585,1.2630682,1.389135,1.644857,1.4800886,0.65454066,0.6194358,0.61265683,0.5964818,0.562854,0.3454593,0.3805642,0.3873432,0.40351823,0.43714604,0.30908135,0.23887157,0.22531362,0.19296356,0.12570795
SH600905,-0.0543974247531512,0.25,,2026-05-27,-0.0048780586,0.0048780586,-1.0,0.0,0.0,0.0,0.0,-0.0048780586,-1.0,1.004902,1.004902,1.0,1.0016489,1.0092592,1.0439816,1.0069444,1.0069444,1.0046297,1.0050926,1.0106481,1.012963,1.0109568,1.031713,0.0038036252,0.008945325,0.011596001,0.010079675,0.03205321,-0.00046296915,-0.0017396257,-4.873534e-05,0.0002616076,-0.0011227401,0.0370381,0.34668162,0.00061821507,0.052204665,0.3742099,-0.004166659,-0.002819859,-0.012500014,-0.014750131,0.0014078359,1.0170188,1.0502806,1.0513335,1.0513335,1.1450262,0.9995945,0.9995945,0.9974135,0.9974135,0.9974135,1.0074074,1.0152779,1.0212964,1.0171297,1.0625,1.0018519,1.0060185,1.0046297,1.0046297,1.0046297,0.2,0.1,0.05,0.033333335,0.016666668,0.02327326,0.008000616,0.04796908,0.04796908,0.017522149,0.2,0.1,0.5,0.6666667,0.31666666,0.4,0.7,0.2,0.46666667,0.45,-0.2,-0.6,0.3,0.2,-0.13333334,-0.8140823,0.5159763,0.7662526,0.74639946,0.88180816,-0.6596926,0.22906473,0.33442232,0.4643689,0.46159822,0.4,0.4,0.5,0.43333334,0.45,0.6,0.6,0.4,0.43333334,0.43333334,-0.2,-0.2,0.1,0.0,0.016666668,0.29999954,0.28888908,0.47692314,0.482353,0.4958677,0.70000046,0.71111095,0.52307683,0.517647,0.5041323,-0.4000009,-0.42222187,-0.046153694,-0.035294015,-0.008264575,0.937818,1.176407,1.2255629,1.1220034,1.7205683,0.16970715,0.33029535,0.40239668,0.39552227,0.99737173,0.6363158,0.92980105,1.0695026,1.1705816,1.4281071,0.3105772,0.21991,0.5017273,0.51019365,0.50537723,0.6894228,0.78009,0.49827272,0.48980632,0.49462274,-0.37884557,-0.56018,0.003454548,0.020387337,0.01075451
SH601136,-0.05454570730282407,0.0,,2026-05-27,-0.013824877,0.025674727,-0.53846246,0.010533243,0.41025728,0.0013166066,0.05128026,-0.023041513,-0.8974395,1.0140187,1.0246996,0.9986649,1.0076549,1.0429968,1.1218241,1.0697069,1.0970684,1.2234528,1.016026,1.0413029,1.0753095,1.0811075,1.1077741,0.013139603,0.030911205,0.04336578,0.03656293,0.048259087,-0.0069055376,-0.009902283,-0.0057025305,-0.00256195,-0.002221609,0.6905109,0.94069797,0.60521394,0.38050547,0.6463636,-0.0022150027,0.003257318,-0.021135429,-0.04395925,-0.04223672,1.0732131,1.130505,1.1392354,1.1392354,1.2281604,0.9986649,0.9986649,0.9986649,0.9986649,0.9986649,1.020847,1.064886,1.1202606,1.112834,1.1575245,1.0104234,1.0135505,1.0325733,1.0549837,1.0703584,0.2,0.1,0.05,0.033333335,0.016666668,0.017908748,0.010126395,0.009497472,0.009497472,0.0058173863,0.2,0.1,0.15,0.43333334,0.016666668,1.0,1.0,1.0,1.0,1.0,-0.8,-0.9,-0.85,-0.56666666,-0.98333335,0.78920346,0.18510555,0.43400705,0.18796474,-0.04849178,0.06526488,-0.20841104,0.6083468,0.5683579,0.36779314,0.4,0.3,0.35,0.36666667,0.38333333,0.6,0.7,0.6,0.56666666,0.5833333,-0.2,-0.4,-0.25,-0.2,-0.2,0.07692344,0.06103302,0.35422328,0.34949505,0.33986935,0.92307657,0.938967,0.64577675,0.65050495,0.6601306,-0.84615314,-0.877934,-0.29155347,-0.30100992,-0.3202613,1.2440504,1.2119733,1.3840845,1.19446,1.0388482,0.32676533,0.2535591,0.57800597,0.5528356,0.49001017,0.97194505,0.6816993,1.6904901,1.812641,1.6362073,0.49538854,0.45498738,0.51287943,0.47165248,0.47880274,0.5046115,0.54501265,0.48712057,0.5283475,0.52119726,-0.00922294,-0.09002525,0.025758877,-0.056695025,-0.042394545
SH601857,-0.05511253821766367,0.125,,2026-05-27,-0.0091743115,0.029357783,-0.31250015,0.0027522733,0.09374936,0.017431198,0.5937505,0.0055046137,0.187501,1.0092592,1.012037,0.9824074,0.9942496,1.0767646,1.0293663,1.1045853,1.1102524,1.0082432,1.0158681,1.0402884,1.058578,1.0671647,1.0986433,0.020785559,0.03057886,0.042978685,0.038757183,0.05071938,-0.010149404,-0.0077248528,-0.0053882776,-0.002830898,-0.0019943144,0.5960706,0.5849911,0.5501254,0.4134716,0.47156245,0.0044307234,-0.005526653,-0.007389396,-0.026116658,-0.039811023,1.0629295,1.0879658,1.1446538,1.1446538,1.2673143,0.9824074,0.9824074,0.9824074,0.9824074,0.9824074,1.0296754,1.0689335,1.1022153,1.1045853,1.1336424,0.99866045,1.0119525,1.0282328,1.0293663,1.0572901,0.4,0.2,0.1,0.06666667,0.033333335,0.21848163,0.16666208,0.108431384,0.108431384,0.06174857,0.2,0.3,0.15,0.43333334,0.06666667,1.0,1.0,1.0,1.0,1.0,-0.8,-0.7,-0.85,-0.56666666,-0.93333334,0.49713323,-0.13194975,-0.07354036,-0.005466067,0.65353304,-0.2313988,-0.17469911,-0.29925567,0.016252186,0.49289036,0.2,0.6,0.5,0.43333334,0.46666667,0.8,0.4,0.5,0.56666666,0.53333336,-0.6,0.2,0.0,-0.13333334,-0.06666667,0.1802576,0.4123077,0.33495936,0.37170264,0.49687743,0.8197424,0.5876923,0.6650406,0.6282973,0.50312257,-0.6394848,-0.17538461,-0.33008128,-0.2565947,-0.006245115,0.94152373,0.9364962,0.98854655,0.9553285,1.5837919,0.14120923,0.20070927,0.19231942,0.20774372,1.1582271,0.37417072,0.7203851,1.1087177,1.1388313,2.0347004,0.65586716,0.5172371,0.4900439,0.5110539,0.504516,0.34413284,0.48276284,0.50995606,0.4889461,0.495484,0.31173432,0.034474295,-0.01991218,0.022107791,0.009032004
SH601668,-0.05682331061398918,0.25,,2026-05-27,-0.006302518,0.012605036,-0.5,0.004201724,0.33333698,0.0021007934,0.16666302,-0.008403448,-0.66667396,1.0063425,1.0105709,0.9978859,1.0023025,1.0231522,1.0507569,1.0231522,1.0507569,1.0632236,1.0081923,1.0219057,1.0305878,1.0328882,1.0463787,0.0056106914,0.015980052,0.016759798,0.015578536,0.020345755,-0.0034728465,-0.0052025155,-0.0014682759,-0.00086610584,-0.00086560636,0.957808,0.97158724,0.26862463,0.23954676,0.5520687,-0.0012466633,0.0015056955,-0.016639112,-0.020329585,-0.020843387,1.0278273,1.0529813,1.0657825,1.0657825,1.0996205,0.9978859,0.9978859,0.9978859,0.9978859,0.9978859,1.0115762,1.0356189,1.0430989,1.0457703,1.0632236,1.0049866,1.0083705,1.0142475,1.0204809,1.0258237,0.2,0.1,0.05,0.033333335,0.016666668,0.07060853,0.03837192,0.031137284,0.031137284,0.020780712,0.2,0.1,0.45,0.6333333,0.18333334,1.0,1.0,1.0,1.0,1.0,-0.8,-0.9,-0.55,-0.36666667,-0.81666666,0.5697333,0.5761896,0.6964165,0.30793086,0.46782398,-0.96193177,-0.49646446,0.6265716,0.27068493,0.13975844,0.0,0.0,0.25,0.23333333,0.38333333,1.0,0.9,0.65,0.6,0.48333332,-1.0,-0.9,-0.4,-0.36666667,-0.1,0.0,0.0,0.39166656,0.3425414,0.4216335,1.0,1.0,0.6083334,0.6574586,0.5783665,-1.0,-1.0,-0.21666685,-0.3149172,-0.156733,1.0278103,1.099669,1.2379119,1.2465347,1.4826764,0.15825944,0.17926113,0.35362056,0.3977825,0.58773315,0.6431627,0.72672457,1.2919707,1.1974727,1.3800259,0.49160028,0.34629574,0.5112035,0.5063953,0.49257314,0.5083997,0.6537042,0.48879647,0.49360472,0.50742686,-0.016799476,-0.3074085,0.02240704,0.012790545,-0.014853699
SZ000538,-0.05686278536831137,0.125,,2026-05-27,0.017597754,0.036423158,0.48314738,0.0014323143,0.039324272,0.017393092,0.47752833,0.03355853,0.92135143,0.98270655,1.0014075,0.96561426,0.97980165,1.0211098,1.0386083,1.0628548,1.0724187,1.0983906,0.9973046,1.0112598,1.0345095,1.0473813,1.0693,0.0096290605,0.016520552,0.027365468,0.029331505,0.032034002,-0.003518939,-0.0050114,-0.0044690873,-0.0031098097,-0.0015640855,0.333884,0.84349114,0.933469,0.8711654,0.72710705,0.0097332345,0.011291473,0.007946833,-0.00228905,-0.02315955,1.023125,1.0434358,1.0814404,1.0898015,1.120263,0.96561426,0.96561426,0.96561426,0.96561426,0.96561426,1.0027325,1.0232047,1.0589985,1.0714847,1.0967139,0.9922783,0.9989544,1.0067159,1.0223979,1.0545328,0.6,0.3,0.15,0.1,0.05,0.59790057,0.44185337,0.2968737,0.27688617,0.22234744,0.2,0.1,0.2,0.1,0.26666668,1.0,1.0,1.0,1.0,1.0,-0.8,-0.9,-0.8,-0.9,-0.73333335,-0.20910035,-0.42122263,0.40703276,0.019191759,-0.031529892,0.09986102,-0.049193274,0.14331761,0.04214583,-0.112683654,0.2,0.2,0.2,0.26666668,0.38333333,0.8,0.8,0.7,0.6666667,0.56666666,-0.6,-0.6,-0.5,-0.4,-0.18333334,0.31320244,0.24196146,0.24100004,0.2963268,0.3787335,0.68679756,0.7580385,0.75899994,0.70367324,0.62126654,-0.37359512,-0.51607704,-0.51799995,-0.40734643,-0.24253306,0.6445841,0.5645088,0.67565703,0.62778,0.6192234,0.21937382,0.18349323,0.21143442,0.19370444,0.1960768,0.7562098,1.095356,1.1312637,1.0881608,1.4474244,0.9140068,0.5682834,0.56343484,0.54111433,0.5256433,0.08599318,0.43171662,0.4365652,0.45888567,0.4743567,0.82801366,0.13656674,0.12686962,0.082228675,0.05128658
SH601169,-0.057423562211186906,0.125,,2026-05-27,-0.0058939266,0.0098232115,-0.6,0.0019646422,0.2,0.0019646422,0.2,-0.0058939266,-0.6,1.0059289,1.0079051,0.9980237,1.0030109,1.0156438,1.0377055,1.0790212,1.0653831,1.0613718,1.006418,1.016045,1.0316286,1.0461693,1.0601952,0.0043480964,0.012312731,0.020641817,0.02693193,0.02484833,-0.0026073195,-0.003938302,-0.0032497032,-0.0028635464,-0.0010263134,0.8989389,0.9378227,0.8674803,0.87614334,0.5203138,-0.0012033432,0.0016774151,-0.00075641007,-0.004647876,-0.02991899,1.0199403,1.0416588,1.0909966,1.0909966,1.0969846,0.9980237,0.9980237,0.9980237,0.9980237,0.9980237,1.0088247,1.0240674,1.0441236,1.0734055,1.0810269,1.0048134,1.0060169,1.0112315,1.0188528,1.0397112,0.2,0.1,0.05,0.033333335,0.016666668,0.09017359,0.0452913,0.021256616,0.021256616,0.019970411,0.2,0.1,0.05,0.36666667,0.21666667,1.0,1.0,1.0,1.0,1.0,-0.8,-0.9,-0.95,-0.6333333,-0.78333336,-0.98394483,0.128795,0.48457968,0.0781624,0.1832126,-0.27689877,-0.04108745,-0.77218723,-0.30101696,-0.24599528,0.0,0.0,0.05,0.2,0.35,0.8,0.8,0.65,0.56666666,0.51666665,-0.8,-0.8,-0.6,-0.36666667,-0.16666667,0.0,0.0,0.08438856,0.2803235,0.42185906,1.0,1.0,0.91561145,0.7196765,0.578141,-1.0,-1.0,-0.8312229,-0.439353,-0.1562819,0.8597541,0.88094467,1.1903193,1.0970433,1.1899312,0.09555568,0.08926207,0.7924036,0.68783695,0.57393354,0.8110935,1.0142299,3.2811155,3.2477455,2.2719903,0.79741526,0.66112983,0.48783907,0.5144267,0.5021604,0.20258473,0.33887014,0.51216096,0.48557326,0.4978396,0.5948306,0.32225972,-0.024321865,0.028853472,0.004320799
SZ000983,-0.05861111723410321,0.0,,2026-05-27,0.013846144,0.049230773,0.2812498,0.023076952,0.46875057,0.0123076765,0.24999966,0.003076868,0.062498875,0.98634297,1.0227618,0.97420335,0.9947585,1.0015233,1.0242448,0.9788018,0.9833714,1.085047,0.9890835,0.99972075,1.0236799,1.0079504,1.0388128,0.016103094,0.016116437,0.034013364,0.03597526,0.05501396,0.008035031,-0.0023048487,-0.003749569,0.0009695398,-0.0020580597,0.6224386,0.18748143,0.42533538,0.056289207,0.42684478,-0.0051535894,0.01065107,0.011941025,-0.022008754,0.021900017,1.0516175,1.0516175,1.1123267,1.1123267,1.1684908,0.96360385,0.96360385,0.96360385,0.95141274,0.95141274,1.0012186,1.0106627,1.0551916,1.0391724,1.0977151,0.9724042,0.990886,0.99969536,0.9769739,0.98306674,0.8,0.4,0.25,0.5,0.33333334,0.4135282,0.4135282,0.24472456,0.30194554,0.22382392,0.6,0.8,0.25,0.5,0.05,0.4,0.7,0.85,0.2,0.6,0.2,0.1,-0.6,0.3,-0.55,0.8689213,0.06007487,0.5145769,0.6531683,0.785588,0.561418,0.52592456,0.5444229,0.5311576,0.6423034,0.6,0.5,0.55,0.46666667,0.41666666,0.4,0.4,0.4,0.46666667,0.53333336,0.2,0.1,0.15,0.0,-0.11666667,0.49053624,0.40020883,0.52959937,0.519373,0.46041125,0.5094637,0.59979117,0.4704006,0.480627,0.53958875,-0.018927498,-0.19958232,0.059198778,0.038745973,-0.07917752,0.9740238,0.7807655,0.88977087,0.76038307,1.0327624,0.44194427,0.36317337,0.3779307,0.36384648,0.6304495,1.2012662,1.4742299,1.1718634,1.385818,1.9704332,0.60128933,0.56780446,0.54362464,0.5388475,0.51090646,0.39871067,0.4321955,0.45637536,0.46115252,0.48909357,0.2025787,0.13560894,0.0872493,0.077694975,0.021812858
SH600089,-0.05867845034093477,0.0,,2026-05-27,0.00076803734,0.02534555,0.03030265,0.020353308,0.80303276,0.0042242054,0.16666457,-0.015361065,-0.6060656,0.99923253,1.0203377,0.99501157,1.007286,1.0241776,1.1178085,1.0345355,1.0395267,1.173449,1.0021495,1.020453,1.0402733,1.0458568,1.0783656,0.00977016,0.023222063,0.0347859,0.030592425,0.069418475,0.0011900858,-0.0062580425,-0.0025162008,-0.001511313,-0.0028411564,0.037093103,0.6657128,0.18312687,0.18913971,0.5109048,-0.004529599,0.007708207,-0.016369414,-0.023942795,0.0054485346,1.0356867,1.120107,1.13853,1.13853,1.2770557,0.9888705,0.9888705,0.9888705,0.9888705,0.96776825,1.0038372,1.0353017,1.0661582,1.067461,1.1191126,0.9976198,0.998775,1.0141201,1.0231793,1.0266316,0.8,0.4,0.2,0.13333334,0.1,0.23772697,0.08480473,0.07436537,0.07436537,0.104212925,0.6,0.1,0.5,0.6666667,0.083333336,0.4,0.7,0.85,0.9,0.45,0.2,-0.6,-0.35,-0.23333333,-0.36666667,-0.020083407,0.6311901,0.86675423,0.82498056,0.8245315,-0.10838894,0.25275618,0.5725692,0.65111446,0.46747833,0.6,0.4,0.55,0.5,0.43333334,0.4,0.6,0.45,0.5,0.56666666,0.2,-0.2,0.1,0.0,-0.13333334,0.3416794,0.21306476,0.45697945,0.46498942,0.4360863,0.6583206,0.7869352,0.54302055,0.5350106,0.5639137,-0.3166412,-0.5738705,-0.08604112,-0.070021175,-0.1278274,0.9710637,1.1211141,1.348662,1.3430817,1.5829421,0.19553803,0.37614253,0.60027623,0.53000915,0.77660817,0.9120834,1.061647,0.96229213,0.9197579,1.1773635,0.5537895,0.2428106,0.49367857,0.49159327,0.4715581,0.44621053,0.7571894,0.50632143,0.50840676,0.5284419,0.10757895,-0.5143788,-0.01264289,-0.016813472,-0.05688381
SZ300760,-0.0587689272563489,0.0,,2026-05-27,0.007853427,0.036518272,0.21505472,0.010994758,0.30107552,0.017670088,0.48386976,0.014528756,0.39784893,0.99220777,1.0109091,0.97467536,0.99079853,1.0052482,1.0775555,1.0454837,1.0271736,1.2161642,1.0026708,1.0149221,1.0500875,1.045198,1.0791154,0.014223178,0.019813187,0.04352395,0.036316097,0.057674974,-0.0054405527,-0.0055601774,-0.0054074912,-0.0009117887,-0.0025483507,0.36579075,0.72190493,0.5402604,0.048853066,0.5954474,0.008210384,0.010098638,0.0012836923,-0.031977043,-0.003939059,1.0772456,1.0811505,1.1465303,1.1465303,1.2136645,0.97467536,0.97467536,0.97467536,0.97467536,0.97467536,1.0055397,1.0304391,1.0945828,1.0830835,1.1418742,0.9943204,0.9969911,1.0041986,1.0173538,1.0269287,0.8,0.4,0.2,0.13333334,0.06666667,0.24690044,0.2378454,0.14736058,0.14736058,0.10596562,0.2,0.1,0.3,0.53333336,0.016666668,1.0,1.0,1.0,1.0,1.0,-0.8,-0.9,-0.7,-0.46666667,-0.98333335,0.5866208,-0.113479,0.23685734,0.26341578,-0.35549295,0.5002299,0.09520271,0.3175908,0.24096665,0.12667632,0.6,0.4,0.4,0.46666667,0.45,0.4,0.6,0.55,0.5,0.53333336,0.2,-0.2,-0.15,-0.033333335,-0.083333336,0.4621209,0.26534906,0.4300573,0.46580568,0.3817846,0.5378791,0.7346509,0.5699427,0.5341943,0.61821544,-0.07575822,-0.46930185,-0.13988541,-0.06838862,-0.23643082,0.9817755,0.85033125,0.91802454,0.85466516,0.7486783,0.34918123,0.27856573,0.31443372,0.2821673,0.25693277,1.1160718,0.89373,1.1389601,1.2815162,1.1276133,0.57165027,0.56637704,0.5121626,0.5119872,0.5182961,0.4283497,0.43362293,0.48783737,0.4880128,0.4817039,0.1433006,0.13275412,0.024325252,0.023974432,0.03659219
SH600027,-0.060749533854061816,0.125,,2026-05-27,0.027184501,0.040776752,0.6666667,0.00582525,0.14285715,0.0077670002,0.1904762,0.029126251,0.71428573,0.97353494,1.0056711,0.9659735,0.98873,0.9884584,1.0189612,0.92250615,0.8656224,0.9414674,0.9790602,0.9944765,0.9805441,0.95083815,0.9530228,0.012510853,0.022567317,0.029415056,0.050257772,0.051866777,0.0070898794,-0.0036223724,0.0028203253,0.005039034,-3.259592e-05,0.8028675,0.23617709,0.32175633,0.77909386,0.00012046138,0.0067600748,0.021824183,-0.007337176,-0.023904113,0.04793879,1.0056711,1.049022,1.049022,1.049022,1.049022,0.9599104,0.9599104,0.9074385,0.85971326,0.8503016,0.983512,1.0105523,1.0077493,0.9967024,0.99637264,0.9694971,0.9754328,0.9548227,0.89678484,0.8895301,1.0,0.7,0.75,0.8333333,0.85,0.87607074,0.44988108,0.6537594,0.7410476,0.75331193,1.0,0.4,0.7,0.8,0.9,0.6,0.8,0.1,0.033333335,0.45,0.4,-0.4,0.6,0.76666665,0.45,0.7807542,0.63486165,0.55006945,0.6967312,0.58241457,0.88402164,0.28715426,0.37379172,0.41232467,0.4028151,0.6,0.6,0.75,0.73333335,0.55,0.2,0.3,0.2,0.2,0.38333333,0.4,0.3,0.55,0.53333336,0.16666667,0.61666626,0.4433498,0.6407186,0.6963856,0.5363357,0.38333374,0.55665016,0.35928142,0.3036144,0.46366426,0.2333325,-0.113300376,0.2814372,0.39277118,0.07267145,0.66390276,0.90826464,0.87554646,0.7831002,0.8901118,0.20290345,0.3534758,0.29041904,0.29170185,0.37436637,1.1260405,0.9649301,0.9443176,1.0728451,1.1986761,0.46750203,0.48127776,0.5389826,0.5441128,0.5087101,0.532498,0.51872224,0.46101737,0.45588723,0.4912899,-0.06499595,-0.03744446,0.07796528,0.08822557,0.017420188
SH601878,-0.06087737814720039,0.0,,2026-05-27,-0.0063025383,0.027310977,-0.23076943,0.01575631,0.5769223,0.0052521266,0.19230828,-0.016806724,-0.61538345,1.0063425,1.0221988,0.99471456,1.0047793,1.009542,1.0496184,0.9895038,1.019084,1.1211832,1.0038168,1.0097328,1.0239503,1.0209606,1.0380566,0.0064364304,0.009465345,0.020019991,0.018128017,0.035460435,-0.00038167342,-0.0022322463,-0.0018911785,-0.00029613115,-0.0014261542,0.008790907,0.50982696,0.312324,0.020680893,0.49333814,-0.0030534428,0.00031228454,-0.0059841885,-0.016666664,0.0040149284,1.0412554,1.0517784,1.0669639,1.0669639,1.1289196,0.99219364,0.99219364,0.9849686,0.9849686,0.9786995,1.0097328,1.012023,1.0423664,1.0410305,1.083206,0.9990458,1.0030534,1.008397,1.008397,1.009542,0.4,0.2,0.15,0.15,0.125,0.15911323,0.13101268,0.18332024,0.18332024,0.14179507,0.2,0.1,0.45,0.6333333,0.016666668,0.6,0.8,0.05,0.36666667,0.45,-0.4,-0.7,0.4,0.26666668,-0.43333334,0.34345955,-0.17307165,0.51158845,0.4683615,0.07497668,0.26184615,0.20225021,0.62797767,0.57649887,0.41311026,0.4,0.3,0.45,0.43333334,0.43333334,0.4,0.5,0.4,0.46666667,0.5,0.0,-0.2,0.05,-0.033333335,-0.06666667,0.38095272,0.24000035,0.5282051,0.4609376,0.3932774,0.6190473,0.75999963,0.47179487,0.5390624,0.6067226,-0.23809458,-0.5199993,0.056410253,-0.07812481,-0.2134452,1.0714356,0.921395,1.1155679,0.9476499,0.85625863,0.32637578,0.29168776,0.4727793,0.4558177,0.37560597,0.7168023,0.7844215,1.8312846,2.0015574,1.6347128,0.5924099,0.49504253,0.52362067,0.47841346,0.5111746,0.40759012,0.50495744,0.47637933,0.52158654,0.4888254,0.18481977,-0.00991492,0.04724135,-0.043173093,0.022349201
SZ300661,-0.06264865593727002,0.25,,2026-05-27,-0.0034223828,0.089565925,-0.03821077,0.06652749,0.7427768,0.01961605,0.21901242,-0.050333824,-0.5619751,1.0034342,1.0701901,0.9803166,1.0252566,0.9782201,0.8770349,0.7467219,0.63582176,0.58667666,0.9636946,0.9411637,0.86027175,0.79504204,0.69327515,0.037421156,0.044031736,0.096154325,0.124117866,0.13710265,0.021100402,0.012106044,0.015455695,0.01374031,0.007060989,0.79485345,0.692922,0.90428954,0.9497869,0.80898255,-0.005895366,0.004359074,-0.0071008713,0.005723455,0.09842567,1.0701901,1.0701901,1.0701901,1.0701901,1.0701901,0.9075274,0.85517704,0.7041841,0.6185196,0.5179791,0.9947006,0.98125124,0.94992507,0.9204891,0.8325284,0.92747766,0.90013623,0.74947554,0.65472203,0.5890658,1.0,1.0,1.0,1.0,1.0,0.5684931,0.67355424,0.80822694,0.8445989,0.8728926,1.0,1.0,1.0,1.0,1.0,0.4,0.4,0.15,0.033333335,0.1,0.6,0.6,0.85,0.96666664,0.9,0.35222644,-0.17142856,-0.23524995,0.103530236,0.42537722,0.57309705,0.56080294,0.6083865,0.61499697,0.62734956,0.6,0.7,0.65,0.7,0.55,0.4,0.3,0.35,0.3,0.45,0.2,0.4,0.3,0.4,0.1,0.5624452,0.6931679,0.7241505,0.7587914,0.656539,0.43755475,0.30683208,0.27584952,0.2412086,0.34346098,0.124890484,0.38633588,0.448301,0.5175828,0.31307805,0.8647127,0.96703845,1.0877573,1.0741553,0.9491736,0.17859939,0.20389226,0.31160542,0.37012145,0.40101102,0.81367284,0.7176362,1.1287041,1.1817254,1.2015914,0.48775756,0.4949173,0.44105685,0.481668,0.5167752,0.51224244,0.50508267,0.55894315,0.518332,0.4832248,-0.024484893,-0.010165367,-0.117886275,-0.036664017,0.03355037
SH601766,-0.0638946144634593,0.125,,2026-05-27,-0.0034542957,0.018998286,-0.18182144,0.005181298,0.27272448,0.010362693,0.5454541,0.0017270993,0.09090816,1.0034662,1.0086656,0.9896014,0.9985142,1.0035504,1.052071,1.0248522,1.0911243,1.1005918,0.9997633,1.0125444,1.0221303,1.0344379,1.0620908,0.0042174007,0.017205738,0.017261392,0.025026063,0.03465402,0.0017751476,-0.0047624237,-0.0016746032,-0.0023687067,-0.001727896,0.44291383,0.70229703,0.32941264,0.6942874,0.7582769,-0.0033136166,0.008886495,-0.006221493,-9.166189e-05,-0.011117837,1.0111202,1.0611256,1.0750813,1.0874107,1.1309555,0.98093593,0.98093593,0.98093593,0.98093593,0.98093593,1.0011834,1.0269823,1.0357398,1.0556213,1.0911243,0.99786985,0.9997633,1.0028403,1.0153846,1.0248522,0.7,0.35,0.175,0.11666667,0.058333334,0.63158894,0.23773685,0.20249577,0.17904764,0.1270771,0.8,0.1,0.45,0.033333335,0.18333334,0.4,0.7,0.85,0.9,0.95,0.4,-0.6,-0.4,-0.8666667,-0.76666665,0.09547504,0.5314963,0.57529145,-0.31037736,-0.24900028,0.3214315,0.19799058,0.47551414,0.40225634,0.23028308,0.4,0.3,0.4,0.3,0.36666667,0.6,0.7,0.5,0.56666666,0.55,-0.2,-0.4,-0.1,-0.26666668,-0.18333334,0.4399987,0.21052597,0.42446032,0.3045685,0.42286745,0.5600013,0.789474,0.5755397,0.6954315,0.5771326,-0.120002635,-0.5789481,-0.15107937,-0.390863,-0.1542651,1.0145252,1.110393,1.290316,1.0934653,0.9943648,0.25707084,0.23686682,0.6091479,0.58368486,0.4954351,0.63871473,0.6521077,0.85507196,0.94473404,1.2246182,0.446855,0.35827944,0.51693225,0.5086196,0.49770817,0.553145,0.64172053,0.48306778,0.49138036,0.5022918,-0.106289975,-0.28344113,0.033864453,0.017239269,-0.0045836526
SH600188,-0.06393996771318709,0.0,,2026-05-27,0.024213074,0.06392249,0.37878802,0.012106537,0.18939401,0.02760288,0.43181795,0.039709415,0.62121195,0.97635937,1.0118203,0.949409,0.98469865,1.0113287,0.9820304,0.97778213,0.912984,0.8033107,0.9730456,0.99077106,1.0090165,0.9822078,0.9627366,0.020592822,0.03112592,0.040815856,0.05349383,0.052132078,0.010879445,-0.0024823644,-0.003680829,0.0026875902,0.0012379626,0.69778526,0.058303975,0.28464365,0.1956232,0.17199065,0.005195552,0.020399604,0.025951317,-0.02117785,0.00074347423,1.0212737,1.0477558,1.1158435,1.1158435,1.1158435,0.93237966,0.93237966,0.93237966,0.8609845,0.7966987,0.9856243,1.014737,1.031105,1.0138679,1.0022657,0.9578104,0.96074027,0.9808975,0.9365301,0.91527903,1.0,0.65,0.475,0.65,0.7916667,0.7606844,0.58608556,0.3685758,0.5454604,0.637019,0.6,0.4,0.15,0.43333334,0.71666664,0.4,0.7,0.85,0.1,0.016666668,0.2,-0.3,-0.7,0.33333334,0.7,0.19749446,0.3502607,0.52607304,0.30144727,0.024524787,0.35381013,0.53225476,0.41548416,0.39913797,0.34712818,0.4,0.4,0.4,0.46666667,0.45,0.6,0.6,0.55,0.5,0.53333336,-0.2,-0.2,-0.15,-0.033333335,-0.083333336,0.45658675,0.53406143,0.5222755,0.5633893,0.56023085,0.5434133,0.46593854,0.4777245,0.4366107,0.43976912,-0.086826526,0.0681229,0.04455103,0.12677863,0.12046175,1.0512936,1.0670995,1.1959082,1.2075791,1.5967287,0.31134874,0.32940418,0.34939203,0.31189275,0.711024,0.79173225,0.7560328,1.186144,1.0948687,1.1831582,0.536851,0.50599813,0.48629963,0.49428278,0.48921064,0.46314898,0.4940019,0.51370037,0.5057172,0.5107894,0.07370204,0.011996216,-0.027400754,-0.011434416,-0.02157874
SH600019,-0.06418845177347152,0.0,,2026-05-27,-0.0033057833,0.021487555,-0.1538464,0.0033057833,0.1538464,0.014875989,0.6923072,0.008264422,0.38461438,1.0033168,1.0066335,0.9850747,0.9940746,0.9898305,1.0532688,1.0532688,1.0648911,1.1709443,0.99041164,1.0038257,1.0308474,1.038628,1.0765537,0.009909025,0.022957427,0.03297664,0.029499732,0.0586037,0.005278446,-0.0053268746,-0.0045535145,-0.0024432852,-0.0029185805,0.7093985,0.49352592,0.6673424,0.5316354,0.75647247,-0.0009685373,0.020145254,0.012410911,-0.0032003091,0.009544431,1.0066335,1.0615622,1.0862445,1.0862445,1.217335,0.97371614,0.97371614,0.97371614,0.97371614,0.97371614,1.0002905,1.014431,1.0575303,1.0590799,1.1354964,0.9837288,0.9865376,0.9979661,1.0014528,1.0442616,0.8,0.5,0.25,0.16666667,0.083333336,0.7984804,0.29920366,0.23357552,0.23357552,0.10788931,1.0,0.1,0.45,0.6333333,0.05,0.4,0.7,0.85,0.9,0.95,0.6,-0.6,-0.4,-0.26666668,-0.9,0.7287706,0.5110068,0.33296645,0.108163066,0.6398482,0.61930007,0.12433443,0.10399365,0.028862553,-0.07728592,0.4,0.2,0.35,0.4,0.41666666,0.6,0.7,0.6,0.53333336,0.55,-0.2,-0.5,-0.25,-0.13333334,-0.13333334,0.6438356,0.23039201,0.38347456,0.3905228,0.3800136,0.35616443,0.769608,0.6165254,0.60947716,0.61998636,0.28767118,-0.539216,-0.23305088,-0.21895437,-0.23997276,0.96962434,1.0638309,1.1221279,1.0815076,1.2996956,0.15180753,0.23128328,0.3006883,0.2765441,0.6257407,0.8422063,0.94695646,0.878968,0.93382597,1.2512511,0.57688,0.4858959,0.5291238,0.51916736,0.46277162,0.42312005,0.51410407,0.47087625,0.48083267,0.5372284,0.15375991,-0.028208194,0.058247525,0.03833467,-0.07445677
SZ000001,-0.06441001321083024,0.125,,2026-05-27,0.0,0.012081804,0.0,0.008364326,0.6923077,0.0037174781,0.30769232,-0.004646848,-0.3846154,1.0,1.0083643,0.9962825,1.0023955,1.0009323,1.035316,1.0223056,1.0306753,1.0102274,0.99647117,1.0050212,1.0301608,1.0296187,1.0230821,0.004663831,0.011805838,0.028059134,0.02306104,0.02048085,0.0021366433,-0.0031092193,-0.0045427433,-0.0013327671,0.00029959792,0.52470887,0.63579994,0.91739404,0.25885254,0.06526516,-0.00074444804,0.008970315,0.012995221,-0.010293618,-0.031920247,1.0083643,1.0362469,1.0780721,1.0780721,1.0780721,0.98885196,0.98885196,0.98885196,0.98885196,0.9693305,1.000558,1.0117122,1.0568812,1.0513055,1.0388503,0.9925694,0.9940555,1.0007459,1.007994,1.0053934,0.8,0.4,0.2,0.13333334,0.108333334,0.5713326,0.23521647,0.124950096,0.124950096,0.28204042,1.0,0.1,0.2,0.46666667,0.73333335,0.6,0.8,0.9,0.93333334,0.28333333,0.4,-0.7,-0.7,-0.46666667,0.45,-0.046732835,-0.004100015,0.5695304,0.39990273,0.21551396,0.0025752936,0.1841578,0.7115504,0.620022,0.27378806,0.2,0.1,0.25,0.33333334,0.41666666,0.6,0.7,0.65,0.56666666,0.51666665,-0.4,-0.6,-0.4,-0.23333333,-0.1,0.47819,0.18330465,0.42104998,0.42027998,0.48865497,0.52181,0.81669533,0.57895,0.57972,0.511345,-0.043619983,-0.6333907,-0.15790004,-0.15944006,-0.022690073,1.0490333,1.0207067,1.3156275,1.1278183,1.0706135,0.19655855,0.15147097,0.7024362,0.63615435,0.50286967,0.9323381,0.74465877,2.2925818,2.4725964,2.020009,0.54668766,0.444897,0.51728666,0.52139294,0.50410676,0.45331234,0.555103,0.48271337,0.4786071,0.49589324,0.09337532,-0.11020602,0.034573264,0.042785846,0.008213543
SH600050,-0.06462738136391591,0.0,,2026-05-27,-0.013513506,0.029279238,-0.4615389,0.0022522232,0.0769222,0.013513506,0.4615389,-0.0022522232,-0.0769222,1.0136986,1.0159817,0.98630136,0.99817836,1.0830235,1.0830235,1.0260223,1.0421313,1.1152416,1.0185874,1.0573729,1.050062,1.0479966,1.0652623,0.014101353,0.046372578,0.03633345,0.030440016,0.047485717,-0.008178423,-0.011813301,0.00029441528,0.00029221477,-0.0014666745,0.8409258,0.5948829,0.0022981344,0.0071419417,0.2909654,-0.0022304885,-0.0042131166,-0.052858893,-0.0522338,-0.021995377,1.087637,1.1679196,1.1679196,1.1679196,1.1700382,0.98630136,0.98630136,0.98630136,0.98630136,0.98630136,1.0228004,1.091202,1.0790583,1.0671623,1.1273854,1.0128872,1.0180917,1.0185874,1.0260223,1.0255266,0.2,0.1,0.05,0.033333335,0.016666668,0.13518073,0.07542538,0.07542538,0.07542538,0.07455565,0.2,0.4,0.7,0.8,0.18333334,1.0,1.0,1.0,1.0,1.0,-0.8,-0.6,-0.3,-0.2,-0.81666666,0.40911925,0.73545504,0.7038806,0.5589162,0.3333453,-0.46711814,0.64876604,0.64413553,0.44635728,0.23574336,0.0,0.2,0.45,0.43333334,0.43333334,0.8,0.7,0.5,0.46666667,0.46666667,-0.8,-0.5,-0.05,-0.033333335,-0.033333335,0.0,0.30857155,0.46315795,0.45197743,0.4263074,1.0,0.6914284,0.53684205,0.54802257,0.5736926,-1.0,-0.38285688,-0.0736841,-0.096045166,-0.1473852,1.0398135,1.319672,1.1001035,0.9258504,0.8186329,0.39035192,0.6324589,0.60513306,0.57174176,0.47864804,1.1463635,1.2760562,1.4021387,1.6102833,1.7975252,0.35508114,0.43838596,0.5346492,0.52367514,0.5114457,0.64491886,0.56161404,0.46535084,0.47632486,0.48855433,-0.28983772,-0.12322808,0.069298334,0.047350302,0.022891352
SH600066,-0.06516150934589733,0.0,,2026-05-27,-0.0021386964,0.026275633,-0.081394665,0.010693563,0.40697643,0.013443373,0.5116289,0.000611114,0.023257824,1.0021433,1.0128598,0.9865278,0.9978436,0.9767327,1.0392823,1.0672824,1.0716136,0.8571169,0.9840184,0.98708034,1.009875,1.0250465,0.9828025,0.016803054,0.016252263,0.026987776,0.031389605,0.07555316,0.009522032,-0.0007757635,-0.003621029,-0.0030682576,0.0027814517,0.8028286,0.020885384,0.63008314,0.74048054,0.41336873,-0.0030624282,0.016410591,0.024524735,0.019443324,-0.06485531,1.018986,1.0502512,1.076809,1.0889341,1.1114538,0.96295273,0.96172905,0.96172905,0.96172905,0.84297115,1.0006129,1.0032479,1.0348927,1.0524442,1.0524442,0.9699347,0.9709147,0.97942513,0.99773395,0.89903617,0.8,0.7,0.35,0.23333333,0.48333332,0.66116536,0.43233135,0.33255953,0.30086026,0.5848754,0.8,0.1,0.05,0.33333334,0.41666666,0.4,0.3,0.65,0.76666665,0.016666668,0.4,-0.2,-0.6,-0.43333334,0.4,0.5500292,0.5993219,0.6595029,0.6030473,0.32888308,0.50140035,0.09036321,0.012112504,0.042295307,0.38850358,0.4,0.3,0.45,0.4,0.46666667,0.6,0.7,0.55,0.53333336,0.48333332,-0.2,-0.4,-0.1,-0.13333334,-0.016666668,0.7288641,0.36808473,0.3806964,0.39574924,0.57479256,0.27113593,0.6319153,0.61930364,0.6042507,0.42520744,0.45772818,-0.26383054,-0.23860726,-0.2085015,0.14958514,1.2057635,1.367022,1.663161,1.7261335,2.1060982,0.34087485,0.4740647,0.5520595,0.49587074,1.2142862,1.0739441,0.9358084,0.833316,0.9156166,1.5391299,0.5451137,0.4521398,0.4597246,0.46042478,0.47412267,0.45488632,0.5478602,0.5402754,0.5395752,0.5258773,0.09022736,-0.09572039,-0.08055081,-0.07915047,-0.05175464
SH600803,-0.06592863840838124,0.0,,2026-05-27,-0.002570738,0.024164546,-0.1063847,0.011311051,0.4680846,0.010282757,0.4255307,-0.0035990332,-0.14893858,1.0025773,1.0139176,0.9896907,0.9964177,1.0757618,1.0736936,1.0927203,1.072108,1.0200607,1.0151248,1.0454916,1.0547739,1.062705,1.1014041,0.018462038,0.034624252,0.030598894,0.027600084,0.053246196,-0.009327182,-0.010707795,-0.0031805872,-0.0019754476,-0.0022522572,0.6380894,0.87669927,0.3781562,0.39701957,0.5457059,0.0035295768,0.0026935472,-0.024558319,-0.034061108,-0.034962438,1.0746951,1.1072031,1.1082484,1.1123068,1.2654024,0.9896907,0.9896907,0.9896907,0.9896907,0.9896907,1.0273129,1.0757618,1.0779264,1.0830415,1.1497312,0.99926925,1.011085,1.0298911,1.0438025,1.066152,0.4,0.2,0.1,0.06666667,0.033333335,0.12127914,0.0877291,0.08695568,0.08407756,0.037391443,0.2,0.1,0.15,0.33333334,0.06666667,1.0,1.0,1.0,1.0,1.0,-0.8,-0.9,-0.85,-0.6666667,-0.93333334,0.73738164,0.36043924,0.15056632,0.17549585,0.6369538,-0.677801,0.119113505,-0.4465558,-0.43063465,0.24287201,0.2,0.3,0.5,0.53333336,0.5,0.8,0.7,0.5,0.46666667,0.5,-0.6,-0.4,0.0,0.06666667,0.0,0.15805851,0.25934252,0.34436476,0.40674043,0.492592,0.8419415,0.7406575,0.65563524,0.5932596,0.50740796,-0.683883,-0.48131496,-0.31127048,-0.18651915,-0.014815971,1.4953655,1.5144908,2.0627737,2.0785809,3.4572377,0.47942302,0.39073196,1.0974457,0.9249913,2.429629,0.61281323,0.80188817,1.8159881,1.7983053,1.9768045,0.20375307,0.35476226,0.43090823,0.44470942,0.49977887,0.79624695,0.64523774,0.56909174,0.5552906,0.50022113,-0.59249383,-0.29047546,-0.1381835,-0.11058118,-0.00044223777
SZ000999,-0.06797714933404461,0.0,,2026-05-27,0.016998386,0.022802677,0.74545574,0.0012437812,0.054545403,0.004560509,0.19999887,0.020315114,0.8909092,0.9832857,1.001223,0.9788014,0.99088854,1.006484,1.0378581,1.1067768,1.1332357,1.1703619,0.99656975,1.0056578,1.028744,1.059447,1.1189082,0.0066720513,0.013002286,0.025987372,0.04926833,0.07242781,-0.0019242783,-0.00359567,-0.004241805,-0.0054186713,-0.0040110433,0.20794909,0.701022,0.9324913,0.9374575,0.93541384,0.007278823,0.010522724,0.011553188,0.01912365,-0.0005823692,1.0167378,1.041984,1.095788,1.1446495,1.2429106,0.9788014,0.9788014,0.9788014,0.9788014,0.9788014,1.000983,1.0163982,1.0513282,1.1165028,1.1901485,0.9931186,0.996005,1.0019243,1.0061703,1.0455344,0.8,0.4,0.2,0.13333334,0.06666667,0.55879265,0.33551267,0.18120506,0.12781908,0.08026436,0.2,0.1,0.05,0.13333334,0.11666667,1.0,1.0,1.0,1.0,1.0,-0.8,-0.9,-0.95,-0.8666667,-0.8833333,-0.3153912,-0.008005887,0.68530315,0.39650914,0.47529358,-0.27542618,-0.11175978,-0.7078515,-0.29681578,0.052159067,0.2,0.2,0.2,0.23333333,0.33333334,0.8,0.8,0.8,0.76666665,0.6666667,-0.6,-0.6,-0.6,-0.53333336,-0.33333334,0.40064147,0.29571143,0.20128758,0.24901547,0.36368218,0.5993585,0.70428854,0.79871243,0.75098455,0.63631785,-0.19871704,-0.40857714,-0.59742486,-0.50196904,-0.27263564,0.7099049,0.6890519,0.98935974,1.0034181,1.1435022,0.22120991,0.19620103,0.5591562,0.50987357,0.46736503,0.955893,0.68508255,2.3385475,2.0922687,1.4729513,0.937321,0.56570697,0.5198296,0.46069458,0.5017778,0.062679015,0.43429303,0.48017043,0.5393054,0.49822214,0.87464195,0.13141392,0.03965913,-0.07861083,0.0035557046
SH601816,-0.06995963663171567,0.0,,2026-05-27,0.006185595,0.012371113,0.5000031,0.0041236784,0.33333126,0.0020618392,0.16666563,0.0041237557,0.3333375,0.99385244,1.0040983,0.9918033,0.9985135,1.0018976,1.0227704,1.0056926,1.0132828,0.9981024,0.9954459,1.0051234,1.0057875,1.0076534,1.0208412,0.0034470472,0.011801045,0.012087204,0.010635104,0.017705884,0.001138518,-0.0030015567,-0.00023540873,-0.00031702896,-0.00071583246,0.27272528,0.59301215,0.0132758245,0.06886777,0.49852553,0.0022770667,0.008383675,-0.003551085,-0.0030564524,0.00027582675,1.0086582,1.0393224,1.0751122,1.0751122,1.0751122,0.9884658,0.9884658,0.9884658,0.9884658,0.9884658,0.9969639,1.0163188,1.0163188,1.0136622,1.0379506,0.9935484,0.9958254,0.9958254,0.9977229,1.0034156,1.0,0.5,0.45,0.3,0.15833333,0.5712141,0.22679825,0.13311782,0.13311782,0.13311782,0.2,0.4,0.45,0.6333333,0.81666666,0.6,0.8,0.9,0.93333334,0.96666664,-0.4,-0.4,-0.45,-0.3,-0.15,0.54933053,0.8311592,0.7855642,0.5635254,0.20358476,0.91153574,0.5418955,0.78258973,0.78175634,0.36461303,0.6,0.5,0.45,0.4,0.48333332,0.4,0.5,0.5,0.5,0.45,0.2,0.0,-0.05,-0.1,0.033333335,0.461538,0.32352927,0.48101267,0.46601942,0.5020747,0.53846204,0.67647076,0.51898736,0.5339806,0.49792528,-0.07692403,-0.35294145,-0.03797466,-0.06796118,0.0041494234,0.9666918,1.1904937,1.2687546,1.1199261,1.1463189,0.11194127,0.26435855,0.7102021,0.6202689,0.55585414,0.48971397,0.8966605,2.120498,2.3009498,1.7945051,0.28248113,0.22732385,0.51862115,0.5041448,0.49982443,0.71751887,0.77267617,0.48137885,0.4958552,0.50017554,-0.43503773,-0.54535234,0.037242316,0.008289597,-0.00035111528
SZ000876,-0.0709399054839996,0.0,,2026-05-27,-0.0062499694,0.022499975,-0.27777672,0.0012499515,0.055553466,0.015000054,0.6666698,0.007500133,0.3333396,1.0062892,1.0075471,0.9849056,0.9945881,1.0339345,1.0653812,1.0792729,1.0541157,1.0855621,1.013325,1.0314395,1.0609337,1.0746285,1.0742518,0.009967571,0.02303593,0.035357784,0.03603189,0.035070658,-0.0062892986,-0.0073038014,-0.005404916,-0.0035130456,-0.0007925522,0.995327,0.92150533,0.8178543,0.7367076,0.15576425,-0.00074642233,0.0014275153,-0.009586974,-0.023689318,-0.050871525,1.0402515,1.0842767,1.1182108,1.1320615,1.1370786,0.9849056,0.9849056,0.9849056,0.9849056,0.9849056,1.021121,1.0498167,1.0968276,1.102882,1.1069182,1.0060266,1.0125648,1.0241481,1.0359803,1.0364918,0.2,0.1,0.05,0.033333335,0.016666668,0.27272832,0.15189931,0.11323188,0.10257416,0.09919226,0.2,0.1,0.15,0.13333334,0.2,1.0,1.0,1.0,1.0,1.0,-0.8,-0.9,-0.85,-0.8666667,-0.8,-0.9583632,0.40478712,0.70290893,0.71222186,0.7130475,-0.24760698,0.19424808,0.52848697,0.6409284,0.46164963,0.0,0.2,0.3,0.3,0.41666666,1.0,0.8,0.6,0.56666666,0.5,-1.0,-0.6,-0.3,-0.26666668,-0.083333336,0.0,0.20474367,0.2994055,0.41363335,0.43116108,1.0,0.7952563,0.70059454,0.58636665,0.5688389,-1.0,-0.59051263,-0.40118903,-0.1727333,-0.13767783,0.8621804,0.91007704,1.1230655,1.3226968,1.3055909,0.11652085,0.18857345,0.3663538,0.6161777,0.5416448,0.2456906,0.60666656,0.7642784,1.9216645,1.622882,0.96243536,0.3641561,0.50914365,0.5088195,0.50440496,0.037564658,0.6358439,0.49085638,0.4911805,0.49559507,0.92487067,-0.27168778,0.018287262,0.017638993,0.008809872
SH603392,-0.07142100380394178,0.0,,2026-05-27,-0.0026238724,0.025947498,-0.101122364,0.008163266,0.31460705,0.01516036,0.5842706,0.0043732217,0.16854116,1.0026308,1.0108155,0.98479974,0.9962342,1.1163143,1.2279761,1.1376555,1.1423081,1.1817538,1.0439365,1.0973703,1.1511985,1.1493341,1.1545261,0.045876887,0.06571376,0.08526087,0.06977728,0.05187098,-0.028269432,-0.021068992,-0.008620721,-0.0023086246,-0.0005493866,0.9492625,0.9422937,0.35781273,0.084836006,0.03421425,0.012602417,-0.0025597957,-0.06930166,-0.11585906,-0.13831921,1.1210055,1.2388154,1.3732376,1.3732376,1.3732376,0.98479974,0.98479974,0.98479974,0.98479974,0.98479974,1.0787903,1.1584707,1.1966623,1.1731567,1.1787195,1.0048548,1.0280772,1.101244,1.1207646,1.1321533,0.2,0.1,0.05,0.033333335,0.016666668,0.11159761,0.059839778,0.03913173,0.03913173,0.03913173,0.2,0.1,0.4,0.6,0.8,1.0,1.0,1.0,1.0,1.0,-0.8,-0.9,-0.6,-0.4,-0.2,0.06894437,0.2538822,0.69622415,0.5616337,0.3880295,-0.46534,-0.4224912,0.66332346,0.5077638,0.3837642,0.0,0.1,0.35,0.4,0.46666667,1.0,0.9,0.65,0.6,0.53333336,-1.0,-0.8,-0.3,-0.2,-0.06666667,0.0,0.04224202,0.3899046,0.40886125,0.42970034,1.0,0.95775795,0.6100954,0.5911388,0.5702996,-1.0,-0.91551596,-0.2201908,-0.18227753,-0.14059928,1.0478873,1.1233809,1.4550754,1.196583,0.9252209,0.098022714,0.25958705,0.9965587,0.8980549,0.693865,0.7125068,0.86797756,1.6075065,1.866089,2.176931,0.3256195,0.27914467,0.52654946,0.5153365,0.51253307,0.6743805,0.72085536,0.4734505,0.48466346,0.48746693,-0.34876102,-0.44171065,0.05309895,0.030673083,0.025066124
SZ002916,-0.07242970228621846,0.0,,2026-05-27,-0.034377698,0.06824337,-0.50375146,0.019139342,0.28045717,0.014726331,0.21579139,-0.038790707,-0.56841725,1.0356016,1.0554223,0.9847494,1.0209739,0.84302765,0.8799422,0.7609122,0.6616027,0.73258394,0.97850865,0.90756273,0.86258817,0.8162314,0.7212292,0.0718738,0.08919048,0.07910692,0.09430256,0.121654965,0.036756072,0.026385387,0.010924476,0.009776705,0.0053976,0.65381813,0.80223453,0.66748327,0.83298993,0.6004013,-0.05202077,-0.026296996,0.03362929,0.042006325,0.11954157,1.0932657,1.0932657,1.0932657,1.0932657,1.0932657,0.8635257,0.7961862,0.76252496,0.6539554,0.5327574,1.0198147,1.0019934,0.89497346,0.85219634,0.81998605,0.9377335,0.838559,0.8080895,0.74179536,0.6110251,0.6,0.8,0.9,0.93333334,0.96666664,0.5940381,0.6860581,0.7180097,0.78769976,0.8336052,0.8,0.9,0.95,0.96666664,0.98333335,0.2,0.4,0.15,0.033333335,0.43333334,0.6,0.5,0.8,0.93333334,0.55,0.8524549,0.94156575,0.8272326,0.4036665,0.45049572,0.318233,0.5467765,0.47741634,0.3729617,0.30807406,0.8,0.6,0.55,0.6,0.51666665,0.2,0.4,0.45,0.36666667,0.46666667,0.6,0.2,0.1,0.23333333,0.05,0.7850089,0.65621865,0.70437825,0.721711,0.6015514,0.21499111,0.34378132,0.29562175,0.27828902,0.39844856,0.5700178,0.31243733,0.4087565,0.44342196,0.20310287,0.906637,0.70470625,0.63838863,0.6491133,0.5927882,0.16646896,0.24069558,0.18989892,0.16369991,0.18185675,0.384096,0.7765508,0.9250746,0.9371961,1.0429606,0.8174411,0.6811545,0.5458888,0.47214246,0.5211078,0.18255886,0.31884554,0.45411122,0.52785754,0.4788922,0.6348823,0.36230895,0.09177755,-0.055715088,0.042215582
SH601728,-0.07345336198282952,0.0,,2026-05-27,-0.0165016,0.02640268,-0.6249972,0.0016501799,0.06250047,0.0082509,0.31250235,-0.009900881,-0.37499532,1.0167785,1.0184563,0.99161065,1.0020571,1.1161826,1.0414938,0.99170125,0.9709543,0.95297366,1.028769,1.070816,1.0426003,1.0236514,1.0041724,0.02366316,0.06155143,0.05219662,0.050700184,0.044389866,-0.014246187,-0.011249421,0.0033007842,0.0036238215,0.0012181423,0.9061328,0.3061932,0.13996439,0.395928,0.22968264,-0.00027661893,-0.020193622,-0.0739577,-0.076196834,-0.040107597,1.1153221,1.238902,1.238902,1.238902,1.238902,0.99161065,0.99161065,0.9857092,0.9622788,0.9370897,1.0384508,1.1217151,1.0616874,1.0431535,1.0251728,1.015491,1.0260028,1.0041494,0.9903181,0.9709543,0.2,0.1,0.1,0.35,0.525,0.06781374,0.033924922,0.056442518,0.13636327,0.20844187,0.2,0.4,0.7,0.8,0.9,1.0,1.0,0.05,0.033333335,0.36666667,-0.8,-0.6,0.65,0.76666665,0.53333336,0.90667015,0.91980994,0.8938099,0.9132972,0.80566037,0.15612558,0.8815684,0.73937666,0.70201755,0.5574703,0.0,0.4,0.5,0.53333336,0.53333336,1.0,0.6,0.5,0.46666667,0.45,-1.0,-0.2,0.0,0.06666667,0.083333336,0.0,0.44000003,0.50955415,0.5286104,0.5302491,1.0,0.55999994,0.49044585,0.4713896,0.46975085,-1.0,-0.11999993,0.019108318,0.057220813,0.060498275,1.3916987,1.9595664,1.3087358,1.0665106,0.932784,0.50347483,1.1322293,1.0307448,0.9081706,0.69222003,1.0856879,1.1287024,1.6955484,2.0405564,2.3370972,0.011242776,0.5152243,0.51770425,0.5170975,0.51514363,0.98875725,0.4847757,0.48229575,0.48290253,0.4848564,-0.97751445,0.03044859,0.0354085,0.034194972,0.030287212
SH600036,-0.0759347601028218,0.0,,2026-05-27,-0.00027015456,0.011078032,-0.024386512,0.004863545,0.43902606,0.0059443326,0.5365874,0.0008106332,0.073174834,1.0002702,1.005135,0.9940541,0.9994624,1.0045859,1.0237628,1.0643264,1.0596989,1.0459415,1.000592,1.0069621,1.0215658,1.0378927,1.0508462,0.0020939123,0.00818252,0.019933864,0.028955707,0.025326734,-0.00086295663,-0.0025463265,-0.0031033107,-0.0030506696,-0.0009772138,0.42462054,0.88769835,0.8482728,0.8602481,0.4540678,0.0011339555,0.004496396,0.00791563,0.0063419915,-0.022018453,1.0091789,1.0275625,1.0808129,1.0851123,1.0907819,0.9940541,0.9940541,0.9940541,0.9940541,0.9940541,1.0012423,1.013649,1.0284737,1.0710051,1.0743486,0.9996748,1.0,1.0033435,1.0088881,1.025172,0.5,0.25,0.125,0.083333336,0.041666668,0.39312354,0.17744628,0.068534054,0.065298215,0.06147077,0.2,0.1,0.05,0.13333334,0.21666667,1.0,1.0,1.0,1.0,1.0,-0.8,-0.9,-0.95,-0.8666667,-0.78333336,-0.051967204,0.41813,0.33131,-0.2773079,-0.3503837,0.06991568,0.44321814,-0.74750435,-0.29390886,-0.17896213,0.2,0.1,0.15,0.26666668,0.38333333,0.6,0.8,0.75,0.6333333,0.55,-0.4,-0.7,-0.6,-0.36666667,-0.16666667,0.20745146,0.06018732,0.102934115,0.30011195,0.43968925,0.79254854,0.93981266,0.8970659,0.69988805,0.5603107,-0.5850971,-0.8796254,-0.79413176,-0.39977613,-0.12062149,0.8956659,0.8986962,1.1001737,0.97513366,0.89164186,0.07283555,0.07834134,0.49659863,0.45287076,0.36715594,0.9254653,0.6538756,2.6739118,2.403837,1.8249252,0.72694755,0.59278065,0.5186151,0.52141374,0.5103962,0.27305245,0.40721938,0.48138484,0.47858623,0.48960382,0.4538951,0.18556127,0.0372303,0.04282754,0.020792348
SH600161,-0.07664249944445296,0.125,,2026-05-27,-0.009796527,0.022607403,-0.43333268,0.0030143498,0.13333462,0.009796527,0.43333268,-0.0030143498,-0.13333462,1.0098934,1.0129377,0.9901065,0.99903095,1.0053452,1.0776246,1.132453,1.1339464,1.2610542,1.0150769,1.025508,1.0580828,1.085911,1.133526,0.014525639,0.021934522,0.037455063,0.05089395,0.06594855,-0.0074637486,-0.0059017236,-0.0057538026,-0.0054024397,-0.0035346563,0.66006017,0.6636098,0.8259559,0.87327147,0.8761605,-0.00014935095,0.0010497562,-0.0034216524,-0.007575615,-0.029253565,1.0616779,1.0883042,1.123302,1.1925657,1.2595497,0.9901065,0.9901065,0.9901065,0.9901065,0.9901065,1.0228354,1.0402154,1.0922455,1.1351649,1.2053454,1.0066973,1.0077664,1.0171992,1.0284715,1.0794796,0.2,0.1,0.05,0.033333335,0.016666668,0.1382319,0.100750424,0.074277714,0.04886639,0.03671812,0.2,0.1,0.05,0.13333334,0.016666668,1.0,1.0,1.0,1.0,1.0,-0.8,-0.9,-0.95,-0.8666667,-0.98333335,0.9014985,0.3674099,0.10786465,-0.021878595,-0.06818402,0.89754134,0.6500063,0.258456,0.25687927,-0.023122946,0.4,0.2,0.25,0.26666668,0.38333333,0.6,0.8,0.75,0.73333335,0.6166667,-0.2,-0.6,-0.5,-0.46666667,-0.23333333,0.47098994,0.2639253,0.27916116,0.3339505,0.33801574,0.52901006,0.7360747,0.72083884,0.66604954,0.66198426,-0.058020134,-0.47214937,-0.44167772,-0.33209902,-0.3239685,1.4284983,1.3066182,1.2844586,1.2897998,1.2207339,0.63095707,0.4699166,0.4028349,0.5289533,0.49316913,1.0211302,0.9736241,0.91867554,1.0408928,1.1504786,0.49664122,0.48449087,0.5181613,0.49986193,0.5039412,0.5033588,0.5155091,0.48183873,0.50013804,0.4960588,-0.006717556,-0.031018263,0.03632254,-0.00027613319,0.00788241
SH600519,-0.07836403674149309,0.125,,2026-05-27,0.027586361,0.054336704,0.507693,0.012618112,0.23222078,0.014132229,0.26008624,0.02910048,0.5355584,0.9731542,1.0122794,0.95940137,0.9821074,1.0092101,1.0315347,1.1193323,1.1158558,1.1252576,0.9920893,1.0054401,1.0312378,1.0542784,1.076533,0.011298707,0.01682365,0.030962821,0.042841826,0.040354893,-0.0025187775,-0.004936963,-0.005140258,-0.0046813535,-0.0015691111,0.1242402,0.78938854,0.96462125,0.92535555,0.46112093,0.01294829,0.016776249,0.01759461,0.01360125,-0.03024417,1.0157484,1.0506988,1.0897934,1.1338526,1.1497086,0.95940137,0.95940137,0.95940137,0.95940137,0.95940137,1.001228,1.017675,1.0567603,1.0847343,1.1160185,0.9849431,0.9895136,1.0049118,1.0141219,1.0437257,0.8,0.4,0.2,0.13333334,0.06666667,0.7205107,0.44468534,0.3113582,0.23272198,0.21333204,0.2,0.1,0.05,0.13333334,0.21666667,1.0,1.0,1.0,1.0,1.0,-0.8,-0.9,-0.95,-0.8666667,-0.78333336,0.16439418,0.14091697,-0.19349931,-0.4522524,-0.45005986,0.67346025,0.59319663,-0.07533817,-0.28708792,-0.08943311,0.2,0.2,0.2,0.33333334,0.38333333,0.8,0.8,0.8,0.6666667,0.6166667,-0.6,-0.6,-0.6,-0.33333334,-0.23333333,0.41577205,0.30039722,0.15417376,0.29935023,0.393135,0.584228,0.6996028,0.8458262,0.70064974,0.606865,-0.1684559,-0.39920557,-0.6916525,-0.40129954,-0.21373,0.6359106,0.62478137,0.60306907,0.5566152,0.47853163,0.20863287,0.14769049,0.14825612,0.20626515,0.18892364,1.0838246,1.2003776,1.3787171,1.5676897,1.4992698,0.79900634,0.65564185,0.56395507,0.5642296,0.53510934,0.20099367,0.34435812,0.43604493,0.43577036,0.46489063,0.5980127,0.31128374,0.1279101,0.12845926,0.07021871
SH603288,-0.07985982404467765,0.125,,2026-05-27,0.0047646123,0.039798263,0.119719096,0.01401344,0.35211185,0.021020211,0.52816904,0.011771383,0.2957763,0.995258,1.013947,0.97433746,0.9926445,1.0008256,1.0527169,1.1135317,1.1534185,0.9997142,0.991686,1.0052081,1.0415113,1.0696349,1.0712237,0.0065140356,0.018313196,0.041432895,0.053148493,0.05638541,0.0037949923,-0.0048413207,-0.006813001,-0.005914595,-8.033624e-05,0.84851897,0.6406353,0.9463556,0.95977587,0.0006191408,0.0007240443,0.016577799,0.02321221,0.016126757,-0.06885387,1.013947,1.0585603,1.1322113,1.1548067,1.1840967,0.972939,0.972939,0.972939,0.972939,0.972939,0.9955286,1.0171678,1.0803709,1.1160277,1.1343898,0.9854933,0.9922513,0.9988822,1.007736,1.0116993,1.0,0.5,0.25,0.16666667,0.11666667,0.65989584,0.31605485,0.16990396,0.14879492,0.12815541,1.0,0.1,0.1,0.13333334,0.41666666,0.4,0.7,0.85,0.9,0.95,0.6,-0.6,-0.75,-0.76666665,-0.53333336,0.82068074,-0.4486371,-0.004322692,-0.3723127,0.2190702,0.28045648,0.36015087,0.2883698,-0.079634085,0.41249043,0.4,0.2,0.2,0.26666668,0.41666666,0.6,0.8,0.8,0.73333335,0.56666666,-0.2,-0.6,-0.6,-0.46666667,-0.15,0.48754862,0.19006693,0.12659244,0.20372854,0.5002058,0.5124514,0.80993307,0.87340754,0.79627144,0.4997942,-0.024902785,-0.61986613,-0.74681515,-0.5925429,0.000411603,0.7674199,0.68055135,0.69945645,0.65808886,0.7797054,0.14217545,0.13245156,0.14169043,0.14149556,0.34592938,0.8505848,0.5941015,0.80308336,0.7742195,2.066703,0.77582616,0.76185924,0.6147689,0.5426795,0.5210668,0.22417384,0.23814075,0.38523108,0.45732054,0.47893322,0.5516523,0.5237185,0.22953781,0.08535894,0.042133577
SH600183,-0.08051513645858306,0.125,,2026-05-27,-0.009323288,0.08278198,-0.11262461,0.052631617,0.6357859,0.020827077,0.2515895,-0.041127827,-0.496821,1.009411,1.0625379,0.9789769,1.0184711,0.76320684,0.7147878,0.5512301,0.4645602,0.55403835,0.88441336,0.8092082,0.71428573,0.65326315,0.5556409,0.10573587,0.108867586,0.12613437,0.13568987,0.13936524,0.06625619,0.03314881,0.019907542,0.014374027,0.0062400554,0.9816309,0.84986544,0.8718392,0.8696887,0.6114596,-0.016925724,0.041622113,0.096592635,0.13831344,0.26027748,1.0625379,1.0625379,1.0625379,1.0625379,1.0625379,0.7411983,0.66522706,0.5616305,0.4575023,0.3885854,0.97820485,0.902021,0.7758534,0.7534303,0.6379176,0.80484635,0.73782873,0.6090494,0.5464488,0.44897076,1.0,1.0,1.0,1.0,1.0,0.8053836,0.8425969,0.8751507,0.89663756,0.9072072,1.0,1.0,1.0,1.0,1.0,0.2,0.2,0.05,0.033333335,0.41666666,0.8,0.8,0.95,0.96666664,0.5833333,0.7456949,0.5038465,0.6711731,0.39548457,0.6056614,-0.8883891,0.16072735,0.3477031,0.3645641,0.15585731,0.8,0.6,0.65,0.7,0.5833333,0.2,0.4,0.3,0.26666668,0.4,0.6,0.2,0.35,0.43333334,0.18333334,0.9340601,0.8668446,0.8897835,0.87522537,0.702449,0.06593991,0.13315538,0.1102165,0.12477466,0.29755098,0.8681202,0.73368925,0.779567,0.7504507,0.40489808,0.73885703,0.69744754,0.5993342,0.60434633,0.51570344,0.15279499,0.14945348,0.16128467,0.14530985,0.15014708,0.5058963,0.78812444,0.96207744,0.9558027,1.003191,0.902634,0.6085701,0.5899513,0.56046003,0.52332973,0.09736597,0.3914299,0.4100487,0.43953994,0.47667027,0.80526805,0.21714021,0.17990258,0.120920114,0.04665945
SH600690,-0.08206265396046512,0.0,,2026-05-27,-0.003460211,0.020761266,-0.16666667,0.0049432004,0.23809725,0.012357854,0.59523606,0.0039544436,0.19047217,1.0034722,1.0084326,0.98759925,0.9960381,1.0357097,1.0456305,1.0158685,1.0357097,1.2876991,1.007041,1.027477,1.0425801,1.0388521,1.1025842,0.0056575458,0.022978688,0.024816284,0.021486694,0.08898413,-0.0035698344,-0.007359076,-0.0030763336,-0.00049901666,-0.004360475,0.99535954,0.9401726,0.53785026,0.04180157,0.7323899,9.8740806e-05,0.005638817,-0.013355019,-0.031616356,0.026049735,1.0426517,1.0818477,1.0838225,1.0838225,1.2891779,0.98759925,0.98759925,0.98759925,0.98759925,0.98759925,1.011503,1.0480096,1.0639813,1.0611062,1.2184542,1.0023792,1.0065472,1.0132873,1.0174576,1.0300583,0.2,0.1,0.05,0.033333335,0.016666668,0.22525367,0.13157521,0.12887487,0.12887487,0.04111951,0.2,0.2,0.3,0.53333336,0.016666668,1.0,1.0,1.0,1.0,1.0,-0.8,-0.8,-0.7,-0.46666667,-0.98333335,0.4470987,0.65516365,0.56453943,0.53137475,-0.33993366,-0.63739324,0.06712481,0.46746507,0.4763694,-0.17509483,0.0,0.2,0.35,0.36666667,0.35,1.0,0.8,0.65,0.6333333,0.65,-1.0,-0.6,-0.3,-0.26666668,-0.3,0.0,0.20519255,0.4553212,0.42406482,0.30666062,1.0,0.79480743,0.5446788,0.5759352,0.6933394,-1.0,-0.5896149,-0.08935759,-0.15187036,-0.38667879,0.9162318,1.1194738,1.2993681,1.2328418,1.1924468,0.21587749,0.44408298,0.56157315,0.4775865,0.50248086,1.3399911,0.93595386,1.7600495,1.8132617,1.436376,0.61362404,0.48928237,0.49495506,0.4966676,0.50378984,0.38637596,0.51071763,0.50504494,0.5033324,0.4962102,0.22724806,-0.021435266,-0.010089885,-0.006664793,0.0075796456
SH688187,-0.0861348003227536,0.25,,2026-05-27,0.06689661,0.101724155,0.6576276,0.03482755,0.34237245,0.0,0.0,0.03206906,0.31525514,0.93729794,1.0326438,0.93729794,1.0017924,0.87966865,0.9581325,0.8375,0.8281626,0.97063243,0.9386445,0.91507524,0.8635241,0.8537801,0.8618674,0.062199213,0.050282888,0.072786234,0.060904253,0.054988444,0.032349393,0.009854877,0.010022421,0.0043725623,-0.0004815929,0.67624265,0.352106,0.66361296,0.3994648,0.023394678,-0.0033433402,0.040577784,0.041262936,0.082817756,0.15233955,1.0326438,1.0326438,1.0326438,1.0326438,1.0326438,0.82984537,0.82984537,0.76781255,0.76781255,0.76781255,0.9679518,0.95524096,0.9470783,0.90349394,0.91361445,0.9230421,0.87762046,0.79572284,0.7984638,0.820512,1.0,1.0,1.0,1.0,1.0,0.8390333,0.8390333,0.8767374,0.8767374,0.8767374,1.0,1.0,1.0,1.0,1.0,0.2,0.6,0.1,0.4,0.7,0.8,0.4,0.9,0.6,0.3,0.6629347,0.5276213,0.8491456,0.7497685,0.43409428,0.69403136,0.5265065,0.5441766,0.5473475,0.39707154,0.6,0.4,0.5,0.5,0.45,0.4,0.6,0.5,0.5,0.55,0.2,-0.2,0.0,0.0,-0.1,0.7495316,0.55919933,0.6296563,0.61838555,0.51289517,0.25046837,0.4408007,0.37034366,0.38161445,0.48710483,0.49906322,0.11839861,0.2593127,0.23677114,0.025790306,0.9403224,0.9391874,0.6627653,0.50308263,0.3397498,0.22688945,0.36893627,0.42942238,0.41681314,0.33738393,1.2211299,1.2479461,1.7590392,2.171191,2.8284917,0.6551234,0.47604087,0.5750361,0.5724692,0.5577768,0.34487662,0.52395916,0.4249639,0.42753085,0.44222316,0.31024677,-0.047918275,0.1500722,0.1449383,0.115553655
SZ301269,-0.08757140204686978,0.0,,2026-05-27,-0.01984617,0.056153826,-0.35342506,0.017692273,0.315068,0.018615382,0.3315069,-0.018923061,-0.33698615,1.020248,1.0382985,0.9810077,1.0088264,0.81139594,0.75316554,0.6839925,0.66327965,0.79529464,0.9313741,0.84471625,0.7794435,0.74495333,0.72106326,0.12051379,0.12329571,0.110803105,0.10260157,0.083677486,0.068039715,0.03618505,0.01538127,0.009225716,0.0017135555,0.7968773,0.7895394,0.6744482,0.626605,0.12790248,-0.067453496,-0.007548981,0.07443445,0.121273756,0.22838686,1.079572,1.079572,1.079572,1.079572,1.079572,0.7587953,0.72392017,0.6391018,0.6391018,0.629446,1.0118963,0.9850555,0.81972796,0.75513524,0.7510239,0.83504766,0.745365,0.7205096,0.6732062,0.6605596,0.8,0.9,0.95,0.96666664,0.98333335,0.7519398,0.7762645,0.81934774,0.81934774,0.823223,0.8,0.9,0.95,0.96666664,0.98333335,0.4,0.4,0.15,0.43333334,0.43333334,0.4,0.5,0.8,0.53333336,0.55,0.9654245,0.94224995,0.87762564,0.87298197,0.6945422,0.87375087,0.7858584,0.5406146,0.5593353,0.27688202,0.6,0.6,0.7,0.6333333,0.53333336,0.4,0.4,0.3,0.36666667,0.46666667,0.2,0.2,0.4,0.26666668,0.06666667,0.73323023,0.7435225,0.7133059,0.7043644,0.58485067,0.26676977,0.25647748,0.2866941,0.29563558,0.41514936,0.46646047,0.48704502,0.4266118,0.4087288,0.1697013,1.0276495,0.6549639,0.47127736,0.3546984,0.22255914,0.45990866,0.5032745,0.39664912,0.36241618,0.28786772,0.6628691,1.1852462,1.5409,1.9453622,2.648956,0.64752394,0.67263275,0.6408145,0.6334896,0.60412586,0.35247603,0.32736722,0.3591855,0.36651042,0.39587414,0.2950479,0.34526557,0.28162903,0.26697916,0.20825174
SH600809,-0.08772495923378644,0.125,,2026-05-27,0.014595683,0.055305712,0.26390913,0.02287968,0.4136947,0.01783035,0.32239616,0.00954635,0.17261057,0.9856143,1.0225506,0.96804047,0.9949762,1.0222299,1.0404243,1.1038094,1.0799327,1.2548965,1.000821,1.0109364,1.0501664,1.0607858,1.1214534,0.01314261,0.016472673,0.045127314,0.040743854,0.079001,-0.0055279164,-0.0043772506,-0.0068448028,-0.003347951,-0.004217796,0.44228244,0.6472709,0.80521333,0.52328175,0.86937225,0.010234829,0.008761258,0.014859248,-0.012240521,0.0029716205,1.048828,1.0754205,1.1426802,1.1426802,1.2830437,0.96804047,0.96804047,0.96804047,0.96804047,0.96804047,1.0044924,1.0219238,1.0968539,1.0983475,1.2153279,0.9948327,0.999455,1.0073844,1.0191547,1.0624943,0.6,0.3,0.15,0.1,0.05,0.39560026,0.2976302,0.18300286,0.18300286,0.10145787,0.2,0.1,0.2,0.46666667,0.05,1.0,1.0,1.0,1.0,1.0,-0.8,-0.9,-0.8,-0.53333336,-0.95,-0.09781245,-0.0025080978,-0.08231802,-0.11820476,-0.5359675,0.8744664,0.75024724,0.6509743,0.6151786,0.34691978,0.4,0.4,0.4,0.4,0.35,0.6,0.6,0.6,0.6,0.6333333,-0.2,-0.2,-0.2,-0.2,-0.28333333,0.30841494,0.30971628,0.32223994,0.40881073,0.35524914,0.69158506,0.6902837,0.67776006,0.59118927,0.64475083,-0.38317013,-0.38056743,-0.3555201,-0.18237856,-0.2895017,0.5832549,0.5182072,0.4943143,0.4655354,0.37512004,0.23755404,0.19352783,0.15302138,0.16240723,0.15592022,0.8814024,0.9095637,0.7757907,1.026612,1.0832707,0.90067285,0.6771429,0.6228279,0.57855475,0.5514932,0.09932715,0.3228571,0.3771721,0.42144522,0.4485068,0.8013457,0.3542858,0.24565576,0.15710954,0.10298642
SZ002304,-0.09517700174426924,0.125,,2026-05-27,0.027499996,0.06363638,0.43214267,0.022727305,0.35714328,0.013409078,0.21071403,0.01818177,0.28571343,0.973236,1.022119,0.9601858,0.99106103,0.9920245,1.0400088,1.1030675,1.1119194,1.1778264,0.9824277,0.9960035,1.0360144,1.0594523,1.092443,0.012940702,0.021682644,0.045672372,0.05021678,0.05024939,0.0039833565,-0.0050790086,-0.0073977136,-0.0053771012,-0.0024549263,0.23687688,0.5029732,0.9182394,0.88858783,0.72797287,0.009605586,0.02685203,0.034263805,0.018515721,-0.020022715,1.022119,1.0650197,1.1101202,1.1254035,1.181376,0.9581746,0.9581746,0.9581746,0.9581746,0.9581746,0.98920244,1.0032691,1.0791675,1.1034181,1.1319019,0.9748642,0.98237514,0.99092025,0.9985101,1.0651358,1.0,0.8,0.4,0.26666668,0.13333334,0.65409,0.39145845,0.27526578,0.25010875,0.1873888,1.0,0.1,0.15,0.1,0.016666668,0.6,0.8,0.9,0.93333334,0.96666664,0.4,-0.7,-0.75,-0.8333333,-0.95,0.68250024,0.3739017,-0.31452128,-0.56497115,-0.3202828,0.6815688,0.67371035,0.64665806,0.5626542,0.14714976,0.4,0.4,0.3,0.33333334,0.38333333,0.6,0.6,0.7,0.6666667,0.6166667,-0.2,-0.2,-0.4,-0.33333334,-0.23333333,0.5530305,0.3464513,0.25314865,0.29389933,0.36464316,0.4469695,0.65354866,0.7468514,0.7061007,0.63535684,0.106061,-0.30709735,-0.49370274,-0.41220134,-0.27071372,0.6366342,0.58366525,0.52254546,0.4573911,0.44269082,0.23280975,0.20298949,0.16079836,0.16932786,0.15154706,0.7847257,0.889904,1.0236677,1.152952,1.0007799,0.74150544,0.61488485,0.6202764,0.5982056,0.5271018,0.25849453,0.38511512,0.37972364,0.40179434,0.4728982,0.48301092,0.22976977,0.24055274,0.1964113,0.05420361
SH600436,-0.10107292436761545,0.25,,2026-05-27,0.012898013,0.039836712,0.323772,0.007591826,0.1905736,0.019346874,0.48565438,0.02465306,0.6188528,0.98726624,1.0074952,0.9681657,0.9884823,1.0275561,1.1109692,1.1432914,1.214535,1.3136656,1.0013365,1.0323458,1.0820826,1.1125567,1.1822467,0.009155627,0.04121644,0.059023347,0.066152215,0.08650316,-0.004141677,-0.012618358,-0.009163283,-0.007054251,-0.00471375,0.5115832,0.8591641,0.84357274,0.8812817,0.90566796,0.0069469525,0.02443681,0.0049685314,-0.010270057,-0.043191012,1.0416623,1.1355495,1.1844664,1.209057,1.3185753,0.9681657,0.9681657,0.9681657,0.9681657,0.9681657,1.0032712,1.0588398,1.1360061,1.1629851,1.2616924,0.99748325,0.99980605,1.013085,1.0339423,1.1227059,0.7,0.35,0.175,0.11666667,0.058333334,0.43313953,0.19018741,0.14717609,0.1321521,0.09084879,0.2,0.1,0.2,0.033333335,0.016666668,1.0,1.0,1.0,1.0,1.0,-0.8,-0.9,-0.8,-0.96666664,-0.98333335,0.28148654,-0.04048997,-0.1732439,-0.51184946,-0.6711517,0.63581103,0.15142724,0.54630625,0.37852386,0.22270097,0.2,0.2,0.2,0.2,0.28333333,0.8,0.8,0.8,0.8,0.71666664,-0.6,-0.6,-0.6,-0.6,-0.43333334,0.19358216,0.07631124,0.19195545,0.16352563,0.2613298,0.8064178,0.92368877,0.80804455,0.83647436,0.7386702,-0.6128357,-0.84737754,-0.6160891,-0.6729487,-0.4773404,0.6830033,0.68437284,0.6419824,0.57137334,0.43365622,0.1893195,0.1666829,0.24217446,0.23257585,0.22913787,0.6350815,0.89745957,1.2975802,1.3718778,1.4767514,0.798093,0.6285487,0.56643224,0.5616827,0.53122544,0.20190696,0.3714513,0.43356773,0.43831727,0.4687746,0.5961861,0.25709742,0.13286452,0.12336544,0.062450834
SH600085,-0.10367762952794346,0.125,,2026-05-27,0.006364389,0.03460626,0.18390861,0.0031821944,0.091954306,0.025059676,0.72413707,0.02824187,0.8160914,0.9936759,1.003162,0.9687747,0.98606247,1.0237164,1.0976349,1.0917057,1.0988402,1.2087243,1.0002542,1.02658,1.0597781,1.072625,1.1129143,0.0051033497,0.034125745,0.041943394,0.03882349,0.056533463,-0.0017819802,-0.01034524,-0.005924924,-0.003515554,-0.0029801403,0.30481413,0.8424194,0.69840366,0.6354774,0.8475437,0.0033098622,0.019973585,-0.0034913651,-0.021649554,-0.02500013,1.030071,1.1027993,1.1245129,1.1245129,1.216217,0.9687747,0.9687747,0.9687747,0.9687747,0.9687747,1.0018244,1.0474524,1.0960711,1.0977978,1.179626,0.9971788,0.997889,1.0072973,1.0310137,1.0880115,0.8,0.4,0.2,0.13333334,0.06666667,0.5094163,0.23298213,0.20049876,0.20049876,0.12619233,0.2,0.1,0.45,0.6333333,0.016666668,1.0,1.0,1.0,1.0,1.0,-0.8,-0.9,-0.55,-0.36666667,-0.98333335,0.071412414,-0.027771674,0.011320777,-0.23345739,-0.10356765,0.45768186,-0.5267773,-0.05118149,-0.031110523,-0.1075659,0.4,0.2,0.35,0.36666667,0.35,0.6,0.8,0.6,0.56666666,0.5833333,-0.2,-0.6,-0.25,-0.2,-0.23333333,0.1247421,0.037357073,0.23508371,0.27671474,0.30753985,0.8752579,0.9626429,0.7649163,0.72328526,0.6924602,-0.7505158,-0.9252859,-0.5298326,-0.44657055,-0.3849203,0.6392098,0.69045365,0.6721915,0.5879617,0.60827816,0.20493855,0.29076564,0.27357122,0.25763762,0.23713069,0.95567256,1.7039018,1.6349952,1.8001924,1.5474734,0.7944346,0.5802448,0.563219,0.5467728,0.52064633,0.20556542,0.41975522,0.436781,0.45322722,0.47935367,0.58886915,0.16048959,0.126438,0.09354556,0.04129264
SH688126,-0.10736673368971125,0.125,,2026-05-27,0.03924474,0.105886705,0.37062955,0.032950755,0.31118876,0.033691213,0.3181817,0.0399852,0.37762246,0.96223724,1.0317065,0.92981833,0.97989583,1.0444207,0.91080314,0.7409381,0.6314854,0.7814499,0.9941009,0.9690121,0.88578534,0.81760246,0.73825514,0.027703281,0.07158621,0.10985554,0.13523631,0.12806663,-0.00046197622,0.013658979,0.016911147,0.014641238,0.0052191806,0.00069521123,0.33372536,0.8294119,0.9083867,0.50656193,0.006823046,-0.030477468,-0.046441242,-0.029900402,0.10777904,1.1261528,1.1261528,1.1261528,1.1261528,1.1261528,0.92981833,0.8453404,0.69500107,0.624364,0.5916844,1.0070362,1.0370291,0.99260837,0.96396583,0.85835105,0.980597,0.88685143,0.7868514,0.7088841,0.631059,0.8,0.7,0.85,0.9,0.95,0.3574599,0.5507579,0.70740515,0.7485939,0.7639659,0.2,0.6,0.8,0.8666667,0.93333334,1.0,0.3,0.2,0.033333335,0.43333334,-0.8,0.3,0.6,0.8333333,0.5,0.3981794,0.8939246,0.933449,0.9359844,0.92516893,0.4199437,0.7961276,0.7048311,0.7269226,0.59454215,0.6,0.5,0.65,0.6666667,0.53333336,0.4,0.5,0.35,0.33333334,0.46666667,0.2,0.0,0.3,0.33333334,0.06666667,0.40157485,0.5927568,0.6794682,0.7021442,0.5840853,0.59842515,0.4072432,0.3205318,0.29785576,0.41591468,-0.19685028,0.18551363,0.35893646,0.40428844,0.16817063,1.065777,0.9868101,0.7617712,0.59643155,0.36083996,0.15862589,0.24379112,0.3254233,0.3651125,0.35051632,0.55723745,1.3521667,1.5209471,1.7064152,2.3412077,0.3891583,0.5832193,0.60057205,0.5976281,0.57426864,0.6108417,0.41678068,0.39942795,0.4023719,0.42573136,-0.22168338,0.16643862,0.20114411,0.19525619,0.14853731
SZ300122,-0.11508498741554467,0.0,,2026-05-27,0.02912619,0.056758806,0.5131572,0.006721484,0.11842187,0.020911135,0.36842096,0.04331584,0.7631563,0.97169816,1.0065312,0.9513788,0.9761797,1.0697244,1.1321496,1.0740823,1.1415187,1.2504631,1.0072775,1.0450267,1.0819262,1.093605,1.1204144,0.030365124,0.04523152,0.054206684,0.04902689,0.05284245,-0.01524131,-0.013999681,-0.0061906604,-0.0036592702,-0.002134604,0.6298461,0.8781432,0.4564953,0.43173963,0.49770105,0.02320513,0.01797185,-0.023114897,-0.04054559,-0.057443578,1.0878154,1.1509887,1.2163094,1.2163094,1.2577238,0.9513788,0.9513788,0.9513788,0.9513788,0.9513788,1.0266042,1.0850638,1.1191851,1.125177,1.1645278,0.98897487,0.9986927,1.045299,1.0732107,1.0834514,0.6,0.3,0.15,0.1,0.05,0.35636467,0.24358097,0.18352422,0.18352422,0.15871379,0.2,0.1,0.4,0.6,0.016666668,1.0,1.0,1.0,1.0,1.0,-0.8,-0.9,-0.6,-0.4,-0.98333335,-0.48636287,-0.5522913,0.2992208,0.10415754,0.012274558,0.631186,0.0009821869,0.5832964,0.54751647,0.33293712,0.2,0.2,0.4,0.33333334,0.4,0.8,0.8,0.55,0.6333333,0.5833333,-0.6,-0.6,-0.15,-0.3,-0.18333334,0.22696221,0.1836199,0.40612906,0.36505288,0.39353514,0.7730378,0.8163801,0.59387094,0.6349471,0.60646486,-0.5460756,-0.63276017,-0.18774186,-0.2698942,-0.2129297,0.75514066,0.65351254,0.7426306,0.6553244,0.63977873,0.1530862,0.1856138,0.39317927,0.34684044,0.2983091,0.37984508,0.695164,1.6697994,1.7983131,1.5540944,0.9291512,0.6236851,0.5547595,0.5393421,0.51989806,0.07084881,0.3763149,0.4452405,0.4606579,0.48010197,0.85830235,0.24737021,0.10951901,0.07868424,0.039796066
SH600930,-0.11582244917390662,0.0,,2026-05-27,0.013179527,0.021416835,0.6153816,0.003294952,0.15384868,0.0049423575,0.23076974,0.014826933,0.69230264,0.98699194,1.0032521,0.98211384,0.9940552,0.99676377,1.0906149,1.0177994,0.97896445,0.9644013,0.99093854,1.005987,1.0210357,1.0116506,1.0271306,0.008139013,0.021331564,0.026882285,0.027915036,0.054636855,0.0042071166,-0.005070121,-0.0022361751,0.00075596396,-0.00055570976,0.6679833,0.5178485,0.242185,0.05683652,0.031551827,0.0006472327,0.016828462,0.00020802523,-0.022611998,-0.010737122,1.0049669,1.1054494,1.1117446,1.1117446,1.2819546,0.98056656,0.98056656,0.98056656,0.9675027,0.9611163,0.9987055,1.0210357,1.0378641,1.0355988,1.0482202,0.9834952,0.9889968,0.99805826,0.98381877,0.9834952,1.0,0.6,0.3,0.46666667,0.425,0.7964411,0.15561353,0.14814569,0.22529721,0.121194005,0.2,0.1,0.5,0.6666667,0.31666666,0.4,0.7,0.85,0.23333333,0.06666667,-0.2,-0.6,-0.35,0.43333334,0.25,0.4731095,0.8474538,0.90614635,0.86344403,0.89699537,0.8005846,0.57103753,0.71498835,0.74989176,0.6931058,0.6,0.4,0.55,0.5,0.48333332,0.4,0.6,0.45,0.46666667,0.48333332,0.2,-0.2,0.1,0.033333335,0.0,0.53333324,0.26271173,0.4757709,0.52173907,0.5147453,0.46666676,0.7372883,0.5242291,0.47826093,0.4852547,0.06666648,-0.47457656,-0.048458237,0.04347815,0.029490612,0.8026507,1.1561352,1.3553334,1.2963241,1.9457265,0.14344254,0.5178551,0.57826984,0.63367116,1.5187633,0.58616316,1.0852152,0.9992327,1.3103756,1.5390071,0.36545503,0.21586289,0.45458636,0.5038494,0.50871897,0.63454497,0.7841371,0.5454136,0.49615058,0.49128103,-0.2690899,-0.5682742,-0.09082728,0.0076988214,0.017437927
SZ000568,-0.1241140517820778,0.0,,2026-05-27,0.016578263,0.05968171,0.27777794,0.019009724,0.31851843,0.024093723,0.40370363,0.021662261,0.36296314,0.9836921,1.0186998,0.9599913,0.98474914,1.0023923,1.0078257,1.1157852,1.1144818,1.2067842,0.9916278,0.9935848,1.0304296,1.0562215,1.1002438,0.008845602,0.014277153,0.044247013,0.05202774,0.059538633,0.0020438936,-0.0010002455,-0.0067917537,-0.0055245003,-0.0030587264,0.13347554,0.044992637,0.82463926,0.8738115,0.8049769,0.0042844126,0.010916302,0.034092095,0.023883725,-0.010011434,1.0206571,1.045771,1.1198089,1.1286149,1.2121111,0.9599913,0.9599913,0.9599913,0.9599913,0.9599913,0.99886817,1.0004785,1.0791456,1.1062623,1.143944,0.98529977,0.9813852,0.9888662,0.99765056,1.0489653,1.0,0.8,0.4,0.26666668,0.13333334,0.6594939,0.46641257,0.25033972,0.23726639,0.15868928,0.2,0.1,0.15,0.1,0.016666668,1.0,1.0,1.0,1.0,1.0,-0.8,-0.9,-0.85,-0.9,-0.98333335,0.83276755,0.69514817,-0.16985977,-0.4385507,-0.43786776,0.95827144,0.76441216,0.44822168,0.3377265,0.116685145,0.4,0.5,0.35,0.33333334,0.36666667,0.6,0.5,0.65,0.6666667,0.6333333,-0.2,0.0,-0.3,-0.33333334,-0.26666668,0.48248154,0.47524855,0.31619436,0.35038617,0.3678459,0.51751846,0.5247515,0.68380564,0.64961386,0.6321541,-0.035036944,-0.04950294,-0.36761126,-0.29922768,-0.26430818,0.6032994,0.5808898,0.549251,0.49130046,0.42757314,0.24414107,0.19012332,0.1845374,0.18122047,0.16971658,0.52847195,0.67088056,0.65640664,0.85124874,0.9850767,0.68854666,0.62131333,0.5612827,0.55913913,0.53148764,0.31145334,0.3786867,0.43871728,0.44086084,0.46851236,0.37709332,0.24262664,0.12256545,0.118278295,0.06297529
SZ001391,-0.13222864221514885,0.0,,2026-05-27,-0.0038388108,0.013435733,-0.28571653,0.005758111,0.42856693,0.0038388108,0.28571653,-0.005758111,-0.42856693,1.0038536,1.0096339,0.9961464,1.0003669,1.0133587,1.0248091,1.0114504,1.0248091,1.1450381,1.008397,1.0223283,1.0173664,1.019084,1.0410305,0.005498033,0.018656151,0.015917497,0.013382259,0.039683186,-0.0026717533,-0.005725191,0.00035298144,-0.00013585879,-0.0017031876,0.5903614,0.8632713,0.017211638,0.007987638,0.56183887,-0.003053432,0.0034351265,-0.020719724,-0.017114002,0.009213509,1.0229915,1.084195,1.084195,1.084195,1.1545961,0.9961464,0.9961464,0.9922929,0.9922929,0.9922929,1.0133587,1.0354961,1.029771,1.0267175,1.0958016,1.0061069,1.0076336,1.0034351,1.0072519,1.0110687,0.2,0.1,0.1,0.06666667,0.033333335,0.14354958,0.043766767,0.083862066,0.083862066,0.047485836,0.2,0.1,0.55,0.7,0.016666668,1.0,1.0,0.15,0.43333334,0.71666664,-0.8,-0.9,0.4,0.26666668,-0.7,0.23236656,0.91781193,0.80889726,0.589433,0.26846704,-0.114909776,0.8951516,0.7267452,0.67355454,0.25510567,0.2,0.2,0.4,0.4,0.38333333,0.6,0.6,0.45,0.46666667,0.5,-0.4,-0.4,-0.05,-0.06666667,-0.11666667,0.23076923,0.3818184,0.4666667,0.44247794,0.369863,0.7692308,0.6181816,0.5333333,0.55752206,0.630137,-0.53846157,-0.23636316,-0.06666659,-0.11504413,-0.26027402,1.0068399,1.8275821,1.5689306,1.3612516,1.4009331,0.19119412,1.6644988,1.2747742,1.0879705,0.8579461,0.6082892,2.0613015,2.1887178,2.4749565,1.8879772,0.34201866,0.4982984,0.49231064,0.49138755,0.5015128,0.65798134,0.5017016,0.50768936,0.50861245,0.49848717,-0.3159627,-0.0034032143,-0.015378685,-0.017224932,0.0030256256
SZ000858,-0.13355977372302444,0.125,,2026-05-27,0.01072296,0.054819312,0.19560552,0.028433692,0.5186802,0.01566266,0.2857143,-0.0020480712,-0.037360396,0.9893908,1.0281321,0.9738943,0.9960201,1.0188363,1.0626985,1.2071766,1.2167114,1.238287,1.0031459,1.0173438,1.0715096,1.1196285,1.1723562,0.008731045,0.01990924,0.06642745,0.087924436,0.08199965,-0.0042789658,-0.005995608,-0.01080788,-0.009741874,-0.0038082832,0.60046154,0.8313205,0.9265182,0.9514096,0.6578612,0.0054119653,0.009636493,0.031165214,0.021628637,-0.060011923,1.0394553,1.0880903,1.1983527,1.2397171,1.2614168,0.9738943,0.9738943,0.9738943,0.9738943,0.9738943,1.005863,1.0251294,1.1145078,1.2073678,1.2305391,0.99873644,1.0013335,1.0145177,1.0197874,1.0914286,0.4,0.2,0.1,0.06666667,0.033333335,0.39818954,0.22860424,0.11630524,0.098207116,0.090795286,0.2,0.1,0.05,0.13333334,0.21666667,1.0,1.0,1.0,1.0,1.0,-0.8,-0.9,-0.95,-0.8666667,-0.78333336,-0.0024687245,0.39155573,-0.3583273,-0.75698036,-0.7886739,0.83949727,0.6005878,-0.53210944,-0.5313261,-0.39803177,0.4,0.3,0.2,0.3,0.41666666,0.6,0.7,0.75,0.6666667,0.56666666,-0.2,-0.4,-0.55,-0.36666667,-0.15,0.22376071,0.12215523,0.060245387,0.1331924,0.30266994,0.7762393,0.87784475,0.9397546,0.8668076,0.69733006,-0.5524786,-0.75568956,-0.8795092,-0.73361516,-0.39466012,0.5830175,0.6008022,0.604999,0.47481441,0.34847352,0.23657742,0.18275042,0.27643594,0.29276538,0.24629527,0.78305453,0.9626853,1.8731524,2.2060013,2.4080322,0.8243925,0.58980465,0.58910453,0.58278,0.55073965,0.17560747,0.41019532,0.41089547,0.41722003,0.44926035,0.64878505,0.17960934,0.17820908,0.16555996,0.10147931
SH688396,-0.13498759336521937,0.25,,2026-05-27,0.017895693,0.061709378,0.28999957,0.038876873,0.62999946,0.004936811,0.08000099,-0.016044369,-0.2599989,0.98241895,1.0381933,0.9775689,1.012281,0.99446356,0.9723178,0.82956755,0.744875,0.90184045,0.96621275,0.9629657,0.91951966,0.868976,0.8030575,0.04066651,0.031798605,0.058929455,0.08875936,0.09779727,0.021741739,0.005012266,0.008919163,0.009744946,0.0039725397,0.71458644,0.22775267,0.8017729,0.9341836,0.503249,-0.0096962415,0.014479083,-0.0042517106,-0.010277712,0.07975257,1.0381933,1.0381933,1.0381933,1.0381933,1.0381933,0.90420765,0.90420765,0.79575557,0.72882396,0.6625591,1.0006584,0.99557084,0.97336525,0.95926976,0.9051324,0.9378123,0.9394284,0.8593147,0.7822235,0.72156215,0.8,0.9,0.95,0.96666664,0.98333335,0.7149445,0.7149445,0.84246117,0.8765444,0.89832294,1.0,1.0,1.0,1.0,1.0,0.2,0.6,0.15,0.1,0.43333334,0.8,0.4,0.85,0.9,0.56666666,0.15509658,0.2897633,0.48078787,0.8021485,0.8433029,-0.060400534,0.083260745,0.21499498,0.32938725,0.47575477,0.6,0.6,0.75,0.73333335,0.53333336,0.4,0.4,0.25,0.26666668,0.45,0.2,0.2,0.5,0.46666667,0.083333336,0.5116867,0.54142404,0.6664717,0.70044667,0.5427195,0.48831335,0.45857596,0.33352828,0.29955336,0.45728055,0.023373308,0.08284809,0.33294344,0.4008933,0.085438915,0.78498566,0.69995713,0.65026253,0.5587122,0.41091084,0.1554721,0.15024506,0.13669606,0.18903683,0.22012894,0.61773324,0.8295439,0.9410868,1.0773237,1.5092605,0.6427394,0.57319534,0.56311876,0.57732505,0.5566315,0.35726058,0.4268047,0.43688124,0.42267492,0.4433685,0.28547883,0.14639063,0.12623753,0.15465012,0.11326304
SZ002384,-0.13523294068843245,0.25,,2026-05-27,0.030399445,0.09871764,0.3079434,0.049035955,0.49672946,0.019282231,0.19532712,0.0006457198,0.0065410784,0.9704974,1.0475893,0.9517841,1.0050029,0.998341,0.9882687,0.84120446,0.64265686,0.38451958,0.98341554,0.9727794,0.9373069,0.86924577,0.67459744,0.033296656,0.034729034,0.06575625,0.11986904,0.21660022,0.014975644,0.0069348323,0.008950638,0.012640989,0.011837146,0.50571954,0.36550888,0.648488,0.86188596,0.9109112,-0.013366805,-0.0039861114,-0.02233795,-0.052540135,-0.023793228,1.0475893,1.0475893,1.0475893,1.0475893,1.0475893,0.9139971,0.87800276,0.79186755,0.64247334,0.37605542,1.0025694,0.9986728,0.99107075,0.98755074,0.94509465,0.97521245,0.94190884,0.85441184,0.75184655,0.47089595,0.8,0.9,0.95,0.96666664,0.98333335,0.64377195,0.71938056,0.8139021,0.88252926,0.9291335,1.0,1.0,1.0,1.0,1.0,0.2,0.2,0.15,0.06666667,0.033333335,0.8,0.8,0.85,0.93333334,0.96666664,-0.34285206,-0.26077965,-0.1864019,-0.33379647,0.2287809,-0.2191565,-0.16687405,-0.1519967,-0.03324664,0.191887,0.6,0.6,0.7,0.7,0.6666667,0.4,0.4,0.3,0.3,0.33333334,0.2,0.2,0.4,0.4,0.33333334,0.50435853,0.5164679,0.6472882,0.7254509,0.7185811,0.4956415,0.48353204,0.3527118,0.2745491,0.28141892,0.008717029,0.03293591,0.29457638,0.45090178,0.4371622,0.9484191,0.9861465,0.99959284,1.0488198,0.99072576,0.09916616,0.14398843,0.11414729,0.15348254,0.23916265,0.7654309,0.68707937,0.9649696,1.0088179,0.93378437,0.58180684,0.52432895,0.44473758,0.43627092,0.48973024,0.4181932,0.47567105,0.5552624,0.5637291,0.51026976,0.16361363,0.0486579,-0.110524826,-0.12745817,-0.020539543
SH603986,-0.14664088482416804,0.125,,2026-05-27,-0.04957485,0.09763399,-0.5077622,0.02184844,0.22377905,0.026210697,0.26845875,-0.04521259,-0.4630825,1.0521607,1.0751488,0.9724221,1.0300802,0.86424136,0.70883864,0.57814145,0.51481134,0.6008631,0.954759,0.8621164,0.755574,0.6917773,0.6122286,0.07803655,0.118870005,0.14027174,0.1469893,0.13321297,0.0435585,0.038223214,0.022533055,0.01550848,0.0055456734,0.7789144,0.9478099,0.9031664,0.86271787,0.5285857,-0.04187602,-0.034120835,0.030362021,0.08334974,0.22417404,1.0751488,1.0751488,1.0751488,1.0751488,1.0751488,0.82988703,0.67093056,0.57678205,0.50667465,0.4599868,1.0057312,1.000262,0.87345445,0.7962843,0.6876307,0.89599794,0.76723254,0.6406313,0.5753604,0.52693135,0.6,0.8,0.9,0.93333334,0.96666664,0.6935976,0.8140886,0.8492099,0.86780614,0.877839,1.0,1.0,1.0,1.0,1.0,0.2,0.2,0.15,0.033333335,0.38333333,0.8,0.8,0.85,0.96666664,0.6166667,0.00834195,0.5082281,0.7217803,0.7740672,0.62713003,-0.69197655,0.2657542,0.19184892,0.26821074,0.12656239,0.6,0.7,0.75,0.7,0.5833333,0.4,0.3,0.25,0.3,0.41666666,0.2,0.4,0.5,0.4,0.16666667,0.7906423,0.84402806,0.82472515,0.79915535,0.64912933,0.20935768,0.15597191,0.17527483,0.20084466,0.35087067,0.58128464,0.6880562,0.64945036,0.59831065,0.29825866,0.9523499,0.9090087,0.7955892,0.729279,0.6026601,0.039439674,0.11814369,0.1684862,0.17069943,0.21830724,0.69534165,0.679454,0.83137566,0.8963537,0.97315866,0.6938485,0.63081104,0.5917502,0.52686894,0.5418983,0.30615148,0.36918896,0.40824983,0.4731311,0.45810172,0.387697,0.26162207,0.18350036,0.053737845,0.08379656
SH600460,-0.17954412513684337,0.0,,2026-05-27,0.044933926,0.109251074,0.41129047,0.04992654,0.45698902,0.014390607,0.13172051,0.009397993,0.086021975,0.9569983,1.0477796,0.9432265,1.0144463,0.9159785,0.88561296,0.7819045,0.74705344,0.9148525,0.9374446,0.9136964,0.87155145,0.8348585,0.80453664,0.051060542,0.044574276,0.056837954,0.07034165,0.06822134,0.030968022,0.012251336,0.008925038,0.0076695,0.0018354865,0.919594,0.69248396,0.8630012,0.92132056,0.22078103,0.00061933405,0.031172596,0.043660667,0.05393378,0.14131649,1.0477796,1.0477796,1.0477796,1.0477796,1.0477796,0.8684801,0.8457031,0.77122515,0.73665434,0.69422424,0.9687561,0.95441407,0.9105735,0.8892688,0.8696607,0.89703476,0.8721229,0.8256925,0.76717585,0.7464905,1.0,1.0,1.0,1.0,1.0,0.7335207,0.7635568,0.82723254,0.84642965,0.8648596,1.0,1.0,1.0,1.0,1.0,0.2,0.4,0.15,0.033333335,0.43333334,0.8,0.6,0.85,0.96666664,0.56666666,0.7789068,0.7505512,0.8636607,0.92552924,0.8853939,0.33728567,0.4576875,0.6444376,0.64417493,0.3658998,0.6,0.6,0.55,0.56666666,0.46666667,0.4,0.4,0.45,0.4,0.51666665,0.2,0.2,0.1,0.16666667,-0.05,0.7175626,0.7243614,0.7455522,0.7396004,0.5418798,0.28243738,0.2756386,0.25444782,0.26039958,0.45812026,0.43512523,0.4487228,0.49110436,0.47920087,0.083759494,0.62411493,0.53610694,0.43657306,0.3394386,0.24900839,0.22799993,0.18847536,0.17472768,0.19984595,0.17404647,0.6609607,1.0084691,1.047184,1.3282995,1.5032246,0.77860636,0.66146165,0.64835495,0.65199673,0.5890494,0.22139362,0.33853832,0.35164505,0.34800324,0.41095057,0.55721277,0.32292333,0.29670987,0.3039935,0.17809883
SH600584,-0.20016664830188055,0.0,,2026-05-27,-0.003930636,0.13179182,-0.029824583,0.097109765,0.73684216,0.030751418,0.23333329,-0.070288986,-0.5333334,1.0039462,1.1014391,0.96912724,1.0413601,0.7685796,0.6672516,0.5210102,0.49931228,0.5654731,0.915134,0.8031112,0.6903284,0.6311501,0.5661414,0.104185544,0.14115447,0.15596792,0.15233448,0.12849548,0.062617965,0.04527619,0.024714626,0.01528894,0.004675726,0.90307325,0.94310915,0.8788315,0.7806565,0.40385196,-0.04036992,-0.0068540815,0.07488261,0.14716026,0.29592466,1.1014391,1.1014391,1.1014391,1.1014391,1.1014391,0.7422184,0.62998146,0.50012803,0.49328178,0.44128168,1.0047143,0.94437754,0.78978425,0.7183448,0.63249224,0.83184254,0.67634815,0.55506283,0.514821,0.4870761,0.8,0.9,0.95,0.96666664,0.98333335,0.7176134,0.7848394,0.8313034,0.8332025,0.846341,1.0,1.0,1.0,1.0,1.0,0.4,0.1,0.15,0.033333335,0.43333334,0.6,0.9,0.85,0.96666664,0.56666666,0.5246977,0.82319576,0.8597614,0.8515964,0.8593285,-0.059114803,0.48733756,0.2901198,0.35405123,0.38588023,0.8,0.8,0.75,0.7,0.6,0.2,0.2,0.25,0.3,0.4,0.6,0.6,0.5,0.4,0.2,0.91538274,0.86667717,0.86335677,0.83906096,0.69418424,0.08461728,0.13332286,0.13664323,0.16093907,0.3058158,0.8307654,0.7333543,0.72671354,0.67812186,0.38836846,0.89129984,0.78257,0.59431815,0.45517373,0.32127804,0.09335427,0.15132509,0.24165963,0.28066888,0.2456919,0.681669,0.70665497,0.94107413,1.2526044,1.5738537,0.7333088,0.69951385,0.7406228,0.68717813,0.5929117,0.26669124,0.30048615,0.25937715,0.31282187,0.40708828,0.46661755,0.39902768,0.4812457,0.37435627,0.18582344
SH603893,-0.2014142693309478,0.0,,2026-05-27,0.024923842,0.10578676,0.23560454,0.06081214,0.57485586,0.020050779,0.1895396,-0.015837518,-0.14971173,0.97568226,1.0593333,0.95611906,1.0079372,0.96084636,0.8942469,0.8847944,0.84204215,0.90475506,0.9643491,0.93592435,0.9177582,0.8985093,0.84906673,0.026316028,0.047590725,0.038295124,0.042900465,0.067909636,0.014970487,0.013911973,0.004176846,0.00401791,0.0024765446,0.80904216,0.78332907,0.41636857,0.6797952,0.4056293,0.005709912,0.0014717533,0.04256172,0.043230973,0.077875204,1.0593333,1.0593333,1.0593333,1.0593333,1.0593333,0.92123663,0.8434302,0.84194714,0.8304911,0.72037715,0.9759704,0.9675831,0.9586968,0.93247926,0.8992946,0.9518545,0.8912816,0.8931337,0.8620412,0.78789884,1.0,1.0,1.0,1.0,1.0,0.57034945,0.7251854,0.72706026,0.74072385,0.8249528,1.0,1.0,1.0,1.0,1.0,0.2,0.3,0.5,0.06666667,0.3,0.8,0.7,0.5,0.93333334,0.7,0.22681673,0.77502203,0.7536826,0.8401042,0.77114695,-0.26619273,0.41094518,0.4490488,0.5246104,0.42772764,0.6,0.6,0.55,0.56666666,0.51666665,0.4,0.4,0.45,0.43333334,0.48333332,0.2,0.2,0.1,0.13333334,0.033333335,0.65632194,0.69798785,0.6483381,0.66159433,0.5458366,0.34367803,0.30201215,0.35166192,0.33840567,0.4541634,0.31264392,0.3959757,0.29667613,0.3231887,0.0916732,0.7096888,0.6255929,0.5088579,0.43529513,0.31395158,0.1946019,0.21996604,0.20585985,0.19958629,0.19559494,0.6364454,0.87490433,1.1535289,1.3202081,1.3923844,0.72417456,0.60804206,0.6002937,0.5610202,0.56203693,0.27582544,0.3919579,0.3997063,0.4389798,0.43796307,0.44834912,0.21608417,0.20058738,0.12204041,0.124073885
SZ300433,-0.40512951865277924,0.0,,2026-05-27,0.057217836,0.09317589,0.6140841,0.01889766,0.20281707,0.017060393,0.1830988,0.055380568,0.5943659,0.94587886,1.017875,0.9297418,0.97096443,0.9014442,0.8115616,0.644479,0.7479851,0.88205206,0.95922756,0.92521375,0.8109397,0.76814085,0.7611218,0.035299882,0.061294492,0.131668,0.12528506,0.09487214,0.01891748,0.016136983,0.021471158,0.011704058,0.0012165803,0.7179927,0.6353502,0.9307189,0.67635727,0.050153818,0.0029374622,0.0021698182,-0.014915743,0.0621503,0.20298909,1.017875,1.017875,1.017875,1.017875,1.017875,0.8753662,0.7844849,0.6280921,0.6191639,0.6191639,0.9849118,0.96484065,0.9537127,0.9135949,0.808976,0.94393486,0.8910117,0.6626519,0.6573252,0.6810621,1.0,1.0,1.0,1.0,1.0,0.8745698,0.9234119,0.9541414,0.9551683,0.9551683,1.0,1.0,1.0,1.0,1.0,0.4,0.1,0.15,0.13333334,0.56666666,0.6,0.9,0.85,0.8666667,0.43333334,-0.14109887,0.17405309,0.8772271,0.749364,0.5025297,0.5445489,0.6786157,0.64486283,0.0087721655,0.061139926,0.8,0.6,0.65,0.56666666,0.46666667,0.2,0.4,0.35,0.43333334,0.53333336,0.6,0.2,0.3,0.13333334,-0.06666667,0.8279336,0.7494584,0.78570485,0.6490515,0.5450455,0.1720664,0.25054166,0.21429512,0.35094854,0.45495453,0.65586716,0.49891672,0.57140976,0.29810295,0.09009095,0.97234666,1.0372357,0.7621178,0.67466116,0.47286105,0.14183807,0.21456946,0.3547421,0.34639886,0.3219225,0.6271875,1.1272463,1.2441928,1.4016098,1.784348,0.5692446,0.5380564,0.6052609,0.55411506,0.5369681,0.43075538,0.46194363,0.3947391,0.44588494,0.46303186,0.13848923,0.07611272,0.21052185,0.10823013,0.073936254
