exp_name,rid,datetime,instrument,score,real_label,error,abs_error
EXP_LGBModel_Alpha158_csi300_expanding_step40_s_20260121_01,0d5b2c317ad04013b1cb76da95b478fc,2026-05-27,SH600000,-0.06495334376828354,,,
EXP_LinearModel_Alpha158_csi300_sliding_step40_s_20260111_11,91c306e388e8433fbae734de03637583,2026-05-27,SH601127,-0.06293678283691406,,,
EXP_LinearModel_Alpha158_csi300_sliding_step40_s_20260111_11,91c306e388e8433fbae734de03637583,2026-05-27,SH601136,-0.011911144480109215,,,
EXP_LinearModel_Alpha158_csi300_sliding_step40_s_20260111_11,91c306e388e8433fbae734de03637583,2026-05-27,SH601138,0.0520147942006588,,,
EXP_LinearModel_Alpha158_csi300_sliding_step40_s_20260111_11,91c306e388e8433fbae734de03637583,2026-05-27,SH601166,-0.027731208130717278,,,
EXP_LinearModel_Alpha158_csi300_sliding_step40_s_20260111_11,91c306e388e8433fbae734de03637583,2026-05-27,SH601169,-0.06937578320503235,,,
EXP_LinearModel_Alpha158_csi300_sliding_step40_s_20260111_11,91c306e388e8433fbae734de03637583,2026-05-27,SH601186,-0.0019353516399860382,,,
EXP_LinearModel_Alpha158_csi300_sliding_step40_s_20260111_11,91c306e388e8433fbae734de03637583,2026-05-27,SH601117,0.011980474926531315,,,
EXP_LinearModel_Alpha158_csi300_sliding_step40_s_20260111_11,91c306e388e8433fbae734de03637583,2026-05-27,SH601211,-0.027900395914912224,,,
EXP_LinearModel_Alpha158_csi300_sliding_step40_s_20260111_11,91c306e388e8433fbae734de03637583,2026-05-27,SH601229,-0.01691342331469059,,,
EXP_LinearModel_Alpha158_csi300_sliding_step40_s_20260111_11,91c306e388e8433fbae734de03637583,2026-05-27,SH601236,-0.009394229389727116,,,
EXP_LinearModel_Alpha158_csi300_sliding_step40_s_20260111_11,91c306e388e8433fbae734de03637583,2026-05-27,SH601238,0.05575360730290413,,,
EXP_LinearModel_Alpha158_csi300_sliding_step40_s_20260111_11,91c306e388e8433fbae734de03637583,2026-05-27,SH601288,0.03185795992612839,,,
EXP_LinearModel_Alpha158_csi300_sliding_step40_s_20260111_11,91c306e388e8433fbae734de03637583,2026-05-27,SH601298,-0.09508795291185379,,,
EXP_LinearModel_Alpha158_csi300_sliding_step40_s_20260111_11,91c306e388e8433fbae734de03637583,2026-05-27,SH601318,0.001297408016398549,,,
EXP_LinearModel_Alpha158_csi300_sliding_step40_s_20260111_11,91c306e388e8433fbae734de03637583,2026-05-27,SH601225,-0.01671792007982731,,,
EXP_LinearModel_Alpha158_csi300_sliding_step40_s_20260111_11,91c306e388e8433fbae734de03637583,2026-05-27,SH601111,0.013505697250366211,,,
EXP_LinearModel_Alpha158_csi300_sliding_step40_s_20260111_11,91c306e388e8433fbae734de03637583,2026-05-27,SH601100,0.036549974232912064,,,
EXP_LinearModel_Alpha158_csi300_sliding_step40_s_20260111_11,91c306e388e8433fbae734de03637583,2026-05-27,SH601088,0.06534633040428162,,,
EXP_LinearModel_Alpha158_csi300_sliding_step40_s_20260111_11,91c306e388e8433fbae734de03637583,2026-05-27,SH600930,-0.10435233265161514,,,
EXP_LinearModel_Alpha158_csi300_sliding_step40_s_20260111_11,91c306e388e8433fbae734de03637583,2026-05-27,SH600938,0.05758495256304741,,,
EXP_LinearModel_Alpha158_csi300_sliding_step40_s_20260111_11,91c306e388e8433fbae734de03637583,2026-05-27,SH600941,-0.022010862827301025,,,
EXP_LinearModel_Alpha158_csi300_sliding_step40_s_20260111_11,91c306e388e8433fbae734de03637583,2026-05-27,SH600958,,,,
EXP_LinearModel_Alpha158_csi300_sliding_step40_s_20260111_11,91c306e388e8433fbae734de03637583,2026-05-27,SH600989,0.062150511890649796,,,
EXP_LinearModel_Alpha158_csi300_sliding_step40_s_20260111_11,91c306e388e8433fbae734de03637583,2026-05-27,SH600999,-0.03195756673812866,,,
EXP_LinearModel_Alpha158_csi300_sliding_step40_s_20260111_11,91c306e388e8433fbae734de03637583,2026-05-27,SH601006,-0.030284976586699486,,,
EXP_LinearModel_Alpha158_csi300_sliding_step40_s_20260111_11,91c306e388e8433fbae734de03637583,2026-05-27,SH601009,-0.00030490747303701937,,,
EXP_LinearModel_Alpha158_csi300_sliding_step40_s_20260111_11,91c306e388e8433fbae734de03637583,2026-05-27,SH601012,0.08357542008161545,,,
EXP_LinearModel_Alpha158_csi300_sliding_step40_s_20260111_11,91c306e388e8433fbae734de03637583,2026-05-27,SH601018,0.05122282728552818,,,
EXP_LinearModel_Alpha158_csi300_sliding_step40_s_20260111_11,91c306e388e8433fbae734de03637583,2026-05-27,SH601021,-0.06142973527312279,,,
EXP_LinearModel_Alpha158_csi300_sliding_step40_s_20260111_11,91c306e388e8433fbae734de03637583,2026-05-27,SH601058,-0.11045553535223007,,,
EXP_LinearModel_Alpha158_csi300_sliding_step40_s_20260111_11,91c306e388e8433fbae734de03637583,2026-05-27,SH601059,-0.017000943422317505,,,
EXP_LinearModel_Alpha158_csi300_sliding_step40_s_20260111_11,91c306e388e8433fbae734de03637583,2026-05-27,SH601066,-0.024055710062384605,,,
EXP_LinearModel_Alpha158_csi300_sliding_step40_s_20260111_11,91c306e388e8433fbae734de03637583,2026-05-27,SH601077,0.12094050645828247,,,
EXP_LinearModel_Alpha158_csi300_sliding_step40_s_20260111_11,91c306e388e8433fbae734de03637583,2026-05-27,SH601319,0.03115314058959484,,,
EXP_LinearModel_Alpha158_csi300_sliding_step40_s_20260111_11,91c306e388e8433fbae734de03637583,2026-05-27,SH601328,-0.028041118755936623,,,
EXP_LinearModel_Alpha158_csi300_sliding_step40_s_20260111_11,91c306e388e8433fbae734de03637583,2026-05-27,SH601336,-0.04960545152425766,,,
EXP_LinearModel_Alpha158_csi300_sliding_step40_s_20260111_11,91c306e388e8433fbae734de03637583,2026-05-27,SH601360,0.07801046222448349,,,
EXP_LinearModel_Alpha158_csi300_sliding_step40_s_20260111_11,91c306e388e8433fbae734de03637583,2026-05-27,SH601800,-0.05696909502148628,,,
EXP_LinearModel_Alpha158_csi300_sliding_step40_s_20260111_11,91c306e388e8433fbae734de03637583,2026-05-27,SH601808,0.0631428062915802,,,
EXP_LinearModel_Alpha158_csi300_sliding_step40_s_20260111_11,91c306e388e8433fbae734de03637583,2026-05-27,SH601816,-0.1101452186703682,,,
EXP_LinearModel_Alpha158_csi300_sliding_step40_s_20260111_11,91c306e388e8433fbae734de03637583,2026-05-27,SH601818,0.05373430252075195,,,
EXP_LinearModel_Alpha158_csi300_sliding_step40_s_20260111_11,91c306e388e8433fbae734de03637583,2026-05-27,SH601825,0.02008967660367489,,,
EXP_LinearModel_Alpha158_csi300_sliding_step40_s_20260111_11,91c306e388e8433fbae734de03637583,2026-05-27,SH601838,0.0008474562200717628,,,
EXP_LinearModel_Alpha158_csi300_sliding_step40_s_20260111_11,91c306e388e8433fbae734de03637583,2026-05-27,SH601857,-0.0443001426756382,,,
EXP_LinearModel_Alpha158_csi300_sliding_step40_s_20260111_11,91c306e388e8433fbae734de03637583,2026-05-27,SH601868,0.026956509798765182,,,
EXP_LinearModel_Alpha158_csi300_sliding_step40_s_20260111_11,91c306e388e8433fbae734de03637583,2026-05-27,SH601872,0.06017696112394333,,,
EXP_LinearModel_Alpha158_csi300_sliding_step40_s_20260111_11,91c306e388e8433fbae734de03637583,2026-05-27,SH601877,0.010456452146172523,,,
EXP_LinearModel_Alpha158_csi300_sliding_step40_s_20260111_11,91c306e388e8433fbae734de03637583,2026-05-27,SH601878,-0.07772839069366455,,,
EXP_LinearModel_Alpha158_csi300_sliding_step40_s_20260111_11,91c306e388e8433fbae734de03637583,2026-05-27,SH601881,-0.011661085300147533,,,
EXP_LinearModel_Alpha158_csi300_sliding_step40_s_20260111_11,91c306e388e8433fbae734de03637583,2026-05-27,SH601888,-0.02397971600294113,,,
EXP_LinearModel_Alpha158_csi300_sliding_step40_s_20260111_11,91c306e388e8433fbae734de03637583,2026-05-27,SH601898,-0.033008869737386703,,,
EXP_LinearModel_Alpha158_csi300_sliding_step40_s_20260111_11,91c306e388e8433fbae734de03637583,2026-05-27,SH601899,0.018523212522268295,,,
EXP_LinearModel_Alpha158_csi300_sliding_step40_s_20260111_11,91c306e388e8433fbae734de03637583,2026-05-27,SH601788,-0.041394077241420746,,,
EXP_LinearModel_Alpha158_csi300_sliding_step40_s_20260111_11,91c306e388e8433fbae734de03637583,2026-05-27,SH600926,-0.04495139420032501,,,
EXP_LinearModel_Alpha158_csi300_sliding_step40_s_20260111_11,91c306e388e8433fbae734de03637583,2026-05-27,SH601766,-0.1145537942647934,,,
EXP_LinearModel_Alpha158_csi300_sliding_step40_s_20260111_11,91c306e388e8433fbae734de03637583,2026-05-27,SH601698,0.049320075660943985,,,
EXP_LinearModel_Alpha158_csi300_sliding_step40_s_20260111_11,91c306e388e8433fbae734de03637583,2026-05-27,SH601377,0.010063761845231056,,,
EXP_LinearModel_Alpha158_csi300_sliding_step40_s_20260111_11,91c306e388e8433fbae734de03637583,2026-05-27,SH601390,0.012751933187246323,,,
EXP_LinearModel_Alpha158_csi300_sliding_step40_s_20260111_11,91c306e388e8433fbae734de03637583,2026-05-27,SH601398,0.04706877842545509,,,
EXP_LinearModel_Alpha158_csi300_sliding_step40_s_20260111_11,91c306e388e8433fbae734de03637583,2026-05-27,SH601456,-0.03753966838121414,,,
EXP_LinearModel_Alpha158_csi300_sliding_step40_s_20260111_11,91c306e388e8433fbae734de03637583,2026-05-27,SH601600,-0.013609394431114197,,,
EXP_LinearModel_Alpha158_csi300_sliding_step40_s_20260111_11,91c306e388e8433fbae734de03637583,2026-05-27,SH601601,0.00010767167987069115,,,
EXP_LinearModel_Alpha158_csi300_sliding_step40_s_20260111_11,91c306e388e8433fbae734de03637583,2026-05-27,SH601607,-0.1041845828294754,,,
EXP_LinearModel_Alpha158_csi300_sliding_step40_s_20260111_11,91c306e388e8433fbae734de03637583,2026-05-27,SH601618,-0.015201259404420853,,,
EXP_LinearModel_Alpha158_csi300_sliding_step40_s_20260111_11,91c306e388e8433fbae734de03637583,2026-05-27,SH601628,-0.032975707203149796,,,
EXP_LinearModel_Alpha158_csi300_sliding_step40_s_20260111_11,91c306e388e8433fbae734de03637583,2026-05-27,SH601633,0.04975259304046631,,,
EXP_LinearModel_Alpha158_csi300_sliding_step40_s_20260111_11,91c306e388e8433fbae734de03637583,2026-05-27,SH601658,-0.05331552401185036,,,
EXP_LinearModel_Alpha158_csi300_sliding_step40_s_20260111_11,91c306e388e8433fbae734de03637583,2026-05-27,SH601668,0.002671178663149476,,,
EXP_LinearModel_Alpha158_csi300_sliding_step40_s_20260111_11,91c306e388e8433fbae734de03637583,2026-05-27,SH601669,0.017991727218031883,,,
EXP_LinearModel_Alpha158_csi300_sliding_step40_s_20260111_11,91c306e388e8433fbae734de03637583,2026-05-27,SH601688,-0.009100674651563168,,,
EXP_LinearModel_Alpha158_csi300_sliding_step40_s_20260111_11,91c306e388e8433fbae734de03637583,2026-05-27,SH601689,0.05724050849676132,,,
EXP_LinearModel_Alpha158_csi300_sliding_step40_s_20260111_11,91c306e388e8433fbae734de03637583,2026-05-27,SH601728,-0.040153659880161285,,,
EXP_LinearModel_Alpha158_csi300_sliding_step40_s_20260111_11,91c306e388e8433fbae734de03637583,2026-05-27,SH601901,0.017949501052498817,,,
EXP_LinearModel_Alpha158_csi300_sliding_step40_s_20260111_11,91c306e388e8433fbae734de03637583,2026-05-27,SH600919,-0.018878379836678505,,,
EXP_LinearModel_Alpha158_csi300_sliding_step40_s_20260111_11,91c306e388e8433fbae734de03637583,2026-05-27,SH600905,0.012002022936940193,,,
EXP_LinearModel_Alpha158_csi300_sliding_step40_s_20260111_11,91c306e388e8433fbae734de03637583,2026-05-27,SH600066,-0.03722178563475609,,,
EXP_LinearModel_Alpha158_csi300_sliding_step40_s_20260111_11,91c306e388e8433fbae734de03637583,2026-05-27,SH600085,-0.07372427731752396,,,
EXP_LinearModel_Alpha158_csi300_sliding_step40_s_20260111_11,91c306e388e8433fbae734de03637583,2026-05-27,SH600089,-0.0414302833378315,,,
EXP_LinearModel_Alpha158_csi300_sliding_step40_s_20260111_11,91c306e388e8433fbae734de03637583,2026-05-27,SH600104,0.07725131511688232,,,
EXP_LinearModel_Alpha158_csi300_sliding_step40_s_20260111_11,91c306e388e8433fbae734de03637583,2026-05-27,SH600111,0.05937044695019722,,,
EXP_LinearModel_Alpha158_csi300_sliding_step40_s_20260111_11,91c306e388e8433fbae734de03637583,2026-05-27,SH600115,-0.00809171050786972,,,
EXP_LinearModel_Alpha158_csi300_sliding_step40_s_20260111_11,91c306e388e8433fbae734de03637583,2026-05-27,SH600061,-0.05284348502755165,,,
EXP_LinearModel_Alpha158_csi300_sliding_step40_s_20260111_11,91c306e388e8433fbae734de03637583,2026-05-27,SH600150,0.03752972558140755,,,
EXP_LinearModel_Alpha158_csi300_sliding_step40_s_20260111_11,91c306e388e8433fbae734de03637583,2026-05-27,SH600161,-0.06418511271476746,,,
EXP_LinearModel_Alpha158_csi300_sliding_step40_s_20260111_11,91c306e388e8433fbae734de03637583,2026-05-27,SH600176,0.04527346417307854,,,
EXP_LinearModel_Alpha158_csi300_sliding_step40_s_20260111_11,91c306e388e8433fbae734de03637583,2026-05-27,SH600183,-0.0758313313126564,,,
EXP_LinearModel_Alpha158_csi300_sliding_step40_s_20260111_11,91c306e388e8433fbae734de03637583,2026-05-27,SH600188,-0.01388973742723465,,,
EXP_LinearModel_Alpha158_csi300_sliding_step40_s_20260111_11,91c306e388e8433fbae734de03637583,2026-05-27,SH600196,-0.07834715396165848,,,
EXP_LinearModel_Alpha158_csi300_sliding_step40_s_20260111_11,91c306e388e8433fbae734de03637583,2026-05-27,SH600219,0.011096397414803505,,,
EXP_LinearModel_Alpha158_csi300_sliding_step40_s_20260111_11,91c306e388e8433fbae734de03637583,2026-05-27,SH600160,-0.009434737265110016,,,
EXP_LinearModel_Alpha158_csi300_sliding_step40_s_20260111_11,91c306e388e8433fbae734de03637583,2026-05-27,SH600050,-0.05662905424833298,,,
EXP_LinearModel_Alpha158_csi300_sliding_step40_s_20260111_11,91c306e388e8433fbae734de03637583,2026-05-27,SH600048,-0.0013348257634788752,,,
EXP_LinearModel_Alpha158_csi300_sliding_step40_s_20260111_11,91c306e388e8433fbae734de03637583,2026-05-27,SH600039,-0.042376331984996796,,,
EXP_LinearModel_Alpha158_csi300_sliding_step40_s_20260111_11,91c306e388e8433fbae734de03637583,2026-05-27,SH600010,0.047426607459783554,,,
EXP_LinearModel_Alpha158_csi300_sliding_step40_s_20260111_11,91c306e388e8433fbae734de03637583,2026-05-27,SH600011,-0.01247267983853817,,,
EXP_LinearModel_Alpha158_csi300_sliding_step40_s_20260111_11,91c306e388e8433fbae734de03637583,2026-05-27,SH600015,0.013842479325830936,,,
EXP_LinearModel_Alpha158_csi300_sliding_step40_s_20260111_11,91c306e388e8433fbae734de03637583,2026-05-27,SH600016,0.09311865270137787,,,
EXP_LinearModel_Alpha158_csi300_sliding_step40_s_20260111_11,91c306e388e8433fbae734de03637583,2026-05-27,SH600018,0.021820249035954475,,,
EXP_LinearModel_Alpha158_csi300_sliding_step40_s_20260111_11,91c306e388e8433fbae734de03637583,2026-05-27,SH600019,-0.13949918746948242,,,
EXP_LinearModel_Alpha158_csi300_sliding_step40_s_20260111_11,91c306e388e8433fbae734de03637583,2026-05-27,SH600023,-0.013028697110712528,,,
EXP_LinearModel_Alpha158_csi300_sliding_step40_s_20260111_11,91c306e388e8433fbae734de03637583,2026-05-27,SH600025,-0.033276256173849106,,,
EXP_LinearModel_Alpha158_csi300_sliding_step40_s_20260111_11,91c306e388e8433fbae734de03637583,2026-05-27,SH600026,0.04931408166885376,,,
EXP_LinearModel_Alpha158_csi300_sliding_step40_s_20260111_11,91c306e388e8433fbae734de03637583,2026-05-27,SH600027,-0.0014993955846875906,,,
EXP_LinearModel_Alpha158_csi300_sliding_step40_s_20260111_11,91c306e388e8433fbae734de03637583,2026-05-27,SH600028,-0.03846881911158562,,,
EXP_LinearModel_Alpha158_csi300_sliding_step40_s_20260111_11,91c306e388e8433fbae734de03637583,2026-05-27,SH600029,0.008617374114692211,,,
EXP_LinearModel_Alpha158_csi300_sliding_step40_s_20260111_11,91c306e388e8433fbae734de03637583,2026-05-27,SH600030,-0.0034212423488497734,,,
EXP_LinearModel_Alpha158_csi300_sliding_step40_s_20260111_11,91c306e388e8433fbae734de03637583,2026-05-27,SH600031,-0.01849161460995674,,,
EXP_LinearModel_Alpha158_csi300_sliding_step40_s_20260111_11,91c306e388e8433fbae734de03637583,2026-05-27,SH600036,-0.11306208372116089,,,
EXP_LinearModel_Alpha158_csi300_sliding_step40_s_20260111_11,91c306e388e8433fbae734de03637583,2026-05-27,SH600233,-0.004385326988995075,,,
EXP_LinearModel_Alpha158_csi300_sliding_step40_s_20260111_11,91c306e388e8433fbae734de03637583,2026-05-27,SH600276,-0.09750311821699142,,,
EXP_LinearModel_Alpha158_csi300_sliding_step40_s_20260111_11,91c306e388e8433fbae734de03637583,2026-05-27,SH600309,0.04094616323709488,,,
EXP_LinearModel_Alpha158_csi300_sliding_step40_s_20260111_11,91c306e388e8433fbae734de03637583,2026-05-27,SH600346,0.07261393964290619,,,
EXP_LinearModel_Alpha158_csi300_sliding_step40_s_20260111_11,91c306e388e8433fbae734de03637583,2026-05-27,SH600600,-0.0685575008392334,,,
EXP_LinearModel_Alpha158_csi300_sliding_step40_s_20260111_11,91c306e388e8433fbae734de03637583,2026-05-27,SH600660,-0.07866612076759338,,,
EXP_LinearModel_Alpha158_csi300_sliding_step40_s_20260111_11,91c306e388e8433fbae734de03637583,2026-05-27,SH600674,-0.0932207778096199,,,
EXP_LinearModel_Alpha158_csi300_sliding_step40_s_20260111_11,91c306e388e8433fbae734de03637583,2026-05-27,SH600690,-0.07422225177288055,,,
EXP_LinearModel_Alpha158_csi300_sliding_step40_s_20260111_11,91c306e388e8433fbae734de03637583,2026-05-27,SH600741,0.02740313671529293,,,
EXP_LinearModel_Alpha158_csi300_sliding_step40_s_20260111_11,91c306e388e8433fbae734de03637583,2026-05-27,SH600760,0.05434944108128548,,,
EXP_LinearModel_Alpha158_csi300_sliding_step40_s_20260111_11,91c306e388e8433fbae734de03637583,2026-05-27,SH600795,-0.05539728328585625,,,
EXP_LinearModel_Alpha158_csi300_sliding_step40_s_20260111_11,91c306e388e8433fbae734de03637583,2026-05-27,SH600803,-0.05073411390185356,,,
EXP_LinearModel_Alpha158_csi300_sliding_step40_s_20260111_11,91c306e388e8433fbae734de03637583,2026-05-27,SH600809,-0.1006903350353241,,,
EXP_LinearModel_Alpha158_csi300_sliding_step40_s_20260111_11,91c306e388e8433fbae734de03637583,2026-05-27,SH600845,0.011748331598937511,,,
EXP_LinearModel_Alpha158_csi300_sliding_step40_s_20260111_11,91c306e388e8433fbae734de03637583,2026-05-27,SH600875,0.018773844465613365,,,
EXP_LinearModel_Alpha158_csi300_sliding_step40_s_20260111_11,91c306e388e8433fbae734de03637583,2026-05-27,SH600886,-0.015191195532679558,,,
EXP_LinearModel_Alpha158_csi300_sliding_step40_s_20260111_11,91c306e388e8433fbae734de03637583,2026-05-27,SH600887,-0.030359677970409393,,,
EXP_LinearModel_Alpha158_csi300_sliding_step40_s_20260111_11,91c306e388e8433fbae734de03637583,2026-05-27,SH600893,0.027286026626825333,,,
EXP_LinearModel_Alpha158_csi300_sliding_step40_s_20260111_11,91c306e388e8433fbae734de03637583,2026-05-27,SH600900,0.01060452964156866,,,
EXP_LinearModel_Alpha158_csi300_sliding_step40_s_20260111_11,91c306e388e8433fbae734de03637583,2026-05-27,SH600588,0.08629990369081497,,,
EXP_LinearModel_Alpha158_csi300_sliding_step40_s_20260111_11,91c306e388e8433fbae734de03637583,2026-05-27,SH600918,-0.01758275181055069,,,
EXP_LinearModel_Alpha158_csi300_sliding_step40_s_20260111_11,91c306e388e8433fbae734de03637583,2026-05-27,SH600585,0.005662059877067804,,,
EXP_LinearModel_Alpha158_csi300_sliding_step40_s_20260111_11,91c306e388e8433fbae734de03637583,2026-05-27,SH600570,0.01953769475221634,,,
EXP_LinearModel_Alpha158_csi300_sliding_step40_s_20260111_11,91c306e388e8433fbae734de03637583,2026-05-27,SH600362,-0.03373511880636215,,,
EXP_LinearModel_Alpha158_csi300_sliding_step40_s_20260111_11,91c306e388e8433fbae734de03637583,2026-05-27,SH600372,0.07166680693626404,,,
EXP_LinearModel_Alpha158_csi300_sliding_step40_s_20260111_11,91c306e388e8433fbae734de03637583,2026-05-27,SH600377,-0.04519256204366684,,,
EXP_LinearModel_Alpha158_csi300_sliding_step40_s_20260111_11,91c306e388e8433fbae734de03637583,2026-05-27,SH600406,-0.08163921535015106,,,
EXP_LinearModel_Alpha158_csi300_sliding_step40_s_20260111_11,91c306e388e8433fbae734de03637583,2026-05-27,SH600415,-0.05175359547138214,,,
EXP_LinearModel_Alpha158_csi300_sliding_step40_s_20260111_11,91c306e388e8433fbae734de03637583,2026-05-27,SH600426,0.1123509556055069,,,
EXP_LinearModel_Alpha158_csi300_sliding_step40_s_20260111_11,91c306e388e8433fbae734de03637583,2026-05-27,SH600436,-0.08758176118135452,,,
EXP_LinearModel_Alpha158_csi300_sliding_step40_s_20260111_11,91c306e388e8433fbae734de03637583,2026-05-27,SH600438,,,,
EXP_LinearModel_Alpha158_csi300_sliding_step40_s_20260111_11,91c306e388e8433fbae734de03637583,2026-05-27,SH600460,-0.06662822514772415,,,
EXP_LinearModel_Alpha158_csi300_sliding_step40_s_20260111_11,91c306e388e8433fbae734de03637583,2026-05-27,SH600482,0.014640460722148418,,,
EXP_LinearModel_Alpha158_csi300_sliding_step40_s_20260111_11,91c306e388e8433fbae734de03637583,2026-05-27,SH600489,0.016432803124189377,,,
EXP_LinearModel_Alpha158_csi300_sliding_step40_s_20260111_11,91c306e388e8433fbae734de03637583,2026-05-27,SH600515,0.04485486075282097,,,
EXP_LinearModel_Alpha158_csi300_sliding_step40_s_20260111_11,91c306e388e8433fbae734de03637583,2026-05-27,SH600519,-0.05879012867808342,,,
EXP_LinearModel_Alpha158_csi300_sliding_step40_s_20260111_11,91c306e388e8433fbae734de03637583,2026-05-27,SH600522,0.11734677106142044,,,
EXP_LinearModel_Alpha158_csi300_sliding_step40_s_20260111_11,91c306e388e8433fbae734de03637583,2026-05-27,SH600547,0.0402253158390522,,,
EXP_LinearModel_Alpha158_csi300_sliding_step40_s_20260111_11,91c306e388e8433fbae734de03637583,2026-05-27,SH600584,-0.09210129082202911,,,
EXP_LinearModel_Alpha158_csi300_sliding_step40_s_20260111_11,91c306e388e8433fbae734de03637583,2026-05-27,SH600009,-0.07989346981048584,,,
EXP_LinearModel_Alpha158_csi300_sliding_step40_s_20260111_11,91c306e388e8433fbae734de03637583,2026-05-27,SH601916,-0.007556282449513674,,,
EXP_LinearModel_Alpha158_csi300_sliding_step40_s_20260111_11,91c306e388e8433fbae734de03637583,2026-05-27,SH601939,-0.05244157090783119,,,
EXP_LinearModel_Alpha158_csi300_sliding_step40_s_20260111_11,91c306e388e8433fbae734de03637583,2026-05-27,SZ002422,-0.0403934121131897,,,
EXP_LinearModel_Alpha158_csi300_sliding_step40_s_20260111_11,91c306e388e8433fbae734de03637583,2026-05-27,SZ002459,0.059117209166288376,,,
EXP_LinearModel_Alpha158_csi300_sliding_step40_s_20260111_11,91c306e388e8433fbae734de03637583,2026-05-27,SZ002460,0.10771986842155457,,,
EXP_LinearModel_Alpha158_csi300_sliding_step40_s_20260111_11,91c306e388e8433fbae734de03637583,2026-05-27,SZ002463,-0.0013067651307210326,,,
EXP_LinearModel_Alpha158_csi300_sliding_step40_s_20260111_11,91c306e388e8433fbae734de03637583,2026-05-27,SZ002466,0.1256641000509262,,,
EXP_LinearModel_Alpha158_csi300_sliding_step40_s_20260111_11,91c306e388e8433fbae734de03637583,2026-05-27,SZ002475,0.04662575200200081,,,
EXP_LinearModel_Alpha158_csi300_sliding_step40_s_20260111_11,91c306e388e8433fbae734de03637583,2026-05-27,SZ002415,0.023853866383433342,,,
EXP_LinearModel_Alpha158_csi300_sliding_step40_s_20260111_11,91c306e388e8433fbae734de03637583,2026-05-27,SZ002493,0.021976390853524208,,,
EXP_LinearModel_Alpha158_csi300_sliding_step40_s_20260111_11,91c306e388e8433fbae734de03637583,2026-05-27,SZ002600,0.03211290016770363,,,
EXP_LinearModel_Alpha158_csi300_sliding_step40_s_20260111_11,91c306e388e8433fbae734de03637583,2026-05-27,SZ002601,0.10361244529485703,,,
EXP_LinearModel_Alpha158_csi300_sliding_step40_s_20260111_11,91c306e388e8433fbae734de03637583,2026-05-27,SZ002625,-0.008318768814206123,,,
EXP_LinearModel_Alpha158_csi300_sliding_step40_s_20260111_11,91c306e388e8433fbae734de03637583,2026-05-27,SZ002648,0.03428170457482338,,,
EXP_LinearModel_Alpha158_csi300_sliding_step40_s_20260111_11,91c306e388e8433fbae734de03637583,2026-05-27,SZ002709,0.1251085102558136,,,
EXP_LinearModel_Alpha158_csi300_sliding_step40_s_20260111_11,91c306e388e8433fbae734de03637583,2026-05-27,SZ002714,0.022434279322624207,,,
EXP_LinearModel_Alpha158_csi300_sliding_step40_s_20260111_11,91c306e388e8433fbae734de03637583,2026-05-27,SZ002594,-0.029318373650312424,,,
EXP_LinearModel_Alpha158_csi300_sliding_step40_s_20260111_11,91c306e388e8433fbae734de03637583,2026-05-27,SZ002384,0.06783614307641983,,,
EXP_LinearModel_Alpha158_csi300_sliding_step40_s_20260111_11,91c306e388e8433fbae734de03637583,2026-05-27,SZ002371,0.034525349736213684,,,
EXP_LinearModel_Alpha158_csi300_sliding_step40_s_20260111_11,91c306e388e8433fbae734de03637583,2026-05-27,SZ002352,-0.03126455843448639,,,
EXP_LinearModel_Alpha158_csi300_sliding_step40_s_20260111_11,91c306e388e8433fbae734de03637583,2026-05-27,SZ001979,0.03343389928340912,,,
EXP_LinearModel_Alpha158_csi300_sliding_step40_s_20260111_11,91c306e388e8433fbae734de03637583,2026-05-27,SZ002001,-0.014018629677593708,,,
EXP_LinearModel_Alpha158_csi300_sliding_step40_s_20260111_11,91c306e388e8433fbae734de03637583,2026-05-27,SZ002027,0.007068690378218889,,,
EXP_LinearModel_Alpha158_csi300_sliding_step40_s_20260111_11,91c306e388e8433fbae734de03637583,2026-05-27,SZ002028,0.0698748230934143,,,
EXP_LinearModel_Alpha158_csi300_sliding_step40_s_20260111_11,91c306e388e8433fbae734de03637583,2026-05-27,SZ002049,-0.012230119667947292,,,
EXP_LinearModel_Alpha158_csi300_sliding_step40_s_20260111_11,91c306e388e8433fbae734de03637583,2026-05-27,SZ002050,0.03484319522976875,,,
EXP_LinearModel_Alpha158_csi300_sliding_step40_s_20260111_11,91c306e388e8433fbae734de03637583,2026-05-27,SZ002074,0.061656467616558075,,,
EXP_LinearModel_Alpha158_csi300_sliding_step40_s_20260111_11,91c306e388e8433fbae734de03637583,2026-05-27,SZ002142,-0.0073702638037502766,,,
EXP_LinearModel_Alpha158_csi300_sliding_step40_s_20260111_11,91c306e388e8433fbae734de03637583,2026-05-27,SZ002179,0.06418155878782272,,,
EXP_LinearModel_Alpha158_csi300_sliding_step40_s_20260111_11,91c306e388e8433fbae734de03637583,2026-05-27,SZ002230,-0.013580654747784138,,,
EXP_LinearModel_Alpha158_csi300_sliding_step40_s_20260111_11,91c306e388e8433fbae734de03637583,2026-05-27,SZ002236,0.03987126052379608,,,
EXP_LinearModel_Alpha158_csi300_sliding_step40_s_20260111_11,91c306e388e8433fbae734de03637583,2026-05-27,SZ002241,-0.04185476526618004,,,
EXP_LinearModel_Alpha158_csi300_sliding_step40_s_20260111_11,91c306e388e8433fbae734de03637583,2026-05-27,SZ002252,-0.030756313353776932,,,
EXP_LinearModel_Alpha158_csi300_sliding_step40_s_20260111_11,91c306e388e8433fbae734de03637583,2026-05-27,SZ002304,-0.10300522297620773,,,
EXP_LinearModel_Alpha158_csi300_sliding_step40_s_20260111_11,91c306e388e8433fbae734de03637583,2026-05-27,SZ002311,-0.0569872185587883,,,
EXP_LinearModel_Alpha158_csi300_sliding_step40_s_20260111_11,91c306e388e8433fbae734de03637583,2026-05-27,SZ002736,0.01419980451464653,,,
EXP_LinearModel_Alpha158_csi300_sliding_step40_s_20260111_11,91c306e388e8433fbae734de03637583,2026-05-27,SZ002916,-0.04643533378839493,,,
EXP_LinearModel_Alpha158_csi300_sliding_step40_s_20260111_11,91c306e388e8433fbae734de03637583,2026-05-27,SZ002920,0.0019400849705561996,,,
EXP_LinearModel_Alpha158_csi300_sliding_step40_s_20260111_11,91c306e388e8433fbae734de03637583,2026-05-27,SZ002938,0.033612318336963654,,,
EXP_LinearModel_Alpha158_csi300_sliding_step40_s_20260111_11,91c306e388e8433fbae734de03637583,2026-05-27,SZ300498,0.09513918310403824,,,
EXP_LinearModel_Alpha158_csi300_sliding_step40_s_20260111_11,91c306e388e8433fbae734de03637583,2026-05-27,SZ300502,0.020976688712835312,,,
EXP_LinearModel_Alpha158_csi300_sliding_step40_s_20260111_11,91c306e388e8433fbae734de03637583,2026-05-27,SZ300628,0.10753332823514938,,,
EXP_LinearModel_Alpha158_csi300_sliding_step40_s_20260111_11,91c306e388e8433fbae734de03637583,2026-05-27,SZ300661,-0.0337873250246048,,,
EXP_LinearModel_Alpha158_csi300_sliding_step40_s_20260111_11,91c306e388e8433fbae734de03637583,2026-05-27,SZ300750,-0.019091354683041573,,,
EXP_LinearModel_Alpha158_csi300_sliding_step40_s_20260111_11,91c306e388e8433fbae734de03637583,2026-05-27,SZ300759,0.005243948195129633,,,
EXP_LinearModel_Alpha158_csi300_sliding_step40_s_20260111_11,91c306e388e8433fbae734de03637583,2026-05-27,SZ300760,-0.07567066699266434,,,
EXP_LinearModel_Alpha158_csi300_sliding_step40_s_20260111_11,91c306e388e8433fbae734de03637583,2026-05-27,SZ300782,0.056774601340293884,,,
EXP_LinearModel_Alpha158_csi300_sliding_step40_s_20260111_11,91c306e388e8433fbae734de03637583,2026-05-27,SZ300803,-0.02259277179837227,,,
EXP_LinearModel_Alpha158_csi300_sliding_step40_s_20260111_11,91c306e388e8433fbae734de03637583,2026-05-27,SZ300832,-0.01658683829009533,,,
EXP_LinearModel_Alpha158_csi300_sliding_step40_s_20260111_11,91c306e388e8433fbae734de03637583,2026-05-27,SZ300866,0.02427399531006813,,,
EXP_LinearModel_Alpha158_csi300_sliding_step40_s_20260111_11,91c306e388e8433fbae734de03637583,2026-05-27,SZ300896,-0.02429572492837906,,,
EXP_LinearModel_Alpha158_csi300_sliding_step40_s_20260111_11,91c306e388e8433fbae734de03637583,2026-05-27,SZ300979,-0.03823719546198845,,,
EXP_LinearModel_Alpha158_csi300_sliding_step40_s_20260111_11,91c306e388e8433fbae734de03637583,2026-05-27,SZ300999,-0.07983823865652084,,,
EXP_LinearModel_Alpha158_csi300_sliding_step40_s_20260111_11,91c306e388e8433fbae734de03637583,2026-05-27,SZ301236,0.06199423596262932,,,
EXP_LinearModel_Alpha158_csi300_sliding_step40_s_20260111_11,91c306e388e8433fbae734de03637583,2026-05-27,SZ300476,0.041295766830444336,,,
EXP_LinearModel_Alpha158_csi300_sliding_step40_s_20260111_11,91c306e388e8433fbae734de03637583,2026-05-27,SZ001965,-0.06997895240783691,,,
EXP_LinearModel_Alpha158_csi300_sliding_step40_s_20260111_11,91c306e388e8433fbae734de03637583,2026-05-27,SZ300442,0.02496553771197796,,,
EXP_LinearModel_Alpha158_csi300_sliding_step40_s_20260111_11,91c306e388e8433fbae734de03637583,2026-05-27,SZ300418,0.0345953032374382,,,
EXP_LinearModel_Alpha158_csi300_sliding_step40_s_20260111_11,91c306e388e8433fbae734de03637583,2026-05-27,SZ003816,0.08950052410364151,,,
EXP_LinearModel_Alpha158_csi300_sliding_step40_s_20260111_11,91c306e388e8433fbae734de03637583,2026-05-27,SZ300014,0.0319928377866745,,,
EXP_LinearModel_Alpha158_csi300_sliding_step40_s_20260111_11,91c306e388e8433fbae734de03637583,2026-05-27,SZ300015,0.003490214701741934,,,
EXP_LinearModel_Alpha158_csi300_sliding_step40_s_20260111_11,91c306e388e8433fbae734de03637583,2026-05-27,SZ300033,0.05726294219493866,,,
EXP_LinearModel_Alpha158_csi300_sliding_step40_s_20260111_11,91c306e388e8433fbae734de03637583,2026-05-27,SZ300059,-0.015085216611623764,,,
EXP_LinearModel_Alpha158_csi300_sliding_step40_s_20260111_11,91c306e388e8433fbae734de03637583,2026-05-27,SZ300122,-0.13595519959926605,,,
EXP_LinearModel_Alpha158_csi300_sliding_step40_s_20260111_11,91c306e388e8433fbae734de03637583,2026-05-27,SZ300124,0.03461594879627228,,,
EXP_LinearModel_Alpha158_csi300_sliding_step40_s_20260111_11,91c306e388e8433fbae734de03637583,2026-05-27,SZ300251,-0.014119699597358704,,,
EXP_LinearModel_Alpha158_csi300_sliding_step40_s_20260111_11,91c306e388e8433fbae734de03637583,2026-05-27,SZ300274,-0.045087363570928574,,,
EXP_LinearModel_Alpha158_csi300_sliding_step40_s_20260111_11,91c306e388e8433fbae734de03637583,2026-05-27,SZ300308,0.03756818547844887,,,
EXP_LinearModel_Alpha158_csi300_sliding_step40_s_20260111_11,91c306e388e8433fbae734de03637583,2026-05-27,SZ300316,0.07914432883262634,,,
EXP_LinearModel_Alpha158_csi300_sliding_step40_s_20260111_11,91c306e388e8433fbae734de03637583,2026-05-27,SZ300347,0.0718541145324707,,,
EXP_LinearModel_Alpha158_csi300_sliding_step40_s_20260111_11,91c306e388e8433fbae734de03637583,2026-05-27,SZ300394,0.04743396118283272,,,
EXP_LinearModel_Alpha158_csi300_sliding_step40_s_20260111_11,91c306e388e8433fbae734de03637583,2026-05-27,SZ300408,-0.10260304063558578,,,
EXP_LinearModel_Alpha158_csi300_sliding_step40_s_20260111_11,91c306e388e8433fbae734de03637583,2026-05-27,SZ300413,0.037960734218358994,,,
EXP_LinearModel_Alpha158_csi300_sliding_step40_s_20260111_11,91c306e388e8433fbae734de03637583,2026-05-27,SZ300433,-0.049805887043476105,,,
EXP_LinearModel_Alpha158_csi300_sliding_step40_s_20260111_11,91c306e388e8433fbae734de03637583,2026-05-27,SH601919,0.003951069433242083,,,
EXP_LinearModel_Alpha158_csi300_sliding_step40_s_20260111_11,91c306e388e8433fbae734de03637583,2026-05-27,SZ001391,-0.149113267660141,,,
EXP_LinearModel_Alpha158_csi300_sliding_step40_s_20260111_11,91c306e388e8433fbae734de03637583,2026-05-27,SZ000983,-0.03821050375699997,,,
EXP_LinearModel_Alpha158_csi300_sliding_step40_s_20260111_11,91c306e388e8433fbae734de03637583,2026-05-27,SH688008,0.044507380574941635,,,
EXP_LinearModel_Alpha158_csi300_sliding_step40_s_20260111_11,91c306e388e8433fbae734de03637583,2026-05-27,SH688009,0.0621793232858181,,,
EXP_LinearModel_Alpha158_csi300_sliding_step40_s_20260111_11,91c306e388e8433fbae734de03637583,2026-05-27,SH688012,0.0464811734855175,,,
EXP_LinearModel_Alpha158_csi300_sliding_step40_s_20260111_11,91c306e388e8433fbae734de03637583,2026-05-27,SH688036,0.062186114490032196,,,
EXP_LinearModel_Alpha158_csi300_sliding_step40_s_20260111_11,91c306e388e8433fbae734de03637583,2026-05-27,SH688041,0.0673908069729805,,,
EXP_LinearModel_Alpha158_csi300_sliding_step40_s_20260111_11,91c306e388e8433fbae734de03637583,2026-05-27,SH688047,0.0725836306810379,,,
EXP_LinearModel_Alpha158_csi300_sliding_step40_s_20260111_11,91c306e388e8433fbae734de03637583,2026-05-27,SH605499,0.03053632192313671,,,
EXP_LinearModel_Alpha158_csi300_sliding_step40_s_20260111_11,91c306e388e8433fbae734de03637583,2026-05-27,SH688082,0.009401625953614712,,,
EXP_LinearModel_Alpha158_csi300_sliding_step40_s_20260111_11,91c306e388e8433fbae734de03637583,2026-05-27,SH688126,-0.009425885044038296,,,
EXP_LinearModel_Alpha158_csi300_sliding_step40_s_20260111_11,91c306e388e8433fbae734de03637583,2026-05-27,SH688169,-0.010959172621369362,,,
EXP_LinearModel_Alpha158_csi300_sliding_step40_s_20260111_11,91c306e388e8433fbae734de03637583,2026-05-27,SH688187,0.013360423035919666,,,
EXP_LinearModel_Alpha158_csi300_sliding_step40_s_20260111_11,91c306e388e8433fbae734de03637583,2026-05-27,SH688223,-0.026626214385032654,,,
EXP_LinearModel_Alpha158_csi300_sliding_step40_s_20260111_11,91c306e388e8433fbae734de03637583,2026-05-27,SH688256,0.0326729491353035,,,
EXP_LinearModel_Alpha158_csi300_sliding_step40_s_20260111_11,91c306e388e8433fbae734de03637583,2026-05-27,SH688271,-0.009731816127896309,,,
EXP_LinearModel_Alpha158_csi300_sliding_step40_s_20260111_11,91c306e388e8433fbae734de03637583,2026-05-27,SH688111,0.04048527404665947,,,
EXP_LinearModel_Alpha158_csi300_sliding_step40_s_20260111_11,91c306e388e8433fbae734de03637583,2026-05-27,SH605117,0.033330950886011124,,,
EXP_LinearModel_Alpha158_csi300_sliding_step40_s_20260111_11,91c306e388e8433fbae734de03637583,2026-05-27,SH603993,0.044849857687950134,,,
EXP_LinearModel_Alpha158_csi300_sliding_step40_s_20260111_11,91c306e388e8433fbae734de03637583,2026-05-27,SH603986,-0.04099736735224724,,,
EXP_LinearModel_Alpha158_csi300_sliding_step40_s_20260111_11,91c306e388e8433fbae734de03637583,2026-05-27,SH601985,0.03318360447883606,,,
EXP_LinearModel_Alpha158_csi300_sliding_step40_s_20260111_11,91c306e388e8433fbae734de03637583,2026-05-27,SH601988,0.020680667832493782,,,
EXP_LinearModel_Alpha158_csi300_sliding_step40_s_20260111_11,91c306e388e8433fbae734de03637583,2026-05-27,SH601995,-0.017373299226164818,,,
EXP_LinearModel_Alpha158_csi300_sliding_step40_s_20260111_11,91c306e388e8433fbae734de03637583,2026-05-27,SH601998,-0.05756240710616112,,,
EXP_LinearModel_Alpha158_csi300_sliding_step40_s_20260111_11,91c306e388e8433fbae734de03637583,2026-05-27,SH603019,0.07086648792028427,,,
EXP_LinearModel_Alpha158_csi300_sliding_step40_s_20260111_11,91c306e388e8433fbae734de03637583,2026-05-27,SH603195,0.024819334968924522,,,
EXP_LinearModel_Alpha158_csi300_sliding_step40_s_20260111_11,91c306e388e8433fbae734de03637583,2026-05-27,SH603259,0.034786686301231384,,,
EXP_LinearModel_Alpha158_csi300_sliding_step40_s_20260111_11,91c306e388e8433fbae734de03637583,2026-05-27,SH603260,0.003065139288082719,,,
EXP_LinearModel_Alpha158_csi300_sliding_step40_s_20260111_11,91c306e388e8433fbae734de03637583,2026-05-27,SH603288,-0.12524054944515228,,,
EXP_LinearModel_Alpha158_csi300_sliding_step40_s_20260111_11,91c306e388e8433fbae734de03637583,2026-05-27,SH603296,0.06907303631305695,,,
EXP_LinearModel_Alpha158_csi300_sliding_step40_s_20260111_11,91c306e388e8433fbae734de03637583,2026-05-27,SH603369,-0.029294276610016823,,,
EXP_LinearModel_Alpha158_csi300_sliding_step40_s_20260111_11,91c306e388e8433fbae734de03637583,2026-05-27,SH603392,-0.04090556502342224,,,
EXP_LinearModel_Alpha158_csi300_sliding_step40_s_20260111_11,91c306e388e8433fbae734de03637583,2026-05-27,SH603501,-0.015499621629714966,,,
EXP_LinearModel_Alpha158_csi300_sliding_step40_s_20260111_11,91c306e388e8433fbae734de03637583,2026-05-27,SH603799,0.009698727168142796,,,
EXP_LinearModel_Alpha158_csi300_sliding_step40_s_20260111_11,91c306e388e8433fbae734de03637583,2026-05-27,SH603893,-0.035840027034282684,,,
EXP_LinearModel_Alpha158_csi300_sliding_step40_s_20260111_11,91c306e388e8433fbae734de03637583,2026-05-27,SH688303,0.03647841885685921,,,
EXP_LinearModel_Alpha158_csi300_sliding_step40_s_20260111_11,91c306e388e8433fbae734de03637583,2026-05-27,SH688396,0.05405053496360779,,,
EXP_LinearModel_Alpha158_csi300_sliding_step40_s_20260111_11,91c306e388e8433fbae734de03637583,2026-05-27,SH688472,0.00117425003554672,,,
EXP_LinearModel_Alpha158_csi300_sliding_step40_s_20260111_11,91c306e388e8433fbae734de03637583,2026-05-27,SH688506,-0.006897395942360163,,,
EXP_LinearModel_Alpha158_csi300_sliding_step40_s_20260111_11,91c306e388e8433fbae734de03637583,2026-05-27,SZ000661,-0.047779012471437454,,,
EXP_LinearModel_Alpha158_csi300_sliding_step40_s_20260111_11,91c306e388e8433fbae734de03637583,2026-05-27,SZ000708,0.0018886085599660873,,,
EXP_LinearModel_Alpha158_csi300_sliding_step40_s_20260111_11,91c306e388e8433fbae734de03637583,2026-05-27,SZ000725,-0.13015976548194885,,,
EXP_LinearModel_Alpha158_csi300_sliding_step40_s_20260111_11,91c306e388e8433fbae734de03637583,2026-05-27,SZ000768,-0.0097617506980896,,,
EXP_LinearModel_Alpha158_csi300_sliding_step40_s_20260111_11,91c306e388e8433fbae734de03637583,2026-05-27,SZ000776,-0.0810108631849289,,,
EXP_LinearModel_Alpha158_csi300_sliding_step40_s_20260111_11,91c306e388e8433fbae734de03637583,2026-05-27,SZ000786,0.03904178366065025,,,
EXP_LinearModel_Alpha158_csi300_sliding_step40_s_20260111_11,91c306e388e8433fbae734de03637583,2026-05-27,SZ000792,0.048903368413448334,,,
EXP_LinearModel_Alpha158_csi300_sliding_step40_s_20260111_11,91c306e388e8433fbae734de03637583,2026-05-27,SZ000807,0.03588104248046875,,,
EXP_LinearModel_Alpha158_csi300_sliding_step40_s_20260111_11,91c306e388e8433fbae734de03637583,2026-05-27,SZ000858,-0.03611830249428749,,,
EXP_LinearModel_Alpha158_csi300_sliding_step40_s_20260111_11,91c306e388e8433fbae734de03637583,2026-05-27,SZ000876,-0.09546975791454315,,,
EXP_LinearModel_Alpha158_csi300_sliding_step40_s_20260111_11,91c306e388e8433fbae734de03637583,2026-05-27,SZ000895,0.04546259716153145,,,
EXP_LinearModel_Alpha158_csi300_sliding_step40_s_20260111_11,91c306e388e8433fbae734de03637583,2026-05-27,SZ000938,0.09289652854204178,,,
EXP_LinearModel_Alpha158_csi300_sliding_step40_s_20260111_11,91c306e388e8433fbae734de03637583,2026-05-27,SZ000963,0.027914054691791534,,,
EXP_LinearModel_Alpha158_csi300_sliding_step40_s_20260111_11,91c306e388e8433fbae734de03637583,2026-05-27,SZ000975,0.03852119669318199,,,
EXP_LinearModel_Alpha158_csi300_sliding_step40_s_20260111_11,91c306e388e8433fbae734de03637583,2026-05-27,SZ000977,0.13721135258674622,,,
EXP_LinearModel_Alpha158_csi300_sliding_step40_s_20260111_11,91c306e388e8433fbae734de03637583,2026-05-27,SZ000651,-0.07608967274427414,,,
EXP_LinearModel_Alpha158_csi300_sliding_step40_s_20260111_11,91c306e388e8433fbae734de03637583,2026-05-27,SZ000999,-0.057671863585710526,,,
EXP_LinearModel_Alpha158_csi300_sliding_step40_s_20260111_11,91c306e388e8433fbae734de03637583,2026-05-27,SZ000630,0.03269840404391289,,,
EXP_LinearModel_Alpha158_csi300_sliding_step40_s_20260111_11,91c306e388e8433fbae734de03637583,2026-05-27,SZ000617,0.11366730183362961,,,
EXP_LinearModel_Alpha158_csi300_sliding_step40_s_20260111_11,91c306e388e8433fbae734de03637583,2026-05-27,SH688981,-0.012931903824210167,,,
EXP_LinearModel_Alpha158_csi300_sliding_step40_s_20260111_11,91c306e388e8433fbae734de03637583,2026-05-27,SZ000001,-0.12119513005018234,,,
EXP_LinearModel_Alpha158_csi300_sliding_step40_s_20260111_11,91c306e388e8433fbae734de03637583,2026-05-27,SZ000002,0.013623037375509739,,,
EXP_LinearModel_Alpha158_csi300_sliding_step40_s_20260111_11,91c306e388e8433fbae734de03637583,2026-05-27,SZ000063,0.09402560442686081,,,
EXP_LinearModel_Alpha158_csi300_sliding_step40_s_20260111_11,91c306e388e8433fbae734de03637583,2026-05-27,SZ000100,-0.05548925697803497,,,
EXP_LinearModel_Alpha158_csi300_sliding_step40_s_20260111_11,91c306e388e8433fbae734de03637583,2026-05-27,SZ000157,0.019641680642962456,,,
EXP_LinearModel_Alpha158_csi300_sliding_step40_s_20260111_11,91c306e388e8433fbae734de03637583,2026-05-27,SZ000166,-0.029436802491545677,,,
EXP_LinearModel_Alpha158_csi300_sliding_step40_s_20260111_11,91c306e388e8433fbae734de03637583,2026-05-27,SZ000301,0.02076406031847,,,
EXP_LinearModel_Alpha158_csi300_sliding_step40_s_20260111_11,91c306e388e8433fbae734de03637583,2026-05-27,SZ000333,-0.006975321099162102,,,
EXP_LinearModel_Alpha158_csi300_sliding_step40_s_20260111_11,91c306e388e8433fbae734de03637583,2026-05-27,SZ000338,0.11284035444259644,,,
EXP_LinearModel_Alpha158_csi300_sliding_step40_s_20260111_11,91c306e388e8433fbae734de03637583,2026-05-27,SZ000408,0.017159905284643173,,,
EXP_LinearModel_Alpha158_csi300_sliding_step40_s_20260111_11,91c306e388e8433fbae734de03637583,2026-05-27,SZ000425,0.004326591268181801,,,
EXP_LinearModel_Alpha158_csi300_sliding_step40_s_20260111_11,91c306e388e8433fbae734de03637583,2026-05-27,SZ000538,-0.06988082081079483,,,
EXP_LinearModel_Alpha158_csi300_sliding_step40_s_20260111_11,91c306e388e8433fbae734de03637583,2026-05-27,SZ000568,-0.056403420865535736,,,
EXP_LinearModel_Alpha158_csi300_sliding_step40_s_20260111_11,91c306e388e8433fbae734de03637583,2026-05-27,SZ000596,-0.06092986464500427,,,
EXP_LinearModel_Alpha158_csi300_sliding_step40_s_20260111_11,91c306e388e8433fbae734de03637583,2026-05-27,SZ000625,0.06803925335407257,,,
EXP_LinearModel_Alpha158_csi300_sliding_step40_s_20260111_11,91c306e388e8433fbae734de03637583,2026-05-27,SZ301269,-0.07448435574769974,,,
EXP_LinearModel_Alpha158_csi300_sliding_step40_s_20260111_11,91c306e388e8433fbae734de03637583,2026-05-27,SH600000,-0.03313833475112915,,,
EXP_LinearModel_Alpha158_csi300_expanding_step40_s_20260111_12,ab464936a4bd47ddb5b42e4aa3319072,2026-05-27,SZ301269,-0.04190557077527046,,,
EXP_LinearModel_Alpha158_csi300_expanding_step40_s_20260111_12,ab464936a4bd47ddb5b42e4aa3319072,2026-05-27,SH601127,-0.0012295584892854095,,,
EXP_LinearModel_Alpha158_csi300_expanding_step40_s_20260111_12,ab464936a4bd47ddb5b42e4aa3319072,2026-05-27,SH601136,-0.01172485202550888,,,
EXP_LinearModel_Alpha158_csi300_expanding_step40_s_20260111_12,ab464936a4bd47ddb5b42e4aa3319072,2026-05-27,SH601138,-0.0036278406623750925,,,
EXP_LinearModel_Alpha158_csi300_expanding_step40_s_20260111_12,ab464936a4bd47ddb5b42e4aa3319072,2026-05-27,SH601166,-0.01095939613878727,,,
EXP_LinearModel_Alpha158_csi300_expanding_step40_s_20260111_12,ab464936a4bd47ddb5b42e4aa3319072,2026-05-27,SH601169,-0.008275145664811134,,,
EXP_LinearModel_Alpha158_csi300_expanding_step40_s_20260111_12,ab464936a4bd47ddb5b42e4aa3319072,2026-05-27,SH601186,0.045267555862665176,,,
EXP_LinearModel_Alpha158_csi300_expanding_step40_s_20260111_12,ab464936a4bd47ddb5b42e4aa3319072,2026-05-27,SH601117,-0.0005001354729756713,,,
EXP_LinearModel_Alpha158_csi300_expanding_step40_s_20260111_12,ab464936a4bd47ddb5b42e4aa3319072,2026-05-27,SH601211,0.009455968625843525,,,
EXP_LinearModel_Alpha158_csi300_expanding_step40_s_20260111_12,ab464936a4bd47ddb5b42e4aa3319072,2026-05-27,SH601229,0.02255786769092083,,,
EXP_LinearModel_Alpha158_csi300_expanding_step40_s_20260111_12,ab464936a4bd47ddb5b42e4aa3319072,2026-05-27,SH601236,0.011688056401908398,,,
EXP_LinearModel_Alpha158_csi300_expanding_step40_s_20260111_12,ab464936a4bd47ddb5b42e4aa3319072,2026-05-27,SH601238,0.04093092307448387,,,
EXP_LinearModel_Alpha158_csi300_expanding_step40_s_20260111_12,ab464936a4bd47ddb5b42e4aa3319072,2026-05-27,SH601288,0.04474363848567009,,,
EXP_LinearModel_Alpha158_csi300_expanding_step40_s_20260111_12,ab464936a4bd47ddb5b42e4aa3319072,2026-05-27,SH601298,0.012806696817278862,,,
EXP_LinearModel_Alpha158_csi300_expanding_step40_s_20260111_12,ab464936a4bd47ddb5b42e4aa3319072,2026-05-27,SH601318,0.012167995795607567,,,
EXP_LinearModel_Alpha158_csi300_expanding_step40_s_20260111_12,ab464936a4bd47ddb5b42e4aa3319072,2026-05-27,SH601225,8.762565994402394e-05,,,
EXP_LinearModel_Alpha158_csi300_expanding_step40_s_20260111_12,ab464936a4bd47ddb5b42e4aa3319072,2026-05-27,SH601111,-0.0027514081448316574,,,
EXP_LinearModel_Alpha158_csi300_expanding_step40_s_20260111_12,ab464936a4bd47ddb5b42e4aa3319072,2026-05-27,SH601100,0.032513827085494995,,,
EXP_LinearModel_Alpha158_csi300_expanding_step40_s_20260111_12,ab464936a4bd47ddb5b42e4aa3319072,2026-05-27,SH601088,0.013606085442006588,,,
EXP_LinearModel_Alpha158_csi300_expanding_step40_s_20260111_12,ab464936a4bd47ddb5b42e4aa3319072,2026-05-27,SH600930,-0.06409402191638947,,,
EXP_LinearModel_Alpha158_csi300_expanding_step40_s_20260111_12,ab464936a4bd47ddb5b42e4aa3319072,2026-05-27,SH600938,0.025011688470840454,,,
EXP_LinearModel_Alpha158_csi300_expanding_step40_s_20260111_12,ab464936a4bd47ddb5b42e4aa3319072,2026-05-27,SH600941,-0.017265237867832184,,,
EXP_LinearModel_Alpha158_csi300_expanding_step40_s_20260111_12,ab464936a4bd47ddb5b42e4aa3319072,2026-05-27,SH600958,,,,
EXP_LinearModel_Alpha158_csi300_expanding_step40_s_20260111_12,ab464936a4bd47ddb5b42e4aa3319072,2026-05-27,SH600989,0.04275824502110481,,,
EXP_LinearModel_Alpha158_csi300_expanding_step40_s_20260111_12,ab464936a4bd47ddb5b42e4aa3319072,2026-05-27,SH600999,0.010735699906945229,,,
EXP_LinearModel_Alpha158_csi300_expanding_step40_s_20260111_12,ab464936a4bd47ddb5b42e4aa3319072,2026-05-27,SH601006,0.044013675302267075,,,
EXP_LinearModel_Alpha158_csi300_expanding_step40_s_20260111_12,ab464936a4bd47ddb5b42e4aa3319072,2026-05-27,SH601009,0.03341233730316162,,,
EXP_LinearModel_Alpha158_csi300_expanding_step40_s_20260111_12,ab464936a4bd47ddb5b42e4aa3319072,2026-05-27,SH601012,0.04851256683468819,,,
EXP_LinearModel_Alpha158_csi300_expanding_step40_s_20260111_12,ab464936a4bd47ddb5b42e4aa3319072,2026-05-27,SH601018,0.04560450464487076,,,
EXP_LinearModel_Alpha158_csi300_expanding_step40_s_20260111_12,ab464936a4bd47ddb5b42e4aa3319072,2026-05-27,SH601021,-0.01426393911242485,,,
EXP_LinearModel_Alpha158_csi300_expanding_step40_s_20260111_12,ab464936a4bd47ddb5b42e4aa3319072,2026-05-27,SH601058,-0.014119678176939487,,,
EXP_LinearModel_Alpha158_csi300_expanding_step40_s_20260111_12,ab464936a4bd47ddb5b42e4aa3319072,2026-05-27,SH601059,0.003705250332131982,,,
EXP_LinearModel_Alpha158_csi300_expanding_step40_s_20260111_12,ab464936a4bd47ddb5b42e4aa3319072,2026-05-27,SH601066,-0.0455603189766407,,,
EXP_LinearModel_Alpha158_csi300_expanding_step40_s_20260111_12,ab464936a4bd47ddb5b42e4aa3319072,2026-05-27,SH601077,0.08037848025560379,,,
EXP_LinearModel_Alpha158_csi300_expanding_step40_s_20260111_12,ab464936a4bd47ddb5b42e4aa3319072,2026-05-27,SH601319,0.029027512297034264,,,
EXP_LinearModel_Alpha158_csi300_expanding_step40_s_20260111_12,ab464936a4bd47ddb5b42e4aa3319072,2026-05-27,SH601328,0.04845423251390457,,,
EXP_LinearModel_Alpha158_csi300_expanding_step40_s_20260111_12,ab464936a4bd47ddb5b42e4aa3319072,2026-05-27,SH601336,-0.00900302454829216,,,
EXP_LinearModel_Alpha158_csi300_expanding_step40_s_20260111_12,ab464936a4bd47ddb5b42e4aa3319072,2026-05-27,SH601360,0.03305577486753464,,,
EXP_LinearModel_Alpha158_csi300_expanding_step40_s_20260111_12,ab464936a4bd47ddb5b42e4aa3319072,2026-05-27,SH601800,0.03535150736570358,,,
EXP_LinearModel_Alpha158_csi300_expanding_step40_s_20260111_12,ab464936a4bd47ddb5b42e4aa3319072,2026-05-27,SH601808,0.0027172204572707415,,,
EXP_LinearModel_Alpha158_csi300_expanding_step40_s_20260111_12,ab464936a4bd47ddb5b42e4aa3319072,2026-05-27,SH601816,-0.05759860947728157,,,
EXP_LinearModel_Alpha158_csi300_expanding_step40_s_20260111_12,ab464936a4bd47ddb5b42e4aa3319072,2026-05-27,SH601818,0.036338627338409424,,,
EXP_LinearModel_Alpha158_csi300_expanding_step40_s_20260111_12,ab464936a4bd47ddb5b42e4aa3319072,2026-05-27,SH601825,0.0521218478679657,,,
EXP_LinearModel_Alpha158_csi300_expanding_step40_s_20260111_12,ab464936a4bd47ddb5b42e4aa3319072,2026-05-27,SH601838,0.01863103359937668,,,
EXP_LinearModel_Alpha158_csi300_expanding_step40_s_20260111_12,ab464936a4bd47ddb5b42e4aa3319072,2026-05-27,SH601857,0.00299288728274405,,,
EXP_LinearModel_Alpha158_csi300_expanding_step40_s_20260111_12,ab464936a4bd47ddb5b42e4aa3319072,2026-05-27,SH601868,-0.01518364530056715,,,
EXP_LinearModel_Alpha158_csi300_expanding_step40_s_20260111_12,ab464936a4bd47ddb5b42e4aa3319072,2026-05-27,SH601872,0.03294014930725098,,,
EXP_LinearModel_Alpha158_csi300_expanding_step40_s_20260111_12,ab464936a4bd47ddb5b42e4aa3319072,2026-05-27,SH601877,0.013984485529363155,,,
EXP_LinearModel_Alpha158_csi300_expanding_step40_s_20260111_12,ab464936a4bd47ddb5b42e4aa3319072,2026-05-27,SH601878,-0.017080873250961304,,,
EXP_LinearModel_Alpha158_csi300_expanding_step40_s_20260111_12,ab464936a4bd47ddb5b42e4aa3319072,2026-05-27,SH601881,0.003195661585777998,,,
EXP_LinearModel_Alpha158_csi300_expanding_step40_s_20260111_12,ab464936a4bd47ddb5b42e4aa3319072,2026-05-27,SH601888,0.041000910103321075,,,
EXP_LinearModel_Alpha158_csi300_expanding_step40_s_20260111_12,ab464936a4bd47ddb5b42e4aa3319072,2026-05-27,SH601898,0.03961293399333954,,,
EXP_LinearModel_Alpha158_csi300_expanding_step40_s_20260111_12,ab464936a4bd47ddb5b42e4aa3319072,2026-05-27,SH601899,0.015379343181848526,,,
EXP_LinearModel_Alpha158_csi300_expanding_step40_s_20260111_12,ab464936a4bd47ddb5b42e4aa3319072,2026-05-27,SH601788,0.019974293187260628,,,
EXP_LinearModel_Alpha158_csi300_expanding_step40_s_20260111_12,ab464936a4bd47ddb5b42e4aa3319072,2026-05-27,SH600926,0.033203594386577606,,,
EXP_LinearModel_Alpha158_csi300_expanding_step40_s_20260111_12,ab464936a4bd47ddb5b42e4aa3319072,2026-05-27,SH601766,0.0019239378161728382,,,
EXP_LinearModel_Alpha158_csi300_expanding_step40_s_20260111_12,ab464936a4bd47ddb5b42e4aa3319072,2026-05-27,SH601698,-0.00620089890435338,,,
EXP_LinearModel_Alpha158_csi300_expanding_step40_s_20260111_12,ab464936a4bd47ddb5b42e4aa3319072,2026-05-27,SH601377,0.01907648704946041,,,
EXP_LinearModel_Alpha158_csi300_expanding_step40_s_20260111_12,ab464936a4bd47ddb5b42e4aa3319072,2026-05-27,SH601390,0.008718631230294704,,,
EXP_LinearModel_Alpha158_csi300_expanding_step40_s_20260111_12,ab464936a4bd47ddb5b42e4aa3319072,2026-05-27,SH601398,0.05563231557607651,,,
EXP_LinearModel_Alpha158_csi300_expanding_step40_s_20260111_12,ab464936a4bd47ddb5b42e4aa3319072,2026-05-27,SH601456,-0.006288273259997368,,,
EXP_LinearModel_Alpha158_csi300_expanding_step40_s_20260111_12,ab464936a4bd47ddb5b42e4aa3319072,2026-05-27,SH601600,0.006351517513394356,,,
EXP_LinearModel_Alpha158_csi300_expanding_step40_s_20260111_12,ab464936a4bd47ddb5b42e4aa3319072,2026-05-27,SH601601,0.020363254472613335,,,
EXP_LinearModel_Alpha158_csi300_expanding_step40_s_20260111_12,ab464936a4bd47ddb5b42e4aa3319072,2026-05-27,SH601607,-5.347593469195999e-05,,,
EXP_LinearModel_Alpha158_csi300_expanding_step40_s_20260111_12,ab464936a4bd47ddb5b42e4aa3319072,2026-05-27,SH601618,0.02288741245865822,,,
EXP_LinearModel_Alpha158_csi300_expanding_step40_s_20260111_12,ab464936a4bd47ddb5b42e4aa3319072,2026-05-27,SH601628,0.01566571369767189,,,
EXP_LinearModel_Alpha158_csi300_expanding_step40_s_20260111_12,ab464936a4bd47ddb5b42e4aa3319072,2026-05-27,SH601633,0.07081080973148346,,,
EXP_LinearModel_Alpha158_csi300_expanding_step40_s_20260111_12,ab464936a4bd47ddb5b42e4aa3319072,2026-05-27,SH601658,0.0016987056005746126,,,
EXP_LinearModel_Alpha158_csi300_expanding_step40_s_20260111_12,ab464936a4bd47ddb5b42e4aa3319072,2026-05-27,SH601668,0.0067070722579956055,,,
EXP_LinearModel_Alpha158_csi300_expanding_step40_s_20260111_12,ab464936a4bd47ddb5b42e4aa3319072,2026-05-27,SH601669,-0.012893300503492355,,,
EXP_LinearModel_Alpha158_csi300_expanding_step40_s_20260111_12,ab464936a4bd47ddb5b42e4aa3319072,2026-05-27,SH601688,-9.457981650484726e-05,,,
EXP_LinearModel_Alpha158_csi300_expanding_step40_s_20260111_12,ab464936a4bd47ddb5b42e4aa3319072,2026-05-27,SH601689,0.031053094193339348,,,
EXP_LinearModel_Alpha158_csi300_expanding_step40_s_20260111_12,ab464936a4bd47ddb5b42e4aa3319072,2026-05-27,SH601728,-0.018743066117167473,,,
EXP_LinearModel_Alpha158_csi300_expanding_step40_s_20260111_12,ab464936a4bd47ddb5b42e4aa3319072,2026-05-27,SH601901,0.02650967799127102,,,
EXP_LinearModel_Alpha158_csi300_expanding_step40_s_20260111_12,ab464936a4bd47ddb5b42e4aa3319072,2026-05-27,SH600919,0.003984426148235798,,,
EXP_LinearModel_Alpha158_csi300_expanding_step40_s_20260111_12,ab464936a4bd47ddb5b42e4aa3319072,2026-05-27,SH600905,0.010058604180812836,,,
EXP_LinearModel_Alpha158_csi300_expanding_step40_s_20260111_12,ab464936a4bd47ddb5b42e4aa3319072,2026-05-27,SH600066,-0.005302012898027897,,,
EXP_LinearModel_Alpha158_csi300_expanding_step40_s_20260111_12,ab464936a4bd47ddb5b42e4aa3319072,2026-05-27,SH600085,0.005505991168320179,,,
EXP_LinearModel_Alpha158_csi300_expanding_step40_s_20260111_12,ab464936a4bd47ddb5b42e4aa3319072,2026-05-27,SH600089,-0.021775225177407265,,,
EXP_LinearModel_Alpha158_csi300_expanding_step40_s_20260111_12,ab464936a4bd47ddb5b42e4aa3319072,2026-05-27,SH600104,0.036746736615896225,,,
EXP_LinearModel_Alpha158_csi300_expanding_step40_s_20260111_12,ab464936a4bd47ddb5b42e4aa3319072,2026-05-27,SH600111,0.005689066369086504,,,
EXP_LinearModel_Alpha158_csi300_expanding_step40_s_20260111_12,ab464936a4bd47ddb5b42e4aa3319072,2026-05-27,SH600115,0.0069891526363790035,,,
EXP_LinearModel_Alpha158_csi300_expanding_step40_s_20260111_12,ab464936a4bd47ddb5b42e4aa3319072,2026-05-27,SH600061,0.014170427806675434,,,
EXP_LinearModel_Alpha158_csi300_expanding_step40_s_20260111_12,ab464936a4bd47ddb5b42e4aa3319072,2026-05-27,SH600150,-0.005699567496776581,,,
EXP_LinearModel_Alpha158_csi300_expanding_step40_s_20260111_12,ab464936a4bd47ddb5b42e4aa3319072,2026-05-27,SH600161,0.003418693086132407,,,
EXP_LinearModel_Alpha158_csi300_expanding_step40_s_20260111_12,ab464936a4bd47ddb5b42e4aa3319072,2026-05-27,SH600176,0.042945653200149536,,,
EXP_LinearModel_Alpha158_csi300_expanding_step40_s_20260111_12,ab464936a4bd47ddb5b42e4aa3319072,2026-05-27,SH600183,0.008485629223287106,,,
EXP_LinearModel_Alpha158_csi300_expanding_step40_s_20260111_12,ab464936a4bd47ddb5b42e4aa3319072,2026-05-27,SH600188,-0.0028804487083107233,,,
EXP_LinearModel_Alpha158_csi300_expanding_step40_s_20260111_12,ab464936a4bd47ddb5b42e4aa3319072,2026-05-27,SH600196,0.0004651837225537747,,,
EXP_LinearModel_Alpha158_csi300_expanding_step40_s_20260111_12,ab464936a4bd47ddb5b42e4aa3319072,2026-05-27,SH600219,0.012301217764616013,,,
EXP_LinearModel_Alpha158_csi300_expanding_step40_s_20260111_12,ab464936a4bd47ddb5b42e4aa3319072,2026-05-27,SH600160,-0.0015816455706954002,,,
EXP_LinearModel_Alpha158_csi300_expanding_step40_s_20260111_12,ab464936a4bd47ddb5b42e4aa3319072,2026-05-27,SH600050,-0.008531350642442703,,,
EXP_LinearModel_Alpha158_csi300_expanding_step40_s_20260111_12,ab464936a4bd47ddb5b42e4aa3319072,2026-05-27,SH600048,0.0037212460301816463,,,
EXP_LinearModel_Alpha158_csi300_expanding_step40_s_20260111_12,ab464936a4bd47ddb5b42e4aa3319072,2026-05-27,SH600039,0.009381608106195927,,,
EXP_LinearModel_Alpha158_csi300_expanding_step40_s_20260111_12,ab464936a4bd47ddb5b42e4aa3319072,2026-05-27,SH600010,0.008592372760176659,,,
EXP_LinearModel_Alpha158_csi300_expanding_step40_s_20260111_12,ab464936a4bd47ddb5b42e4aa3319072,2026-05-27,SH600011,-0.040608640760183334,,,
EXP_LinearModel_Alpha158_csi300_expanding_step40_s_20260111_12,ab464936a4bd47ddb5b42e4aa3319072,2026-05-27,SH600015,0.04603501409292221,,,
EXP_LinearModel_Alpha158_csi300_expanding_step40_s_20260111_12,ab464936a4bd47ddb5b42e4aa3319072,2026-05-27,SH600016,0.04818543419241905,,,
EXP_LinearModel_Alpha158_csi300_expanding_step40_s_20260111_12,ab464936a4bd47ddb5b42e4aa3319072,2026-05-27,SH600018,0.01811370439827442,,,
EXP_LinearModel_Alpha158_csi300_expanding_step40_s_20260111_12,ab464936a4bd47ddb5b42e4aa3319072,2026-05-27,SH600019,-0.012178647331893444,,,
EXP_LinearModel_Alpha158_csi300_expanding_step40_s_20260111_12,ab464936a4bd47ddb5b42e4aa3319072,2026-05-27,SH600023,-0.004111284855753183,,,
EXP_LinearModel_Alpha158_csi300_expanding_step40_s_20260111_12,ab464936a4bd47ddb5b42e4aa3319072,2026-05-27,SH600025,-0.012789442203938961,,,
EXP_LinearModel_Alpha158_csi300_expanding_step40_s_20260111_12,ab464936a4bd47ddb5b42e4aa3319072,2026-05-27,SH600026,0.043508123606443405,,,
EXP_LinearModel_Alpha158_csi300_expanding_step40_s_20260111_12,ab464936a4bd47ddb5b42e4aa3319072,2026-05-27,SH600027,-0.02278072200715542,,,
EXP_LinearModel_Alpha158_csi300_expanding_step40_s_20260111_12,ab464936a4bd47ddb5b42e4aa3319072,2026-05-27,SH600028,0.009362732991576195,,,
EXP_LinearModel_Alpha158_csi300_expanding_step40_s_20260111_12,ab464936a4bd47ddb5b42e4aa3319072,2026-05-27,SH600029,0.005072140600532293,,,
EXP_LinearModel_Alpha158_csi300_expanding_step40_s_20260111_12,ab464936a4bd47ddb5b42e4aa3319072,2026-05-27,SH600030,-0.01032913289964199,,,
EXP_LinearModel_Alpha158_csi300_expanding_step40_s_20260111_12,ab464936a4bd47ddb5b42e4aa3319072,2026-05-27,SH600031,0.012400495819747448,,,
EXP_LinearModel_Alpha158_csi300_expanding_step40_s_20260111_12,ab464936a4bd47ddb5b42e4aa3319072,2026-05-27,SH600036,-0.006684119813144207,,,
EXP_LinearModel_Alpha158_csi300_expanding_step40_s_20260111_12,ab464936a4bd47ddb5b42e4aa3319072,2026-05-27,SH600233,0.00898822769522667,,,
EXP_LinearModel_Alpha158_csi300_expanding_step40_s_20260111_12,ab464936a4bd47ddb5b42e4aa3319072,2026-05-27,SH600276,-0.01336300652474165,,,
EXP_LinearModel_Alpha158_csi300_expanding_step40_s_20260111_12,ab464936a4bd47ddb5b42e4aa3319072,2026-05-27,SH600309,0.02316637896001339,,,
EXP_LinearModel_Alpha158_csi300_expanding_step40_s_20260111_12,ab464936a4bd47ddb5b42e4aa3319072,2026-05-27,SH600346,0.055697087198495865,,,
EXP_LinearModel_Alpha158_csi300_expanding_step40_s_20260111_12,ab464936a4bd47ddb5b42e4aa3319072,2026-05-27,SH600600,0.0018615592271089554,,,
EXP_LinearModel_Alpha158_csi300_expanding_step40_s_20260111_12,ab464936a4bd47ddb5b42e4aa3319072,2026-05-27,SH600660,0.003342315088957548,,,
EXP_LinearModel_Alpha158_csi300_expanding_step40_s_20260111_12,ab464936a4bd47ddb5b42e4aa3319072,2026-05-27,SH600674,-0.012757000513374805,,,
EXP_LinearModel_Alpha158_csi300_expanding_step40_s_20260111_12,ab464936a4bd47ddb5b42e4aa3319072,2026-05-27,SH600690,-0.007177628111094236,,,
EXP_LinearModel_Alpha158_csi300_expanding_step40_s_20260111_12,ab464936a4bd47ddb5b42e4aa3319072,2026-05-27,SH600741,0.03484825789928436,,,
EXP_LinearModel_Alpha158_csi300_expanding_step40_s_20260111_12,ab464936a4bd47ddb5b42e4aa3319072,2026-05-27,SH600760,0.02007187530398369,,,
EXP_LinearModel_Alpha158_csi300_expanding_step40_s_20260111_12,ab464936a4bd47ddb5b42e4aa3319072,2026-05-27,SH600795,-0.009350174106657505,,,
EXP_LinearModel_Alpha158_csi300_expanding_step40_s_20260111_12,ab464936a4bd47ddb5b42e4aa3319072,2026-05-27,SH600803,-0.01698363944888115,,,
EXP_LinearModel_Alpha158_csi300_expanding_step40_s_20260111_12,ab464936a4bd47ddb5b42e4aa3319072,2026-05-27,SH600809,0.0025500827468931675,,,
EXP_LinearModel_Alpha158_csi300_expanding_step40_s_20260111_12,ab464936a4bd47ddb5b42e4aa3319072,2026-05-27,SH600845,0.028860168531537056,,,
EXP_LinearModel_Alpha158_csi300_expanding_step40_s_20260111_12,ab464936a4bd47ddb5b42e4aa3319072,2026-05-27,SH600875,-0.01070252526551485,,,
EXP_LinearModel_Alpha158_csi300_expanding_step40_s_20260111_12,ab464936a4bd47ddb5b42e4aa3319072,2026-05-27,SH600886,-0.0032699028961360455,,,
EXP_LinearModel_Alpha158_csi300_expanding_step40_s_20260111_12,ab464936a4bd47ddb5b42e4aa3319072,2026-05-27,SH600887,-0.01286999974399805,,,
EXP_LinearModel_Alpha158_csi300_expanding_step40_s_20260111_12,ab464936a4bd47ddb5b42e4aa3319072,2026-05-27,SH600893,0.014062547124922276,,,
EXP_LinearModel_Alpha158_csi300_expanding_step40_s_20260111_12,ab464936a4bd47ddb5b42e4aa3319072,2026-05-27,SH600900,-0.03548314794898033,,,
EXP_LinearModel_Alpha158_csi300_expanding_step40_s_20260111_12,ab464936a4bd47ddb5b42e4aa3319072,2026-05-27,SH600588,0.03910267725586891,,,
EXP_LinearModel_Alpha158_csi300_expanding_step40_s_20260111_12,ab464936a4bd47ddb5b42e4aa3319072,2026-05-27,SH600918,0.03187532722949982,,,
EXP_LinearModel_Alpha158_csi300_expanding_step40_s_20260111_12,ab464936a4bd47ddb5b42e4aa3319072,2026-05-27,SH600585,0.007809104863554239,,,
EXP_LinearModel_Alpha158_csi300_expanding_step40_s_20260111_12,ab464936a4bd47ddb5b42e4aa3319072,2026-05-27,SH600570,0.023531723767518997,,,
EXP_LinearModel_Alpha158_csi300_expanding_step40_s_20260111_12,ab464936a4bd47ddb5b42e4aa3319072,2026-05-27,SH600362,-0.007640819996595383,,,
EXP_LinearModel_Alpha158_csi300_expanding_step40_s_20260111_12,ab464936a4bd47ddb5b42e4aa3319072,2026-05-27,SH600372,0.01205578912049532,,,
EXP_LinearModel_Alpha158_csi300_expanding_step40_s_20260111_12,ab464936a4bd47ddb5b42e4aa3319072,2026-05-27,SH600377,-0.011919131502509117,,,
EXP_LinearModel_Alpha158_csi300_expanding_step40_s_20260111_12,ab464936a4bd47ddb5b42e4aa3319072,2026-05-27,SH600406,-0.018194284290075302,,,
EXP_LinearModel_Alpha158_csi300_expanding_step40_s_20260111_12,ab464936a4bd47ddb5b42e4aa3319072,2026-05-27,SH600415,-0.007735452149063349,,,
EXP_LinearModel_Alpha158_csi300_expanding_step40_s_20260111_12,ab464936a4bd47ddb5b42e4aa3319072,2026-05-27,SH600426,0.06794248521327972,,,
EXP_LinearModel_Alpha158_csi300_expanding_step40_s_20260111_12,ab464936a4bd47ddb5b42e4aa3319072,2026-05-27,SH600436,0.00873725675046444,,,
EXP_LinearModel_Alpha158_csi300_expanding_step40_s_20260111_12,ab464936a4bd47ddb5b42e4aa3319072,2026-05-27,SH600438,,,,
EXP_LinearModel_Alpha158_csi300_expanding_step40_s_20260111_12,ab464936a4bd47ddb5b42e4aa3319072,2026-05-27,SH600460,-0.025146424770355225,,,
EXP_LinearModel_Alpha158_csi300_expanding_step40_s_20260111_12,ab464936a4bd47ddb5b42e4aa3319072,2026-05-27,SH600482,-0.016512105241417885,,,
EXP_LinearModel_Alpha158_csi300_expanding_step40_s_20260111_12,ab464936a4bd47ddb5b42e4aa3319072,2026-05-27,SH600489,-0.0012631115969270468,,,
EXP_LinearModel_Alpha158_csi300_expanding_step40_s_20260111_12,ab464936a4bd47ddb5b42e4aa3319072,2026-05-27,SH600515,0.015573114156723022,,,
EXP_LinearModel_Alpha158_csi300_expanding_step40_s_20260111_12,ab464936a4bd47ddb5b42e4aa3319072,2026-05-27,SH600519,0.012387427501380444,,,
EXP_LinearModel_Alpha158_csi300_expanding_step40_s_20260111_12,ab464936a4bd47ddb5b42e4aa3319072,2026-05-27,SH600522,0.03934295102953911,,,
EXP_LinearModel_Alpha158_csi300_expanding_step40_s_20260111_12,ab464936a4bd47ddb5b42e4aa3319072,2026-05-27,SH600547,0.009540056809782982,,,
EXP_LinearModel_Alpha158_csi300_expanding_step40_s_20260111_12,ab464936a4bd47ddb5b42e4aa3319072,2026-05-27,SH600584,-0.017316557466983795,,,
EXP_LinearModel_Alpha158_csi300_expanding_step40_s_20260111_12,ab464936a4bd47ddb5b42e4aa3319072,2026-05-27,SZ302132,-0.015039277262985706,,,
EXP_LinearModel_Alpha158_csi300_expanding_step40_s_20260111_12,ab464936a4bd47ddb5b42e4aa3319072,2026-05-27,SH601916,0.014747032895684242,,,
EXP_LinearModel_Alpha158_csi300_expanding_step40_s_20260111_12,ab464936a4bd47ddb5b42e4aa3319072,2026-05-27,SH601939,0.019818345084786415,,,
EXP_LinearModel_Alpha158_csi300_expanding_step40_s_20260111_12,ab464936a4bd47ddb5b42e4aa3319072,2026-05-27,SZ002422,-0.01579921506345272,,,
EXP_LinearModel_Alpha158_csi300_expanding_step40_s_20260111_12,ab464936a4bd47ddb5b42e4aa3319072,2026-05-27,SZ002459,0.02977558970451355,,,
EXP_LinearModel_Alpha158_csi300_expanding_step40_s_20260111_12,ab464936a4bd47ddb5b42e4aa3319072,2026-05-27,SZ002460,0.034152574837207794,,,
EXP_LinearModel_Alpha158_csi300_expanding_step40_s_20260111_12,ab464936a4bd47ddb5b42e4aa3319072,2026-05-27,SZ002463,0.003223199164494872,,,
EXP_LinearModel_Alpha158_csi300_expanding_step40_s_20260111_12,ab464936a4bd47ddb5b42e4aa3319072,2026-05-27,SZ002466,0.01756860315799713,,,
EXP_LinearModel_Alpha158_csi300_expanding_step40_s_20260111_12,ab464936a4bd47ddb5b42e4aa3319072,2026-05-27,SZ002475,0.017924435436725616,,,
EXP_LinearModel_Alpha158_csi300_expanding_step40_s_20260111_12,ab464936a4bd47ddb5b42e4aa3319072,2026-05-27,SZ002415,0.005582413170486689,,,
EXP_LinearModel_Alpha158_csi300_expanding_step40_s_20260111_12,ab464936a4bd47ddb5b42e4aa3319072,2026-05-27,SZ002493,0.006817840971052647,,,
EXP_LinearModel_Alpha158_csi300_expanding_step40_s_20260111_12,ab464936a4bd47ddb5b42e4aa3319072,2026-05-27,SZ002600,0.0066961622796952724,,,
EXP_LinearModel_Alpha158_csi300_expanding_step40_s_20260111_12,ab464936a4bd47ddb5b42e4aa3319072,2026-05-27,SZ002601,0.05917658656835556,,,
EXP_LinearModel_Alpha158_csi300_expanding_step40_s_20260111_12,ab464936a4bd47ddb5b42e4aa3319072,2026-05-27,SZ002625,-0.036691561341285706,,,
EXP_LinearModel_Alpha158_csi300_expanding_step40_s_20260111_12,ab464936a4bd47ddb5b42e4aa3319072,2026-05-27,SZ002648,0.05037899687886238,,,
EXP_LinearModel_Alpha158_csi300_expanding_step40_s_20260111_12,ab464936a4bd47ddb5b42e4aa3319072,2026-05-27,SZ002709,0.02890794537961483,,,
EXP_LinearModel_Alpha158_csi300_expanding_step40_s_20260111_12,ab464936a4bd47ddb5b42e4aa3319072,2026-05-27,SZ002714,0.024934321641921997,,,
EXP_LinearModel_Alpha158_csi300_expanding_step40_s_20260111_12,ab464936a4bd47ddb5b42e4aa3319072,2026-05-27,SZ002594,-0.02163158357143402,,,
EXP_LinearModel_Alpha158_csi300_expanding_step40_s_20260111_12,ab464936a4bd47ddb5b42e4aa3319072,2026-05-27,SZ002384,0.07046302407979965,,,
EXP_LinearModel_Alpha158_csi300_expanding_step40_s_20260111_12,ab464936a4bd47ddb5b42e4aa3319072,2026-05-27,SZ002371,0.018158746883273125,,,
EXP_LinearModel_Alpha158_csi300_expanding_step40_s_20260111_12,ab464936a4bd47ddb5b42e4aa3319072,2026-05-27,SZ002352,0.00968140084296465,,,
EXP_LinearModel_Alpha158_csi300_expanding_step40_s_20260111_12,ab464936a4bd47ddb5b42e4aa3319072,2026-05-27,SZ001979,0.024903051555156708,,,
EXP_LinearModel_Alpha158_csi300_expanding_step40_s_20260111_12,ab464936a4bd47ddb5b42e4aa3319072,2026-05-27,SZ002001,0.00759765412658453,,,
EXP_LinearModel_Alpha158_csi300_expanding_step40_s_20260111_12,ab464936a4bd47ddb5b42e4aa3319072,2026-05-27,SZ002027,0.03618508204817772,,,
EXP_LinearModel_Alpha158_csi300_expanding_step40_s_20260111_12,ab464936a4bd47ddb5b42e4aa3319072,2026-05-27,SZ002028,0.02913823351264,,,
EXP_LinearModel_Alpha158_csi300_expanding_step40_s_20260111_12,ab464936a4bd47ddb5b42e4aa3319072,2026-05-27,SZ002049,-0.009598866105079651,,,
EXP_LinearModel_Alpha158_csi300_expanding_step40_s_20260111_12,ab464936a4bd47ddb5b42e4aa3319072,2026-05-27,SZ002050,0.015535106882452965,,,
EXP_LinearModel_Alpha158_csi300_expanding_step40_s_20260111_12,ab464936a4bd47ddb5b42e4aa3319072,2026-05-27,SZ002074,0.01190438587218523,,,
EXP_LinearModel_Alpha158_csi300_expanding_step40_s_20260111_12,ab464936a4bd47ddb5b42e4aa3319072,2026-05-27,SZ002142,-0.0024274634197354317,,,
EXP_LinearModel_Alpha158_csi300_expanding_step40_s_20260111_12,ab464936a4bd47ddb5b42e4aa3319072,2026-05-27,SZ002179,0.011783021502196789,,,
EXP_LinearModel_Alpha158_csi300_expanding_step40_s_20260111_12,ab464936a4bd47ddb5b42e4aa3319072,2026-05-27,SZ002230,-0.01593206264078617,,,
EXP_LinearModel_Alpha158_csi300_expanding_step40_s_20260111_12,ab464936a4bd47ddb5b42e4aa3319072,2026-05-27,SZ002236,0.03241586312651634,,,
EXP_LinearModel_Alpha158_csi300_expanding_step40_s_20260111_12,ab464936a4bd47ddb5b42e4aa3319072,2026-05-27,SZ002241,-0.027226608246564865,,,
EXP_LinearModel_Alpha158_csi300_expanding_step40_s_20260111_12,ab464936a4bd47ddb5b42e4aa3319072,2026-05-27,SZ002252,0.02464723400771618,,,
EXP_LinearModel_Alpha158_csi300_expanding_step40_s_20260111_12,ab464936a4bd47ddb5b42e4aa3319072,2026-05-27,SZ002304,0.0003152219869662076,,,
EXP_LinearModel_Alpha158_csi300_expanding_step40_s_20260111_12,ab464936a4bd47ddb5b42e4aa3319072,2026-05-27,SZ002311,-0.010468565858900547,,,
EXP_LinearModel_Alpha158_csi300_expanding_step40_s_20260111_12,ab464936a4bd47ddb5b42e4aa3319072,2026-05-27,SZ002736,-0.006234948057681322,,,
EXP_LinearModel_Alpha158_csi300_expanding_step40_s_20260111_12,ab464936a4bd47ddb5b42e4aa3319072,2026-05-27,SZ002916,-0.0035872221924364567,,,
EXP_LinearModel_Alpha158_csi300_expanding_step40_s_20260111_12,ab464936a4bd47ddb5b42e4aa3319072,2026-05-27,SZ002920,-0.013796720653772354,,,
EXP_LinearModel_Alpha158_csi300_expanding_step40_s_20260111_12,ab464936a4bd47ddb5b42e4aa3319072,2026-05-27,SZ002938,0.04795382171869278,,,
EXP_LinearModel_Alpha158_csi300_expanding_step40_s_20260111_12,ab464936a4bd47ddb5b42e4aa3319072,2026-05-27,SZ300498,0.05844438448548317,,,
EXP_LinearModel_Alpha158_csi300_expanding_step40_s_20260111_12,ab464936a4bd47ddb5b42e4aa3319072,2026-05-27,SZ300502,0.028785785660147667,,,
EXP_LinearModel_Alpha158_csi300_expanding_step40_s_20260111_12,ab464936a4bd47ddb5b42e4aa3319072,2026-05-27,SZ300628,0.034049808979034424,,,
EXP_LinearModel_Alpha158_csi300_expanding_step40_s_20260111_12,ab464936a4bd47ddb5b42e4aa3319072,2026-05-27,SZ300661,0.03304670751094818,,,
EXP_LinearModel_Alpha158_csi300_expanding_step40_s_20260111_12,ab464936a4bd47ddb5b42e4aa3319072,2026-05-27,SZ300750,0.02529912441968918,,,
EXP_LinearModel_Alpha158_csi300_expanding_step40_s_20260111_12,ab464936a4bd47ddb5b42e4aa3319072,2026-05-27,SZ300759,0.00667419470846653,,,
EXP_LinearModel_Alpha158_csi300_expanding_step40_s_20260111_12,ab464936a4bd47ddb5b42e4aa3319072,2026-05-27,SZ300760,-0.008151844143867493,,,
EXP_LinearModel_Alpha158_csi300_expanding_step40_s_20260111_12,ab464936a4bd47ddb5b42e4aa3319072,2026-05-27,SZ300782,0.020719945430755615,,,
EXP_LinearModel_Alpha158_csi300_expanding_step40_s_20260111_12,ab464936a4bd47ddb5b42e4aa3319072,2026-05-27,SZ300803,0.0034855585545301437,,,
EXP_LinearModel_Alpha158_csi300_expanding_step40_s_20260111_12,ab464936a4bd47ddb5b42e4aa3319072,2026-05-27,SZ300832,-0.02373906411230564,,,
EXP_LinearModel_Alpha158_csi300_expanding_step40_s_20260111_12,ab464936a4bd47ddb5b42e4aa3319072,2026-05-27,SZ300866,0.008291414938867092,,,
EXP_LinearModel_Alpha158_csi300_expanding_step40_s_20260111_12,ab464936a4bd47ddb5b42e4aa3319072,2026-05-27,SZ300896,0.018410418182611465,,,
EXP_LinearModel_Alpha158_csi300_expanding_step40_s_20260111_12,ab464936a4bd47ddb5b42e4aa3319072,2026-05-27,SZ300979,0.011623906902968884,,,
EXP_LinearModel_Alpha158_csi300_expanding_step40_s_20260111_12,ab464936a4bd47ddb5b42e4aa3319072,2026-05-27,SZ300999,-0.046879082918167114,,,
EXP_LinearModel_Alpha158_csi300_expanding_step40_s_20260111_12,ab464936a4bd47ddb5b42e4aa3319072,2026-05-27,SZ301236,0.010763675905764103,,,
EXP_LinearModel_Alpha158_csi300_expanding_step40_s_20260111_12,ab464936a4bd47ddb5b42e4aa3319072,2026-05-27,SZ300476,0.012347999028861523,,,
EXP_LinearModel_Alpha158_csi300_expanding_step40_s_20260111_12,ab464936a4bd47ddb5b42e4aa3319072,2026-05-27,SZ001965,-0.007012837566435337,,,
EXP_LinearModel_Alpha158_csi300_expanding_step40_s_20260111_12,ab464936a4bd47ddb5b42e4aa3319072,2026-05-27,SZ300442,0.003983194008469582,,,
EXP_LinearModel_Alpha158_csi300_expanding_step40_s_20260111_12,ab464936a4bd47ddb5b42e4aa3319072,2026-05-27,SZ300418,0.01248274277895689,,,
EXP_LinearModel_Alpha158_csi300_expanding_step40_s_20260111_12,ab464936a4bd47ddb5b42e4aa3319072,2026-05-27,SZ003816,0.07270152121782303,,,
EXP_LinearModel_Alpha158_csi300_expanding_step40_s_20260111_12,ab464936a4bd47ddb5b42e4aa3319072,2026-05-27,SZ300014,-0.004921966698020697,,,
EXP_LinearModel_Alpha158_csi300_expanding_step40_s_20260111_12,ab464936a4bd47ddb5b42e4aa3319072,2026-05-27,SZ300015,-0.01003732718527317,,,
EXP_LinearModel_Alpha158_csi300_expanding_step40_s_20260111_12,ab464936a4bd47ddb5b42e4aa3319072,2026-05-27,SZ300033,0.010377258993685246,,,
EXP_LinearModel_Alpha158_csi300_expanding_step40_s_20260111_12,ab464936a4bd47ddb5b42e4aa3319072,2026-05-27,SZ300059,-0.007494714576750994,,,
EXP_LinearModel_Alpha158_csi300_expanding_step40_s_20260111_12,ab464936a4bd47ddb5b42e4aa3319072,2026-05-27,SZ300122,-0.018537094816565514,,,
EXP_LinearModel_Alpha158_csi300_expanding_step40_s_20260111_12,ab464936a4bd47ddb5b42e4aa3319072,2026-05-27,SZ300124,0.01970122754573822,,,
EXP_LinearModel_Alpha158_csi300_expanding_step40_s_20260111_12,ab464936a4bd47ddb5b42e4aa3319072,2026-05-27,SZ300251,-0.030816588550806046,,,
EXP_LinearModel_Alpha158_csi300_expanding_step40_s_20260111_12,ab464936a4bd47ddb5b42e4aa3319072,2026-05-27,SZ300274,0.007619479205459356,,,
EXP_LinearModel_Alpha158_csi300_expanding_step40_s_20260111_12,ab464936a4bd47ddb5b42e4aa3319072,2026-05-27,SZ300308,0.04227539524435997,,,
EXP_LinearModel_Alpha158_csi300_expanding_step40_s_20260111_12,ab464936a4bd47ddb5b42e4aa3319072,2026-05-27,SZ300316,0.0060591683723032475,,,
EXP_LinearModel_Alpha158_csi300_expanding_step40_s_20260111_12,ab464936a4bd47ddb5b42e4aa3319072,2026-05-27,SZ300347,0.058755062520504,,,
EXP_LinearModel_Alpha158_csi300_expanding_step40_s_20260111_12,ab464936a4bd47ddb5b42e4aa3319072,2026-05-27,SZ300394,-0.0017330937553197145,,,
EXP_LinearModel_Alpha158_csi300_expanding_step40_s_20260111_12,ab464936a4bd47ddb5b42e4aa3319072,2026-05-27,SZ300408,-0.036372508853673935,,,
EXP_LinearModel_Alpha158_csi300_expanding_step40_s_20260111_12,ab464936a4bd47ddb5b42e4aa3319072,2026-05-27,SZ300413,0.05479438230395317,,,
EXP_LinearModel_Alpha158_csi300_expanding_step40_s_20260111_12,ab464936a4bd47ddb5b42e4aa3319072,2026-05-27,SZ300433,-0.015034299343824387,,,
EXP_LinearModel_Alpha158_csi300_expanding_step40_s_20260111_12,ab464936a4bd47ddb5b42e4aa3319072,2026-05-27,SH601919,-0.0005694362334907055,,,
EXP_LinearModel_Alpha158_csi300_expanding_step40_s_20260111_12,ab464936a4bd47ddb5b42e4aa3319072,2026-05-27,SZ001391,-0.04428072273731232,,,
EXP_LinearModel_Alpha158_csi300_expanding_step40_s_20260111_12,ab464936a4bd47ddb5b42e4aa3319072,2026-05-27,SZ000983,-0.036805588752031326,,,
EXP_LinearModel_Alpha158_csi300_expanding_step40_s_20260111_12,ab464936a4bd47ddb5b42e4aa3319072,2026-05-27,SH688008,0.018926577642560005,,,
EXP_LinearModel_Alpha158_csi300_expanding_step40_s_20260111_12,ab464936a4bd47ddb5b42e4aa3319072,2026-05-27,SH688009,0.03717775270342827,,,
EXP_LinearModel_Alpha158_csi300_expanding_step40_s_20260111_12,ab464936a4bd47ddb5b42e4aa3319072,2026-05-27,SH688012,0.009001439437270164,,,
EXP_LinearModel_Alpha158_csi300_expanding_step40_s_20260111_12,ab464936a4bd47ddb5b42e4aa3319072,2026-05-27,SH688036,0.029811879619956017,,,
EXP_LinearModel_Alpha158_csi300_expanding_step40_s_20260111_12,ab464936a4bd47ddb5b42e4aa3319072,2026-05-27,SH688041,0.009315988048911095,,,
EXP_LinearModel_Alpha158_csi300_expanding_step40_s_20260111_12,ab464936a4bd47ddb5b42e4aa3319072,2026-05-27,SH688047,0.008222302421927452,,,
EXP_LinearModel_Alpha158_csi300_expanding_step40_s_20260111_12,ab464936a4bd47ddb5b42e4aa3319072,2026-05-27,SH605499,0.034858450293540955,,,
EXP_LinearModel_Alpha158_csi300_expanding_step40_s_20260111_12,ab464936a4bd47ddb5b42e4aa3319072,2026-05-27,SH688082,-0.0019774490501731634,,,
EXP_LinearModel_Alpha158_csi300_expanding_step40_s_20260111_12,ab464936a4bd47ddb5b42e4aa3319072,2026-05-27,SH688126,-0.035023078322410583,,,
EXP_LinearModel_Alpha158_csi300_expanding_step40_s_20260111_12,ab464936a4bd47ddb5b42e4aa3319072,2026-05-27,SH688169,0.011710119433701038,,,
EXP_LinearModel_Alpha158_csi300_expanding_step40_s_20260111_12,ab464936a4bd47ddb5b42e4aa3319072,2026-05-27,SH688187,-0.04534052312374115,,,
EXP_LinearModel_Alpha158_csi300_expanding_step40_s_20260111_12,ab464936a4bd47ddb5b42e4aa3319072,2026-05-27,SH688223,-0.012019325979053974,,,
EXP_LinearModel_Alpha158_csi300_expanding_step40_s_20260111_12,ab464936a4bd47ddb5b42e4aa3319072,2026-05-27,SH688256,0.01941460371017456,,,
EXP_LinearModel_Alpha158_csi300_expanding_step40_s_20260111_12,ab464936a4bd47ddb5b42e4aa3319072,2026-05-27,SH688271,-0.06144534796476364,,,
EXP_LinearModel_Alpha158_csi300_expanding_step40_s_20260111_12,ab464936a4bd47ddb5b42e4aa3319072,2026-05-27,SH688111,0.01267253328114748,,,
EXP_LinearModel_Alpha158_csi300_expanding_step40_s_20260111_12,ab464936a4bd47ddb5b42e4aa3319072,2026-05-27,SH605117,0.047269903123378754,,,
EXP_LinearModel_Alpha158_csi300_expanding_step40_s_20260111_12,ab464936a4bd47ddb5b42e4aa3319072,2026-05-27,SH603993,-0.005547347478568554,,,
EXP_LinearModel_Alpha158_csi300_expanding_step40_s_20260111_12,ab464936a4bd47ddb5b42e4aa3319072,2026-05-27,SH603986,0.023945925757288933,,,
EXP_LinearModel_Alpha158_csi300_expanding_step40_s_20260111_12,ab464936a4bd47ddb5b42e4aa3319072,2026-05-27,SH601985,0.030527200549840927,,,
EXP_LinearModel_Alpha158_csi300_expanding_step40_s_20260111_12,ab464936a4bd47ddb5b42e4aa3319072,2026-05-27,SH601988,0.022720931097865105,,,
EXP_LinearModel_Alpha158_csi300_expanding_step40_s_20260111_12,ab464936a4bd47ddb5b42e4aa3319072,2026-05-27,SH601995,0.00323245651088655,,,
EXP_LinearModel_Alpha158_csi300_expanding_step40_s_20260111_12,ab464936a4bd47ddb5b42e4aa3319072,2026-05-27,SH601998,0.04992126300930977,,,
EXP_LinearModel_Alpha158_csi300_expanding_step40_s_20260111_12,ab464936a4bd47ddb5b42e4aa3319072,2026-05-27,SH603019,0.016969334334135056,,,
EXP_LinearModel_Alpha158_csi300_expanding_step40_s_20260111_12,ab464936a4bd47ddb5b42e4aa3319072,2026-05-27,SH603195,-0.0721001923084259,,,
EXP_LinearModel_Alpha158_csi300_expanding_step40_s_20260111_12,ab464936a4bd47ddb5b42e4aa3319072,2026-05-27,SH603259,-0.007981031201779842,,,
EXP_LinearModel_Alpha158_csi300_expanding_step40_s_20260111_12,ab464936a4bd47ddb5b42e4aa3319072,2026-05-27,SH603260,0.011916298419237137,,,
EXP_LinearModel_Alpha158_csi300_expanding_step40_s_20260111_12,ab464936a4bd47ddb5b42e4aa3319072,2026-05-27,SH603288,0.003510610666126013,,,
EXP_LinearModel_Alpha158_csi300_expanding_step40_s_20260111_12,ab464936a4bd47ddb5b42e4aa3319072,2026-05-27,SH603296,0.041818469762802124,,,
EXP_LinearModel_Alpha158_csi300_expanding_step40_s_20260111_12,ab464936a4bd47ddb5b42e4aa3319072,2026-05-27,SH603369,-0.04041918367147446,,,
EXP_LinearModel_Alpha158_csi300_expanding_step40_s_20260111_12,ab464936a4bd47ddb5b42e4aa3319072,2026-05-27,SH603392,-0.016774479299783707,,,
EXP_LinearModel_Alpha158_csi300_expanding_step40_s_20260111_12,ab464936a4bd47ddb5b42e4aa3319072,2026-05-27,SH603501,0.0027667421381920576,,,
EXP_LinearModel_Alpha158_csi300_expanding_step40_s_20260111_12,ab464936a4bd47ddb5b42e4aa3319072,2026-05-27,SH603799,0.002320538740605116,,,
EXP_LinearModel_Alpha158_csi300_expanding_step40_s_20260111_12,ab464936a4bd47ddb5b42e4aa3319072,2026-05-27,SH603893,-0.0057424698024988174,,,
EXP_LinearModel_Alpha158_csi300_expanding_step40_s_20260111_12,ab464936a4bd47ddb5b42e4aa3319072,2026-05-27,SH688303,0.02793351747095585,,,
EXP_LinearModel_Alpha158_csi300_expanding_step40_s_20260111_12,ab464936a4bd47ddb5b42e4aa3319072,2026-05-27,SH688396,0.009790059179067612,,,
EXP_LinearModel_Alpha158_csi300_expanding_step40_s_20260111_12,ab464936a4bd47ddb5b42e4aa3319072,2026-05-27,SH688472,0.004018394276499748,,,
EXP_LinearModel_Alpha158_csi300_expanding_step40_s_20260111_12,ab464936a4bd47ddb5b42e4aa3319072,2026-05-27,SH688506,0.028398405760526657,,,
EXP_LinearModel_Alpha158_csi300_expanding_step40_s_20260111_12,ab464936a4bd47ddb5b42e4aa3319072,2026-05-27,SZ000661,0.02605043537914753,,,
EXP_LinearModel_Alpha158_csi300_expanding_step40_s_20260111_12,ab464936a4bd47ddb5b42e4aa3319072,2026-05-27,SZ000708,0.0017303009517490864,,,
EXP_LinearModel_Alpha158_csi300_expanding_step40_s_20260111_12,ab464936a4bd47ddb5b42e4aa3319072,2026-05-27,SZ000725,-0.0608045756816864,,,
EXP_LinearModel_Alpha158_csi300_expanding_step40_s_20260111_12,ab464936a4bd47ddb5b42e4aa3319072,2026-05-27,SZ000768,-0.01710733026266098,,,
EXP_LinearModel_Alpha158_csi300_expanding_step40_s_20260111_12,ab464936a4bd47ddb5b42e4aa3319072,2026-05-27,SZ000776,-0.011554081924259663,,,
EXP_LinearModel_Alpha158_csi300_expanding_step40_s_20260111_12,ab464936a4bd47ddb5b42e4aa3319072,2026-05-27,SZ000786,0.0445726178586483,,,
EXP_LinearModel_Alpha158_csi300_expanding_step40_s_20260111_12,ab464936a4bd47ddb5b42e4aa3319072,2026-05-27,SZ000792,0.011911139823496342,,,
EXP_LinearModel_Alpha158_csi300_expanding_step40_s_20260111_12,ab464936a4bd47ddb5b42e4aa3319072,2026-05-27,SZ000807,0.04606029391288757,,,
EXP_LinearModel_Alpha158_csi300_expanding_step40_s_20260111_12,ab464936a4bd47ddb5b42e4aa3319072,2026-05-27,SZ000858,0.007244521286338568,,,
EXP_LinearModel_Alpha158_csi300_expanding_step40_s_20260111_12,ab464936a4bd47ddb5b42e4aa3319072,2026-05-27,SZ000876,-0.024121616035699844,,,
EXP_LinearModel_Alpha158_csi300_expanding_step40_s_20260111_12,ab464936a4bd47ddb5b42e4aa3319072,2026-05-27,SZ000895,0.05253198742866516,,,
EXP_LinearModel_Alpha158_csi300_expanding_step40_s_20260111_12,ab464936a4bd47ddb5b42e4aa3319072,2026-05-27,SZ000938,0.03335922583937645,,,
EXP_LinearModel_Alpha158_csi300_expanding_step40_s_20260111_12,ab464936a4bd47ddb5b42e4aa3319072,2026-05-27,SZ000963,0.002381959231570363,,,
EXP_LinearModel_Alpha158_csi300_expanding_step40_s_20260111_12,ab464936a4bd47ddb5b42e4aa3319072,2026-05-27,SZ000975,0.03621212765574455,,,
EXP_LinearModel_Alpha158_csi300_expanding_step40_s_20260111_12,ab464936a4bd47ddb5b42e4aa3319072,2026-05-27,SZ000977,0.04130233824253082,,,
EXP_LinearModel_Alpha158_csi300_expanding_step40_s_20260111_12,ab464936a4bd47ddb5b42e4aa3319072,2026-05-27,SZ000651,-0.04684659093618393,,,
EXP_LinearModel_Alpha158_csi300_expanding_step40_s_20260111_12,ab464936a4bd47ddb5b42e4aa3319072,2026-05-27,SZ000999,-0.021376028656959534,,,
EXP_LinearModel_Alpha158_csi300_expanding_step40_s_20260111_12,ab464936a4bd47ddb5b42e4aa3319072,2026-05-27,SZ000630,-0.02352162078022957,,,
EXP_LinearModel_Alpha158_csi300_expanding_step40_s_20260111_12,ab464936a4bd47ddb5b42e4aa3319072,2026-05-27,SZ000617,0.020489079877734184,,,
EXP_LinearModel_Alpha158_csi300_expanding_step40_s_20260111_12,ab464936a4bd47ddb5b42e4aa3319072,2026-05-27,SH688981,-0.024913236498832703,,,
EXP_LinearModel_Alpha158_csi300_expanding_step40_s_20260111_12,ab464936a4bd47ddb5b42e4aa3319072,2026-05-27,SZ000001,-0.023403646424412727,,,
EXP_LinearModel_Alpha158_csi300_expanding_step40_s_20260111_12,ab464936a4bd47ddb5b42e4aa3319072,2026-05-27,SZ000002,0.030851595103740692,,,
EXP_LinearModel_Alpha158_csi300_expanding_step40_s_20260111_12,ab464936a4bd47ddb5b42e4aa3319072,2026-05-27,SZ000063,0.044986870139837265,,,
EXP_LinearModel_Alpha158_csi300_expanding_step40_s_20260111_12,ab464936a4bd47ddb5b42e4aa3319072,2026-05-27,SZ000100,-0.016512911766767502,,,
EXP_LinearModel_Alpha158_csi300_expanding_step40_s_20260111_12,ab464936a4bd47ddb5b42e4aa3319072,2026-05-27,SZ000157,0.0032559584360569715,,,
EXP_LinearModel_Alpha158_csi300_expanding_step40_s_20260111_12,ab464936a4bd47ddb5b42e4aa3319072,2026-05-27,SZ000166,0.022789770737290382,,,
EXP_LinearModel_Alpha158_csi300_expanding_step40_s_20260111_12,ab464936a4bd47ddb5b42e4aa3319072,2026-05-27,SZ000301,-0.0083084711804986,,,
EXP_LinearModel_Alpha158_csi300_expanding_step40_s_20260111_12,ab464936a4bd47ddb5b42e4aa3319072,2026-05-27,SZ000333,-0.005519597325474024,,,
EXP_LinearModel_Alpha158_csi300_expanding_step40_s_20260111_12,ab464936a4bd47ddb5b42e4aa3319072,2026-05-27,SZ000338,0.07847150415182114,,,
EXP_LinearModel_Alpha158_csi300_expanding_step40_s_20260111_12,ab464936a4bd47ddb5b42e4aa3319072,2026-05-27,SZ000408,0.029320767149329185,,,
EXP_LinearModel_Alpha158_csi300_expanding_step40_s_20260111_12,ab464936a4bd47ddb5b42e4aa3319072,2026-05-27,SZ000425,0.03450242057442665,,,
EXP_LinearModel_Alpha158_csi300_expanding_step40_s_20260111_12,ab464936a4bd47ddb5b42e4aa3319072,2026-05-27,SZ000538,0.009636280126869678,,,
EXP_LinearModel_Alpha158_csi300_expanding_step40_s_20260111_12,ab464936a4bd47ddb5b42e4aa3319072,2026-05-27,SZ000568,-0.002950740046799183,,,
EXP_LinearModel_Alpha158_csi300_expanding_step40_s_20260111_12,ab464936a4bd47ddb5b42e4aa3319072,2026-05-27,SZ000596,0.007287965156137943,,,
EXP_LinearModel_Alpha158_csi300_expanding_step40_s_20260111_12,ab464936a4bd47ddb5b42e4aa3319072,2026-05-27,SZ000625,0.07087888568639755,,,
EXP_LinearModel_Alpha158_csi300_expanding_step40_s_20260111_12,ab464936a4bd47ddb5b42e4aa3319072,2026-05-27,SH600009,0.023557962849736214,,,
EXP_LinearModel_Alpha158_csi300_sliding_step40_s_20260111_11,91c306e388e8433fbae734de03637583,2026-05-27,SZ302132,-0.047928955405950546,,,
EXP_XGBModel_Alpha158_csi300_sliding_step40_s_20260111_01,44df6c59b159490fa0b22d3c198cd0a9,2026-05-27,SH600009,-0.1290106177330017,,,
EXP_XGBModel_Alpha158_csi300_expanding_step40_s_20260111_00,2f2d4eb181db4668bdbd3b6e264ca822,2026-05-27,SH601127,0.18934571743011475,,,
EXP_XGBModel_Alpha158_csi300_expanding_step40_s_20260111_00,2f2d4eb181db4668bdbd3b6e264ca822,2026-05-27,SH601136,-0.08376792073249817,,,
EXP_XGBModel_Alpha158_csi300_expanding_step40_s_20260111_00,2f2d4eb181db4668bdbd3b6e264ca822,2026-05-27,SH601138,-0.09098043292760849,,,
EXP_XGBModel_Alpha158_csi300_expanding_step40_s_20260111_00,2f2d4eb181db4668bdbd3b6e264ca822,2026-05-27,SH601166,0.03614778444170952,,,
EXP_XGBModel_Alpha158_csi300_expanding_step40_s_20260111_00,2f2d4eb181db4668bdbd3b6e264ca822,2026-05-27,SH601169,-0.017065223306417465,,,
EXP_XGBModel_Alpha158_csi300_expanding_step40_s_20260111_00,2f2d4eb181db4668bdbd3b6e264ca822,2026-05-27,SH601186,0.18210966885089874,,,
EXP_XGBModel_Alpha158_csi300_expanding_step40_s_20260111_00,2f2d4eb181db4668bdbd3b6e264ca822,2026-05-27,SH601117,-0.011897098273038864,,,
EXP_XGBModel_Alpha158_csi300_expanding_step40_s_20260111_00,2f2d4eb181db4668bdbd3b6e264ca822,2026-05-27,SH601211,-0.04584159329533577,,,
EXP_XGBModel_Alpha158_csi300_expanding_step40_s_20260111_00,2f2d4eb181db4668bdbd3b6e264ca822,2026-05-27,SH601229,0.001800902420654893,,,
EXP_XGBModel_Alpha158_csi300_expanding_step40_s_20260111_00,2f2d4eb181db4668bdbd3b6e264ca822,2026-05-27,SH601236,-0.005162255838513374,,,
EXP_XGBModel_Alpha158_csi300_expanding_step40_s_20260111_00,2f2d4eb181db4668bdbd3b6e264ca822,2026-05-27,SH601238,-0.01545245386660099,,,
EXP_XGBModel_Alpha158_csi300_expanding_step40_s_20260111_00,2f2d4eb181db4668bdbd3b6e264ca822,2026-05-27,SH601288,-0.00600192416459322,,,
EXP_XGBModel_Alpha158_csi300_expanding_step40_s_20260111_00,2f2d4eb181db4668bdbd3b6e264ca822,2026-05-27,SH601298,-0.04852907732129097,,,
EXP_XGBModel_Alpha158_csi300_expanding_step40_s_20260111_00,2f2d4eb181db4668bdbd3b6e264ca822,2026-05-27,SH601318,0.04230491444468498,,,
EXP_XGBModel_Alpha158_csi300_expanding_step40_s_20260111_00,2f2d4eb181db4668bdbd3b6e264ca822,2026-05-27,SH601225,-0.017753954976797104,,,
EXP_XGBModel_Alpha158_csi300_expanding_step40_s_20260111_00,2f2d4eb181db4668bdbd3b6e264ca822,2026-05-27,SH601111,0.02642940916121006,,,
EXP_XGBModel_Alpha158_csi300_expanding_step40_s_20260111_00,2f2d4eb181db4668bdbd3b6e264ca822,2026-05-27,SH601100,0.14308275282382965,,,
EXP_XGBModel_Alpha158_csi300_expanding_step40_s_20260111_00,2f2d4eb181db4668bdbd3b6e264ca822,2026-05-27,SH601088,0.057295508682727814,,,
EXP_XGBModel_Alpha158_csi300_expanding_step40_s_20260111_00,2f2d4eb181db4668bdbd3b6e264ca822,2026-05-27,SH600930,-0.09782412648200989,,,
EXP_XGBModel_Alpha158_csi300_expanding_step40_s_20260111_00,2f2d4eb181db4668bdbd3b6e264ca822,2026-05-27,SH600938,0.08599790185689926,,,
EXP_XGBModel_Alpha158_csi300_expanding_step40_s_20260111_00,2f2d4eb181db4668bdbd3b6e264ca822,2026-05-27,SH600941,-0.019197136163711548,,,
EXP_XGBModel_Alpha158_csi300_expanding_step40_s_20260111_00,2f2d4eb181db4668bdbd3b6e264ca822,2026-05-27,SH600958,-0.06421933323144913,,,
EXP_XGBModel_Alpha158_csi300_expanding_step40_s_20260111_00,2f2d4eb181db4668bdbd3b6e264ca822,2026-05-27,SH600989,0.0241421926766634,,,
EXP_XGBModel_Alpha158_csi300_expanding_step40_s_20260111_00,2f2d4eb181db4668bdbd3b6e264ca822,2026-05-27,SH600999,-0.02609272114932537,,,
EXP_XGBModel_Alpha158_csi300_expanding_step40_s_20260111_00,2f2d4eb181db4668bdbd3b6e264ca822,2026-05-27,SH601006,-0.040463775396347046,,,
EXP_XGBModel_Alpha158_csi300_expanding_step40_s_20260111_00,2f2d4eb181db4668bdbd3b6e264ca822,2026-05-27,SH601009,-0.01422169990837574,,,
EXP_XGBModel_Alpha158_csi300_expanding_step40_s_20260111_00,2f2d4eb181db4668bdbd3b6e264ca822,2026-05-27,SH601012,0.11748575419187546,,,
EXP_XGBModel_Alpha158_csi300_expanding_step40_s_20260111_00,2f2d4eb181db4668bdbd3b6e264ca822,2026-05-27,SH601018,0.037826623767614365,,,
EXP_XGBModel_Alpha158_csi300_expanding_step40_s_20260111_00,2f2d4eb181db4668bdbd3b6e264ca822,2026-05-27,SH601021,-0.005728863179683685,,,
EXP_XGBModel_Alpha158_csi300_expanding_step40_s_20260111_00,2f2d4eb181db4668bdbd3b6e264ca822,2026-05-27,SH601058,-0.010324457660317421,,,
EXP_XGBModel_Alpha158_csi300_expanding_step40_s_20260111_00,2f2d4eb181db4668bdbd3b6e264ca822,2026-05-27,SH601059,0.05270284786820412,,,
EXP_XGBModel_Alpha158_csi300_expanding_step40_s_20260111_00,2f2d4eb181db4668bdbd3b6e264ca822,2026-05-27,SH601066,-0.009822647087275982,,,
EXP_XGBModel_Alpha158_csi300_expanding_step40_s_20260111_00,2f2d4eb181db4668bdbd3b6e264ca822,2026-05-27,SH601077,0.11860622465610504,,,
EXP_XGBModel_Alpha158_csi300_expanding_step40_s_20260111_00,2f2d4eb181db4668bdbd3b6e264ca822,2026-05-27,SH601319,0.07237965613603592,,,
EXP_XGBModel_Alpha158_csi300_expanding_step40_s_20260111_00,2f2d4eb181db4668bdbd3b6e264ca822,2026-05-27,SH601328,-0.022376183420419693,,,
EXP_XGBModel_Alpha158_csi300_expanding_step40_s_20260111_00,2f2d4eb181db4668bdbd3b6e264ca822,2026-05-27,SH601336,-0.06447648257017136,,,
EXP_XGBModel_Alpha158_csi300_expanding_step40_s_20260111_00,2f2d4eb181db4668bdbd3b6e264ca822,2026-05-27,SH601360,0.1449744701385498,,,
EXP_XGBModel_Alpha158_csi300_expanding_step40_s_20260111_00,2f2d4eb181db4668bdbd3b6e264ca822,2026-05-27,SH601800,-0.046122957020998,,,
EXP_XGBModel_Alpha158_csi300_expanding_step40_s_20260111_00,2f2d4eb181db4668bdbd3b6e264ca822,2026-05-27,SH601808,-0.045798979699611664,,,
EXP_XGBModel_Alpha158_csi300_expanding_step40_s_20260111_00,2f2d4eb181db4668bdbd3b6e264ca822,2026-05-27,SH601816,-0.06354523450136185,,,
EXP_XGBModel_Alpha158_csi300_expanding_step40_s_20260111_00,2f2d4eb181db4668bdbd3b6e264ca822,2026-05-27,SH601818,-0.011255854740738869,,,
EXP_XGBModel_Alpha158_csi300_expanding_step40_s_20260111_00,2f2d4eb181db4668bdbd3b6e264ca822,2026-05-27,SH601825,0.024750418961048126,,,
EXP_XGBModel_Alpha158_csi300_expanding_step40_s_20260111_00,2f2d4eb181db4668bdbd3b6e264ca822,2026-05-27,SH601838,-0.009193113073706627,,,
EXP_XGBModel_Alpha158_csi300_expanding_step40_s_20260111_00,2f2d4eb181db4668bdbd3b6e264ca822,2026-05-27,SH601857,-0.06324440240859985,,,
EXP_XGBModel_Alpha158_csi300_expanding_step40_s_20260111_00,2f2d4eb181db4668bdbd3b6e264ca822,2026-05-27,SH601868,-0.0043839686550199986,,,
EXP_XGBModel_Alpha158_csi300_expanding_step40_s_20260111_00,2f2d4eb181db4668bdbd3b6e264ca822,2026-05-27,SH601872,0.0494815856218338,,,
EXP_XGBModel_Alpha158_csi300_expanding_step40_s_20260111_00,2f2d4eb181db4668bdbd3b6e264ca822,2026-05-27,SH601877,0.0025593384634703398,,,
EXP_XGBModel_Alpha158_csi300_expanding_step40_s_20260111_00,2f2d4eb181db4668bdbd3b6e264ca822,2026-05-27,SH601878,-0.0656304880976677,,,
EXP_XGBModel_Alpha158_csi300_expanding_step40_s_20260111_00,2f2d4eb181db4668bdbd3b6e264ca822,2026-05-27,SH601881,0.0046631088480353355,,,
EXP_XGBModel_Alpha158_csi300_expanding_step40_s_20260111_00,2f2d4eb181db4668bdbd3b6e264ca822,2026-05-27,SH601888,0.0680011436343193,,,
EXP_XGBModel_Alpha158_csi300_expanding_step40_s_20260111_00,2f2d4eb181db4668bdbd3b6e264ca822,2026-05-27,SH601898,-0.019554119557142258,,,
EXP_XGBModel_Alpha158_csi300_expanding_step40_s_20260111_00,2f2d4eb181db4668bdbd3b6e264ca822,2026-05-27,SH601899,0.13528265058994293,,,
EXP_XGBModel_Alpha158_csi300_expanding_step40_s_20260111_00,2f2d4eb181db4668bdbd3b6e264ca822,2026-05-27,SH601788,-0.017979983240365982,,,
EXP_XGBModel_Alpha158_csi300_expanding_step40_s_20260111_00,2f2d4eb181db4668bdbd3b6e264ca822,2026-05-27,SH600926,-0.035894040018320084,,,
EXP_XGBModel_Alpha158_csi300_expanding_step40_s_20260111_00,2f2d4eb181db4668bdbd3b6e264ca822,2026-05-27,SH601766,-0.05431019514799118,,,
EXP_XGBModel_Alpha158_csi300_expanding_step40_s_20260111_00,2f2d4eb181db4668bdbd3b6e264ca822,2026-05-27,SH601698,0.00977310724556446,,,
EXP_XGBModel_Alpha158_csi300_expanding_step40_s_20260111_00,2f2d4eb181db4668bdbd3b6e264ca822,2026-05-27,SH601377,0.02372218854725361,,,
EXP_XGBModel_Alpha158_csi300_expanding_step40_s_20260111_00,2f2d4eb181db4668bdbd3b6e264ca822,2026-05-27,SH601390,0.0013872539857402444,,,
EXP_XGBModel_Alpha158_csi300_expanding_step40_s_20260111_00,2f2d4eb181db4668bdbd3b6e264ca822,2026-05-27,SH601398,0.0763242170214653,,,
EXP_XGBModel_Alpha158_csi300_expanding_step40_s_20260111_00,2f2d4eb181db4668bdbd3b6e264ca822,2026-05-27,SH601456,-0.03959288448095322,,,
EXP_XGBModel_Alpha158_csi300_expanding_step40_s_20260111_00,2f2d4eb181db4668bdbd3b6e264ca822,2026-05-27,SH601600,0.11698614060878754,,,
EXP_XGBModel_Alpha158_csi300_expanding_step40_s_20260111_00,2f2d4eb181db4668bdbd3b6e264ca822,2026-05-27,SH601601,0.028761882334947586,,,
EXP_XGBModel_Alpha158_csi300_expanding_step40_s_20260111_00,2f2d4eb181db4668bdbd3b6e264ca822,2026-05-27,SH601607,0.008804651908576488,,,
EXP_XGBModel_Alpha158_csi300_expanding_step40_s_20260111_00,2f2d4eb181db4668bdbd3b6e264ca822,2026-05-27,SH601618,0.02624506503343582,,,
EXP_XGBModel_Alpha158_csi300_expanding_step40_s_20260111_00,2f2d4eb181db4668bdbd3b6e264ca822,2026-05-27,SH601628,-0.016975410282611847,,,
EXP_XGBModel_Alpha158_csi300_expanding_step40_s_20260111_00,2f2d4eb181db4668bdbd3b6e264ca822,2026-05-27,SH601633,0.10267630964517593,,,
EXP_XGBModel_Alpha158_csi300_expanding_step40_s_20260111_00,2f2d4eb181db4668bdbd3b6e264ca822,2026-05-27,SH601658,0.009438961744308472,,,
EXP_XGBModel_Alpha158_csi300_expanding_step40_s_20260111_00,2f2d4eb181db4668bdbd3b6e264ca822,2026-05-27,SH601668,-0.07559346407651901,,,
EXP_XGBModel_Alpha158_csi300_expanding_step40_s_20260111_00,2f2d4eb181db4668bdbd3b6e264ca822,2026-05-27,SH601669,-0.002411571564152837,,,
EXP_XGBModel_Alpha158_csi300_expanding_step40_s_20260111_00,2f2d4eb181db4668bdbd3b6e264ca822,2026-05-27,SH601688,0.012787111103534698,,,
EXP_XGBModel_Alpha158_csi300_expanding_step40_s_20260111_00,2f2d4eb181db4668bdbd3b6e264ca822,2026-05-27,SH601689,0.2632836699485779,,,
EXP_XGBModel_Alpha158_csi300_expanding_step40_s_20260111_00,2f2d4eb181db4668bdbd3b6e264ca822,2026-05-27,SH601728,-0.07690969109535217,,,
EXP_XGBModel_Alpha158_csi300_expanding_step40_s_20260111_00,2f2d4eb181db4668bdbd3b6e264ca822,2026-05-27,SH601901,0.098659448325634,,,
EXP_XGBModel_Alpha158_csi300_expanding_step40_s_20260111_00,2f2d4eb181db4668bdbd3b6e264ca822,2026-05-27,SH600919,0.07098408788442612,,,
EXP_XGBModel_Alpha158_csi300_expanding_step40_s_20260111_00,2f2d4eb181db4668bdbd3b6e264ca822,2026-05-27,SH600905,-0.05198538303375244,,,
EXP_XGBModel_Alpha158_csi300_expanding_step40_s_20260111_00,2f2d4eb181db4668bdbd3b6e264ca822,2026-05-27,SH600066,-0.08307615667581558,,,
EXP_XGBModel_Alpha158_csi300_expanding_step40_s_20260111_00,2f2d4eb181db4668bdbd3b6e264ca822,2026-05-27,SH600085,-0.0840010941028595,,,
EXP_XGBModel_Alpha158_csi300_expanding_step40_s_20260111_00,2f2d4eb181db4668bdbd3b6e264ca822,2026-05-27,SH600089,-0.055521219968795776,,,
EXP_XGBModel_Alpha158_csi300_expanding_step40_s_20260111_00,2f2d4eb181db4668bdbd3b6e264ca822,2026-05-27,SH600104,0.22683046758174896,,,
EXP_XGBModel_Alpha158_csi300_expanding_step40_s_20260111_00,2f2d4eb181db4668bdbd3b6e264ca822,2026-05-27,SH600111,0.012377425096929073,,,
EXP_XGBModel_Alpha158_csi300_expanding_step40_s_20260111_00,2f2d4eb181db4668bdbd3b6e264ca822,2026-05-27,SH600115,0.08765440434217453,,,
EXP_XGBModel_Alpha158_csi300_expanding_step40_s_20260111_00,2f2d4eb181db4668bdbd3b6e264ca822,2026-05-27,SH600061,0.014259811490774155,,,
EXP_XGBModel_Alpha158_csi300_expanding_step40_s_20260111_00,2f2d4eb181db4668bdbd3b6e264ca822,2026-05-27,SH600150,0.051287513226270676,,,
EXP_XGBModel_Alpha158_csi300_expanding_step40_s_20260111_00,2f2d4eb181db4668bdbd3b6e264ca822,2026-05-27,SH600161,-0.05460261180996895,,,
EXP_XGBModel_Alpha158_csi300_expanding_step40_s_20260111_00,2f2d4eb181db4668bdbd3b6e264ca822,2026-05-27,SH600176,0.11334525048732758,,,
EXP_XGBModel_Alpha158_csi300_expanding_step40_s_20260111_00,2f2d4eb181db4668bdbd3b6e264ca822,2026-05-27,SH600183,-0.03151437267661095,,,
EXP_XGBModel_Alpha158_csi300_expanding_step40_s_20260111_00,2f2d4eb181db4668bdbd3b6e264ca822,2026-05-27,SH600188,-0.04189672693610191,,,
EXP_XGBModel_Alpha158_csi300_expanding_step40_s_20260111_00,2f2d4eb181db4668bdbd3b6e264ca822,2026-05-27,SH600196,0.015901334583759308,,,
EXP_XGBModel_Alpha158_csi300_expanding_step40_s_20260111_00,2f2d4eb181db4668bdbd3b6e264ca822,2026-05-27,SH600219,0.07835106551647186,,,
EXP_XGBModel_Alpha158_csi300_expanding_step40_s_20260111_00,2f2d4eb181db4668bdbd3b6e264ca822,2026-05-27,SH600160,0.049693621695041656,,,
EXP_XGBModel_Alpha158_csi300_expanding_step40_s_20260111_00,2f2d4eb181db4668bdbd3b6e264ca822,2026-05-27,SH600050,-0.09466392546892166,,,
EXP_XGBModel_Alpha158_csi300_expanding_step40_s_20260111_00,2f2d4eb181db4668bdbd3b6e264ca822,2026-05-27,SH600048,0.016493340954184532,,,
EXP_XGBModel_Alpha158_csi300_expanding_step40_s_20260111_00,2f2d4eb181db4668bdbd3b6e264ca822,2026-05-27,SH600039,-0.11032412201166153,,,
EXP_XGBModel_Alpha158_csi300_expanding_step40_s_20260111_00,2f2d4eb181db4668bdbd3b6e264ca822,2026-05-27,SH600010,0.08417380601167679,,,
EXP_XGBModel_Alpha158_csi300_expanding_step40_s_20260111_00,2f2d4eb181db4668bdbd3b6e264ca822,2026-05-27,SH600011,0.028288202360272408,,,
EXP_XGBModel_Alpha158_csi300_expanding_step40_s_20260111_00,2f2d4eb181db4668bdbd3b6e264ca822,2026-05-27,SH600015,0.015086851082742214,,,
EXP_XGBModel_Alpha158_csi300_expanding_step40_s_20260111_00,2f2d4eb181db4668bdbd3b6e264ca822,2026-05-27,SH600016,0.00011756143067032099,,,
EXP_XGBModel_Alpha158_csi300_expanding_step40_s_20260111_00,2f2d4eb181db4668bdbd3b6e264ca822,2026-05-27,SH600018,0.023292379453778267,,,
EXP_XGBModel_Alpha158_csi300_expanding_step40_s_20260111_00,2f2d4eb181db4668bdbd3b6e264ca822,2026-05-27,SH600019,-0.07243718951940536,,,
EXP_XGBModel_Alpha158_csi300_expanding_step40_s_20260111_00,2f2d4eb181db4668bdbd3b6e264ca822,2026-05-27,SH600023,0.008369429036974907,,,
EXP_XGBModel_Alpha158_csi300_expanding_step40_s_20260111_00,2f2d4eb181db4668bdbd3b6e264ca822,2026-05-27,SH600025,0.005593344569206238,,,
EXP_XGBModel_Alpha158_csi300_expanding_step40_s_20260111_00,2f2d4eb181db4668bdbd3b6e264ca822,2026-05-27,SH600026,-0.02181575633585453,,,
EXP_XGBModel_Alpha158_csi300_expanding_step40_s_20260111_00,2f2d4eb181db4668bdbd3b6e264ca822,2026-05-27,SH600027,0.005371530540287495,,,
EXP_XGBModel_Alpha158_csi300_expanding_step40_s_20260111_00,2f2d4eb181db4668bdbd3b6e264ca822,2026-05-27,SH600028,-0.09329855442047119,,,
EXP_XGBModel_Alpha158_csi300_expanding_step40_s_20260111_00,2f2d4eb181db4668bdbd3b6e264ca822,2026-05-27,SH600029,0.08651583641767502,,,
EXP_XGBModel_Alpha158_csi300_expanding_step40_s_20260111_00,2f2d4eb181db4668bdbd3b6e264ca822,2026-05-27,SH600030,-0.0382746197283268,,,
EXP_XGBModel_Alpha158_csi300_expanding_step40_s_20260111_00,2f2d4eb181db4668bdbd3b6e264ca822,2026-05-27,SH600031,0.11277153342962265,,,
EXP_XGBModel_Alpha158_csi300_expanding_step40_s_20260111_00,2f2d4eb181db4668bdbd3b6e264ca822,2026-05-27,SH600036,-0.08974197506904602,,,
EXP_XGBModel_Alpha158_csi300_expanding_step40_s_20260111_00,2f2d4eb181db4668bdbd3b6e264ca822,2026-05-27,SH600233,-0.040905699133872986,,,
EXP_XGBModel_Alpha158_csi300_expanding_step40_s_20260111_00,2f2d4eb181db4668bdbd3b6e264ca822,2026-05-27,SH600276,-0.04190544784069061,,,
EXP_XGBModel_Alpha158_csi300_expanding_step40_s_20260111_00,2f2d4eb181db4668bdbd3b6e264ca822,2026-05-27,SH600309,0.10601785778999329,,,
EXP_XGBModel_Alpha158_csi300_expanding_step40_s_20260111_00,2f2d4eb181db4668bdbd3b6e264ca822,2026-05-27,SH600346,0.19368907809257507,,,
EXP_XGBModel_Alpha158_csi300_expanding_step40_s_20260111_00,2f2d4eb181db4668bdbd3b6e264ca822,2026-05-27,SH600600,0.025957202538847923,,,
EXP_XGBModel_Alpha158_csi300_expanding_step40_s_20260111_00,2f2d4eb181db4668bdbd3b6e264ca822,2026-05-27,SH600660,-0.05375049635767937,,,
EXP_XGBModel_Alpha158_csi300_expanding_step40_s_20260111_00,2f2d4eb181db4668bdbd3b6e264ca822,2026-05-27,SH600674,-0.00916404090821743,,,
EXP_XGBModel_Alpha158_csi300_expanding_step40_s_20260111_00,2f2d4eb181db4668bdbd3b6e264ca822,2026-05-27,SH600690,-0.10104402899742126,,,
EXP_XGBModel_Alpha158_csi300_expanding_step40_s_20260111_00,2f2d4eb181db4668bdbd3b6e264ca822,2026-05-27,SH600741,-0.12558002769947052,,,
EXP_XGBModel_Alpha158_csi300_expanding_step40_s_20260111_00,2f2d4eb181db4668bdbd3b6e264ca822,2026-05-27,SH600760,0.07885903120040894,,,
EXP_XGBModel_Alpha158_csi300_expanding_step40_s_20260111_00,2f2d4eb181db4668bdbd3b6e264ca822,2026-05-27,SH600795,-0.03125191852450371,,,
EXP_XGBModel_Alpha158_csi300_expanding_step40_s_20260111_00,2f2d4eb181db4668bdbd3b6e264ca822,2026-05-27,SH600803,-0.0862061083316803,,,
EXP_XGBModel_Alpha158_csi300_expanding_step40_s_20260111_00,2f2d4eb181db4668bdbd3b6e264ca822,2026-05-27,SH600809,-0.07689565420150757,,,
EXP_XGBModel_Alpha158_csi300_expanding_step40_s_20260111_00,2f2d4eb181db4668bdbd3b6e264ca822,2026-05-27,SH600845,-0.04264860972762108,,,
EXP_XGBModel_Alpha158_csi300_expanding_step40_s_20260111_00,2f2d4eb181db4668bdbd3b6e264ca822,2026-05-27,SH600875,0.031119538471102715,,,
EXP_XGBModel_Alpha158_csi300_expanding_step40_s_20260111_00,2f2d4eb181db4668bdbd3b6e264ca822,2026-05-27,SH600886,-0.016557792201638222,,,
EXP_XGBModel_Alpha158_csi300_expanding_step40_s_20260111_00,2f2d4eb181db4668bdbd3b6e264ca822,2026-05-27,SH600887,-0.02488403022289276,,,
EXP_XGBModel_Alpha158_csi300_expanding_step40_s_20260111_00,2f2d4eb181db4668bdbd3b6e264ca822,2026-05-27,SH600893,0.03463961184024811,,,
EXP_XGBModel_Alpha158_csi300_expanding_step40_s_20260111_00,2f2d4eb181db4668bdbd3b6e264ca822,2026-05-27,SH600900,0.24366797506809235,,,
EXP_XGBModel_Alpha158_csi300_expanding_step40_s_20260111_00,2f2d4eb181db4668bdbd3b6e264ca822,2026-05-27,SH600588,0.10857586562633514,,,
EXP_XGBModel_Alpha158_csi300_expanding_step40_s_20260111_00,2f2d4eb181db4668bdbd3b6e264ca822,2026-05-27,SH600918,-0.004198445472866297,,,
EXP_XGBModel_Alpha158_csi300_expanding_step40_s_20260111_00,2f2d4eb181db4668bdbd3b6e264ca822,2026-05-27,SH600585,0.015492688864469528,,,
EXP_XGBModel_Alpha158_csi300_expanding_step40_s_20260111_00,2f2d4eb181db4668bdbd3b6e264ca822,2026-05-27,SH600570,0.09547823667526245,,,
EXP_XGBModel_Alpha158_csi300_expanding_step40_s_20260111_00,2f2d4eb181db4668bdbd3b6e264ca822,2026-05-27,SH600362,0.06437863409519196,,,
EXP_XGBModel_Alpha158_csi300_expanding_step40_s_20260111_00,2f2d4eb181db4668bdbd3b6e264ca822,2026-05-27,SH600372,0.05193080008029938,,,
EXP_XGBModel_Alpha158_csi300_expanding_step40_s_20260111_00,2f2d4eb181db4668bdbd3b6e264ca822,2026-05-27,SH600377,-0.017506523057818413,,,
EXP_XGBModel_Alpha158_csi300_expanding_step40_s_20260111_00,2f2d4eb181db4668bdbd3b6e264ca822,2026-05-27,SH600406,-0.017782049253582954,,,
EXP_XGBModel_Alpha158_csi300_expanding_step40_s_20260111_00,2f2d4eb181db4668bdbd3b6e264ca822,2026-05-27,SH600415,0.003578372998163104,,,
EXP_XGBModel_Alpha158_csi300_expanding_step40_s_20260111_00,2f2d4eb181db4668bdbd3b6e264ca822,2026-05-27,SH600426,0.21635198593139648,,,
EXP_XGBModel_Alpha158_csi300_expanding_step40_s_20260111_00,2f2d4eb181db4668bdbd3b6e264ca822,2026-05-27,SH600436,-0.14843524992465973,,,
EXP_XGBModel_Alpha158_csi300_expanding_step40_s_20260111_00,2f2d4eb181db4668bdbd3b6e264ca822,2026-05-27,SH600438,0.03012881986796856,,,
EXP_XGBModel_Alpha158_csi300_expanding_step40_s_20260111_00,2f2d4eb181db4668bdbd3b6e264ca822,2026-05-27,SH600460,-0.08401486277580261,,,
EXP_XGBModel_Alpha158_csi300_expanding_step40_s_20260111_00,2f2d4eb181db4668bdbd3b6e264ca822,2026-05-27,SH600482,0.023123731836676598,,,
EXP_XGBModel_Alpha158_csi300_expanding_step40_s_20260111_00,2f2d4eb181db4668bdbd3b6e264ca822,2026-05-27,SH600489,0.17112089693546295,,,
EXP_XGBModel_Alpha158_csi300_expanding_step40_s_20260111_00,2f2d4eb181db4668bdbd3b6e264ca822,2026-05-27,SH600515,0.029763244092464447,,,
EXP_XGBModel_Alpha158_csi300_expanding_step40_s_20260111_00,2f2d4eb181db4668bdbd3b6e264ca822,2026-05-27,SH600519,-0.008466150611639023,,,
EXP_XGBModel_Alpha158_csi300_expanding_step40_s_20260111_00,2f2d4eb181db4668bdbd3b6e264ca822,2026-05-27,SH600522,0.10708800703287125,,,
EXP_XGBModel_Alpha158_csi300_expanding_step40_s_20260111_00,2f2d4eb181db4668bdbd3b6e264ca822,2026-05-27,SH600547,0.03929971158504486,,,
EXP_XGBModel_Alpha158_csi300_expanding_step40_s_20260111_00,2f2d4eb181db4668bdbd3b6e264ca822,2026-05-27,SH600584,-0.3407977819442749,,,
EXP_XGBModel_Alpha158_csi300_expanding_step40_s_20260111_00,2f2d4eb181db4668bdbd3b6e264ca822,2026-05-27,SH600009,-0.022942768409848213,,,
EXP_XGBModel_Alpha158_csi300_expanding_step40_s_20260111_00,2f2d4eb181db4668bdbd3b6e264ca822,2026-05-27,SH601916,-0.04872002452611923,,,
EXP_XGBModel_Alpha158_csi300_expanding_step40_s_20260111_00,2f2d4eb181db4668bdbd3b6e264ca822,2026-05-27,SH601939,0.06587646901607513,,,
EXP_XGBModel_Alpha158_csi300_expanding_step40_s_20260111_00,2f2d4eb181db4668bdbd3b6e264ca822,2026-05-27,SZ002422,-0.029886147007346153,,,
EXP_XGBModel_Alpha158_csi300_expanding_step40_s_20260111_00,2f2d4eb181db4668bdbd3b6e264ca822,2026-05-27,SZ002459,0.10108747333288193,,,
EXP_XGBModel_Alpha158_csi300_expanding_step40_s_20260111_00,2f2d4eb181db4668bdbd3b6e264ca822,2026-05-27,SZ002460,0.15412652492523193,,,
EXP_XGBModel_Alpha158_csi300_expanding_step40_s_20260111_00,2f2d4eb181db4668bdbd3b6e264ca822,2026-05-27,SZ002463,0.12167339026927948,,,
EXP_XGBModel_Alpha158_csi300_expanding_step40_s_20260111_00,2f2d4eb181db4668bdbd3b6e264ca822,2026-05-27,SZ002466,0.2011546641588211,,,
EXP_XGBModel_Alpha158_csi300_expanding_step40_s_20260111_00,2f2d4eb181db4668bdbd3b6e264ca822,2026-05-27,SZ002475,-0.02660646103322506,,,
EXP_XGBModel_Alpha158_csi300_expanding_step40_s_20260111_00,2f2d4eb181db4668bdbd3b6e264ca822,2026-05-27,SZ002415,0.06100517883896828,,,
EXP_XGBModel_Alpha158_csi300_expanding_step40_s_20260111_00,2f2d4eb181db4668bdbd3b6e264ca822,2026-05-27,SZ002493,0.045628391206264496,,,
EXP_XGBModel_Alpha158_csi300_expanding_step40_s_20260111_00,2f2d4eb181db4668bdbd3b6e264ca822,2026-05-27,SZ002600,-0.0004002426576334983,,,
EXP_XGBModel_Alpha158_csi300_expanding_step40_s_20260111_00,2f2d4eb181db4668bdbd3b6e264ca822,2026-05-27,SZ002601,0.26729094982147217,,,
EXP_XGBModel_Alpha158_csi300_expanding_step40_s_20260111_00,2f2d4eb181db4668bdbd3b6e264ca822,2026-05-27,SZ002625,0.08479724824428558,,,
EXP_XGBModel_Alpha158_csi300_expanding_step40_s_20260111_00,2f2d4eb181db4668bdbd3b6e264ca822,2026-05-27,SZ002648,0.04626127704977989,,,
EXP_XGBModel_Alpha158_csi300_expanding_step40_s_20260111_00,2f2d4eb181db4668bdbd3b6e264ca822,2026-05-27,SZ002709,0.12953664362430573,,,
EXP_XGBModel_Alpha158_csi300_expanding_step40_s_20260111_00,2f2d4eb181db4668bdbd3b6e264ca822,2026-05-27,SZ002714,0.005830848589539528,,,
EXP_XGBModel_Alpha158_csi300_expanding_step40_s_20260111_00,2f2d4eb181db4668bdbd3b6e264ca822,2026-05-27,SZ002594,-0.002864770358428359,,,
EXP_XGBModel_Alpha158_csi300_expanding_step40_s_20260111_00,2f2d4eb181db4668bdbd3b6e264ca822,2026-05-27,SZ002384,-0.4979636073112488,,,
EXP_XGBModel_Alpha158_csi300_expanding_step40_s_20260111_00,2f2d4eb181db4668bdbd3b6e264ca822,2026-05-27,SZ002371,0.08006536960601807,,,
EXP_XGBModel_Alpha158_csi300_expanding_step40_s_20260111_00,2f2d4eb181db4668bdbd3b6e264ca822,2026-05-27,SZ002352,0.02648320235311985,,,
EXP_XGBModel_Alpha158_csi300_expanding_step40_s_20260111_00,2f2d4eb181db4668bdbd3b6e264ca822,2026-05-27,SZ001979,0.22768089175224304,,,
EXP_XGBModel_Alpha158_csi300_expanding_step40_s_20260111_00,2f2d4eb181db4668bdbd3b6e264ca822,2026-05-27,SZ002001,-0.0230186115950346,,,
EXP_XGBModel_Alpha158_csi300_expanding_step40_s_20260111_00,2f2d4eb181db4668bdbd3b6e264ca822,2026-05-27,SZ002027,0.04352644085884094,,,
EXP_XGBModel_Alpha158_csi300_expanding_step40_s_20260111_00,2f2d4eb181db4668bdbd3b6e264ca822,2026-05-27,SZ002028,0.20560193061828613,,,
EXP_XGBModel_Alpha158_csi300_expanding_step40_s_20260111_00,2f2d4eb181db4668bdbd3b6e264ca822,2026-05-27,SZ002049,-0.07464554160833359,,,
EXP_XGBModel_Alpha158_csi300_expanding_step40_s_20260111_00,2f2d4eb181db4668bdbd3b6e264ca822,2026-05-27,SZ002050,0.07187359035015106,,,
EXP_XGBModel_Alpha158_csi300_expanding_step40_s_20260111_00,2f2d4eb181db4668bdbd3b6e264ca822,2026-05-27,SZ002074,0.11196402460336685,,,
EXP_XGBModel_Alpha158_csi300_expanding_step40_s_20260111_00,2f2d4eb181db4668bdbd3b6e264ca822,2026-05-27,SZ002142,-0.03581199795007706,,,
EXP_XGBModel_Alpha158_csi300_expanding_step40_s_20260111_00,2f2d4eb181db4668bdbd3b6e264ca822,2026-05-27,SZ002179,0.08451192080974579,,,
EXP_XGBModel_Alpha158_csi300_expanding_step40_s_20260111_00,2f2d4eb181db4668bdbd3b6e264ca822,2026-05-27,SZ002230,0.027719149366021156,,,
EXP_XGBModel_Alpha158_csi300_expanding_step40_s_20260111_00,2f2d4eb181db4668bdbd3b6e264ca822,2026-05-27,SZ002236,0.1417514681816101,,,
EXP_XGBModel_Alpha158_csi300_expanding_step40_s_20260111_00,2f2d4eb181db4668bdbd3b6e264ca822,2026-05-27,SZ002241,0.0706816241145134,,,
EXP_XGBModel_Alpha158_csi300_expanding_step40_s_20260111_00,2f2d4eb181db4668bdbd3b6e264ca822,2026-05-27,SZ002252,-0.09858445823192596,,,
EXP_XGBModel_Alpha158_csi300_expanding_step40_s_20260111_00,2f2d4eb181db4668bdbd3b6e264ca822,2026-05-27,SZ002304,-0.10222406685352325,,,
EXP_XGBModel_Alpha158_csi300_expanding_step40_s_20260111_00,2f2d4eb181db4668bdbd3b6e264ca822,2026-05-27,SZ002311,-0.06431110948324203,,,
EXP_XGBModel_Alpha158_csi300_expanding_step40_s_20260111_00,2f2d4eb181db4668bdbd3b6e264ca822,2026-05-27,SZ002736,0.0009171979036182165,,,
EXP_XGBModel_Alpha158_csi300_expanding_step40_s_20260111_00,2f2d4eb181db4668bdbd3b6e264ca822,2026-05-27,SZ002916,-0.010641533881425858,,,
EXP_XGBModel_Alpha158_csi300_expanding_step40_s_20260111_00,2f2d4eb181db4668bdbd3b6e264ca822,2026-05-27,SZ002920,-0.003767087124288082,,,
EXP_XGBModel_Alpha158_csi300_expanding_step40_s_20260111_00,2f2d4eb181db4668bdbd3b6e264ca822,2026-05-27,SZ002938,0.149348184466362,,,
EXP_XGBModel_Alpha158_csi300_expanding_step40_s_20260111_00,2f2d4eb181db4668bdbd3b6e264ca822,2026-05-27,SZ300498,0.1280190348625183,,,
EXP_XGBModel_Alpha158_csi300_expanding_step40_s_20260111_00,2f2d4eb181db4668bdbd3b6e264ca822,2026-05-27,SZ300502,-0.10257473587989807,,,
EXP_XGBModel_Alpha158_csi300_expanding_step40_s_20260111_00,2f2d4eb181db4668bdbd3b6e264ca822,2026-05-27,SZ300628,0.024240070953965187,,,
EXP_XGBModel_Alpha158_csi300_expanding_step40_s_20260111_00,2f2d4eb181db4668bdbd3b6e264ca822,2026-05-27,SZ300661,-0.3325456380844116,,,
EXP_XGBModel_Alpha158_csi300_expanding_step40_s_20260111_00,2f2d4eb181db4668bdbd3b6e264ca822,2026-05-27,SZ300750,0.07051289826631546,,,
EXP_XGBModel_Alpha158_csi300_expanding_step40_s_20260111_00,2f2d4eb181db4668bdbd3b6e264ca822,2026-05-27,SZ300759,-0.04885833337903023,,,
EXP_XGBModel_Alpha158_csi300_expanding_step40_s_20260111_00,2f2d4eb181db4668bdbd3b6e264ca822,2026-05-27,SZ300760,-0.023463239893317223,,,
EXP_XGBModel_Alpha158_csi300_expanding_step40_s_20260111_00,2f2d4eb181db4668bdbd3b6e264ca822,2026-05-27,SZ300782,0.06608801335096359,,,
EXP_XGBModel_Alpha158_csi300_expanding_step40_s_20260111_00,2f2d4eb181db4668bdbd3b6e264ca822,2026-05-27,SZ300803,0.0006235559703782201,,,
EXP_XGBModel_Alpha158_csi300_expanding_step40_s_20260111_00,2f2d4eb181db4668bdbd3b6e264ca822,2026-05-27,SZ300832,-0.03296635299921036,,,
EXP_XGBModel_Alpha158_csi300_expanding_step40_s_20260111_00,2f2d4eb181db4668bdbd3b6e264ca822,2026-05-27,SZ300866,-0.013997727073729038,,,
EXP_XGBModel_Alpha158_csi300_expanding_step40_s_20260111_00,2f2d4eb181db4668bdbd3b6e264ca822,2026-05-27,SZ300896,-0.0007622780976817012,,,
EXP_XGBModel_Alpha158_csi300_expanding_step40_s_20260111_00,2f2d4eb181db4668bdbd3b6e264ca822,2026-05-27,SZ300979,-0.017046771943569183,,,
EXP_XGBModel_Alpha158_csi300_expanding_step40_s_20260111_00,2f2d4eb181db4668bdbd3b6e264ca822,2026-05-27,SZ300999,-0.0555606372654438,,,
EXP_XGBModel_Alpha158_csi300_expanding_step40_s_20260111_00,2f2d4eb181db4668bdbd3b6e264ca822,2026-05-27,SZ301236,0.1565367877483368,,,
EXP_XGBModel_Alpha158_csi300_expanding_step40_s_20260111_00,2f2d4eb181db4668bdbd3b6e264ca822,2026-05-27,SZ300476,-0.03581307828426361,,,
EXP_XGBModel_Alpha158_csi300_expanding_step40_s_20260111_00,2f2d4eb181db4668bdbd3b6e264ca822,2026-05-27,SZ001965,0.016705002635717392,,,
EXP_XGBModel_Alpha158_csi300_expanding_step40_s_20260111_00,2f2d4eb181db4668bdbd3b6e264ca822,2026-05-27,SZ300442,0.04210115969181061,,,
EXP_XGBModel_Alpha158_csi300_expanding_step40_s_20260111_00,2f2d4eb181db4668bdbd3b6e264ca822,2026-05-27,SZ300418,0.10285729914903641,,,
EXP_XGBModel_Alpha158_csi300_expanding_step40_s_20260111_00,2f2d4eb181db4668bdbd3b6e264ca822,2026-05-27,SZ003816,0.14436766505241394,,,
EXP_XGBModel_Alpha158_csi300_expanding_step40_s_20260111_00,2f2d4eb181db4668bdbd3b6e264ca822,2026-05-27,SZ300014,0.04733084514737129,,,
EXP_XGBModel_Alpha158_csi300_expanding_step40_s_20260111_00,2f2d4eb181db4668bdbd3b6e264ca822,2026-05-27,SZ300015,-0.0485004186630249,,,
EXP_XGBModel_Alpha158_csi300_expanding_step40_s_20260111_00,2f2d4eb181db4668bdbd3b6e264ca822,2026-05-27,SZ300033,0.1101575642824173,,,
EXP_XGBModel_Alpha158_csi300_expanding_step40_s_20260111_00,2f2d4eb181db4668bdbd3b6e264ca822,2026-05-27,SZ300059,0.043526966124773026,,,
EXP_XGBModel_Alpha158_csi300_expanding_step40_s_20260111_00,2f2d4eb181db4668bdbd3b6e264ca822,2026-05-27,SZ300122,-0.09505043178796768,,,
EXP_XGBModel_Alpha158_csi300_expanding_step40_s_20260111_00,2f2d4eb181db4668bdbd3b6e264ca822,2026-05-27,SZ300124,0.172367662191391,,,
EXP_XGBModel_Alpha158_csi300_expanding_step40_s_20260111_00,2f2d4eb181db4668bdbd3b6e264ca822,2026-05-27,SZ300251,0.06567598134279251,,,
EXP_XGBModel_Alpha158_csi300_expanding_step40_s_20260111_00,2f2d4eb181db4668bdbd3b6e264ca822,2026-05-27,SZ300274,-0.024319469928741455,,,
EXP_XGBModel_Alpha158_csi300_expanding_step40_s_20260111_00,2f2d4eb181db4668bdbd3b6e264ca822,2026-05-27,SZ300308,-0.3713690936565399,,,
EXP_XGBModel_Alpha158_csi300_expanding_step40_s_20260111_00,2f2d4eb181db4668bdbd3b6e264ca822,2026-05-27,SZ300316,0.32214441895484924,,,
EXP_XGBModel_Alpha158_csi300_expanding_step40_s_20260111_00,2f2d4eb181db4668bdbd3b6e264ca822,2026-05-27,SZ300347,0.13444580137729645,,,
EXP_XGBModel_Alpha158_csi300_expanding_step40_s_20260111_00,2f2d4eb181db4668bdbd3b6e264ca822,2026-05-27,SZ300394,0.11645323038101196,,,
EXP_XGBModel_Alpha158_csi300_expanding_step40_s_20260111_00,2f2d4eb181db4668bdbd3b6e264ca822,2026-05-27,SZ300408,0.09307407587766647,,,
EXP_XGBModel_Alpha158_csi300_expanding_step40_s_20260111_00,2f2d4eb181db4668bdbd3b6e264ca822,2026-05-27,SZ300413,0.08991342782974243,,,
EXP_XGBModel_Alpha158_csi300_expanding_step40_s_20260111_00,2f2d4eb181db4668bdbd3b6e264ca822,2026-05-27,SZ300433,-0.4598076045513153,,,
EXP_XGBModel_Alpha158_csi300_expanding_step40_s_20260111_00,2f2d4eb181db4668bdbd3b6e264ca822,2026-05-27,SH601919,-0.00806749239563942,,,
EXP_XGBModel_Alpha158_csi300_expanding_step40_s_20260111_00,2f2d4eb181db4668bdbd3b6e264ca822,2026-05-27,SZ001391,-0.11429005861282349,,,
EXP_XGBModel_Alpha158_csi300_expanding_step40_s_20260111_00,2f2d4eb181db4668bdbd3b6e264ca822,2026-05-27,SZ000983,-0.046269018203020096,,,
EXP_XGBModel_Alpha158_csi300_expanding_step40_s_20260111_00,2f2d4eb181db4668bdbd3b6e264ca822,2026-05-27,SH688008,-0.2817028760910034,,,
EXP_XGBModel_Alpha158_csi300_expanding_step40_s_20260111_00,2f2d4eb181db4668bdbd3b6e264ca822,2026-05-27,SH688009,-0.06324023008346558,,,
EXP_XGBModel_Alpha158_csi300_expanding_step40_s_20260111_00,2f2d4eb181db4668bdbd3b6e264ca822,2026-05-27,SH688012,-0.08653396368026733,,,
EXP_XGBModel_Alpha158_csi300_expanding_step40_s_20260111_00,2f2d4eb181db4668bdbd3b6e264ca822,2026-05-27,SH688036,0.1959744393825531,,,
EXP_XGBModel_Alpha158_csi300_expanding_step40_s_20260111_00,2f2d4eb181db4668bdbd3b6e264ca822,2026-05-27,SH688041,-0.013347769156098366,,,
EXP_XGBModel_Alpha158_csi300_expanding_step40_s_20260111_00,2f2d4eb181db4668bdbd3b6e264ca822,2026-05-27,SH688047,0.08909077197313309,,,
EXP_XGBModel_Alpha158_csi300_expanding_step40_s_20260111_00,2f2d4eb181db4668bdbd3b6e264ca822,2026-05-27,SH605499,0.010375648736953735,,,
EXP_XGBModel_Alpha158_csi300_expanding_step40_s_20260111_00,2f2d4eb181db4668bdbd3b6e264ca822,2026-05-27,SH688082,-0.0631500706076622,,,
EXP_XGBModel_Alpha158_csi300_expanding_step40_s_20260111_00,2f2d4eb181db4668bdbd3b6e264ca822,2026-05-27,SH688126,-0.11089849472045898,,,
EXP_XGBModel_Alpha158_csi300_expanding_step40_s_20260111_00,2f2d4eb181db4668bdbd3b6e264ca822,2026-05-27,SH688169,0.03296549618244171,,,
EXP_XGBModel_Alpha158_csi300_expanding_step40_s_20260111_00,2f2d4eb181db4668bdbd3b6e264ca822,2026-05-27,SH688187,-0.23337343335151672,,,
EXP_XGBModel_Alpha158_csi300_expanding_step40_s_20260111_00,2f2d4eb181db4668bdbd3b6e264ca822,2026-05-27,SH688223,-0.01114591583609581,,,
EXP_XGBModel_Alpha158_csi300_expanding_step40_s_20260111_00,2f2d4eb181db4668bdbd3b6e264ca822,2026-05-27,SH688256,0.05703356862068176,,,
EXP_XGBModel_Alpha158_csi300_expanding_step40_s_20260111_00,2f2d4eb181db4668bdbd3b6e264ca822,2026-05-27,SH688271,0.05851079896092415,,,
EXP_XGBModel_Alpha158_csi300_expanding_step40_s_20260111_00,2f2d4eb181db4668bdbd3b6e264ca822,2026-05-27,SH688111,0.10074621438980103,,,
EXP_XGBModel_Alpha158_csi300_expanding_step40_s_20260111_00,2f2d4eb181db4668bdbd3b6e264ca822,2026-05-27,SH605117,0.08448272198438644,,,
EXP_XGBModel_Alpha158_csi300_expanding_step40_s_20260111_00,2f2d4eb181db4668bdbd3b6e264ca822,2026-05-27,SH603993,0.04507077857851982,,,
EXP_XGBModel_Alpha158_csi300_expanding_step40_s_20260111_00,2f2d4eb181db4668bdbd3b6e264ca822,2026-05-27,SH603986,-0.48344892263412476,,,
EXP_XGBModel_Alpha158_csi300_expanding_step40_s_20260111_00,2f2d4eb181db4668bdbd3b6e264ca822,2026-05-27,SH601985,-0.015453520230948925,,,
EXP_XGBModel_Alpha158_csi300_expanding_step40_s_20260111_00,2f2d4eb181db4668bdbd3b6e264ca822,2026-05-27,SH601988,0.08650929480791092,,,
EXP_XGBModel_Alpha158_csi300_expanding_step40_s_20260111_00,2f2d4eb181db4668bdbd3b6e264ca822,2026-05-27,SH601995,0.027822373434901237,,,
EXP_XGBModel_Alpha158_csi300_expanding_step40_s_20260111_00,2f2d4eb181db4668bdbd3b6e264ca822,2026-05-27,SH601998,0.0035439550410956144,,,
EXP_XGBModel_Alpha158_csi300_expanding_step40_s_20260111_00,2f2d4eb181db4668bdbd3b6e264ca822,2026-05-27,SH603019,0.07475841790437698,,,
EXP_XGBModel_Alpha158_csi300_expanding_step40_s_20260111_00,2f2d4eb181db4668bdbd3b6e264ca822,2026-05-27,SH603195,0.028344182297587395,,,
EXP_XGBModel_Alpha158_csi300_expanding_step40_s_20260111_00,2f2d4eb181db4668bdbd3b6e264ca822,2026-05-27,SH603259,0.022192250937223434,,,
EXP_XGBModel_Alpha158_csi300_expanding_step40_s_20260111_00,2f2d4eb181db4668bdbd3b6e264ca822,2026-05-27,SH603260,0.08234263211488724,,,
EXP_XGBModel_Alpha158_csi300_expanding_step40_s_20260111_00,2f2d4eb181db4668bdbd3b6e264ca822,2026-05-27,SH603288,-0.027890926226973534,,,
EXP_XGBModel_Alpha158_csi300_expanding_step40_s_20260111_00,2f2d4eb181db4668bdbd3b6e264ca822,2026-05-27,SH603296,0.1710692048072815,,,
EXP_XGBModel_Alpha158_csi300_expanding_step40_s_20260111_00,2f2d4eb181db4668bdbd3b6e264ca822,2026-05-27,SH603369,0.009862066246569157,,,
EXP_XGBModel_Alpha158_csi300_expanding_step40_s_20260111_00,2f2d4eb181db4668bdbd3b6e264ca822,2026-05-27,SH603392,-0.0659836083650589,,,
EXP_XGBModel_Alpha158_csi300_expanding_step40_s_20260111_00,2f2d4eb181db4668bdbd3b6e264ca822,2026-05-27,SH603501,0.11429030448198318,,,
EXP_XGBModel_Alpha158_csi300_expanding_step40_s_20260111_00,2f2d4eb181db4668bdbd3b6e264ca822,2026-05-27,SH603799,0.08143144100904465,,,
EXP_XGBModel_Alpha158_csi300_expanding_step40_s_20260111_00,2f2d4eb181db4668bdbd3b6e264ca822,2026-05-27,SH603893,-0.22588513791561127,,,
EXP_XGBModel_Alpha158_csi300_expanding_step40_s_20260111_00,2f2d4eb181db4668bdbd3b6e264ca822,2026-05-27,SH688303,0.08025321364402771,,,
EXP_XGBModel_Alpha158_csi300_expanding_step40_s_20260111_00,2f2d4eb181db4668bdbd3b6e264ca822,2026-05-27,SH688396,-0.07599422335624695,,,
EXP_XGBModel_Alpha158_csi300_expanding_step40_s_20260111_00,2f2d4eb181db4668bdbd3b6e264ca822,2026-05-27,SH688472,0.09782863408327103,,,
EXP_XGBModel_Alpha158_csi300_expanding_step40_s_20260111_00,2f2d4eb181db4668bdbd3b6e264ca822,2026-05-27,SH688506,-0.015544340014457703,,,
EXP_XGBModel_Alpha158_csi300_expanding_step40_s_20260111_00,2f2d4eb181db4668bdbd3b6e264ca822,2026-05-27,SZ000661,-0.007864398881793022,,,
EXP_XGBModel_Alpha158_csi300_expanding_step40_s_20260111_00,2f2d4eb181db4668bdbd3b6e264ca822,2026-05-27,SZ000708,0.08129104971885681,,,
EXP_XGBModel_Alpha158_csi300_expanding_step40_s_20260111_00,2f2d4eb181db4668bdbd3b6e264ca822,2026-05-27,SZ000725,-0.205091655254364,,,
EXP_XGBModel_Alpha158_csi300_expanding_step40_s_20260111_00,2f2d4eb181db4668bdbd3b6e264ca822,2026-05-27,SZ000768,0.03495870903134346,,,
EXP_XGBModel_Alpha158_csi300_expanding_step40_s_20260111_00,2f2d4eb181db4668bdbd3b6e264ca822,2026-05-27,SZ000776,-0.010556070134043694,,,
EXP_XGBModel_Alpha158_csi300_expanding_step40_s_20260111_00,2f2d4eb181db4668bdbd3b6e264ca822,2026-05-27,SZ000786,0.013951357454061508,,,
EXP_XGBModel_Alpha158_csi300_expanding_step40_s_20260111_00,2f2d4eb181db4668bdbd3b6e264ca822,2026-05-27,SZ000792,0.12926393747329712,,,
EXP_XGBModel_Alpha158_csi300_expanding_step40_s_20260111_00,2f2d4eb181db4668bdbd3b6e264ca822,2026-05-27,SZ000807,0.10715027153491974,,,
EXP_XGBModel_Alpha158_csi300_expanding_step40_s_20260111_00,2f2d4eb181db4668bdbd3b6e264ca822,2026-05-27,SZ000858,-0.1302715539932251,,,
EXP_XGBModel_Alpha158_csi300_expanding_step40_s_20260111_00,2f2d4eb181db4668bdbd3b6e264ca822,2026-05-27,SZ000876,-0.047823768109083176,,,
EXP_XGBModel_Alpha158_csi300_expanding_step40_s_20260111_00,2f2d4eb181db4668bdbd3b6e264ca822,2026-05-27,SZ000895,0.08469298481941223,,,
EXP_XGBModel_Alpha158_csi300_expanding_step40_s_20260111_00,2f2d4eb181db4668bdbd3b6e264ca822,2026-05-27,SZ000938,0.10746794939041138,,,
EXP_XGBModel_Alpha158_csi300_expanding_step40_s_20260111_00,2f2d4eb181db4668bdbd3b6e264ca822,2026-05-27,SZ000963,-0.06252169609069824,,,
EXP_XGBModel_Alpha158_csi300_expanding_step40_s_20260111_00,2f2d4eb181db4668bdbd3b6e264ca822,2026-05-27,SZ000975,0.10611636191606522,,,
EXP_XGBModel_Alpha158_csi300_expanding_step40_s_20260111_00,2f2d4eb181db4668bdbd3b6e264ca822,2026-05-27,SZ000977,0.1459789276123047,,,
EXP_XGBModel_Alpha158_csi300_expanding_step40_s_20260111_00,2f2d4eb181db4668bdbd3b6e264ca822,2026-05-27,SZ000651,-0.034124504774808884,,,
EXP_XGBModel_Alpha158_csi300_expanding_step40_s_20260111_00,2f2d4eb181db4668bdbd3b6e264ca822,2026-05-27,SZ000999,-0.03544630482792854,,,
EXP_XGBModel_Alpha158_csi300_expanding_step40_s_20260111_00,2f2d4eb181db4668bdbd3b6e264ca822,2026-05-27,SZ000630,0.008777251467108727,,,
EXP_XGBModel_Alpha158_csi300_expanding_step40_s_20260111_00,2f2d4eb181db4668bdbd3b6e264ca822,2026-05-27,SZ000617,0.08664379268884659,,,
EXP_XGBModel_Alpha158_csi300_expanding_step40_s_20260111_00,2f2d4eb181db4668bdbd3b6e264ca822,2026-05-27,SH688981,0.5422075986862183,,,
EXP_XGBModel_Alpha158_csi300_expanding_step40_s_20260111_00,2f2d4eb181db4668bdbd3b6e264ca822,2026-05-27,SZ000001,-0.05211956053972244,,,
EXP_XGBModel_Alpha158_csi300_expanding_step40_s_20260111_00,2f2d4eb181db4668bdbd3b6e264ca822,2026-05-27,SZ000002,0.036015890538692474,,,
EXP_XGBModel_Alpha158_csi300_expanding_step40_s_20260111_00,2f2d4eb181db4668bdbd3b6e264ca822,2026-05-27,SZ000063,0.13142633438110352,,,
EXP_XGBModel_Alpha158_csi300_expanding_step40_s_20260111_00,2f2d4eb181db4668bdbd3b6e264ca822,2026-05-27,SZ000100,0.09401220083236694,,,
EXP_XGBModel_Alpha158_csi300_expanding_step40_s_20260111_00,2f2d4eb181db4668bdbd3b6e264ca822,2026-05-27,SZ000157,0.03928499296307564,,,
EXP_XGBModel_Alpha158_csi300_expanding_step40_s_20260111_00,2f2d4eb181db4668bdbd3b6e264ca822,2026-05-27,SZ000166,0.012296656146645546,,,
EXP_XGBModel_Alpha158_csi300_expanding_step40_s_20260111_00,2f2d4eb181db4668bdbd3b6e264ca822,2026-05-27,SZ000301,-0.00981786660850048,,,
EXP_XGBModel_Alpha158_csi300_expanding_step40_s_20260111_00,2f2d4eb181db4668bdbd3b6e264ca822,2026-05-27,SZ000333,-0.00261642225086689,,,
EXP_XGBModel_Alpha158_csi300_expanding_step40_s_20260111_00,2f2d4eb181db4668bdbd3b6e264ca822,2026-05-27,SZ000338,0.1173616349697113,,,
EXP_XGBModel_Alpha158_csi300_expanding_step40_s_20260111_00,2f2d4eb181db4668bdbd3b6e264ca822,2026-05-27,SZ000408,0.08114209026098251,,,
EXP_XGBModel_Alpha158_csi300_expanding_step40_s_20260111_00,2f2d4eb181db4668bdbd3b6e264ca822,2026-05-27,SZ000425,0.07964596152305603,,,
EXP_XGBModel_Alpha158_csi300_expanding_step40_s_20260111_00,2f2d4eb181db4668bdbd3b6e264ca822,2026-05-27,SZ000538,-0.016868386417627335,,,
EXP_XGBModel_Alpha158_csi300_expanding_step40_s_20260111_00,2f2d4eb181db4668bdbd3b6e264ca822,2026-05-27,SZ000568,-0.10448089987039566,,,
EXP_XGBModel_Alpha158_csi300_expanding_step40_s_20260111_00,2f2d4eb181db4668bdbd3b6e264ca822,2026-05-27,SZ000596,0.0762040913105011,,,
EXP_XGBModel_Alpha158_csi300_expanding_step40_s_20260111_00,2f2d4eb181db4668bdbd3b6e264ca822,2026-05-27,SZ000625,-0.30190974473953247,,,
EXP_XGBModel_Alpha158_csi300_sliding_step40_s_20260111_01,44df6c59b159490fa0b22d3c198cd0a9,2026-05-27,SH600000,0.016307856887578964,,,
EXP_XGBModel_Alpha158_csi300_expanding_step40_s_20260111_00,2f2d4eb181db4668bdbd3b6e264ca822,2026-05-27,SH600000,0.10908449441194534,,,
EXP_XGBModel_Alpha158_csi300_sliding_step40_s_20260111_01,44df6c59b159490fa0b22d3c198cd0a9,2026-05-27,SZ301269,-0.004812554456293583,,,
EXP_XGBModel_Alpha158_csi300_sliding_step40_s_20260111_01,44df6c59b159490fa0b22d3c198cd0a9,2026-05-27,SH601127,-0.06231742352247238,,,
EXP_XGBModel_Alpha158_csi300_sliding_step40_s_20260111_01,44df6c59b159490fa0b22d3c198cd0a9,2026-05-27,SH601136,-0.10533790290355682,,,
EXP_XGBModel_Alpha158_csi300_sliding_step40_s_20260111_01,44df6c59b159490fa0b22d3c198cd0a9,2026-05-27,SH601138,0.035268958657979965,,,
EXP_XGBModel_Alpha158_csi300_sliding_step40_s_20260111_01,44df6c59b159490fa0b22d3c198cd0a9,2026-05-27,SH601166,-0.03570784255862236,,,
EXP_XGBModel_Alpha158_csi300_sliding_step40_s_20260111_01,44df6c59b159490fa0b22d3c198cd0a9,2026-05-27,SH601169,-0.18532171845436096,,,
EXP_XGBModel_Alpha158_csi300_sliding_step40_s_20260111_01,44df6c59b159490fa0b22d3c198cd0a9,2026-05-27,SH601186,-0.09068474173545837,,,
EXP_XGBModel_Alpha158_csi300_sliding_step40_s_20260111_01,44df6c59b159490fa0b22d3c198cd0a9,2026-05-27,SH601117,-0.06238585337996483,,,
EXP_XGBModel_Alpha158_csi300_sliding_step40_s_20260111_01,44df6c59b159490fa0b22d3c198cd0a9,2026-05-27,SH601211,0.041637178510427475,,,
EXP_XGBModel_Alpha158_csi300_sliding_step40_s_20260111_01,44df6c59b159490fa0b22d3c198cd0a9,2026-05-27,SH601229,-0.007550383452326059,,,
EXP_XGBModel_Alpha158_csi300_sliding_step40_s_20260111_01,44df6c59b159490fa0b22d3c198cd0a9,2026-05-27,SH601236,0.013764365576207638,,,
EXP_XGBModel_Alpha158_csi300_sliding_step40_s_20260111_01,44df6c59b159490fa0b22d3c198cd0a9,2026-05-27,SH601238,-0.04436827078461647,,,
EXP_XGBModel_Alpha158_csi300_sliding_step40_s_20260111_01,44df6c59b159490fa0b22d3c198cd0a9,2026-05-27,SH601288,-0.014188902452588081,,,
EXP_XGBModel_Alpha158_csi300_sliding_step40_s_20260111_01,44df6c59b159490fa0b22d3c198cd0a9,2026-05-27,SH601298,-0.04858502745628357,,,
EXP_XGBModel_Alpha158_csi300_sliding_step40_s_20260111_01,44df6c59b159490fa0b22d3c198cd0a9,2026-05-27,SH601318,-0.00893132109194994,,,
EXP_XGBModel_Alpha158_csi300_sliding_step40_s_20260111_01,44df6c59b159490fa0b22d3c198cd0a9,2026-05-27,SH601225,-0.09069398045539856,,,
EXP_XGBModel_Alpha158_csi300_sliding_step40_s_20260111_01,44df6c59b159490fa0b22d3c198cd0a9,2026-05-27,SH601111,0.0013472243444994092,,,
EXP_XGBModel_Alpha158_csi300_sliding_step40_s_20260111_01,44df6c59b159490fa0b22d3c198cd0a9,2026-05-27,SH601100,0.08390635251998901,,,
EXP_XGBModel_Alpha158_csi300_sliding_step40_s_20260111_01,44df6c59b159490fa0b22d3c198cd0a9,2026-05-27,SH601088,0.03912739083170891,,,
EXP_XGBModel_Alpha158_csi300_sliding_step40_s_20260111_01,44df6c59b159490fa0b22d3c198cd0a9,2026-05-27,SH600930,-0.23472847044467926,,,
EXP_XGBModel_Alpha158_csi300_sliding_step40_s_20260111_01,44df6c59b159490fa0b22d3c198cd0a9,2026-05-27,SH600938,0.0036071366630494595,,,
EXP_XGBModel_Alpha158_csi300_sliding_step40_s_20260111_01,44df6c59b159490fa0b22d3c198cd0a9,2026-05-27,SH600941,-0.009357054717838764,,,
EXP_XGBModel_Alpha158_csi300_sliding_step40_s_20260111_01,44df6c59b159490fa0b22d3c198cd0a9,2026-05-27,SH600958,0.09440723806619644,,,
EXP_XGBModel_Alpha158_csi300_sliding_step40_s_20260111_01,44df6c59b159490fa0b22d3c198cd0a9,2026-05-27,SH600989,0.061371058225631714,,,
EXP_XGBModel_Alpha158_csi300_sliding_step40_s_20260111_01,44df6c59b159490fa0b22d3c198cd0a9,2026-05-27,SH600999,0.3402682840824127,,,
EXP_XGBModel_Alpha158_csi300_sliding_step40_s_20260111_01,44df6c59b159490fa0b22d3c198cd0a9,2026-05-27,SH601006,-0.06292267143726349,,,
EXP_XGBModel_Alpha158_csi300_sliding_step40_s_20260111_01,44df6c59b159490fa0b22d3c198cd0a9,2026-05-27,SH601009,-0.1671055555343628,,,
EXP_XGBModel_Alpha158_csi300_sliding_step40_s_20260111_01,44df6c59b159490fa0b22d3c198cd0a9,2026-05-27,SH601012,0.169187530875206,,,
EXP_XGBModel_Alpha158_csi300_sliding_step40_s_20260111_01,44df6c59b159490fa0b22d3c198cd0a9,2026-05-27,SH601018,0.07489458471536636,,,
EXP_XGBModel_Alpha158_csi300_sliding_step40_s_20260111_01,44df6c59b159490fa0b22d3c198cd0a9,2026-05-27,SH601021,-0.07641906291246414,,,
EXP_XGBModel_Alpha158_csi300_sliding_step40_s_20260111_01,44df6c59b159490fa0b22d3c198cd0a9,2026-05-27,SH601058,0.027307648211717606,,,
EXP_XGBModel_Alpha158_csi300_sliding_step40_s_20260111_01,44df6c59b159490fa0b22d3c198cd0a9,2026-05-27,SH601059,0.05439942330121994,,,
EXP_XGBModel_Alpha158_csi300_sliding_step40_s_20260111_01,44df6c59b159490fa0b22d3c198cd0a9,2026-05-27,SH601066,0.03699817880988121,,,
EXP_XGBModel_Alpha158_csi300_sliding_step40_s_20260111_01,44df6c59b159490fa0b22d3c198cd0a9,2026-05-27,SH601077,0.008788268081843853,,,
EXP_XGBModel_Alpha158_csi300_sliding_step40_s_20260111_01,44df6c59b159490fa0b22d3c198cd0a9,2026-05-27,SH601319,0.08077197521924973,,,
EXP_XGBModel_Alpha158_csi300_sliding_step40_s_20260111_01,44df6c59b159490fa0b22d3c198cd0a9,2026-05-27,SH601328,0.00459603825584054,,,
EXP_XGBModel_Alpha158_csi300_sliding_step40_s_20260111_01,44df6c59b159490fa0b22d3c198cd0a9,2026-05-27,SH601336,-0.012811936438083649,,,
EXP_XGBModel_Alpha158_csi300_sliding_step40_s_20260111_01,44df6c59b159490fa0b22d3c198cd0a9,2026-05-27,SH601360,0.06789284944534302,,,
EXP_XGBModel_Alpha158_csi300_sliding_step40_s_20260111_01,44df6c59b159490fa0b22d3c198cd0a9,2026-05-27,SH601800,-0.029655613005161285,,,
EXP_XGBModel_Alpha158_csi300_sliding_step40_s_20260111_01,44df6c59b159490fa0b22d3c198cd0a9,2026-05-27,SH601808,-0.004574409686028957,,,
EXP_XGBModel_Alpha158_csi300_sliding_step40_s_20260111_01,44df6c59b159490fa0b22d3c198cd0a9,2026-05-27,SH601816,-0.09237172454595566,,,
EXP_XGBModel_Alpha158_csi300_sliding_step40_s_20260111_01,44df6c59b159490fa0b22d3c198cd0a9,2026-05-27,SH601818,-0.04007777199149132,,,
EXP_XGBModel_Alpha158_csi300_sliding_step40_s_20260111_01,44df6c59b159490fa0b22d3c198cd0a9,2026-05-27,SH601825,0.04749051854014397,,,
EXP_XGBModel_Alpha158_csi300_sliding_step40_s_20260111_01,44df6c59b159490fa0b22d3c198cd0a9,2026-05-27,SH601838,0.06093384698033333,,,
EXP_XGBModel_Alpha158_csi300_sliding_step40_s_20260111_01,44df6c59b159490fa0b22d3c198cd0a9,2026-05-27,SH601857,-0.10663271695375443,,,
EXP_XGBModel_Alpha158_csi300_sliding_step40_s_20260111_01,44df6c59b159490fa0b22d3c198cd0a9,2026-05-27,SH601868,-0.05143142491579056,,,
EXP_XGBModel_Alpha158_csi300_sliding_step40_s_20260111_01,44df6c59b159490fa0b22d3c198cd0a9,2026-05-27,SH601872,-0.020184237509965897,,,
EXP_XGBModel_Alpha158_csi300_sliding_step40_s_20260111_01,44df6c59b159490fa0b22d3c198cd0a9,2026-05-27,SH601877,-0.0703798457980156,,,
EXP_XGBModel_Alpha158_csi300_sliding_step40_s_20260111_01,44df6c59b159490fa0b22d3c198cd0a9,2026-05-27,SH601878,-0.06768564134836197,,,
EXP_XGBModel_Alpha158_csi300_sliding_step40_s_20260111_01,44df6c59b159490fa0b22d3c198cd0a9,2026-05-27,SH601881,-0.04082907363772392,,,
EXP_XGBModel_Alpha158_csi300_sliding_step40_s_20260111_01,44df6c59b159490fa0b22d3c198cd0a9,2026-05-27,SH601888,0.02055996097624302,,,
EXP_XGBModel_Alpha158_csi300_sliding_step40_s_20260111_01,44df6c59b159490fa0b22d3c198cd0a9,2026-05-27,SH601898,-0.09943639487028122,,,
EXP_XGBModel_Alpha158_csi300_sliding_step40_s_20260111_01,44df6c59b159490fa0b22d3c198cd0a9,2026-05-27,SH601899,0.21029159426689148,,,
EXP_XGBModel_Alpha158_csi300_sliding_step40_s_20260111_01,44df6c59b159490fa0b22d3c198cd0a9,2026-05-27,SH601788,-0.022927895188331604,,,
EXP_XGBModel_Alpha158_csi300_sliding_step40_s_20260111_01,44df6c59b159490fa0b22d3c198cd0a9,2026-05-27,SH600926,-0.03147675096988678,,,
EXP_XGBModel_Alpha158_csi300_sliding_step40_s_20260111_01,44df6c59b159490fa0b22d3c198cd0a9,2026-05-27,SH601766,-0.03179902210831642,,,
EXP_XGBModel_Alpha158_csi300_sliding_step40_s_20260111_01,44df6c59b159490fa0b22d3c198cd0a9,2026-05-27,SH601698,0.09976441413164139,,,
EXP_XGBModel_Alpha158_csi300_sliding_step40_s_20260111_01,44df6c59b159490fa0b22d3c198cd0a9,2026-05-27,SH601377,-0.012338912114501,,,
EXP_XGBModel_Alpha158_csi300_sliding_step40_s_20260111_01,44df6c59b159490fa0b22d3c198cd0a9,2026-05-27,SH601390,0.023299867287278175,,,
EXP_XGBModel_Alpha158_csi300_sliding_step40_s_20260111_01,44df6c59b159490fa0b22d3c198cd0a9,2026-05-27,SH601398,0.05760146677494049,,,
EXP_XGBModel_Alpha158_csi300_sliding_step40_s_20260111_01,44df6c59b159490fa0b22d3c198cd0a9,2026-05-27,SH601456,-0.021045925095677376,,,
EXP_XGBModel_Alpha158_csi300_sliding_step40_s_20260111_01,44df6c59b159490fa0b22d3c198cd0a9,2026-05-27,SH601600,0.15970547497272491,,,
EXP_XGBModel_Alpha158_csi300_sliding_step40_s_20260111_01,44df6c59b159490fa0b22d3c198cd0a9,2026-05-27,SH601601,0.014768552035093307,,,
EXP_XGBModel_Alpha158_csi300_sliding_step40_s_20260111_01,44df6c59b159490fa0b22d3c198cd0a9,2026-05-27,SH601607,-0.08742775768041611,,,
EXP_XGBModel_Alpha158_csi300_sliding_step40_s_20260111_01,44df6c59b159490fa0b22d3c198cd0a9,2026-05-27,SH601618,0.07216750085353851,,,
EXP_XGBModel_Alpha158_csi300_sliding_step40_s_20260111_01,44df6c59b159490fa0b22d3c198cd0a9,2026-05-27,SH601628,0.03994700685143471,,,
EXP_XGBModel_Alpha158_csi300_sliding_step40_s_20260111_01,44df6c59b159490fa0b22d3c198cd0a9,2026-05-27,SH601633,-0.03799828514456749,,,
EXP_XGBModel_Alpha158_csi300_sliding_step40_s_20260111_01,44df6c59b159490fa0b22d3c198cd0a9,2026-05-27,SH601658,0.028823737055063248,,,
EXP_XGBModel_Alpha158_csi300_sliding_step40_s_20260111_01,44df6c59b159490fa0b22d3c198cd0a9,2026-05-27,SH601668,-0.08610641211271286,,,
EXP_XGBModel_Alpha158_csi300_sliding_step40_s_20260111_01,44df6c59b159490fa0b22d3c198cd0a9,2026-05-27,SH601669,-0.024635815992951393,,,
EXP_XGBModel_Alpha158_csi300_sliding_step40_s_20260111_01,44df6c59b159490fa0b22d3c198cd0a9,2026-05-27,SH601688,-0.027481403201818466,,,
EXP_XGBModel_Alpha158_csi300_sliding_step40_s_20260111_01,44df6c59b159490fa0b22d3c198cd0a9,2026-05-27,SH601689,0.23621973395347595,,,
EXP_XGBModel_Alpha158_csi300_sliding_step40_s_20260111_01,44df6c59b159490fa0b22d3c198cd0a9,2026-05-27,SH601728,-0.052557528018951416,,,
EXP_XGBModel_Alpha158_csi300_sliding_step40_s_20260111_01,44df6c59b159490fa0b22d3c198cd0a9,2026-05-27,SH601901,0.10155820846557617,,,
EXP_XGBModel_Alpha158_csi300_sliding_step40_s_20260111_01,44df6c59b159490fa0b22d3c198cd0a9,2026-05-27,SH600919,0.023305432870984077,,,
EXP_XGBModel_Alpha158_csi300_sliding_step40_s_20260111_01,44df6c59b159490fa0b22d3c198cd0a9,2026-05-27,SH600905,-0.09156790375709534,,,
EXP_XGBModel_Alpha158_csi300_sliding_step40_s_20260111_01,44df6c59b159490fa0b22d3c198cd0a9,2026-05-27,SH600066,-0.029834946617484093,,,
EXP_XGBModel_Alpha158_csi300_sliding_step40_s_20260111_01,44df6c59b159490fa0b22d3c198cd0a9,2026-05-27,SH600085,-0.0881442278623581,,,
EXP_XGBModel_Alpha158_csi300_sliding_step40_s_20260111_01,44df6c59b159490fa0b22d3c198cd0a9,2026-05-27,SH600089,-0.027621544897556305,,,
EXP_XGBModel_Alpha158_csi300_sliding_step40_s_20260111_01,44df6c59b159490fa0b22d3c198cd0a9,2026-05-27,SH600104,-0.04595218226313591,,,
EXP_XGBModel_Alpha158_csi300_sliding_step40_s_20260111_01,44df6c59b159490fa0b22d3c198cd0a9,2026-05-27,SH600111,0.012252255342900753,,,
EXP_XGBModel_Alpha158_csi300_sliding_step40_s_20260111_01,44df6c59b159490fa0b22d3c198cd0a9,2026-05-27,SH600115,0.1269836723804474,,,
EXP_XGBModel_Alpha158_csi300_sliding_step40_s_20260111_01,44df6c59b159490fa0b22d3c198cd0a9,2026-05-27,SH600061,0.019038256257772446,,,
EXP_XGBModel_Alpha158_csi300_sliding_step40_s_20260111_01,44df6c59b159490fa0b22d3c198cd0a9,2026-05-27,SH600150,-0.006181460805237293,,,
EXP_XGBModel_Alpha158_csi300_sliding_step40_s_20260111_01,44df6c59b159490fa0b22d3c198cd0a9,2026-05-27,SH600161,-0.15024203062057495,,,
EXP_XGBModel_Alpha158_csi300_sliding_step40_s_20260111_01,44df6c59b159490fa0b22d3c198cd0a9,2026-05-27,SH600176,0.13250118494033813,,,
EXP_XGBModel_Alpha158_csi300_sliding_step40_s_20260111_01,44df6c59b159490fa0b22d3c198cd0a9,2026-05-27,SH600183,-0.1753445416688919,,,
EXP_XGBModel_Alpha158_csi300_sliding_step40_s_20260111_01,44df6c59b159490fa0b22d3c198cd0a9,2026-05-27,SH600188,-0.064818374812603,,,
EXP_XGBModel_Alpha158_csi300_sliding_step40_s_20260111_01,44df6c59b159490fa0b22d3c198cd0a9,2026-05-27,SH600196,-0.13501670956611633,,,
EXP_XGBModel_Alpha158_csi300_sliding_step40_s_20260111_01,44df6c59b159490fa0b22d3c198cd0a9,2026-05-27,SH600219,0.12650635838508606,,,
EXP_XGBModel_Alpha158_csi300_sliding_step40_s_20260111_01,44df6c59b159490fa0b22d3c198cd0a9,2026-05-27,SH600160,0.14776812493801117,,,
EXP_XGBModel_Alpha158_csi300_sliding_step40_s_20260111_01,44df6c59b159490fa0b22d3c198cd0a9,2026-05-27,SH600050,-0.08770757168531418,,,
EXP_XGBModel_Alpha158_csi300_sliding_step40_s_20260111_01,44df6c59b159490fa0b22d3c198cd0a9,2026-05-27,SH600048,-0.009185115806758404,,,
EXP_XGBModel_Alpha158_csi300_sliding_step40_s_20260111_01,44df6c59b159490fa0b22d3c198cd0a9,2026-05-27,SH600039,0.5125392079353333,,,
EXP_XGBModel_Alpha158_csi300_sliding_step40_s_20260111_01,44df6c59b159490fa0b22d3c198cd0a9,2026-05-27,SH600010,-0.007094182074069977,,,
EXP_XGBModel_Alpha158_csi300_sliding_step40_s_20260111_01,44df6c59b159490fa0b22d3c198cd0a9,2026-05-27,SH600011,-0.04187056049704552,,,
EXP_XGBModel_Alpha158_csi300_sliding_step40_s_20260111_01,44df6c59b159490fa0b22d3c198cd0a9,2026-05-27,SH600015,0.02888254076242447,,,
EXP_XGBModel_Alpha158_csi300_sliding_step40_s_20260111_01,44df6c59b159490fa0b22d3c198cd0a9,2026-05-27,SH600016,-0.0704846978187561,,,
EXP_XGBModel_Alpha158_csi300_sliding_step40_s_20260111_01,44df6c59b159490fa0b22d3c198cd0a9,2026-05-27,SH600018,-0.012825473211705685,,,
EXP_XGBModel_Alpha158_csi300_sliding_step40_s_20260111_01,44df6c59b159490fa0b22d3c198cd0a9,2026-05-27,SH600019,-0.06858908385038376,,,
EXP_XGBModel_Alpha158_csi300_sliding_step40_s_20260111_01,44df6c59b159490fa0b22d3c198cd0a9,2026-05-27,SH600023,-0.1363169252872467,,,
EXP_XGBModel_Alpha158_csi300_sliding_step40_s_20260111_01,44df6c59b159490fa0b22d3c198cd0a9,2026-05-27,SH600025,0.017893560230731964,,,
EXP_XGBModel_Alpha158_csi300_sliding_step40_s_20260111_01,44df6c59b159490fa0b22d3c198cd0a9,2026-05-27,SH600026,-0.1004696637392044,,,
EXP_XGBModel_Alpha158_csi300_sliding_step40_s_20260111_01,44df6c59b159490fa0b22d3c198cd0a9,2026-05-27,SH600027,-0.18756268918514252,,,
EXP_XGBModel_Alpha158_csi300_sliding_step40_s_20260111_01,44df6c59b159490fa0b22d3c198cd0a9,2026-05-27,SH600028,-0.09573021531105042,,,
EXP_XGBModel_Alpha158_csi300_sliding_step40_s_20260111_01,44df6c59b159490fa0b22d3c198cd0a9,2026-05-27,SH600029,0.21648329496383667,,,
EXP_XGBModel_Alpha158_csi300_sliding_step40_s_20260111_01,44df6c59b159490fa0b22d3c198cd0a9,2026-05-27,SH600030,-0.038055386394262314,,,
EXP_XGBModel_Alpha158_csi300_sliding_step40_s_20260111_01,44df6c59b159490fa0b22d3c198cd0a9,2026-05-27,SH600031,0.09815464168787003,,,
EXP_XGBModel_Alpha158_csi300_sliding_step40_s_20260111_01,44df6c59b159490fa0b22d3c198cd0a9,2026-05-27,SH600036,-0.127277672290802,,,
EXP_XGBModel_Alpha158_csi300_sliding_step40_s_20260111_01,44df6c59b159490fa0b22d3c198cd0a9,2026-05-27,SH600233,0.03987843543291092,,,
EXP_XGBModel_Alpha158_csi300_sliding_step40_s_20260111_01,44df6c59b159490fa0b22d3c198cd0a9,2026-05-27,SH600276,0.08464835584163666,,,
EXP_XGBModel_Alpha158_csi300_sliding_step40_s_20260111_01,44df6c59b159490fa0b22d3c198cd0a9,2026-05-27,SH600309,0.08133399486541748,,,
EXP_XGBModel_Alpha158_csi300_sliding_step40_s_20260111_01,44df6c59b159490fa0b22d3c198cd0a9,2026-05-27,SH600346,0.22021131217479706,,,
EXP_XGBModel_Alpha158_csi300_sliding_step40_s_20260111_01,44df6c59b159490fa0b22d3c198cd0a9,2026-05-27,SH600600,-0.038913287222385406,,,
EXP_XGBModel_Alpha158_csi300_sliding_step40_s_20260111_01,44df6c59b159490fa0b22d3c198cd0a9,2026-05-27,SH600660,-0.03446737304329872,,,
EXP_XGBModel_Alpha158_csi300_sliding_step40_s_20260111_01,44df6c59b159490fa0b22d3c198cd0a9,2026-05-27,SH600674,-0.04907551035284996,,,
EXP_XGBModel_Alpha158_csi300_sliding_step40_s_20260111_01,44df6c59b159490fa0b22d3c198cd0a9,2026-05-27,SH600690,-0.10319675505161285,,,
EXP_XGBModel_Alpha158_csi300_sliding_step40_s_20260111_01,44df6c59b159490fa0b22d3c198cd0a9,2026-05-27,SH600741,-0.2032807618379593,,,
EXP_XGBModel_Alpha158_csi300_sliding_step40_s_20260111_01,44df6c59b159490fa0b22d3c198cd0a9,2026-05-27,SH600760,0.0744079202413559,,,
EXP_XGBModel_Alpha158_csi300_sliding_step40_s_20260111_01,44df6c59b159490fa0b22d3c198cd0a9,2026-05-27,SH600795,-0.016488973051309586,,,
EXP_XGBModel_Alpha158_csi300_sliding_step40_s_20260111_01,44df6c59b159490fa0b22d3c198cd0a9,2026-05-27,SH600803,-0.13597360253334045,,,
EXP_XGBModel_Alpha158_csi300_sliding_step40_s_20260111_01,44df6c59b159490fa0b22d3c198cd0a9,2026-05-27,SH600809,-0.08799827098846436,,,
EXP_XGBModel_Alpha158_csi300_sliding_step40_s_20260111_01,44df6c59b159490fa0b22d3c198cd0a9,2026-05-27,SH600845,-0.06303320080041885,,,
EXP_XGBModel_Alpha158_csi300_sliding_step40_s_20260111_01,44df6c59b159490fa0b22d3c198cd0a9,2026-05-27,SH600875,-0.00016806319763418287,,,
EXP_XGBModel_Alpha158_csi300_sliding_step40_s_20260111_01,44df6c59b159490fa0b22d3c198cd0a9,2026-05-27,SH600886,-0.019031642004847527,,,
EXP_XGBModel_Alpha158_csi300_sliding_step40_s_20260111_01,44df6c59b159490fa0b22d3c198cd0a9,2026-05-27,SH600887,0.0045064897276461124,,,
EXP_XGBModel_Alpha158_csi300_sliding_step40_s_20260111_01,44df6c59b159490fa0b22d3c198cd0a9,2026-05-27,SH600893,0.029604386538267136,,,
EXP_XGBModel_Alpha158_csi300_sliding_step40_s_20260111_01,44df6c59b159490fa0b22d3c198cd0a9,2026-05-27,SH600900,0.08908330649137497,,,
EXP_XGBModel_Alpha158_csi300_sliding_step40_s_20260111_01,44df6c59b159490fa0b22d3c198cd0a9,2026-05-27,SH600588,0.10726465284824371,,,
EXP_XGBModel_Alpha158_csi300_sliding_step40_s_20260111_01,44df6c59b159490fa0b22d3c198cd0a9,2026-05-27,SH600918,-0.03933948650956154,,,
EXP_XGBModel_Alpha158_csi300_sliding_step40_s_20260111_01,44df6c59b159490fa0b22d3c198cd0a9,2026-05-27,SH600585,-0.010971834883093834,,,
EXP_XGBModel_Alpha158_csi300_sliding_step40_s_20260111_01,44df6c59b159490fa0b22d3c198cd0a9,2026-05-27,SH600570,0.12461646646261215,,,
EXP_XGBModel_Alpha158_csi300_sliding_step40_s_20260111_01,44df6c59b159490fa0b22d3c198cd0a9,2026-05-27,SH600362,0.13473783433437347,,,
EXP_XGBModel_Alpha158_csi300_sliding_step40_s_20260111_01,44df6c59b159490fa0b22d3c198cd0a9,2026-05-27,SH600372,0.06243760138750076,,,
EXP_XGBModel_Alpha158_csi300_sliding_step40_s_20260111_01,44df6c59b159490fa0b22d3c198cd0a9,2026-05-27,SH600377,0.1246103048324585,,,
EXP_XGBModel_Alpha158_csi300_sliding_step40_s_20260111_01,44df6c59b159490fa0b22d3c198cd0a9,2026-05-27,SH600406,-0.05156303942203522,,,
EXP_XGBModel_Alpha158_csi300_sliding_step40_s_20260111_01,44df6c59b159490fa0b22d3c198cd0a9,2026-05-27,SH600415,-0.045008666813373566,,,
EXP_XGBModel_Alpha158_csi300_sliding_step40_s_20260111_01,44df6c59b159490fa0b22d3c198cd0a9,2026-05-27,SH600426,0.45568642020225525,,,
EXP_XGBModel_Alpha158_csi300_sliding_step40_s_20260111_01,44df6c59b159490fa0b22d3c198cd0a9,2026-05-27,SH600436,0.06186959892511368,,,
EXP_XGBModel_Alpha158_csi300_sliding_step40_s_20260111_01,44df6c59b159490fa0b22d3c198cd0a9,2026-05-27,SH600438,-0.06586499512195587,,,
EXP_XGBModel_Alpha158_csi300_sliding_step40_s_20260111_01,44df6c59b159490fa0b22d3c198cd0a9,2026-05-27,SH600460,-0.39457714557647705,,,
EXP_XGBModel_Alpha158_csi300_sliding_step40_s_20260111_01,44df6c59b159490fa0b22d3c198cd0a9,2026-05-27,SH600482,0.028916791081428528,,,
EXP_XGBModel_Alpha158_csi300_sliding_step40_s_20260111_01,44df6c59b159490fa0b22d3c198cd0a9,2026-05-27,SH600489,0.1612703502178192,,,
EXP_XGBModel_Alpha158_csi300_sliding_step40_s_20260111_01,44df6c59b159490fa0b22d3c198cd0a9,2026-05-27,SH600515,0.03190474584698677,,,
EXP_XGBModel_Alpha158_csi300_sliding_step40_s_20260111_01,44df6c59b159490fa0b22d3c198cd0a9,2026-05-27,SH600519,-0.060792163014411926,,,
EXP_XGBModel_Alpha158_csi300_sliding_step40_s_20260111_01,44df6c59b159490fa0b22d3c198cd0a9,2026-05-27,SH600522,0.0892329290509224,,,
EXP_XGBModel_Alpha158_csi300_sliding_step40_s_20260111_01,44df6c59b159490fa0b22d3c198cd0a9,2026-05-27,SH600547,0.3818654716014862,,,
EXP_XGBModel_Alpha158_csi300_sliding_step40_s_20260111_01,44df6c59b159490fa0b22d3c198cd0a9,2026-05-27,SH600584,-0.5875647664070129,,,
EXP_XGBModel_Alpha158_csi300_sliding_step40_s_20260111_01,44df6c59b159490fa0b22d3c198cd0a9,2026-05-27,SZ302132,-0.08090953528881073,,,
EXP_XGBModel_Alpha158_csi300_sliding_step40_s_20260111_01,44df6c59b159490fa0b22d3c198cd0a9,2026-05-27,SH601916,0.06483855098485947,,,
EXP_XGBModel_Alpha158_csi300_sliding_step40_s_20260111_01,44df6c59b159490fa0b22d3c198cd0a9,2026-05-27,SH601939,0.025422455742955208,,,
EXP_XGBModel_Alpha158_csi300_sliding_step40_s_20260111_01,44df6c59b159490fa0b22d3c198cd0a9,2026-05-27,SZ002422,-0.08584096282720566,,,
EXP_XGBModel_Alpha158_csi300_sliding_step40_s_20260111_01,44df6c59b159490fa0b22d3c198cd0a9,2026-05-27,SZ002459,0.07150113582611084,,,
EXP_XGBModel_Alpha158_csi300_sliding_step40_s_20260111_01,44df6c59b159490fa0b22d3c198cd0a9,2026-05-27,SZ002460,0.17180046439170837,,,
EXP_XGBModel_Alpha158_csi300_sliding_step40_s_20260111_01,44df6c59b159490fa0b22d3c198cd0a9,2026-05-27,SZ002463,-0.16664503514766693,,,
EXP_XGBModel_Alpha158_csi300_sliding_step40_s_20260111_01,44df6c59b159490fa0b22d3c198cd0a9,2026-05-27,SZ002466,0.28387385606765747,,,
EXP_XGBModel_Alpha158_csi300_sliding_step40_s_20260111_01,44df6c59b159490fa0b22d3c198cd0a9,2026-05-27,SZ002475,-0.26102155447006226,,,
EXP_XGBModel_Alpha158_csi300_sliding_step40_s_20260111_01,44df6c59b159490fa0b22d3c198cd0a9,2026-05-27,SZ002415,0.0399024672806263,,,
EXP_XGBModel_Alpha158_csi300_sliding_step40_s_20260111_01,44df6c59b159490fa0b22d3c198cd0a9,2026-05-27,SZ002493,-0.02435210533440113,,,
EXP_XGBModel_Alpha158_csi300_sliding_step40_s_20260111_01,44df6c59b159490fa0b22d3c198cd0a9,2026-05-27,SZ002600,-0.08563808351755142,,,
EXP_XGBModel_Alpha158_csi300_sliding_step40_s_20260111_01,44df6c59b159490fa0b22d3c198cd0a9,2026-05-27,SZ002601,0.2254778891801834,,,
EXP_XGBModel_Alpha158_csi300_sliding_step40_s_20260111_01,44df6c59b159490fa0b22d3c198cd0a9,2026-05-27,SZ002625,0.1830163598060608,,,
EXP_XGBModel_Alpha158_csi300_sliding_step40_s_20260111_01,44df6c59b159490fa0b22d3c198cd0a9,2026-05-27,SZ002648,0.011131854727864265,,,
EXP_XGBModel_Alpha158_csi300_sliding_step40_s_20260111_01,44df6c59b159490fa0b22d3c198cd0a9,2026-05-27,SZ002709,0.04706577584147453,,,
EXP_XGBModel_Alpha158_csi300_sliding_step40_s_20260111_01,44df6c59b159490fa0b22d3c198cd0a9,2026-05-27,SZ002714,-0.014181510545313358,,,
EXP_XGBModel_Alpha158_csi300_sliding_step40_s_20260111_01,44df6c59b159490fa0b22d3c198cd0a9,2026-05-27,SZ002594,0.011804573237895966,,,
EXP_XGBModel_Alpha158_csi300_sliding_step40_s_20260111_01,44df6c59b159490fa0b22d3c198cd0a9,2026-05-27,SZ002384,-0.11696165055036545,,,
EXP_XGBModel_Alpha158_csi300_sliding_step40_s_20260111_01,44df6c59b159490fa0b22d3c198cd0a9,2026-05-27,SZ002371,0.07075060158967972,,,
EXP_XGBModel_Alpha158_csi300_sliding_step40_s_20260111_01,44df6c59b159490fa0b22d3c198cd0a9,2026-05-27,SZ002352,-1.5298210200853646e-05,,,
EXP_XGBModel_Alpha158_csi300_sliding_step40_s_20260111_01,44df6c59b159490fa0b22d3c198cd0a9,2026-05-27,SZ001979,0.0928957611322403,,,
EXP_XGBModel_Alpha158_csi300_sliding_step40_s_20260111_01,44df6c59b159490fa0b22d3c198cd0a9,2026-05-27,SZ002001,0.013706402853131294,,,
EXP_XGBModel_Alpha158_csi300_sliding_step40_s_20260111_01,44df6c59b159490fa0b22d3c198cd0a9,2026-05-27,SZ002027,0.04274217411875725,,,
EXP_XGBModel_Alpha158_csi300_sliding_step40_s_20260111_01,44df6c59b159490fa0b22d3c198cd0a9,2026-05-27,SZ002028,0.3930155336856842,,,
EXP_XGBModel_Alpha158_csi300_sliding_step40_s_20260111_01,44df6c59b159490fa0b22d3c198cd0a9,2026-05-27,SZ002049,-0.014868427999317646,,,
EXP_XGBModel_Alpha158_csi300_sliding_step40_s_20260111_01,44df6c59b159490fa0b22d3c198cd0a9,2026-05-27,SZ002050,-0.023067964240908623,,,
EXP_XGBModel_Alpha158_csi300_sliding_step40_s_20260111_01,44df6c59b159490fa0b22d3c198cd0a9,2026-05-27,SZ002074,0.08366020023822784,,,
EXP_XGBModel_Alpha158_csi300_sliding_step40_s_20260111_01,44df6c59b159490fa0b22d3c198cd0a9,2026-05-27,SZ002142,-0.03688996285200119,,,
EXP_XGBModel_Alpha158_csi300_sliding_step40_s_20260111_01,44df6c59b159490fa0b22d3c198cd0a9,2026-05-27,SZ002179,0.0766514465212822,,,
EXP_XGBModel_Alpha158_csi300_sliding_step40_s_20260111_01,44df6c59b159490fa0b22d3c198cd0a9,2026-05-27,SZ002230,0.1800602525472641,,,
EXP_XGBModel_Alpha158_csi300_sliding_step40_s_20260111_01,44df6c59b159490fa0b22d3c198cd0a9,2026-05-27,SZ002236,0.35594117641448975,,,
EXP_XGBModel_Alpha158_csi300_sliding_step40_s_20260111_01,44df6c59b159490fa0b22d3c198cd0a9,2026-05-27,SZ002241,-0.0635814294219017,,,
EXP_XGBModel_Alpha158_csi300_sliding_step40_s_20260111_01,44df6c59b159490fa0b22d3c198cd0a9,2026-05-27,SZ002252,-0.026547718793153763,,,
EXP_XGBModel_Alpha158_csi300_sliding_step40_s_20260111_01,44df6c59b159490fa0b22d3c198cd0a9,2026-05-27,SZ002304,-0.0622497983276844,,,
EXP_XGBModel_Alpha158_csi300_sliding_step40_s_20260111_01,44df6c59b159490fa0b22d3c198cd0a9,2026-05-27,SZ002311,-0.03579937666654587,,,
EXP_XGBModel_Alpha158_csi300_sliding_step40_s_20260111_01,44df6c59b159490fa0b22d3c198cd0a9,2026-05-27,SZ002736,-0.0343625433743,,,
EXP_XGBModel_Alpha158_csi300_sliding_step40_s_20260111_01,44df6c59b159490fa0b22d3c198cd0a9,2026-05-27,SZ002916,-0.38666877150535583,,,
EXP_XGBModel_Alpha158_csi300_sliding_step40_s_20260111_01,44df6c59b159490fa0b22d3c198cd0a9,2026-05-27,SZ002920,0.142233744263649,,,
EXP_XGBModel_Alpha158_csi300_sliding_step40_s_20260111_01,44df6c59b159490fa0b22d3c198cd0a9,2026-05-27,SZ002938,0.3570190668106079,,,
EXP_XGBModel_Alpha158_csi300_sliding_step40_s_20260111_01,44df6c59b159490fa0b22d3c198cd0a9,2026-05-27,SZ300498,0.18412353098392487,,,
EXP_XGBModel_Alpha158_csi300_sliding_step40_s_20260111_01,44df6c59b159490fa0b22d3c198cd0a9,2026-05-27,SZ300502,-0.022247489541769028,,,
EXP_XGBModel_Alpha158_csi300_sliding_step40_s_20260111_01,44df6c59b159490fa0b22d3c198cd0a9,2026-05-27,SZ300628,0.028707297518849373,,,
EXP_XGBModel_Alpha158_csi300_sliding_step40_s_20260111_01,44df6c59b159490fa0b22d3c198cd0a9,2026-05-27,SZ300661,0.44460710883140564,,,
EXP_XGBModel_Alpha158_csi300_sliding_step40_s_20260111_01,44df6c59b159490fa0b22d3c198cd0a9,2026-05-27,SZ300750,0.0617850199341774,,,
EXP_XGBModel_Alpha158_csi300_sliding_step40_s_20260111_01,44df6c59b159490fa0b22d3c198cd0a9,2026-05-27,SZ300759,-0.0672265887260437,,,
EXP_XGBModel_Alpha158_csi300_sliding_step40_s_20260111_01,44df6c59b159490fa0b22d3c198cd0a9,2026-05-27,SZ300760,-0.08128028362989426,,,
EXP_XGBModel_Alpha158_csi300_sliding_step40_s_20260111_01,44df6c59b159490fa0b22d3c198cd0a9,2026-05-27,SZ300782,0.08278614282608032,,,
EXP_XGBModel_Alpha158_csi300_sliding_step40_s_20260111_01,44df6c59b159490fa0b22d3c198cd0a9,2026-05-27,SZ300803,0.09033431857824326,,,
EXP_XGBModel_Alpha158_csi300_sliding_step40_s_20260111_01,44df6c59b159490fa0b22d3c198cd0a9,2026-05-27,SZ300832,-0.02174975723028183,,,
EXP_XGBModel_Alpha158_csi300_sliding_step40_s_20260111_01,44df6c59b159490fa0b22d3c198cd0a9,2026-05-27,SZ300866,-0.0035789087414741516,,,
EXP_XGBModel_Alpha158_csi300_sliding_step40_s_20260111_01,44df6c59b159490fa0b22d3c198cd0a9,2026-05-27,SZ300896,-0.02141154371201992,,,
EXP_XGBModel_Alpha158_csi300_sliding_step40_s_20260111_01,44df6c59b159490fa0b22d3c198cd0a9,2026-05-27,SZ300979,-0.080547995865345,,,
EXP_XGBModel_Alpha158_csi300_sliding_step40_s_20260111_01,44df6c59b159490fa0b22d3c198cd0a9,2026-05-27,SZ300999,-0.06418638676404953,,,
EXP_XGBModel_Alpha158_csi300_sliding_step40_s_20260111_01,44df6c59b159490fa0b22d3c198cd0a9,2026-05-27,SZ301236,0.037378475069999695,,,
EXP_XGBModel_Alpha158_csi300_sliding_step40_s_20260111_01,44df6c59b159490fa0b22d3c198cd0a9,2026-05-27,SZ300476,-0.050343409180641174,,,
EXP_XGBModel_Alpha158_csi300_sliding_step40_s_20260111_01,44df6c59b159490fa0b22d3c198cd0a9,2026-05-27,SZ001965,0.19394002854824066,,,
EXP_XGBModel_Alpha158_csi300_sliding_step40_s_20260111_01,44df6c59b159490fa0b22d3c198cd0a9,2026-05-27,SZ300442,-0.0003909745719283819,,,
EXP_XGBModel_Alpha158_csi300_sliding_step40_s_20260111_01,44df6c59b159490fa0b22d3c198cd0a9,2026-05-27,SZ300418,0.020872432738542557,,,
EXP_XGBModel_Alpha158_csi300_sliding_step40_s_20260111_01,44df6c59b159490fa0b22d3c198cd0a9,2026-05-27,SZ003816,0.213840052485466,,,
EXP_XGBModel_Alpha158_csi300_sliding_step40_s_20260111_01,44df6c59b159490fa0b22d3c198cd0a9,2026-05-27,SZ300014,-2.367443812545389e-05,,,
EXP_XGBModel_Alpha158_csi300_sliding_step40_s_20260111_01,44df6c59b159490fa0b22d3c198cd0a9,2026-05-27,SZ300015,0.05447995662689209,,,
EXP_XGBModel_Alpha158_csi300_sliding_step40_s_20260111_01,44df6c59b159490fa0b22d3c198cd0a9,2026-05-27,SZ300033,0.05153968930244446,,,
EXP_XGBModel_Alpha158_csi300_sliding_step40_s_20260111_01,44df6c59b159490fa0b22d3c198cd0a9,2026-05-27,SZ300059,0.026633623987436295,,,
EXP_XGBModel_Alpha158_csi300_sliding_step40_s_20260111_01,44df6c59b159490fa0b22d3c198cd0a9,2026-05-27,SZ300122,-0.19073861837387085,,,
EXP_XGBModel_Alpha158_csi300_sliding_step40_s_20260111_01,44df6c59b159490fa0b22d3c198cd0a9,2026-05-27,SZ300124,0.13212479650974274,,,
EXP_XGBModel_Alpha158_csi300_sliding_step40_s_20260111_01,44df6c59b159490fa0b22d3c198cd0a9,2026-05-27,SZ300251,-0.049615733325481415,,,
EXP_XGBModel_Alpha158_csi300_sliding_step40_s_20260111_01,44df6c59b159490fa0b22d3c198cd0a9,2026-05-27,SZ300274,0.4468630254268646,,,
EXP_XGBModel_Alpha158_csi300_sliding_step40_s_20260111_01,44df6c59b159490fa0b22d3c198cd0a9,2026-05-27,SZ300308,0.5988225936889648,,,
EXP_XGBModel_Alpha158_csi300_sliding_step40_s_20260111_01,44df6c59b159490fa0b22d3c198cd0a9,2026-05-27,SZ300316,0.6788195371627808,,,
EXP_XGBModel_Alpha158_csi300_sliding_step40_s_20260111_01,44df6c59b159490fa0b22d3c198cd0a9,2026-05-27,SZ300347,0.17518560588359833,,,
EXP_XGBModel_Alpha158_csi300_sliding_step40_s_20260111_01,44df6c59b159490fa0b22d3c198cd0a9,2026-05-27,SZ300394,-0.3769891858100891,,,
EXP_XGBModel_Alpha158_csi300_sliding_step40_s_20260111_01,44df6c59b159490fa0b22d3c198cd0a9,2026-05-27,SZ300408,0.0816948264837265,,,
EXP_XGBModel_Alpha158_csi300_sliding_step40_s_20260111_01,44df6c59b159490fa0b22d3c198cd0a9,2026-05-27,SZ300413,0.048421233892440796,,,
EXP_XGBModel_Alpha158_csi300_sliding_step40_s_20260111_01,44df6c59b159490fa0b22d3c198cd0a9,2026-05-27,SZ300433,-1.2801576852798462,,,
EXP_XGBModel_Alpha158_csi300_sliding_step40_s_20260111_01,44df6c59b159490fa0b22d3c198cd0a9,2026-05-27,SH601919,0.28044795989990234,,,
EXP_XGBModel_Alpha158_csi300_sliding_step40_s_20260111_01,44df6c59b159490fa0b22d3c198cd0a9,2026-05-27,SZ001391,-0.2347186952829361,,,
EXP_XGBModel_Alpha158_csi300_sliding_step40_s_20260111_01,44df6c59b159490fa0b22d3c198cd0a9,2026-05-27,SZ000983,-0.0475655123591423,,,
EXP_XGBModel_Alpha158_csi300_sliding_step40_s_20260111_01,44df6c59b159490fa0b22d3c198cd0a9,2026-05-27,SH688008,0.1573609709739685,,,
EXP_XGBModel_Alpha158_csi300_sliding_step40_s_20260111_01,44df6c59b159490fa0b22d3c198cd0a9,2026-05-27,SH688009,-0.0418049655854702,,,
EXP_XGBModel_Alpha158_csi300_sliding_step40_s_20260111_01,44df6c59b159490fa0b22d3c198cd0a9,2026-05-27,SH688012,-0.17543159425258636,,,
EXP_XGBModel_Alpha158_csi300_sliding_step40_s_20260111_01,44df6c59b159490fa0b22d3c198cd0a9,2026-05-27,SH688036,0.22131021320819855,,,
EXP_XGBModel_Alpha158_csi300_sliding_step40_s_20260111_01,44df6c59b159490fa0b22d3c198cd0a9,2026-05-27,SH688041,-0.15279383957386017,,,
EXP_XGBModel_Alpha158_csi300_sliding_step40_s_20260111_01,44df6c59b159490fa0b22d3c198cd0a9,2026-05-27,SH688047,0.09476196765899658,,,
EXP_XGBModel_Alpha158_csi300_sliding_step40_s_20260111_01,44df6c59b159490fa0b22d3c198cd0a9,2026-05-27,SH605499,-0.019915658980607986,,,
EXP_XGBModel_Alpha158_csi300_sliding_step40_s_20260111_01,44df6c59b159490fa0b22d3c198cd0a9,2026-05-27,SH688082,0.36526399850845337,,,
EXP_XGBModel_Alpha158_csi300_sliding_step40_s_20260111_01,44df6c59b159490fa0b22d3c198cd0a9,2026-05-27,SH688126,0.09492691606283188,,,
EXP_XGBModel_Alpha158_csi300_sliding_step40_s_20260111_01,44df6c59b159490fa0b22d3c198cd0a9,2026-05-27,SH688169,0.055365514010190964,,,
EXP_XGBModel_Alpha158_csi300_sliding_step40_s_20260111_01,44df6c59b159490fa0b22d3c198cd0a9,2026-05-27,SH688187,0.10506744682788849,,,
EXP_XGBModel_Alpha158_csi300_sliding_step40_s_20260111_01,44df6c59b159490fa0b22d3c198cd0a9,2026-05-27,SH688223,0.15967264771461487,,,
EXP_XGBModel_Alpha158_csi300_sliding_step40_s_20260111_01,44df6c59b159490fa0b22d3c198cd0a9,2026-05-27,SH688256,0.3701932728290558,,,
EXP_XGBModel_Alpha158_csi300_sliding_step40_s_20260111_01,44df6c59b159490fa0b22d3c198cd0a9,2026-05-27,SH688271,0.137034073472023,,,
EXP_XGBModel_Alpha158_csi300_sliding_step40_s_20260111_01,44df6c59b159490fa0b22d3c198cd0a9,2026-05-27,SH688111,0.12465240061283112,,,
EXP_XGBModel_Alpha158_csi300_sliding_step40_s_20260111_01,44df6c59b159490fa0b22d3c198cd0a9,2026-05-27,SH605117,0.266277939081192,,,
EXP_XGBModel_Alpha158_csi300_sliding_step40_s_20260111_01,44df6c59b159490fa0b22d3c198cd0a9,2026-05-27,SH603993,0.200017511844635,,,
EXP_XGBModel_Alpha158_csi300_sliding_step40_s_20260111_01,44df6c59b159490fa0b22d3c198cd0a9,2026-05-27,SH603986,-0.20920923352241516,,,
EXP_XGBModel_Alpha158_csi300_sliding_step40_s_20260111_01,44df6c59b159490fa0b22d3c198cd0a9,2026-05-27,SH601985,-0.010139929130673409,,,
EXP_XGBModel_Alpha158_csi300_sliding_step40_s_20260111_01,44df6c59b159490fa0b22d3c198cd0a9,2026-05-27,SH601988,0.07827839255332947,,,
EXP_XGBModel_Alpha158_csi300_sliding_step40_s_20260111_01,44df6c59b159490fa0b22d3c198cd0a9,2026-05-27,SH601995,0.04091178625822067,,,
EXP_XGBModel_Alpha158_csi300_sliding_step40_s_20260111_01,44df6c59b159490fa0b22d3c198cd0a9,2026-05-27,SH601998,0.08506722003221512,,,
EXP_XGBModel_Alpha158_csi300_sliding_step40_s_20260111_01,44df6c59b159490fa0b22d3c198cd0a9,2026-05-27,SH603019,0.07265276461839676,,,
EXP_XGBModel_Alpha158_csi300_sliding_step40_s_20260111_01,44df6c59b159490fa0b22d3c198cd0a9,2026-05-27,SH603195,0.009337328374385834,,,
EXP_XGBModel_Alpha158_csi300_sliding_step40_s_20260111_01,44df6c59b159490fa0b22d3c198cd0a9,2026-05-27,SH603259,0.035642243921756744,,,
EXP_XGBModel_Alpha158_csi300_sliding_step40_s_20260111_01,44df6c59b159490fa0b22d3c198cd0a9,2026-05-27,SH603260,0.13972418010234833,,,
EXP_XGBModel_Alpha158_csi300_sliding_step40_s_20260111_01,44df6c59b159490fa0b22d3c198cd0a9,2026-05-27,SH603288,-0.08985905349254608,,,
EXP_XGBModel_Alpha158_csi300_sliding_step40_s_20260111_01,44df6c59b159490fa0b22d3c198cd0a9,2026-05-27,SH603296,0.13469110429286957,,,
EXP_XGBModel_Alpha158_csi300_sliding_step40_s_20260111_01,44df6c59b159490fa0b22d3c198cd0a9,2026-05-27,SH603369,-0.06623658537864685,,,
EXP_XGBModel_Alpha158_csi300_sliding_step40_s_20260111_01,44df6c59b159490fa0b22d3c198cd0a9,2026-05-27,SH603392,-0.10850326716899872,,,
EXP_XGBModel_Alpha158_csi300_sliding_step40_s_20260111_01,44df6c59b159490fa0b22d3c198cd0a9,2026-05-27,SH603501,0.055330727249383926,,,
EXP_XGBModel_Alpha158_csi300_sliding_step40_s_20260111_01,44df6c59b159490fa0b22d3c198cd0a9,2026-05-27,SH603799,0.13415569067001343,,,
EXP_XGBModel_Alpha158_csi300_sliding_step40_s_20260111_01,44df6c59b159490fa0b22d3c198cd0a9,2026-05-27,SH603893,-0.3027321398258209,,,
EXP_XGBModel_Alpha158_csi300_sliding_step40_s_20260111_01,44df6c59b159490fa0b22d3c198cd0a9,2026-05-27,SH688303,0.010439937934279442,,,
EXP_XGBModel_Alpha158_csi300_sliding_step40_s_20260111_01,44df6c59b159490fa0b22d3c198cd0a9,2026-05-27,SH688396,-0.6430238485336304,,,
EXP_XGBModel_Alpha158_csi300_sliding_step40_s_20260111_01,44df6c59b159490fa0b22d3c198cd0a9,2026-05-27,SH688472,0.08680769056081772,,,
EXP_XGBModel_Alpha158_csi300_sliding_step40_s_20260111_01,44df6c59b159490fa0b22d3c198cd0a9,2026-05-27,SH688506,-0.1328900158405304,,,
EXP_XGBModel_Alpha158_csi300_sliding_step40_s_20260111_01,44df6c59b159490fa0b22d3c198cd0a9,2026-05-27,SZ000661,-0.08816462010145187,,,
EXP_XGBModel_Alpha158_csi300_sliding_step40_s_20260111_01,44df6c59b159490fa0b22d3c198cd0a9,2026-05-27,SZ000708,0.06447383761405945,,,
EXP_XGBModel_Alpha158_csi300_sliding_step40_s_20260111_01,44df6c59b159490fa0b22d3c198cd0a9,2026-05-27,SZ000725,1.1224400997161865,,,
EXP_XGBModel_Alpha158_csi300_sliding_step40_s_20260111_01,44df6c59b159490fa0b22d3c198cd0a9,2026-05-27,SZ000768,0.010565457865595818,,,
EXP_XGBModel_Alpha158_csi300_sliding_step40_s_20260111_01,44df6c59b159490fa0b22d3c198cd0a9,2026-05-27,SZ000776,-0.015353905968368053,,,
EXP_XGBModel_Alpha158_csi300_sliding_step40_s_20260111_01,44df6c59b159490fa0b22d3c198cd0a9,2026-05-27,SZ000786,-0.0588715486228466,,,
EXP_XGBModel_Alpha158_csi300_sliding_step40_s_20260111_01,44df6c59b159490fa0b22d3c198cd0a9,2026-05-27,SZ000792,0.1813543438911438,,,
EXP_XGBModel_Alpha158_csi300_sliding_step40_s_20260111_01,44df6c59b159490fa0b22d3c198cd0a9,2026-05-27,SZ000807,0.1861581653356552,,,
EXP_XGBModel_Alpha158_csi300_sliding_step40_s_20260111_01,44df6c59b159490fa0b22d3c198cd0a9,2026-05-27,SZ000858,-0.28020745515823364,,,
EXP_XGBModel_Alpha158_csi300_sliding_step40_s_20260111_01,44df6c59b159490fa0b22d3c198cd0a9,2026-05-27,SZ000876,-0.12575532495975494,,,
EXP_XGBModel_Alpha158_csi300_sliding_step40_s_20260111_01,44df6c59b159490fa0b22d3c198cd0a9,2026-05-27,SZ000895,-0.005534250754863024,,,
EXP_XGBModel_Alpha158_csi300_sliding_step40_s_20260111_01,44df6c59b159490fa0b22d3c198cd0a9,2026-05-27,SZ000938,0.05043291300535202,,,
EXP_XGBModel_Alpha158_csi300_sliding_step40_s_20260111_01,44df6c59b159490fa0b22d3c198cd0a9,2026-05-27,SZ000963,-0.015597145073115826,,,
EXP_XGBModel_Alpha158_csi300_sliding_step40_s_20260111_01,44df6c59b159490fa0b22d3c198cd0a9,2026-05-27,SZ000975,0.27134233713150024,,,
EXP_XGBModel_Alpha158_csi300_sliding_step40_s_20260111_01,44df6c59b159490fa0b22d3c198cd0a9,2026-05-27,SZ000977,0.18999159336090088,,,
EXP_XGBModel_Alpha158_csi300_sliding_step40_s_20260111_01,44df6c59b159490fa0b22d3c198cd0a9,2026-05-27,SZ000651,-0.045488420873880386,,,
EXP_XGBModel_Alpha158_csi300_sliding_step40_s_20260111_01,44df6c59b159490fa0b22d3c198cd0a9,2026-05-27,SZ000999,-0.3005876839160919,,,
EXP_XGBModel_Alpha158_csi300_sliding_step40_s_20260111_01,44df6c59b159490fa0b22d3c198cd0a9,2026-05-27,SZ000630,0.27776455879211426,,,
EXP_XGBModel_Alpha158_csi300_sliding_step40_s_20260111_01,44df6c59b159490fa0b22d3c198cd0a9,2026-05-27,SZ000617,0.0015201696660369635,,,
EXP_XGBModel_Alpha158_csi300_sliding_step40_s_20260111_01,44df6c59b159490fa0b22d3c198cd0a9,2026-05-27,SH688981,-0.11864302307367325,,,
EXP_XGBModel_Alpha158_csi300_sliding_step40_s_20260111_01,44df6c59b159490fa0b22d3c198cd0a9,2026-05-27,SZ000001,-0.0822850838303566,,,
EXP_XGBModel_Alpha158_csi300_sliding_step40_s_20260111_01,44df6c59b159490fa0b22d3c198cd0a9,2026-05-27,SZ000002,0.03813384845852852,,,
EXP_XGBModel_Alpha158_csi300_sliding_step40_s_20260111_01,44df6c59b159490fa0b22d3c198cd0a9,2026-05-27,SZ000063,0.0816582664847374,,,
EXP_XGBModel_Alpha158_csi300_sliding_step40_s_20260111_01,44df6c59b159490fa0b22d3c198cd0a9,2026-05-27,SZ000100,0.17594662308692932,,,
EXP_XGBModel_Alpha158_csi300_sliding_step40_s_20260111_01,44df6c59b159490fa0b22d3c198cd0a9,2026-05-27,SZ000157,0.08731239289045334,,,
EXP_XGBModel_Alpha158_csi300_sliding_step40_s_20260111_01,44df6c59b159490fa0b22d3c198cd0a9,2026-05-27,SZ000166,0.013341573067009449,,,
EXP_XGBModel_Alpha158_csi300_sliding_step40_s_20260111_01,44df6c59b159490fa0b22d3c198cd0a9,2026-05-27,SZ000301,-0.03785396367311478,,,
EXP_XGBModel_Alpha158_csi300_sliding_step40_s_20260111_01,44df6c59b159490fa0b22d3c198cd0a9,2026-05-27,SZ000333,0.0030962147284299135,,,
EXP_XGBModel_Alpha158_csi300_sliding_step40_s_20260111_01,44df6c59b159490fa0b22d3c198cd0a9,2026-05-27,SZ000338,0.46978864073753357,,,
EXP_XGBModel_Alpha158_csi300_sliding_step40_s_20260111_01,44df6c59b159490fa0b22d3c198cd0a9,2026-05-27,SZ000408,0.10276024788618088,,,
EXP_XGBModel_Alpha158_csi300_sliding_step40_s_20260111_01,44df6c59b159490fa0b22d3c198cd0a9,2026-05-27,SZ000425,0.006084264721721411,,,
EXP_XGBModel_Alpha158_csi300_sliding_step40_s_20260111_01,44df6c59b159490fa0b22d3c198cd0a9,2026-05-27,SZ000538,-0.06569118797779083,,,
EXP_XGBModel_Alpha158_csi300_sliding_step40_s_20260111_01,44df6c59b159490fa0b22d3c198cd0a9,2026-05-27,SZ000568,-0.2593957781791687,,,
EXP_XGBModel_Alpha158_csi300_sliding_step40_s_20260111_01,44df6c59b159490fa0b22d3c198cd0a9,2026-05-27,SZ000596,-0.15391863882541656,,,
EXP_XGBModel_Alpha158_csi300_sliding_step40_s_20260111_01,44df6c59b159490fa0b22d3c198cd0a9,2026-05-27,SZ000625,0.023766621947288513,,,
EXP_LinearModel_Alpha158_csi300_expanding_step40_s_20260111_12,ab464936a4bd47ddb5b42e4aa3319072,2026-05-27,SH600000,0.01541244424879551,,,
EXP_DEnsembleModel_Alpha158_csi300_sliding_step40_s_20260111_23,12f4cb9e2e654b22a3588e4374ed56b1,2026-05-27,SZ302132,0.004450375490456001,,,
EXP_DEnsembleModel_Alpha158_csi300_sliding_step40_s_20260111_23,12f4cb9e2e654b22a3588e4374ed56b1,2026-05-27,SZ301269,-0.12167898014092945,,,
EXP_LGBModel_Alpha158_csi300_sliding_step40_s_20260121_01,741bdd0f113c4c1eaf23c429f63dfa1d,2026-05-27,SH601117,0.025942562566145678,,,
EXP_LGBModel_Alpha158_csi300_sliding_step40_s_20260121_01,741bdd0f113c4c1eaf23c429f63dfa1d,2026-05-27,SH601127,-0.011853910463060165,,,
EXP_LGBModel_Alpha158_csi300_sliding_step40_s_20260121_01,741bdd0f113c4c1eaf23c429f63dfa1d,2026-05-27,SH601136,-0.029200523124555094,,,
EXP_LGBModel_Alpha158_csi300_sliding_step40_s_20260121_01,741bdd0f113c4c1eaf23c429f63dfa1d,2026-05-27,SH601138,-0.07344638645072805,,,
EXP_LGBModel_Alpha158_csi300_sliding_step40_s_20260121_01,741bdd0f113c4c1eaf23c429f63dfa1d,2026-05-27,SH601166,0.01182508638196724,,,
EXP_LGBModel_Alpha158_csi300_sliding_step40_s_20260121_01,741bdd0f113c4c1eaf23c429f63dfa1d,2026-05-27,SH601169,-0.047176641825443656,,,
EXP_LGBModel_Alpha158_csi300_sliding_step40_s_20260121_01,741bdd0f113c4c1eaf23c429f63dfa1d,2026-05-27,SH601111,0.15960320250008628,,,
EXP_LGBModel_Alpha158_csi300_sliding_step40_s_20260121_01,741bdd0f113c4c1eaf23c429f63dfa1d,2026-05-27,SH601186,-0.023858079212022987,,,
EXP_LGBModel_Alpha158_csi300_sliding_step40_s_20260121_01,741bdd0f113c4c1eaf23c429f63dfa1d,2026-05-27,SH601225,-0.05627351493148338,,,
EXP_LGBModel_Alpha158_csi300_sliding_step40_s_20260121_01,741bdd0f113c4c1eaf23c429f63dfa1d,2026-05-27,SH601229,-0.023068072347729056,,,
EXP_LGBModel_Alpha158_csi300_sliding_step40_s_20260121_01,741bdd0f113c4c1eaf23c429f63dfa1d,2026-05-27,SH601236,-0.003956321257694728,,,
EXP_LGBModel_Alpha158_csi300_sliding_step40_s_20260121_01,741bdd0f113c4c1eaf23c429f63dfa1d,2026-05-27,SH601238,-0.015343655577634587,,,
EXP_LGBModel_Alpha158_csi300_sliding_step40_s_20260121_01,741bdd0f113c4c1eaf23c429f63dfa1d,2026-05-27,SH601288,0.07791393907622692,,,
EXP_LGBModel_Alpha158_csi300_sliding_step40_s_20260121_01,741bdd0f113c4c1eaf23c429f63dfa1d,2026-05-27,SH601298,-0.06069263314874376,,,
EXP_LGBModel_Alpha158_csi300_sliding_step40_s_20260121_01,741bdd0f113c4c1eaf23c429f63dfa1d,2026-05-27,SH601211,-0.01340980790079606,,,
EXP_LGBModel_Alpha158_csi300_sliding_step40_s_20260121_01,741bdd0f113c4c1eaf23c429f63dfa1d,2026-05-27,SH601100,0.15465824446532517,,,
EXP_LGBModel_Alpha158_csi300_sliding_step40_s_20260121_01,741bdd0f113c4c1eaf23c429f63dfa1d,2026-05-27,SH601088,0.028200593070882313,,,
EXP_LGBModel_Alpha158_csi300_sliding_step40_s_20260121_01,741bdd0f113c4c1eaf23c429f63dfa1d,2026-05-27,SH601077,0.1147381169669069,,,
EXP_LGBModel_Alpha158_csi300_sliding_step40_s_20260121_01,741bdd0f113c4c1eaf23c429f63dfa1d,2026-05-27,SH600926,0.014061535936691204,,,
EXP_LGBModel_Alpha158_csi300_sliding_step40_s_20260121_01,741bdd0f113c4c1eaf23c429f63dfa1d,2026-05-27,SH600930,-0.0771593765093841,,,
EXP_LGBModel_Alpha158_csi300_sliding_step40_s_20260121_01,741bdd0f113c4c1eaf23c429f63dfa1d,2026-05-27,SH600938,0.19567170588953034,,,
EXP_LGBModel_Alpha158_csi300_sliding_step40_s_20260121_01,741bdd0f113c4c1eaf23c429f63dfa1d,2026-05-27,SH600941,0.08010823495109902,,,
EXP_LGBModel_Alpha158_csi300_sliding_step40_s_20260121_01,741bdd0f113c4c1eaf23c429f63dfa1d,2026-05-27,SH600958,-0.09260483987798207,,,
EXP_LGBModel_Alpha158_csi300_sliding_step40_s_20260121_01,741bdd0f113c4c1eaf23c429f63dfa1d,2026-05-27,SH600989,0.017755155853451738,,,
EXP_LGBModel_Alpha158_csi300_sliding_step40_s_20260121_01,741bdd0f113c4c1eaf23c429f63dfa1d,2026-05-27,SH600999,-0.03290312736050061,,,
EXP_LGBModel_Alpha158_csi300_sliding_step40_s_20260121_01,741bdd0f113c4c1eaf23c429f63dfa1d,2026-05-27,SH601006,0.022622079161392344,,,
EXP_LGBModel_Alpha158_csi300_sliding_step40_s_20260121_01,741bdd0f113c4c1eaf23c429f63dfa1d,2026-05-27,SH601009,-0.021240520527293777,,,
EXP_LGBModel_Alpha158_csi300_sliding_step40_s_20260121_01,741bdd0f113c4c1eaf23c429f63dfa1d,2026-05-27,SH601012,0.17058638648676658,,,
EXP_LGBModel_Alpha158_csi300_sliding_step40_s_20260121_01,741bdd0f113c4c1eaf23c429f63dfa1d,2026-05-27,SH601018,0.06568422189352563,,,
EXP_LGBModel_Alpha158_csi300_sliding_step40_s_20260121_01,741bdd0f113c4c1eaf23c429f63dfa1d,2026-05-27,SH601021,-0.001915688144704182,,,
EXP_LGBModel_Alpha158_csi300_sliding_step40_s_20260121_01,741bdd0f113c4c1eaf23c429f63dfa1d,2026-05-27,SH601058,-0.015011088181213342,,,
EXP_LGBModel_Alpha158_csi300_sliding_step40_s_20260121_01,741bdd0f113c4c1eaf23c429f63dfa1d,2026-05-27,SH601059,0.051662005567306914,,,
EXP_LGBModel_Alpha158_csi300_sliding_step40_s_20260121_01,741bdd0f113c4c1eaf23c429f63dfa1d,2026-05-27,SH601066,0.0980329996579845,,,
EXP_LGBModel_Alpha158_csi300_sliding_step40_s_20260121_01,741bdd0f113c4c1eaf23c429f63dfa1d,2026-05-27,SH601318,0.05015655511017471,,,
EXP_LGBModel_Alpha158_csi300_sliding_step40_s_20260121_01,741bdd0f113c4c1eaf23c429f63dfa1d,2026-05-27,SH601319,0.048922374825765114,,,
EXP_LGBModel_Alpha158_csi300_sliding_step40_s_20260121_01,741bdd0f113c4c1eaf23c429f63dfa1d,2026-05-27,SH601328,-0.04052880976462972,,,
EXP_LGBModel_Alpha158_csi300_sliding_step40_s_20260121_01,741bdd0f113c4c1eaf23c429f63dfa1d,2026-05-27,SH601336,-0.016942617986587482,,,
EXP_LGBModel_Alpha158_csi300_sliding_step40_s_20260121_01,741bdd0f113c4c1eaf23c429f63dfa1d,2026-05-27,SH601788,0.0031650558504184257,,,
EXP_LGBModel_Alpha158_csi300_sliding_step40_s_20260121_01,741bdd0f113c4c1eaf23c429f63dfa1d,2026-05-27,SH601800,-0.12058014386879305,,,
EXP_LGBModel_Alpha158_csi300_sliding_step40_s_20260121_01,741bdd0f113c4c1eaf23c429f63dfa1d,2026-05-27,SH601808,-0.016174697719253305,,,
EXP_LGBModel_Alpha158_csi300_sliding_step40_s_20260121_01,741bdd0f113c4c1eaf23c429f63dfa1d,2026-05-27,SH601816,-0.024892650134961974,,,
EXP_LGBModel_Alpha158_csi300_sliding_step40_s_20260121_01,741bdd0f113c4c1eaf23c429f63dfa1d,2026-05-27,SH601818,-0.06936143637257126,,,
EXP_LGBModel_Alpha158_csi300_sliding_step40_s_20260121_01,741bdd0f113c4c1eaf23c429f63dfa1d,2026-05-27,SH601825,0.04881661091614908,,,
EXP_LGBModel_Alpha158_csi300_sliding_step40_s_20260121_01,741bdd0f113c4c1eaf23c429f63dfa1d,2026-05-27,SH601838,-0.00957812388922685,,,
EXP_LGBModel_Alpha158_csi300_sliding_step40_s_20260121_01,741bdd0f113c4c1eaf23c429f63dfa1d,2026-05-27,SH601857,-0.042706384206735865,,,
EXP_LGBModel_Alpha158_csi300_sliding_step40_s_20260121_01,741bdd0f113c4c1eaf23c429f63dfa1d,2026-05-27,SH601868,0.013074079172240065,,,
EXP_LGBModel_Alpha158_csi300_sliding_step40_s_20260121_01,741bdd0f113c4c1eaf23c429f63dfa1d,2026-05-27,SH601872,0.04135743791573177,,,
EXP_LGBModel_Alpha158_csi300_sliding_step40_s_20260121_01,741bdd0f113c4c1eaf23c429f63dfa1d,2026-05-27,SH601877,0.10557630682511729,,,
EXP_LGBModel_Alpha158_csi300_sliding_step40_s_20260121_01,741bdd0f113c4c1eaf23c429f63dfa1d,2026-05-27,SH601878,-0.04824160018647855,,,
EXP_LGBModel_Alpha158_csi300_sliding_step40_s_20260121_01,741bdd0f113c4c1eaf23c429f63dfa1d,2026-05-27,SH601881,0.041987132314948425,,,
EXP_LGBModel_Alpha158_csi300_sliding_step40_s_20260121_01,741bdd0f113c4c1eaf23c429f63dfa1d,2026-05-27,SH601888,-0.15300524234109492,,,
EXP_LGBModel_Alpha158_csi300_sliding_step40_s_20260121_01,741bdd0f113c4c1eaf23c429f63dfa1d,2026-05-27,SH601898,-0.009354942671027593,,,
EXP_LGBModel_Alpha158_csi300_sliding_step40_s_20260121_01,741bdd0f113c4c1eaf23c429f63dfa1d,2026-05-27,SH601766,-0.07873220302215998,,,
EXP_LGBModel_Alpha158_csi300_sliding_step40_s_20260121_01,741bdd0f113c4c1eaf23c429f63dfa1d,2026-05-27,SH600919,0.04606811217703809,,,
EXP_LGBModel_Alpha158_csi300_sliding_step40_s_20260121_01,741bdd0f113c4c1eaf23c429f63dfa1d,2026-05-27,SH601728,-0.11819939043536866,,,
EXP_LGBModel_Alpha158_csi300_sliding_step40_s_20260121_01,741bdd0f113c4c1eaf23c429f63dfa1d,2026-05-27,SH601689,0.03472654712955415,,,
EXP_LGBModel_Alpha158_csi300_sliding_step40_s_20260121_01,741bdd0f113c4c1eaf23c429f63dfa1d,2026-05-27,SH601360,0.16328943770895443,,,
EXP_LGBModel_Alpha158_csi300_sliding_step40_s_20260121_01,741bdd0f113c4c1eaf23c429f63dfa1d,2026-05-27,SH601377,0.04277039606673838,,,
EXP_LGBModel_Alpha158_csi300_sliding_step40_s_20260121_01,741bdd0f113c4c1eaf23c429f63dfa1d,2026-05-27,SH601390,0.014681911434376098,,,
EXP_LGBModel_Alpha158_csi300_sliding_step40_s_20260121_01,741bdd0f113c4c1eaf23c429f63dfa1d,2026-05-27,SH601398,0.027837381362066548,,,
EXP_LGBModel_Alpha158_csi300_sliding_step40_s_20260121_01,741bdd0f113c4c1eaf23c429f63dfa1d,2026-05-27,SH601456,-0.011463355505050336,,,
EXP_LGBModel_Alpha158_csi300_sliding_step40_s_20260121_01,741bdd0f113c4c1eaf23c429f63dfa1d,2026-05-27,SH601600,-0.05303486332134187,,,
EXP_LGBModel_Alpha158_csi300_sliding_step40_s_20260121_01,741bdd0f113c4c1eaf23c429f63dfa1d,2026-05-27,SH601601,0.055983468776139134,,,
EXP_LGBModel_Alpha158_csi300_sliding_step40_s_20260121_01,741bdd0f113c4c1eaf23c429f63dfa1d,2026-05-27,SH601607,0.009244146677992117,,,
EXP_LGBModel_Alpha158_csi300_sliding_step40_s_20260121_01,741bdd0f113c4c1eaf23c429f63dfa1d,2026-05-27,SH601618,0.061649815535028143,,,
EXP_LGBModel_Alpha158_csi300_sliding_step40_s_20260121_01,741bdd0f113c4c1eaf23c429f63dfa1d,2026-05-27,SH601628,-0.040223452082350675,,,
EXP_LGBModel_Alpha158_csi300_sliding_step40_s_20260121_01,741bdd0f113c4c1eaf23c429f63dfa1d,2026-05-27,SH601633,0.011507247456767615,,,
EXP_LGBModel_Alpha158_csi300_sliding_step40_s_20260121_01,741bdd0f113c4c1eaf23c429f63dfa1d,2026-05-27,SH601658,0.04790578109793722,,,
EXP_LGBModel_Alpha158_csi300_sliding_step40_s_20260121_01,741bdd0f113c4c1eaf23c429f63dfa1d,2026-05-27,SH601668,-0.06788504756781653,,,
EXP_LGBModel_Alpha158_csi300_sliding_step40_s_20260121_01,741bdd0f113c4c1eaf23c429f63dfa1d,2026-05-27,SH601669,0.07491326816781957,,,
EXP_LGBModel_Alpha158_csi300_sliding_step40_s_20260121_01,741bdd0f113c4c1eaf23c429f63dfa1d,2026-05-27,SH601688,0.014598622542727493,,,
EXP_LGBModel_Alpha158_csi300_sliding_step40_s_20260121_01,741bdd0f113c4c1eaf23c429f63dfa1d,2026-05-27,SH601698,0.039172851235324255,,,
EXP_LGBModel_Alpha158_csi300_sliding_step40_s_20260121_01,741bdd0f113c4c1eaf23c429f63dfa1d,2026-05-27,SH601899,0.12913458714665457,,,
EXP_LGBModel_Alpha158_csi300_sliding_step40_s_20260121_01,741bdd0f113c4c1eaf23c429f63dfa1d,2026-05-27,SH600918,-0.0742019064311336,,,
EXP_LGBModel_Alpha158_csi300_sliding_step40_s_20260121_01,741bdd0f113c4c1eaf23c429f63dfa1d,2026-05-27,SH600900,0.10644984957528998,,,
EXP_LGBModel_Alpha158_csi300_sliding_step40_s_20260121_01,741bdd0f113c4c1eaf23c429f63dfa1d,2026-05-27,SH600061,0.0469577729989904,,,
EXP_LGBModel_Alpha158_csi300_sliding_step40_s_20260121_01,741bdd0f113c4c1eaf23c429f63dfa1d,2026-05-27,SH600066,-0.049668811061030514,,,
EXP_LGBModel_Alpha158_csi300_sliding_step40_s_20260121_01,741bdd0f113c4c1eaf23c429f63dfa1d,2026-05-27,SH600085,-0.19362049846942903,,,
EXP_LGBModel_Alpha158_csi300_sliding_step40_s_20260121_01,741bdd0f113c4c1eaf23c429f63dfa1d,2026-05-27,SH600089,-0.07951786646385707,,,
EXP_LGBModel_Alpha158_csi300_sliding_step40_s_20260121_01,741bdd0f113c4c1eaf23c429f63dfa1d,2026-05-27,SH600104,0.05561359116221885,,,
EXP_LGBModel_Alpha158_csi300_sliding_step40_s_20260121_01,741bdd0f113c4c1eaf23c429f63dfa1d,2026-05-27,SH600111,0.048634593171578824,,,
EXP_LGBModel_Alpha158_csi300_sliding_step40_s_20260121_01,741bdd0f113c4c1eaf23c429f63dfa1d,2026-05-27,SH600050,-0.020968003228589906,,,
EXP_LGBModel_Alpha158_csi300_sliding_step40_s_20260121_01,741bdd0f113c4c1eaf23c429f63dfa1d,2026-05-27,SH600115,0.1099140578373668,,,
EXP_LGBModel_Alpha158_csi300_sliding_step40_s_20260121_01,741bdd0f113c4c1eaf23c429f63dfa1d,2026-05-27,SH600160,0.006459187392222602,,,
EXP_LGBModel_Alpha158_csi300_sliding_step40_s_20260121_01,741bdd0f113c4c1eaf23c429f63dfa1d,2026-05-27,SH600161,-0.09077592225783515,,,
EXP_LGBModel_Alpha158_csi300_sliding_step40_s_20260121_01,741bdd0f113c4c1eaf23c429f63dfa1d,2026-05-27,SH600176,0.00027496833919743967,,,
EXP_LGBModel_Alpha158_csi300_sliding_step40_s_20260121_01,741bdd0f113c4c1eaf23c429f63dfa1d,2026-05-27,SH600183,-0.021927065856224733,,,
EXP_LGBModel_Alpha158_csi300_sliding_step40_s_20260121_01,741bdd0f113c4c1eaf23c429f63dfa1d,2026-05-27,SH600188,-0.10045886417691154,,,
EXP_LGBModel_Alpha158_csi300_sliding_step40_s_20260121_01,741bdd0f113c4c1eaf23c429f63dfa1d,2026-05-27,SH600196,-0.054877348478765,,,
EXP_LGBModel_Alpha158_csi300_sliding_step40_s_20260121_01,741bdd0f113c4c1eaf23c429f63dfa1d,2026-05-27,SH600150,0.08813202067574853,,,
EXP_LGBModel_Alpha158_csi300_sliding_step40_s_20260121_01,741bdd0f113c4c1eaf23c429f63dfa1d,2026-05-27,SH600048,0.0105741186509271,,,
EXP_LGBModel_Alpha158_csi300_sliding_step40_s_20260121_01,741bdd0f113c4c1eaf23c429f63dfa1d,2026-05-27,SH600039,-0.04893567623378526,,,
EXP_LGBModel_Alpha158_csi300_sliding_step40_s_20260121_01,741bdd0f113c4c1eaf23c429f63dfa1d,2026-05-27,SH600036,-0.07317743188438368,,,
EXP_LGBModel_Alpha158_csi300_sliding_step40_s_20260121_01,741bdd0f113c4c1eaf23c429f63dfa1d,2026-05-27,SH600009,-0.04921769453232479,,,
EXP_LGBModel_Alpha158_csi300_sliding_step40_s_20260121_01,741bdd0f113c4c1eaf23c429f63dfa1d,2026-05-27,SH600010,0.10955867020613011,,,
EXP_LGBModel_Alpha158_csi300_sliding_step40_s_20260121_01,741bdd0f113c4c1eaf23c429f63dfa1d,2026-05-27,SH600011,0.09340111324802192,,,
EXP_LGBModel_Alpha158_csi300_sliding_step40_s_20260121_01,741bdd0f113c4c1eaf23c429f63dfa1d,2026-05-27,SH600015,0.01639420667892127,,,
EXP_LGBModel_Alpha158_csi300_sliding_step40_s_20260121_01,741bdd0f113c4c1eaf23c429f63dfa1d,2026-05-27,SH600016,0.02394158912405551,,,
EXP_LGBModel_Alpha158_csi300_sliding_step40_s_20260121_01,741bdd0f113c4c1eaf23c429f63dfa1d,2026-05-27,SH600018,-0.011196836005889343,,,
EXP_LGBModel_Alpha158_csi300_sliding_step40_s_20260121_01,741bdd0f113c4c1eaf23c429f63dfa1d,2026-05-27,SH600019,-0.06031974267117136,,,
EXP_LGBModel_Alpha158_csi300_sliding_step40_s_20260121_01,741bdd0f113c4c1eaf23c429f63dfa1d,2026-05-27,SH600023,-0.04275964523308316,,,
EXP_LGBModel_Alpha158_csi300_sliding_step40_s_20260121_01,741bdd0f113c4c1eaf23c429f63dfa1d,2026-05-27,SH600025,0.08836436735969977,,,
EXP_LGBModel_Alpha158_csi300_sliding_step40_s_20260121_01,741bdd0f113c4c1eaf23c429f63dfa1d,2026-05-27,SH600026,-0.003653964962962656,,,
EXP_LGBModel_Alpha158_csi300_sliding_step40_s_20260121_01,741bdd0f113c4c1eaf23c429f63dfa1d,2026-05-27,SH600027,-0.030954019416489023,,,
EXP_LGBModel_Alpha158_csi300_sliding_step40_s_20260121_01,741bdd0f113c4c1eaf23c429f63dfa1d,2026-05-27,SH600028,-0.03441692833733735,,,
EXP_LGBModel_Alpha158_csi300_sliding_step40_s_20260121_01,741bdd0f113c4c1eaf23c429f63dfa1d,2026-05-27,SH600029,0.1751182588083737,,,
EXP_LGBModel_Alpha158_csi300_sliding_step40_s_20260121_01,741bdd0f113c4c1eaf23c429f63dfa1d,2026-05-27,SH600030,-0.024736106361707783,,,
EXP_LGBModel_Alpha158_csi300_sliding_step40_s_20260121_01,741bdd0f113c4c1eaf23c429f63dfa1d,2026-05-27,SH600031,-0.014621100146300121,,,
EXP_LGBModel_Alpha158_csi300_sliding_step40_s_20260121_01,741bdd0f113c4c1eaf23c429f63dfa1d,2026-05-27,SH600219,0.06220476916170104,,,
EXP_LGBModel_Alpha158_csi300_sliding_step40_s_20260121_01,741bdd0f113c4c1eaf23c429f63dfa1d,2026-05-27,SH600233,0.024474425348450502,,,
EXP_LGBModel_Alpha158_csi300_sliding_step40_s_20260121_01,741bdd0f113c4c1eaf23c429f63dfa1d,2026-05-27,SH600276,0.10363914365844171,,,
EXP_LGBModel_Alpha158_csi300_sliding_step40_s_20260121_01,741bdd0f113c4c1eaf23c429f63dfa1d,2026-05-27,SH600309,0.09585489276882837,,,
EXP_LGBModel_Alpha158_csi300_sliding_step40_s_20260121_01,741bdd0f113c4c1eaf23c429f63dfa1d,2026-05-27,SH600588,0.11662425803075827,,,
EXP_LGBModel_Alpha158_csi300_sliding_step40_s_20260121_01,741bdd0f113c4c1eaf23c429f63dfa1d,2026-05-27,SH600600,0.011423499826668869,,,
EXP_LGBModel_Alpha158_csi300_sliding_step40_s_20260121_01,741bdd0f113c4c1eaf23c429f63dfa1d,2026-05-27,SH600660,0.005621870608297871,,,
EXP_LGBModel_Alpha158_csi300_sliding_step40_s_20260121_01,741bdd0f113c4c1eaf23c429f63dfa1d,2026-05-27,SH600674,0.01799799775146903,,,
EXP_LGBModel_Alpha158_csi300_sliding_step40_s_20260121_01,741bdd0f113c4c1eaf23c429f63dfa1d,2026-05-27,SH600690,-0.0950476864054115,,,
EXP_LGBModel_Alpha158_csi300_sliding_step40_s_20260121_01,741bdd0f113c4c1eaf23c429f63dfa1d,2026-05-27,SH600741,-0.04241984151625681,,,
EXP_LGBModel_Alpha158_csi300_sliding_step40_s_20260121_01,741bdd0f113c4c1eaf23c429f63dfa1d,2026-05-27,SH600760,0.13157178234881856,,,
EXP_LGBModel_Alpha158_csi300_sliding_step40_s_20260121_01,741bdd0f113c4c1eaf23c429f63dfa1d,2026-05-27,SH600795,0.005386974399427125,,,
EXP_LGBModel_Alpha158_csi300_sliding_step40_s_20260121_01,741bdd0f113c4c1eaf23c429f63dfa1d,2026-05-27,SH600803,-0.04006347370289649,,,
EXP_LGBModel_Alpha158_csi300_sliding_step40_s_20260121_01,741bdd0f113c4c1eaf23c429f63dfa1d,2026-05-27,SH600809,-0.14631378951098425,,,
EXP_LGBModel_Alpha158_csi300_sliding_step40_s_20260121_01,741bdd0f113c4c1eaf23c429f63dfa1d,2026-05-27,SH600845,-0.047692313484919036,,,
EXP_LGBModel_Alpha158_csi300_sliding_step40_s_20260121_01,741bdd0f113c4c1eaf23c429f63dfa1d,2026-05-27,SH600875,0.09936884574054598,,,
EXP_LGBModel_Alpha158_csi300_sliding_step40_s_20260121_01,741bdd0f113c4c1eaf23c429f63dfa1d,2026-05-27,SH600886,0.01407353570966526,,,
EXP_LGBModel_Alpha158_csi300_sliding_step40_s_20260121_01,741bdd0f113c4c1eaf23c429f63dfa1d,2026-05-27,SH600887,0.07797782803014183,,,
EXP_LGBModel_Alpha158_csi300_sliding_step40_s_20260121_01,741bdd0f113c4c1eaf23c429f63dfa1d,2026-05-27,SH600893,0.09950031167501706,,,
EXP_LGBModel_Alpha158_csi300_sliding_step40_s_20260121_01,741bdd0f113c4c1eaf23c429f63dfa1d,2026-05-27,SH600585,-0.02350725116439773,,,
EXP_LGBModel_Alpha158_csi300_sliding_step40_s_20260121_01,741bdd0f113c4c1eaf23c429f63dfa1d,2026-05-27,SH600905,-0.05051045152337528,,,
EXP_LGBModel_Alpha158_csi300_sliding_step40_s_20260121_01,741bdd0f113c4c1eaf23c429f63dfa1d,2026-05-27,SH600584,-0.10336869924355895,,,
EXP_LGBModel_Alpha158_csi300_sliding_step40_s_20260121_01,741bdd0f113c4c1eaf23c429f63dfa1d,2026-05-27,SH600547,0.100507563826752,,,
EXP_LGBModel_Alpha158_csi300_sliding_step40_s_20260121_01,741bdd0f113c4c1eaf23c429f63dfa1d,2026-05-27,SH600346,0.3194449621968258,,,
EXP_LGBModel_Alpha158_csi300_sliding_step40_s_20260121_01,741bdd0f113c4c1eaf23c429f63dfa1d,2026-05-27,SH600362,0.08321407908009477,,,
EXP_LGBModel_Alpha158_csi300_sliding_step40_s_20260121_01,741bdd0f113c4c1eaf23c429f63dfa1d,2026-05-27,SH600372,0.1642476581653552,,,
EXP_LGBModel_Alpha158_csi300_sliding_step40_s_20260121_01,741bdd0f113c4c1eaf23c429f63dfa1d,2026-05-27,SH600377,0.05085194859135353,,,
EXP_LGBModel_Alpha158_csi300_sliding_step40_s_20260121_01,741bdd0f113c4c1eaf23c429f63dfa1d,2026-05-27,SH600406,-0.029939981889880653,,,
EXP_LGBModel_Alpha158_csi300_sliding_step40_s_20260121_01,741bdd0f113c4c1eaf23c429f63dfa1d,2026-05-27,SH600415,-0.05167774503889341,,,
EXP_LGBModel_Alpha158_csi300_sliding_step40_s_20260121_01,741bdd0f113c4c1eaf23c429f63dfa1d,2026-05-27,SH600426,0.16285144793154557,,,
EXP_LGBModel_Alpha158_csi300_sliding_step40_s_20260121_01,741bdd0f113c4c1eaf23c429f63dfa1d,2026-05-27,SH600436,-0.2110143752195702,,,
EXP_LGBModel_Alpha158_csi300_sliding_step40_s_20260121_01,741bdd0f113c4c1eaf23c429f63dfa1d,2026-05-27,SH600438,0.07678732926406126,,,
EXP_LGBModel_Alpha158_csi300_sliding_step40_s_20260121_01,741bdd0f113c4c1eaf23c429f63dfa1d,2026-05-27,SH600460,-0.2242303824082301,,,
EXP_LGBModel_Alpha158_csi300_sliding_step40_s_20260121_01,741bdd0f113c4c1eaf23c429f63dfa1d,2026-05-27,SH600482,0.09858728896667542,,,
EXP_LGBModel_Alpha158_csi300_sliding_step40_s_20260121_01,741bdd0f113c4c1eaf23c429f63dfa1d,2026-05-27,SH600489,0.1431639073368376,,,
EXP_LGBModel_Alpha158_csi300_sliding_step40_s_20260121_01,741bdd0f113c4c1eaf23c429f63dfa1d,2026-05-27,SH600515,0.02304730383091468,,,
EXP_LGBModel_Alpha158_csi300_sliding_step40_s_20260121_01,741bdd0f113c4c1eaf23c429f63dfa1d,2026-05-27,SH600519,-0.14752706427918708,,,
EXP_LGBModel_Alpha158_csi300_sliding_step40_s_20260121_01,741bdd0f113c4c1eaf23c429f63dfa1d,2026-05-27,SH600522,0.0726613105129564,,,
EXP_LGBModel_Alpha158_csi300_sliding_step40_s_20260121_01,741bdd0f113c4c1eaf23c429f63dfa1d,2026-05-27,SH600570,0.13175365662110883,,,
EXP_LGBModel_Alpha158_csi300_sliding_step40_s_20260121_01,741bdd0f113c4c1eaf23c429f63dfa1d,2026-05-27,SH600000,-0.09433019712107052,,,
EXP_LGBModel_Alpha158_csi300_sliding_step40_s_20260121_01,741bdd0f113c4c1eaf23c429f63dfa1d,2026-05-27,SH601901,-0.004603367384932753,,,
EXP_LGBModel_Alpha158_csi300_sliding_step40_s_20260121_01,741bdd0f113c4c1eaf23c429f63dfa1d,2026-05-27,SH601919,-0.014376544019839857,,,
EXP_LGBModel_Alpha158_csi300_sliding_step40_s_20260121_01,741bdd0f113c4c1eaf23c429f63dfa1d,2026-05-27,SZ002415,0.07694684239601715,,,
EXP_LGBModel_Alpha158_csi300_sliding_step40_s_20260121_01,741bdd0f113c4c1eaf23c429f63dfa1d,2026-05-27,SZ002422,0.019719348107107355,,,
EXP_LGBModel_Alpha158_csi300_sliding_step40_s_20260121_01,741bdd0f113c4c1eaf23c429f63dfa1d,2026-05-27,SZ002459,0.20740950391994312,,,
EXP_LGBModel_Alpha158_csi300_sliding_step40_s_20260121_01,741bdd0f113c4c1eaf23c429f63dfa1d,2026-05-27,SZ002460,0.11942595919368859,,,
EXP_LGBModel_Alpha158_csi300_sliding_step40_s_20260121_01,741bdd0f113c4c1eaf23c429f63dfa1d,2026-05-27,SZ002463,0.014578581532979107,,,
EXP_LGBModel_Alpha158_csi300_sliding_step40_s_20260121_01,741bdd0f113c4c1eaf23c429f63dfa1d,2026-05-27,SZ002466,0.10263652793114687,,,
EXP_LGBModel_Alpha158_csi300_sliding_step40_s_20260121_01,741bdd0f113c4c1eaf23c429f63dfa1d,2026-05-27,SZ002384,-0.08576223377724368,,,
EXP_LGBModel_Alpha158_csi300_sliding_step40_s_20260121_01,741bdd0f113c4c1eaf23c429f63dfa1d,2026-05-27,SZ002475,-0.09515793921289153,,,
EXP_LGBModel_Alpha158_csi300_sliding_step40_s_20260121_01,741bdd0f113c4c1eaf23c429f63dfa1d,2026-05-27,SZ002594,0.09257639544363473,,,
EXP_LGBModel_Alpha158_csi300_sliding_step40_s_20260121_01,741bdd0f113c4c1eaf23c429f63dfa1d,2026-05-27,SZ002600,0.07581441316871271,,,
EXP_LGBModel_Alpha158_csi300_sliding_step40_s_20260121_01,741bdd0f113c4c1eaf23c429f63dfa1d,2026-05-27,SZ002601,0.18598627138191198,,,
EXP_LGBModel_Alpha158_csi300_sliding_step40_s_20260121_01,741bdd0f113c4c1eaf23c429f63dfa1d,2026-05-27,SZ002625,0.10167405881719883,,,
EXP_LGBModel_Alpha158_csi300_sliding_step40_s_20260121_01,741bdd0f113c4c1eaf23c429f63dfa1d,2026-05-27,SZ002648,0.047895971593220385,,,
EXP_LGBModel_Alpha158_csi300_sliding_step40_s_20260121_01,741bdd0f113c4c1eaf23c429f63dfa1d,2026-05-27,SZ002709,0.16865037499585678,,,
EXP_LGBModel_Alpha158_csi300_sliding_step40_s_20260121_01,741bdd0f113c4c1eaf23c429f63dfa1d,2026-05-27,SZ002493,0.042747096073717815,,,
EXP_LGBModel_Alpha158_csi300_sliding_step40_s_20260121_01,741bdd0f113c4c1eaf23c429f63dfa1d,2026-05-27,SZ002371,0.16960233623226328,,,
EXP_LGBModel_Alpha158_csi300_sliding_step40_s_20260121_01,741bdd0f113c4c1eaf23c429f63dfa1d,2026-05-27,SZ002352,0.007697431866186832,,,
EXP_LGBModel_Alpha158_csi300_sliding_step40_s_20260121_01,741bdd0f113c4c1eaf23c429f63dfa1d,2026-05-27,SZ002311,-0.019016514421689598,,,
EXP_LGBModel_Alpha158_csi300_sliding_step40_s_20260121_01,741bdd0f113c4c1eaf23c429f63dfa1d,2026-05-27,SZ001965,0.0063510835103192265,,,
EXP_LGBModel_Alpha158_csi300_sliding_step40_s_20260121_01,741bdd0f113c4c1eaf23c429f63dfa1d,2026-05-27,SZ001979,0.2103733049170427,,,
EXP_LGBModel_Alpha158_csi300_sliding_step40_s_20260121_01,741bdd0f113c4c1eaf23c429f63dfa1d,2026-05-27,SZ002001,0.01145207701742383,,,
EXP_LGBModel_Alpha158_csi300_sliding_step40_s_20260121_01,741bdd0f113c4c1eaf23c429f63dfa1d,2026-05-27,SZ002027,-0.013922647328561287,,,
EXP_LGBModel_Alpha158_csi300_sliding_step40_s_20260121_01,741bdd0f113c4c1eaf23c429f63dfa1d,2026-05-27,SZ002028,0.25553510025814963,,,
EXP_LGBModel_Alpha158_csi300_sliding_step40_s_20260121_01,741bdd0f113c4c1eaf23c429f63dfa1d,2026-05-27,SZ002049,0.013570414498637563,,,
EXP_LGBModel_Alpha158_csi300_sliding_step40_s_20260121_01,741bdd0f113c4c1eaf23c429f63dfa1d,2026-05-27,SZ002050,0.03326066851103454,,,
EXP_LGBModel_Alpha158_csi300_sliding_step40_s_20260121_01,741bdd0f113c4c1eaf23c429f63dfa1d,2026-05-27,SZ002074,0.09261976723662302,,,
EXP_LGBModel_Alpha158_csi300_sliding_step40_s_20260121_01,741bdd0f113c4c1eaf23c429f63dfa1d,2026-05-27,SZ002142,-0.01062651129498193,,,
EXP_LGBModel_Alpha158_csi300_sliding_step40_s_20260121_01,741bdd0f113c4c1eaf23c429f63dfa1d,2026-05-27,SZ002179,0.20342134633509276,,,
EXP_LGBModel_Alpha158_csi300_sliding_step40_s_20260121_01,741bdd0f113c4c1eaf23c429f63dfa1d,2026-05-27,SZ002230,0.09655193204469759,,,
EXP_LGBModel_Alpha158_csi300_sliding_step40_s_20260121_01,741bdd0f113c4c1eaf23c429f63dfa1d,2026-05-27,SZ002236,0.14733953002166753,,,
EXP_LGBModel_Alpha158_csi300_sliding_step40_s_20260121_01,741bdd0f113c4c1eaf23c429f63dfa1d,2026-05-27,SZ002241,0.032651444475908654,,,
EXP_LGBModel_Alpha158_csi300_sliding_step40_s_20260121_01,741bdd0f113c4c1eaf23c429f63dfa1d,2026-05-27,SZ002252,0.0082828439741823,,,
EXP_LGBModel_Alpha158_csi300_sliding_step40_s_20260121_01,741bdd0f113c4c1eaf23c429f63dfa1d,2026-05-27,SZ002304,-0.1354438574358298,,,
EXP_LGBModel_Alpha158_csi300_sliding_step40_s_20260121_01,741bdd0f113c4c1eaf23c429f63dfa1d,2026-05-27,SZ002714,0.004267497506846045,,,
EXP_LGBModel_Alpha158_csi300_sliding_step40_s_20260121_01,741bdd0f113c4c1eaf23c429f63dfa1d,2026-05-27,SZ002736,-0.03844514181691657,,,
EXP_LGBModel_Alpha158_csi300_sliding_step40_s_20260121_01,741bdd0f113c4c1eaf23c429f63dfa1d,2026-05-27,SZ002916,-0.0793297117896002,,,
EXP_LGBModel_Alpha158_csi300_sliding_step40_s_20260121_01,741bdd0f113c4c1eaf23c429f63dfa1d,2026-05-27,SZ002920,-0.06831617169289532,,,
EXP_LGBModel_Alpha158_csi300_sliding_step40_s_20260121_01,741bdd0f113c4c1eaf23c429f63dfa1d,2026-05-27,SZ300476,-0.0802517857838486,,,
EXP_LGBModel_Alpha158_csi300_sliding_step40_s_20260121_01,741bdd0f113c4c1eaf23c429f63dfa1d,2026-05-27,SZ300498,0.11922272100735083,,,
EXP_LGBModel_Alpha158_csi300_sliding_step40_s_20260121_01,741bdd0f113c4c1eaf23c429f63dfa1d,2026-05-27,SZ300502,0.0179791056480991,,,
EXP_LGBModel_Alpha158_csi300_sliding_step40_s_20260121_01,741bdd0f113c4c1eaf23c429f63dfa1d,2026-05-27,SZ300628,-0.006990265451596472,,,
EXP_LGBModel_Alpha158_csi300_sliding_step40_s_20260121_01,741bdd0f113c4c1eaf23c429f63dfa1d,2026-05-27,SZ300661,-0.11278820128789385,,,
EXP_LGBModel_Alpha158_csi300_sliding_step40_s_20260121_01,741bdd0f113c4c1eaf23c429f63dfa1d,2026-05-27,SZ300750,0.08796947750309811,,,
EXP_LGBModel_Alpha158_csi300_sliding_step40_s_20260121_01,741bdd0f113c4c1eaf23c429f63dfa1d,2026-05-27,SZ300759,-0.06872529443128285,,,
EXP_LGBModel_Alpha158_csi300_sliding_step40_s_20260121_01,741bdd0f113c4c1eaf23c429f63dfa1d,2026-05-27,SZ300760,-0.08187342190455306,,,
EXP_LGBModel_Alpha158_csi300_sliding_step40_s_20260121_01,741bdd0f113c4c1eaf23c429f63dfa1d,2026-05-27,SZ300782,0.11669793114923566,,,
EXP_LGBModel_Alpha158_csi300_sliding_step40_s_20260121_01,741bdd0f113c4c1eaf23c429f63dfa1d,2026-05-27,SZ300803,0.07846789810625601,,,
EXP_LGBModel_Alpha158_csi300_sliding_step40_s_20260121_01,741bdd0f113c4c1eaf23c429f63dfa1d,2026-05-27,SZ300832,0.05473288777193013,,,
EXP_LGBModel_Alpha158_csi300_sliding_step40_s_20260121_01,741bdd0f113c4c1eaf23c429f63dfa1d,2026-05-27,SZ300866,0.0026891382509816853,,,
EXP_LGBModel_Alpha158_csi300_sliding_step40_s_20260121_01,741bdd0f113c4c1eaf23c429f63dfa1d,2026-05-27,SZ300896,-0.0039860265104523975,,,
EXP_LGBModel_Alpha158_csi300_sliding_step40_s_20260121_01,741bdd0f113c4c1eaf23c429f63dfa1d,2026-05-27,SZ300979,0.008624885090640222,,,
EXP_LGBModel_Alpha158_csi300_sliding_step40_s_20260121_01,741bdd0f113c4c1eaf23c429f63dfa1d,2026-05-27,SZ300999,-0.010092506140183425,,,
EXP_LGBModel_Alpha158_csi300_sliding_step40_s_20260121_01,741bdd0f113c4c1eaf23c429f63dfa1d,2026-05-27,SZ300442,-0.08307491565439165,,,
EXP_LGBModel_Alpha158_csi300_sliding_step40_s_20260121_01,741bdd0f113c4c1eaf23c429f63dfa1d,2026-05-27,SZ001391,-0.11969138996251764,,,
EXP_LGBModel_Alpha158_csi300_sliding_step40_s_20260121_01,741bdd0f113c4c1eaf23c429f63dfa1d,2026-05-27,SZ300433,-0.3168287801205445,,,
EXP_LGBModel_Alpha158_csi300_sliding_step40_s_20260121_01,741bdd0f113c4c1eaf23c429f63dfa1d,2026-05-27,SZ300413,0.07572976663779526,,,
EXP_LGBModel_Alpha158_csi300_sliding_step40_s_20260121_01,741bdd0f113c4c1eaf23c429f63dfa1d,2026-05-27,SZ002938,-0.013625097493981806,,,
EXP_LGBModel_Alpha158_csi300_sliding_step40_s_20260121_01,741bdd0f113c4c1eaf23c429f63dfa1d,2026-05-27,SZ003816,0.14059911323315824,,,
EXP_LGBModel_Alpha158_csi300_sliding_step40_s_20260121_01,741bdd0f113c4c1eaf23c429f63dfa1d,2026-05-27,SZ300014,0.10966391195636965,,,
EXP_LGBModel_Alpha158_csi300_sliding_step40_s_20260121_01,741bdd0f113c4c1eaf23c429f63dfa1d,2026-05-27,SZ300015,0.010117813569883892,,,
EXP_LGBModel_Alpha158_csi300_sliding_step40_s_20260121_01,741bdd0f113c4c1eaf23c429f63dfa1d,2026-05-27,SZ300033,0.16486492018100862,,,
EXP_LGBModel_Alpha158_csi300_sliding_step40_s_20260121_01,741bdd0f113c4c1eaf23c429f63dfa1d,2026-05-27,SZ300059,0.01592050632377499,,,
EXP_LGBModel_Alpha158_csi300_sliding_step40_s_20260121_01,741bdd0f113c4c1eaf23c429f63dfa1d,2026-05-27,SZ300122,-0.14184616853351484,,,
EXP_LGBModel_Alpha158_csi300_sliding_step40_s_20260121_01,741bdd0f113c4c1eaf23c429f63dfa1d,2026-05-27,SZ300124,0.07973845128684685,,,
EXP_LGBModel_Alpha158_csi300_sliding_step40_s_20260121_01,741bdd0f113c4c1eaf23c429f63dfa1d,2026-05-27,SZ300251,0.03200360699888495,,,
EXP_LGBModel_Alpha158_csi300_sliding_step40_s_20260121_01,741bdd0f113c4c1eaf23c429f63dfa1d,2026-05-27,SZ300274,-0.18709456684657366,,,
EXP_LGBModel_Alpha158_csi300_sliding_step40_s_20260121_01,741bdd0f113c4c1eaf23c429f63dfa1d,2026-05-27,SZ300308,-0.0993309869536222,,,
EXP_LGBModel_Alpha158_csi300_sliding_step40_s_20260121_01,741bdd0f113c4c1eaf23c429f63dfa1d,2026-05-27,SZ300316,0.03569533196147843,,,
EXP_LGBModel_Alpha158_csi300_sliding_step40_s_20260121_01,741bdd0f113c4c1eaf23c429f63dfa1d,2026-05-27,SZ300347,0.0684915948325729,,,
EXP_LGBModel_Alpha158_csi300_sliding_step40_s_20260121_01,741bdd0f113c4c1eaf23c429f63dfa1d,2026-05-27,SZ300394,-0.031060720745090514,,,
EXP_LGBModel_Alpha158_csi300_sliding_step40_s_20260121_01,741bdd0f113c4c1eaf23c429f63dfa1d,2026-05-27,SZ300408,-0.10462256719913127,,,
EXP_LGBModel_Alpha158_csi300_sliding_step40_s_20260121_01,741bdd0f113c4c1eaf23c429f63dfa1d,2026-05-27,SZ300418,0.16617508896502542,,,
EXP_LGBModel_Alpha158_csi300_sliding_step40_s_20260121_01,741bdd0f113c4c1eaf23c429f63dfa1d,2026-05-27,SH601916,-0.03861056209161008,,,
EXP_LGBModel_Alpha158_csi300_sliding_step40_s_20260121_01,741bdd0f113c4c1eaf23c429f63dfa1d,2026-05-27,SZ000999,-0.04550449214733348,,,
EXP_LGBModel_Alpha158_csi300_sliding_step40_s_20260121_01,741bdd0f113c4c1eaf23c429f63dfa1d,2026-05-27,SZ000977,0.13078718526489888,,,
EXP_LGBModel_Alpha158_csi300_sliding_step40_s_20260121_01,741bdd0f113c4c1eaf23c429f63dfa1d,2026-05-27,SH605499,0.0044400342592470655,,,
EXP_LGBModel_Alpha158_csi300_sliding_step40_s_20260121_01,741bdd0f113c4c1eaf23c429f63dfa1d,2026-05-27,SH688008,-0.01983966564038559,,,
EXP_LGBModel_Alpha158_csi300_sliding_step40_s_20260121_01,741bdd0f113c4c1eaf23c429f63dfa1d,2026-05-27,SH688009,-0.004426301473441682,,,
EXP_LGBModel_Alpha158_csi300_sliding_step40_s_20260121_01,741bdd0f113c4c1eaf23c429f63dfa1d,2026-05-27,SH688012,0.07441667734562205,,,
EXP_LGBModel_Alpha158_csi300_sliding_step40_s_20260121_01,741bdd0f113c4c1eaf23c429f63dfa1d,2026-05-27,SH688036,0.1904661527165407,,,
EXP_LGBModel_Alpha158_csi300_sliding_step40_s_20260121_01,741bdd0f113c4c1eaf23c429f63dfa1d,2026-05-27,SH688041,-0.1372385432291684,,,
EXP_LGBModel_Alpha158_csi300_sliding_step40_s_20260121_01,741bdd0f113c4c1eaf23c429f63dfa1d,2026-05-27,SH605117,0.02700640039301127,,,
EXP_LGBModel_Alpha158_csi300_sliding_step40_s_20260121_01,741bdd0f113c4c1eaf23c429f63dfa1d,2026-05-27,SH688047,0.09544089568475668,,,
EXP_LGBModel_Alpha158_csi300_sliding_step40_s_20260121_01,741bdd0f113c4c1eaf23c429f63dfa1d,2026-05-27,SH688111,0.2027951163814229,,,
EXP_LGBModel_Alpha158_csi300_sliding_step40_s_20260121_01,741bdd0f113c4c1eaf23c429f63dfa1d,2026-05-27,SH688126,-0.1905853961917619,,,
EXP_LGBModel_Alpha158_csi300_sliding_step40_s_20260121_01,741bdd0f113c4c1eaf23c429f63dfa1d,2026-05-27,SH688169,0.03165281139603447,,,
EXP_LGBModel_Alpha158_csi300_sliding_step40_s_20260121_01,741bdd0f113c4c1eaf23c429f63dfa1d,2026-05-27,SH688187,-0.14449183032431406,,,
EXP_LGBModel_Alpha158_csi300_sliding_step40_s_20260121_01,741bdd0f113c4c1eaf23c429f63dfa1d,2026-05-27,SH688223,0.06988834457574176,,,
EXP_LGBModel_Alpha158_csi300_sliding_step40_s_20260121_01,741bdd0f113c4c1eaf23c429f63dfa1d,2026-05-27,SH688256,0.014499243787336491,,,
EXP_LGBModel_Alpha158_csi300_sliding_step40_s_20260121_01,741bdd0f113c4c1eaf23c429f63dfa1d,2026-05-27,SH688082,-0.15583384122441576,,,
EXP_LGBModel_Alpha158_csi300_sliding_step40_s_20260121_01,741bdd0f113c4c1eaf23c429f63dfa1d,2026-05-27,SH603993,0.04358777053915109,,,
EXP_LGBModel_Alpha158_csi300_sliding_step40_s_20260121_01,741bdd0f113c4c1eaf23c429f63dfa1d,2026-05-27,SH603986,-0.06729375277953577,,,
EXP_LGBModel_Alpha158_csi300_sliding_step40_s_20260121_01,741bdd0f113c4c1eaf23c429f63dfa1d,2026-05-27,SH603893,-0.22313939781525347,,,
EXP_LGBModel_Alpha158_csi300_sliding_step40_s_20260121_01,741bdd0f113c4c1eaf23c429f63dfa1d,2026-05-27,SH601939,0.023158020930951304,,,
EXP_LGBModel_Alpha158_csi300_sliding_step40_s_20260121_01,741bdd0f113c4c1eaf23c429f63dfa1d,2026-05-27,SH601985,-0.016026832176630885,,,
EXP_LGBModel_Alpha158_csi300_sliding_step40_s_20260121_01,741bdd0f113c4c1eaf23c429f63dfa1d,2026-05-27,SH601988,0.07855542741430861,,,
EXP_LGBModel_Alpha158_csi300_sliding_step40_s_20260121_01,741bdd0f113c4c1eaf23c429f63dfa1d,2026-05-27,SH601995,0.0608551244796323,,,
EXP_LGBModel_Alpha158_csi300_sliding_step40_s_20260121_01,741bdd0f113c4c1eaf23c429f63dfa1d,2026-05-27,SH601998,0.018307985330013047,,,
EXP_LGBModel_Alpha158_csi300_sliding_step40_s_20260121_01,741bdd0f113c4c1eaf23c429f63dfa1d,2026-05-27,SH603019,0.12617524803019325,,,
EXP_LGBModel_Alpha158_csi300_sliding_step40_s_20260121_01,741bdd0f113c4c1eaf23c429f63dfa1d,2026-05-27,SH603195,0.14083750104601478,,,
EXP_LGBModel_Alpha158_csi300_sliding_step40_s_20260121_01,741bdd0f113c4c1eaf23c429f63dfa1d,2026-05-27,SH603259,0.04156247963682265,,,
EXP_LGBModel_Alpha158_csi300_sliding_step40_s_20260121_01,741bdd0f113c4c1eaf23c429f63dfa1d,2026-05-27,SH603260,0.1432795319110552,,,
EXP_LGBModel_Alpha158_csi300_sliding_step40_s_20260121_01,741bdd0f113c4c1eaf23c429f63dfa1d,2026-05-27,SH603288,-0.10936599312794854,,,
EXP_LGBModel_Alpha158_csi300_sliding_step40_s_20260121_01,741bdd0f113c4c1eaf23c429f63dfa1d,2026-05-27,SH603296,0.17694463386102624,,,
EXP_LGBModel_Alpha158_csi300_sliding_step40_s_20260121_01,741bdd0f113c4c1eaf23c429f63dfa1d,2026-05-27,SH603369,-0.008143335358658993,,,
EXP_LGBModel_Alpha158_csi300_sliding_step40_s_20260121_01,741bdd0f113c4c1eaf23c429f63dfa1d,2026-05-27,SH603392,-0.06357585791889982,,,
EXP_LGBModel_Alpha158_csi300_sliding_step40_s_20260121_01,741bdd0f113c4c1eaf23c429f63dfa1d,2026-05-27,SH603501,0.15725426357675998,,,
EXP_LGBModel_Alpha158_csi300_sliding_step40_s_20260121_01,741bdd0f113c4c1eaf23c429f63dfa1d,2026-05-27,SH603799,0.10360963223334384,,,
EXP_LGBModel_Alpha158_csi300_sliding_step40_s_20260121_01,741bdd0f113c4c1eaf23c429f63dfa1d,2026-05-27,SH688271,-0.005059503933982,,,
EXP_LGBModel_Alpha158_csi300_sliding_step40_s_20260121_01,741bdd0f113c4c1eaf23c429f63dfa1d,2026-05-27,SH688303,0.12340320755451469,,,
EXP_LGBModel_Alpha158_csi300_sliding_step40_s_20260121_01,741bdd0f113c4c1eaf23c429f63dfa1d,2026-05-27,SH688396,-0.09191710654616149,,,
EXP_LGBModel_Alpha158_csi300_sliding_step40_s_20260121_01,741bdd0f113c4c1eaf23c429f63dfa1d,2026-05-27,SH688472,0.23985000495041559,,,
EXP_LGBModel_Alpha158_csi300_sliding_step40_s_20260121_01,741bdd0f113c4c1eaf23c429f63dfa1d,2026-05-27,SZ000651,-0.025578567235976034,,,
EXP_LGBModel_Alpha158_csi300_sliding_step40_s_20260121_01,741bdd0f113c4c1eaf23c429f63dfa1d,2026-05-27,SZ000661,-0.06310992170565338,,,
EXP_LGBModel_Alpha158_csi300_sliding_step40_s_20260121_01,741bdd0f113c4c1eaf23c429f63dfa1d,2026-05-27,SZ000708,0.05665929990370592,,,
EXP_LGBModel_Alpha158_csi300_sliding_step40_s_20260121_01,741bdd0f113c4c1eaf23c429f63dfa1d,2026-05-27,SZ000725,-0.1847306108067553,,,
EXP_LGBModel_Alpha158_csi300_sliding_step40_s_20260121_01,741bdd0f113c4c1eaf23c429f63dfa1d,2026-05-27,SZ000768,-0.002626028110966562,,,
EXP_LGBModel_Alpha158_csi300_sliding_step40_s_20260121_01,741bdd0f113c4c1eaf23c429f63dfa1d,2026-05-27,SZ000776,-0.03456551480038588,,,
EXP_LGBModel_Alpha158_csi300_sliding_step40_s_20260121_01,741bdd0f113c4c1eaf23c429f63dfa1d,2026-05-27,SZ000786,0.07716538205685917,,,
EXP_LGBModel_Alpha158_csi300_sliding_step40_s_20260121_01,741bdd0f113c4c1eaf23c429f63dfa1d,2026-05-27,SZ000792,0.11449203497681956,,,
EXP_LGBModel_Alpha158_csi300_sliding_step40_s_20260121_01,741bdd0f113c4c1eaf23c429f63dfa1d,2026-05-27,SZ000807,0.0832904593665571,,,
EXP_LGBModel_Alpha158_csi300_sliding_step40_s_20260121_01,741bdd0f113c4c1eaf23c429f63dfa1d,2026-05-27,SZ000858,-0.21012024832337473,,,
EXP_LGBModel_Alpha158_csi300_sliding_step40_s_20260121_01,741bdd0f113c4c1eaf23c429f63dfa1d,2026-05-27,SZ000876,-0.055813540162449445,,,
EXP_LGBModel_Alpha158_csi300_sliding_step40_s_20260121_01,741bdd0f113c4c1eaf23c429f63dfa1d,2026-05-27,SZ000895,-0.008079089564758966,,,
EXP_LGBModel_Alpha158_csi300_sliding_step40_s_20260121_01,741bdd0f113c4c1eaf23c429f63dfa1d,2026-05-27,SZ000938,0.10422459686345449,,,
EXP_LGBModel_Alpha158_csi300_sliding_step40_s_20260121_01,741bdd0f113c4c1eaf23c429f63dfa1d,2026-05-27,SZ000963,-0.10698591418605292,,,
EXP_LGBModel_Alpha158_csi300_sliding_step40_s_20260121_01,741bdd0f113c4c1eaf23c429f63dfa1d,2026-05-27,SZ000975,0.05686971939490718,,,
EXP_LGBModel_Alpha158_csi300_sliding_step40_s_20260121_01,741bdd0f113c4c1eaf23c429f63dfa1d,2026-05-27,SZ000630,0.015245814278707555,,,
EXP_LGBModel_Alpha158_csi300_sliding_step40_s_20260121_01,741bdd0f113c4c1eaf23c429f63dfa1d,2026-05-27,SZ000983,-0.06903304516828822,,,
EXP_LGBModel_Alpha158_csi300_sliding_step40_s_20260121_01,741bdd0f113c4c1eaf23c429f63dfa1d,2026-05-27,SZ000625,0.03933100135491287,,,
EXP_LGBModel_Alpha158_csi300_sliding_step40_s_20260121_01,741bdd0f113c4c1eaf23c429f63dfa1d,2026-05-27,SZ000596,-0.10013633823888893,,,
EXP_LGBModel_Alpha158_csi300_sliding_step40_s_20260121_01,741bdd0f113c4c1eaf23c429f63dfa1d,2026-05-27,SH688506,-0.05469399421604982,,,
EXP_LGBModel_Alpha158_csi300_sliding_step40_s_20260121_01,741bdd0f113c4c1eaf23c429f63dfa1d,2026-05-27,SH688981,-0.0030803933840471325,,,
EXP_LGBModel_Alpha158_csi300_sliding_step40_s_20260121_01,741bdd0f113c4c1eaf23c429f63dfa1d,2026-05-27,SZ000001,-0.06433631997564854,,,
EXP_LGBModel_Alpha158_csi300_sliding_step40_s_20260121_01,741bdd0f113c4c1eaf23c429f63dfa1d,2026-05-27,SZ000002,0.04370461623497965,,,
EXP_LGBModel_Alpha158_csi300_sliding_step40_s_20260121_01,741bdd0f113c4c1eaf23c429f63dfa1d,2026-05-27,SZ000063,0.18349475950858435,,,
EXP_LGBModel_Alpha158_csi300_sliding_step40_s_20260121_01,741bdd0f113c4c1eaf23c429f63dfa1d,2026-05-27,SZ000100,-0.22437210774661906,,,
EXP_LGBModel_Alpha158_csi300_sliding_step40_s_20260121_01,741bdd0f113c4c1eaf23c429f63dfa1d,2026-05-27,SZ000157,-0.007053928071305994,,,
EXP_LGBModel_Alpha158_csi300_sliding_step40_s_20260121_01,741bdd0f113c4c1eaf23c429f63dfa1d,2026-05-27,SZ000166,0.04636502926366348,,,
EXP_LGBModel_Alpha158_csi300_sliding_step40_s_20260121_01,741bdd0f113c4c1eaf23c429f63dfa1d,2026-05-27,SZ000301,-0.0861770195706898,,,
EXP_LGBModel_Alpha158_csi300_sliding_step40_s_20260121_01,741bdd0f113c4c1eaf23c429f63dfa1d,2026-05-27,SZ000333,0.03535764430746223,,,
EXP_LGBModel_Alpha158_csi300_sliding_step40_s_20260121_01,741bdd0f113c4c1eaf23c429f63dfa1d,2026-05-27,SZ000338,0.03221478850239519,,,
EXP_LGBModel_Alpha158_csi300_sliding_step40_s_20260121_01,741bdd0f113c4c1eaf23c429f63dfa1d,2026-05-27,SZ000408,0.11575717380619714,,,
EXP_LGBModel_Alpha158_csi300_sliding_step40_s_20260121_01,741bdd0f113c4c1eaf23c429f63dfa1d,2026-05-27,SZ000425,-0.01982210044646744,,,
EXP_LGBModel_Alpha158_csi300_sliding_step40_s_20260121_01,741bdd0f113c4c1eaf23c429f63dfa1d,2026-05-27,SZ000538,-0.08669290232669062,,,
EXP_LGBModel_Alpha158_csi300_sliding_step40_s_20260121_01,741bdd0f113c4c1eaf23c429f63dfa1d,2026-05-27,SZ000568,-0.15247076090189995,,,
EXP_LGBModel_Alpha158_csi300_sliding_step40_s_20260121_01,741bdd0f113c4c1eaf23c429f63dfa1d,2026-05-27,SZ000617,0.10345831120826893,,,
EXP_LGBModel_Alpha158_csi300_sliding_step40_s_20260121_01,741bdd0f113c4c1eaf23c429f63dfa1d,2026-05-27,SZ301236,0.17060690844768678,,,
EXP_LGBModel_Alpha158_csi300_expanding_step40_s_20260121_01,0d5b2c317ad04013b1cb76da95b478fc,2026-05-27,SZ302132,-0.03697209354983287,,,
EXP_LGBModel_Alpha158_csi300_expanding_step40_s_20260121_01,0d5b2c317ad04013b1cb76da95b478fc,2026-05-27,SZ301236,0.10947789296229285,,,
EXP_LGBModel_Alpha158_csi300_expanding_step40_s_20260121_01,0d5b2c317ad04013b1cb76da95b478fc,2026-05-27,SH601117,0.004324238385688154,,,
EXP_LGBModel_Alpha158_csi300_expanding_step40_s_20260121_01,0d5b2c317ad04013b1cb76da95b478fc,2026-05-27,SH601127,0.05674986444078057,,,
EXP_LGBModel_Alpha158_csi300_expanding_step40_s_20260121_01,0d5b2c317ad04013b1cb76da95b478fc,2026-05-27,SH601136,-0.09284953365830702,,,
EXP_LGBModel_Alpha158_csi300_expanding_step40_s_20260121_01,0d5b2c317ad04013b1cb76da95b478fc,2026-05-27,SH601138,-0.0911947733773049,,,
EXP_LGBModel_Alpha158_csi300_expanding_step40_s_20260121_01,0d5b2c317ad04013b1cb76da95b478fc,2026-05-27,SH601166,-0.02058388605212897,,,
EXP_LGBModel_Alpha158_csi300_expanding_step40_s_20260121_01,0d5b2c317ad04013b1cb76da95b478fc,2026-05-27,SH601169,-0.07477418112716629,,,
EXP_LGBModel_Alpha158_csi300_expanding_step40_s_20260121_01,0d5b2c317ad04013b1cb76da95b478fc,2026-05-27,SH601111,0.057607244290782324,,,
EXP_LGBModel_Alpha158_csi300_expanding_step40_s_20260121_01,0d5b2c317ad04013b1cb76da95b478fc,2026-05-27,SH601186,-0.00463400470578776,,,
EXP_LGBModel_Alpha158_csi300_expanding_step40_s_20260121_01,0d5b2c317ad04013b1cb76da95b478fc,2026-05-27,SH601225,-0.07501307035273805,,,
EXP_LGBModel_Alpha158_csi300_expanding_step40_s_20260121_01,0d5b2c317ad04013b1cb76da95b478fc,2026-05-27,SH601229,-0.047406206207329896,,,
EXP_LGBModel_Alpha158_csi300_expanding_step40_s_20260121_01,0d5b2c317ad04013b1cb76da95b478fc,2026-05-27,SH601236,-0.03228365882235222,,,
EXP_LGBModel_Alpha158_csi300_expanding_step40_s_20260121_01,0d5b2c317ad04013b1cb76da95b478fc,2026-05-27,SH601238,-0.016034091396073667,,,
EXP_LGBModel_Alpha158_csi300_expanding_step40_s_20260121_01,0d5b2c317ad04013b1cb76da95b478fc,2026-05-27,SH601288,0.013372061820942324,,,
EXP_LGBModel_Alpha158_csi300_expanding_step40_s_20260121_01,0d5b2c317ad04013b1cb76da95b478fc,2026-05-27,SH601298,-0.05830696028617433,,,
EXP_LGBModel_Alpha158_csi300_expanding_step40_s_20260121_01,0d5b2c317ad04013b1cb76da95b478fc,2026-05-27,SH601211,-0.02102041461741657,,,
EXP_LGBModel_Alpha158_csi300_expanding_step40_s_20260121_01,0d5b2c317ad04013b1cb76da95b478fc,2026-05-27,SH601100,0.12377775778406047,,,
EXP_LGBModel_Alpha158_csi300_expanding_step40_s_20260121_01,0d5b2c317ad04013b1cb76da95b478fc,2026-05-27,SH601088,0.024963623496959717,,,
EXP_LGBModel_Alpha158_csi300_expanding_step40_s_20260121_01,0d5b2c317ad04013b1cb76da95b478fc,2026-05-27,SH601077,0.04323919951945848,,,
EXP_LGBModel_Alpha158_csi300_expanding_step40_s_20260121_01,0d5b2c317ad04013b1cb76da95b478fc,2026-05-27,SH600926,-0.0358158582958015,,,
EXP_LGBModel_Alpha158_csi300_expanding_step40_s_20260121_01,0d5b2c317ad04013b1cb76da95b478fc,2026-05-27,SH600930,-0.11381818574168816,,,
EXP_LGBModel_Alpha158_csi300_expanding_step40_s_20260121_01,0d5b2c317ad04013b1cb76da95b478fc,2026-05-27,SH600938,0.1591349109444322,,,
EXP_LGBModel_Alpha158_csi300_expanding_step40_s_20260121_01,0d5b2c317ad04013b1cb76da95b478fc,2026-05-27,SH600941,0.00892858659939558,,,
EXP_LGBModel_Alpha158_csi300_expanding_step40_s_20260121_01,0d5b2c317ad04013b1cb76da95b478fc,2026-05-27,SH600958,-0.09417342623773992,,,
EXP_LGBModel_Alpha158_csi300_expanding_step40_s_20260121_01,0d5b2c317ad04013b1cb76da95b478fc,2026-05-27,SH600989,0.037425176213581386,,,
EXP_LGBModel_Alpha158_csi300_expanding_step40_s_20260121_01,0d5b2c317ad04013b1cb76da95b478fc,2026-05-27,SH600999,-0.02170834378773081,,,
EXP_LGBModel_Alpha158_csi300_expanding_step40_s_20260121_01,0d5b2c317ad04013b1cb76da95b478fc,2026-05-27,SH601006,-0.02159496802048423,,,
EXP_LGBModel_Alpha158_csi300_expanding_step40_s_20260121_01,0d5b2c317ad04013b1cb76da95b478fc,2026-05-27,SH601009,-0.052577972542378504,,,
EXP_LGBModel_Alpha158_csi300_expanding_step40_s_20260121_01,0d5b2c317ad04013b1cb76da95b478fc,2026-05-27,SH601012,0.18428195406408163,,,
EXP_LGBModel_Alpha158_csi300_expanding_step40_s_20260121_01,0d5b2c317ad04013b1cb76da95b478fc,2026-05-27,SH601018,0.07801268744257164,,,
EXP_LGBModel_Alpha158_csi300_expanding_step40_s_20260121_01,0d5b2c317ad04013b1cb76da95b478fc,2026-05-27,SH601021,0.01358663472051788,,,
EXP_LGBModel_Alpha158_csi300_expanding_step40_s_20260121_01,0d5b2c317ad04013b1cb76da95b478fc,2026-05-27,SH601058,-0.038621970932874505,,,
EXP_LGBModel_Alpha158_csi300_expanding_step40_s_20260121_01,0d5b2c317ad04013b1cb76da95b478fc,2026-05-27,SH601059,0.004426816371790488,,,
EXP_LGBModel_Alpha158_csi300_expanding_step40_s_20260121_01,0d5b2c317ad04013b1cb76da95b478fc,2026-05-27,SH601066,0.018625308135665312,,,
EXP_LGBModel_Alpha158_csi300_expanding_step40_s_20260121_01,0d5b2c317ad04013b1cb76da95b478fc,2026-05-27,SH601318,0.06139553862489384,,,
EXP_LGBModel_Alpha158_csi300_expanding_step40_s_20260121_01,0d5b2c317ad04013b1cb76da95b478fc,2026-05-27,SH601319,0.05554067070568702,,,
EXP_LGBModel_Alpha158_csi300_expanding_step40_s_20260121_01,0d5b2c317ad04013b1cb76da95b478fc,2026-05-27,SH601328,-0.028698133644088283,,,
EXP_LGBModel_Alpha158_csi300_expanding_step40_s_20260121_01,0d5b2c317ad04013b1cb76da95b478fc,2026-05-27,SH601336,-0.022171057720469158,,,
EXP_LGBModel_Alpha158_csi300_expanding_step40_s_20260121_01,0d5b2c317ad04013b1cb76da95b478fc,2026-05-27,SH601788,0.02353422810629443,,,
EXP_LGBModel_Alpha158_csi300_expanding_step40_s_20260121_01,0d5b2c317ad04013b1cb76da95b478fc,2026-05-27,SH601800,-0.052679434780950704,,,
EXP_LGBModel_Alpha158_csi300_expanding_step40_s_20260121_01,0d5b2c317ad04013b1cb76da95b478fc,2026-05-27,SH601808,0.029779073837912298,,,
EXP_LGBModel_Alpha158_csi300_expanding_step40_s_20260121_01,0d5b2c317ad04013b1cb76da95b478fc,2026-05-27,SH601816,-0.06364664762525826,,,
EXP_LGBModel_Alpha158_csi300_expanding_step40_s_20260121_01,0d5b2c317ad04013b1cb76da95b478fc,2026-05-27,SH601818,-0.07068626633610069,,,
EXP_LGBModel_Alpha158_csi300_expanding_step40_s_20260121_01,0d5b2c317ad04013b1cb76da95b478fc,2026-05-27,SH601825,0.04582849865559391,,,
EXP_LGBModel_Alpha158_csi300_expanding_step40_s_20260121_01,0d5b2c317ad04013b1cb76da95b478fc,2026-05-27,SH601838,-0.005122617946397999,,,
EXP_LGBModel_Alpha158_csi300_expanding_step40_s_20260121_01,0d5b2c317ad04013b1cb76da95b478fc,2026-05-27,SH601857,-0.0896325075147796,,,
EXP_LGBModel_Alpha158_csi300_expanding_step40_s_20260121_01,0d5b2c317ad04013b1cb76da95b478fc,2026-05-27,SH601868,0.011078294671310796,,,
EXP_LGBModel_Alpha158_csi300_expanding_step40_s_20260121_01,0d5b2c317ad04013b1cb76da95b478fc,2026-05-27,SH601872,0.04552532546912686,,,
EXP_LGBModel_Alpha158_csi300_expanding_step40_s_20260121_01,0d5b2c317ad04013b1cb76da95b478fc,2026-05-27,SH601877,0.039452290708010374,,,
EXP_LGBModel_Alpha158_csi300_expanding_step40_s_20260121_01,0d5b2c317ad04013b1cb76da95b478fc,2026-05-27,SH601878,-0.13857842521943953,,,
EXP_LGBModel_Alpha158_csi300_expanding_step40_s_20260121_01,0d5b2c317ad04013b1cb76da95b478fc,2026-05-27,SH601881,0.0559261878796137,,,
EXP_LGBModel_Alpha158_csi300_expanding_step40_s_20260121_01,0d5b2c317ad04013b1cb76da95b478fc,2026-05-27,SH601888,-0.021415109107652507,,,
EXP_LGBModel_Alpha158_csi300_expanding_step40_s_20260121_01,0d5b2c317ad04013b1cb76da95b478fc,2026-05-27,SH601898,-0.00678630671459414,,,
EXP_LGBModel_Alpha158_csi300_expanding_step40_s_20260121_01,0d5b2c317ad04013b1cb76da95b478fc,2026-05-27,SH601766,-0.06751364705163733,,,
EXP_LGBModel_Alpha158_csi300_expanding_step40_s_20260121_01,0d5b2c317ad04013b1cb76da95b478fc,2026-05-27,SH600919,0.06459431926651392,,,
EXP_LGBModel_Alpha158_csi300_expanding_step40_s_20260121_01,0d5b2c317ad04013b1cb76da95b478fc,2026-05-27,SH601728,-0.0699413987848129,,,
EXP_LGBModel_Alpha158_csi300_expanding_step40_s_20260121_01,0d5b2c317ad04013b1cb76da95b478fc,2026-05-27,SH601689,0.05913250412922714,,,
EXP_LGBModel_Alpha158_csi300_expanding_step40_s_20260121_01,0d5b2c317ad04013b1cb76da95b478fc,2026-05-27,SH601360,0.1306482454295817,,,
EXP_LGBModel_Alpha158_csi300_expanding_step40_s_20260121_01,0d5b2c317ad04013b1cb76da95b478fc,2026-05-27,SH601377,-0.0004110428034912577,,,
EXP_LGBModel_Alpha158_csi300_expanding_step40_s_20260121_01,0d5b2c317ad04013b1cb76da95b478fc,2026-05-27,SH601390,0.036111460348706305,,,
EXP_LGBModel_Alpha158_csi300_expanding_step40_s_20260121_01,0d5b2c317ad04013b1cb76da95b478fc,2026-05-27,SH601398,0.03308350880452366,,,
EXP_LGBModel_Alpha158_csi300_expanding_step40_s_20260121_01,0d5b2c317ad04013b1cb76da95b478fc,2026-05-27,SH601456,-0.04862690909288304,,,
EXP_LGBModel_Alpha158_csi300_expanding_step40_s_20260121_01,0d5b2c317ad04013b1cb76da95b478fc,2026-05-27,SH601600,-0.028942355823405302,,,
EXP_LGBModel_Alpha158_csi300_expanding_step40_s_20260121_01,0d5b2c317ad04013b1cb76da95b478fc,2026-05-27,SH601601,0.037828123253577435,,,
EXP_LGBModel_Alpha158_csi300_expanding_step40_s_20260121_01,0d5b2c317ad04013b1cb76da95b478fc,2026-05-27,SH601607,-0.0025663271417127086,,,
EXP_LGBModel_Alpha158_csi300_expanding_step40_s_20260121_01,0d5b2c317ad04013b1cb76da95b478fc,2026-05-27,SH601618,0.0996448611004374,,,
EXP_LGBModel_Alpha158_csi300_expanding_step40_s_20260121_01,0d5b2c317ad04013b1cb76da95b478fc,2026-05-27,SH601628,-0.016290278992633574,,,
EXP_LGBModel_Alpha158_csi300_expanding_step40_s_20260121_01,0d5b2c317ad04013b1cb76da95b478fc,2026-05-27,SH601633,4.602873805361685e-05,,,
EXP_LGBModel_Alpha158_csi300_expanding_step40_s_20260121_01,0d5b2c317ad04013b1cb76da95b478fc,2026-05-27,SH601658,0.00669341634883456,,,
EXP_LGBModel_Alpha158_csi300_expanding_step40_s_20260121_01,0d5b2c317ad04013b1cb76da95b478fc,2026-05-27,SH601668,-0.08896666220118296,,,
EXP_LGBModel_Alpha158_csi300_expanding_step40_s_20260121_01,0d5b2c317ad04013b1cb76da95b478fc,2026-05-27,SH601669,-0.02555838017106534,,,
EXP_LGBModel_Alpha158_csi300_expanding_step40_s_20260121_01,0d5b2c317ad04013b1cb76da95b478fc,2026-05-27,SH601688,-0.05146789422036102,,,
EXP_LGBModel_Alpha158_csi300_expanding_step40_s_20260121_01,0d5b2c317ad04013b1cb76da95b478fc,2026-05-27,SH601698,0.013683733048598306,,,
EXP_LGBModel_Alpha158_csi300_expanding_step40_s_20260121_01,0d5b2c317ad04013b1cb76da95b478fc,2026-05-27,SH601899,0.19681329409977605,,,
EXP_LGBModel_Alpha158_csi300_expanding_step40_s_20260121_01,0d5b2c317ad04013b1cb76da95b478fc,2026-05-27,SH600918,-0.03542357788923297,,,
EXP_LGBModel_Alpha158_csi300_expanding_step40_s_20260121_01,0d5b2c317ad04013b1cb76da95b478fc,2026-05-27,SH600900,0.1173116759130146,,,
EXP_LGBModel_Alpha158_csi300_expanding_step40_s_20260121_01,0d5b2c317ad04013b1cb76da95b478fc,2026-05-27,SH600061,0.024233119856750744,,,
EXP_LGBModel_Alpha158_csi300_expanding_step40_s_20260121_01,0d5b2c317ad04013b1cb76da95b478fc,2026-05-27,SH600066,-0.10784705171802565,,,
EXP_LGBModel_Alpha158_csi300_expanding_step40_s_20260121_01,0d5b2c317ad04013b1cb76da95b478fc,2026-05-27,SH600085,-0.1346797987138398,,,
EXP_LGBModel_Alpha158_csi300_expanding_step40_s_20260121_01,0d5b2c317ad04013b1cb76da95b478fc,2026-05-27,SH600089,-0.15640598314709367,,,
EXP_LGBModel_Alpha158_csi300_expanding_step40_s_20260121_01,0d5b2c317ad04013b1cb76da95b478fc,2026-05-27,SH600104,0.05009607577135976,,,
EXP_LGBModel_Alpha158_csi300_expanding_step40_s_20260121_01,0d5b2c317ad04013b1cb76da95b478fc,2026-05-27,SH600111,0.028566692934948717,,,
EXP_LGBModel_Alpha158_csi300_expanding_step40_s_20260121_01,0d5b2c317ad04013b1cb76da95b478fc,2026-05-27,SH600050,-0.09133732412971289,,,
EXP_LGBModel_Alpha158_csi300_expanding_step40_s_20260121_01,0d5b2c317ad04013b1cb76da95b478fc,2026-05-27,SH600115,0.125278808124876,,,
EXP_LGBModel_Alpha158_csi300_expanding_step40_s_20260121_01,0d5b2c317ad04013b1cb76da95b478fc,2026-05-27,SH600160,0.027635944231520614,,,
EXP_LGBModel_Alpha158_csi300_expanding_step40_s_20260121_01,0d5b2c317ad04013b1cb76da95b478fc,2026-05-27,SH600161,-0.08810895989865442,,,
EXP_LGBModel_Alpha158_csi300_expanding_step40_s_20260121_01,0d5b2c317ad04013b1cb76da95b478fc,2026-05-27,SH600176,0.009502090240416046,,,
EXP_LGBModel_Alpha158_csi300_expanding_step40_s_20260121_01,0d5b2c317ad04013b1cb76da95b478fc,2026-05-27,SH600183,-0.1366159286516305,,,
EXP_LGBModel_Alpha158_csi300_expanding_step40_s_20260121_01,0d5b2c317ad04013b1cb76da95b478fc,2026-05-27,SH600188,-0.147545340086548,,,
EXP_LGBModel_Alpha158_csi300_expanding_step40_s_20260121_01,0d5b2c317ad04013b1cb76da95b478fc,2026-05-27,SH600196,-0.034127605777807185,,,
EXP_LGBModel_Alpha158_csi300_expanding_step40_s_20260121_01,0d5b2c317ad04013b1cb76da95b478fc,2026-05-27,SH600150,0.17152540946439077,,,
EXP_LGBModel_Alpha158_csi300_expanding_step40_s_20260121_01,0d5b2c317ad04013b1cb76da95b478fc,2026-05-27,SH600048,-0.033170355614286544,,,
EXP_LGBModel_Alpha158_csi300_expanding_step40_s_20260121_01,0d5b2c317ad04013b1cb76da95b478fc,2026-05-27,SH600039,-0.030215222950466726,,,
EXP_LGBModel_Alpha158_csi300_expanding_step40_s_20260121_01,0d5b2c317ad04013b1cb76da95b478fc,2026-05-27,SH600036,-0.09362354016881953,,,
EXP_LGBModel_Alpha158_csi300_expanding_step40_s_20260121_01,0d5b2c317ad04013b1cb76da95b478fc,2026-05-27,SH600009,-0.04892054192652152,,,
EXP_LGBModel_Alpha158_csi300_expanding_step40_s_20260121_01,0d5b2c317ad04013b1cb76da95b478fc,2026-05-27,SH600010,0.08302724100278785,,,
EXP_LGBModel_Alpha158_csi300_expanding_step40_s_20260121_01,0d5b2c317ad04013b1cb76da95b478fc,2026-05-27,SH600011,0.08457511116135027,,,
EXP_LGBModel_Alpha158_csi300_expanding_step40_s_20260121_01,0d5b2c317ad04013b1cb76da95b478fc,2026-05-27,SH600015,0.040261270145039725,,,
EXP_LGBModel_Alpha158_csi300_expanding_step40_s_20260121_01,0d5b2c317ad04013b1cb76da95b478fc,2026-05-27,SH600016,-0.00035253340527994603,,,
EXP_LGBModel_Alpha158_csi300_expanding_step40_s_20260121_01,0d5b2c317ad04013b1cb76da95b478fc,2026-05-27,SH600018,0.0059946916334080395,,,
EXP_LGBModel_Alpha158_csi300_expanding_step40_s_20260121_01,0d5b2c317ad04013b1cb76da95b478fc,2026-05-27,SH600019,-0.013078119382780666,,,
EXP_LGBModel_Alpha158_csi300_expanding_step40_s_20260121_01,0d5b2c317ad04013b1cb76da95b478fc,2026-05-27,SH600023,-0.060893179390233136,,,
EXP_LGBModel_Alpha158_csi300_expanding_step40_s_20260121_01,0d5b2c317ad04013b1cb76da95b478fc,2026-05-27,SH600025,0.04498908026278711,,,
EXP_LGBModel_Alpha158_csi300_expanding_step40_s_20260121_01,0d5b2c317ad04013b1cb76da95b478fc,2026-05-27,SH600026,0.009127543898340817,,,
EXP_LGBModel_Alpha158_csi300_expanding_step40_s_20260121_01,0d5b2c317ad04013b1cb76da95b478fc,2026-05-27,SH600027,-0.08576675721827046,,,
EXP_LGBModel_Alpha158_csi300_expanding_step40_s_20260121_01,0d5b2c317ad04013b1cb76da95b478fc,2026-05-27,SH600028,-0.027200487703107117,,,
EXP_LGBModel_Alpha158_csi300_expanding_step40_s_20260121_01,0d5b2c317ad04013b1cb76da95b478fc,2026-05-27,SH600029,0.17235602483320644,,,
EXP_LGBModel_Alpha158_csi300_expanding_step40_s_20260121_01,0d5b2c317ad04013b1cb76da95b478fc,2026-05-27,SH600030,-0.04162698487431056,,,
EXP_LGBModel_Alpha158_csi300_expanding_step40_s_20260121_01,0d5b2c317ad04013b1cb76da95b478fc,2026-05-27,SH600031,-0.015078142392480403,,,
EXP_LGBModel_Alpha158_csi300_expanding_step40_s_20260121_01,0d5b2c317ad04013b1cb76da95b478fc,2026-05-27,SH600219,0.06749078662923352,,,
EXP_LGBModel_Alpha158_csi300_expanding_step40_s_20260121_01,0d5b2c317ad04013b1cb76da95b478fc,2026-05-27,SH600233,0.004220030786222681,,,
EXP_LGBModel_Alpha158_csi300_expanding_step40_s_20260121_01,0d5b2c317ad04013b1cb76da95b478fc,2026-05-27,SH600276,0.05187042699860582,,,
EXP_LGBModel_Alpha158_csi300_expanding_step40_s_20260121_01,0d5b2c317ad04013b1cb76da95b478fc,2026-05-27,SH600309,0.13634464533587887,,,
EXP_LGBModel_Alpha158_csi300_expanding_step40_s_20260121_01,0d5b2c317ad04013b1cb76da95b478fc,2026-05-27,SH600588,0.16437557787162696,,,
EXP_LGBModel_Alpha158_csi300_expanding_step40_s_20260121_01,0d5b2c317ad04013b1cb76da95b478fc,2026-05-27,SH600600,0.01749318529133303,,,
EXP_LGBModel_Alpha158_csi300_expanding_step40_s_20260121_01,0d5b2c317ad04013b1cb76da95b478fc,2026-05-27,SH600660,-0.03724835846277343,,,
EXP_LGBModel_Alpha158_csi300_expanding_step40_s_20260121_01,0d5b2c317ad04013b1cb76da95b478fc,2026-05-27,SH600674,-0.013289196305668287,,,
EXP_LGBModel_Alpha158_csi300_expanding_step40_s_20260121_01,0d5b2c317ad04013b1cb76da95b478fc,2026-05-27,SH600690,-0.1037523655351027,,,
EXP_LGBModel_Alpha158_csi300_expanding_step40_s_20260121_01,0d5b2c317ad04013b1cb76da95b478fc,2026-05-27,SH600741,-0.01271652507981179,,,
EXP_LGBModel_Alpha158_csi300_expanding_step40_s_20260121_01,0d5b2c317ad04013b1cb76da95b478fc,2026-05-27,SH600760,0.04419979440039464,,,
EXP_LGBModel_Alpha158_csi300_expanding_step40_s_20260121_01,0d5b2c317ad04013b1cb76da95b478fc,2026-05-27,SH600795,-0.029744955353459918,,,
EXP_LGBModel_Alpha158_csi300_expanding_step40_s_20260121_01,0d5b2c317ad04013b1cb76da95b478fc,2026-05-27,SH600803,-0.07645749647607232,,,
EXP_LGBModel_Alpha158_csi300_expanding_step40_s_20260121_01,0d5b2c317ad04013b1cb76da95b478fc,2026-05-27,SH600809,-0.09734882029654063,,,
EXP_LGBModel_Alpha158_csi300_expanding_step40_s_20260121_01,0d5b2c317ad04013b1cb76da95b478fc,2026-05-27,SH600845,-0.14230280026672704,,,
EXP_LGBModel_Alpha158_csi300_expanding_step40_s_20260121_01,0d5b2c317ad04013b1cb76da95b478fc,2026-05-27,SH600875,0.05339782814478899,,,
EXP_LGBModel_Alpha158_csi300_expanding_step40_s_20260121_01,0d5b2c317ad04013b1cb76da95b478fc,2026-05-27,SH600886,-0.041938773968941155,,,
EXP_LGBModel_Alpha158_csi300_expanding_step40_s_20260121_01,0d5b2c317ad04013b1cb76da95b478fc,2026-05-27,SH600887,0.0237923808613348,,,
EXP_LGBModel_Alpha158_csi300_expanding_step40_s_20260121_01,0d5b2c317ad04013b1cb76da95b478fc,2026-05-27,SH600893,0.04391948861001686,,,
EXP_LGBModel_Alpha158_csi300_expanding_step40_s_20260121_01,0d5b2c317ad04013b1cb76da95b478fc,2026-05-27,SH600585,0.053016464173863444,,,
EXP_LGBModel_Alpha158_csi300_expanding_step40_s_20260121_01,0d5b2c317ad04013b1cb76da95b478fc,2026-05-27,SH600905,-0.10655262292546458,,,
EXP_LGBModel_Alpha158_csi300_expanding_step40_s_20260121_01,0d5b2c317ad04013b1cb76da95b478fc,2026-05-27,SH600584,-0.17229610017437477,,,
EXP_LGBModel_Alpha158_csi300_expanding_step40_s_20260121_01,0d5b2c317ad04013b1cb76da95b478fc,2026-05-27,SH600547,0.16663861712040953,,,
EXP_LGBModel_Alpha158_csi300_expanding_step40_s_20260121_01,0d5b2c317ad04013b1cb76da95b478fc,2026-05-27,SH600346,0.2674702055074858,,,
EXP_LGBModel_Alpha158_csi300_expanding_step40_s_20260121_01,0d5b2c317ad04013b1cb76da95b478fc,2026-05-27,SH600362,0.05584788670421768,,,
EXP_LGBModel_Alpha158_csi300_expanding_step40_s_20260121_01,0d5b2c317ad04013b1cb76da95b478fc,2026-05-27,SH600372,0.1339483157878412,,,
EXP_LGBModel_Alpha158_csi300_expanding_step40_s_20260121_01,0d5b2c317ad04013b1cb76da95b478fc,2026-05-27,SH600377,0.07308474103815182,,,
EXP_LGBModel_Alpha158_csi300_expanding_step40_s_20260121_01,0d5b2c317ad04013b1cb76da95b478fc,2026-05-27,SH600406,-0.08837624147611271,,,
EXP_LGBModel_Alpha158_csi300_expanding_step40_s_20260121_01,0d5b2c317ad04013b1cb76da95b478fc,2026-05-27,SH600415,-0.040557495358626294,,,
EXP_LGBModel_Alpha158_csi300_expanding_step40_s_20260121_01,0d5b2c317ad04013b1cb76da95b478fc,2026-05-27,SH600426,0.22181304659196913,,,
EXP_LGBModel_Alpha158_csi300_expanding_step40_s_20260121_01,0d5b2c317ad04013b1cb76da95b478fc,2026-05-27,SH600436,-0.14499887772898323,,,
EXP_LGBModel_Alpha158_csi300_expanding_step40_s_20260121_01,0d5b2c317ad04013b1cb76da95b478fc,2026-05-27,SH600438,0.05914605320306472,,,
EXP_LGBModel_Alpha158_csi300_expanding_step40_s_20260121_01,0d5b2c317ad04013b1cb76da95b478fc,2026-05-27,SH600460,-0.2422944678021036,,,
EXP_LGBModel_Alpha158_csi300_expanding_step40_s_20260121_01,0d5b2c317ad04013b1cb76da95b478fc,2026-05-27,SH600482,0.08002905809258509,,,
EXP_LGBModel_Alpha158_csi300_expanding_step40_s_20260121_01,0d5b2c317ad04013b1cb76da95b478fc,2026-05-27,SH600489,0.2506376678186673,,,
EXP_LGBModel_Alpha158_csi300_expanding_step40_s_20260121_01,0d5b2c317ad04013b1cb76da95b478fc,2026-05-27,SH600515,0.03927976415407271,,,
EXP_LGBModel_Alpha158_csi300_expanding_step40_s_20260121_01,0d5b2c317ad04013b1cb76da95b478fc,2026-05-27,SH600519,-0.15348875773706094,,,
EXP_LGBModel_Alpha158_csi300_expanding_step40_s_20260121_01,0d5b2c317ad04013b1cb76da95b478fc,2026-05-27,SH600522,0.1954311055150988,,,
EXP_LGBModel_Alpha158_csi300_expanding_step40_s_20260121_01,0d5b2c317ad04013b1cb76da95b478fc,2026-05-27,SH600570,0.04673106479764442,,,
EXP_LGBModel_Alpha158_csi300_expanding_step40_s_20260121_01,0d5b2c317ad04013b1cb76da95b478fc,2026-05-27,SZ301269,-0.11151346748217457,,,
EXP_LGBModel_Alpha158_csi300_expanding_step40_s_20260121_01,0d5b2c317ad04013b1cb76da95b478fc,2026-05-27,SH601901,0.00316426909086705,,,
EXP_LGBModel_Alpha158_csi300_expanding_step40_s_20260121_01,0d5b2c317ad04013b1cb76da95b478fc,2026-05-27,SH601919,-0.0016128802361534788,,,
EXP_LGBModel_Alpha158_csi300_expanding_step40_s_20260121_01,0d5b2c317ad04013b1cb76da95b478fc,2026-05-27,SZ002415,0.08778291538219878,,,
EXP_LGBModel_Alpha158_csi300_expanding_step40_s_20260121_01,0d5b2c317ad04013b1cb76da95b478fc,2026-05-27,SZ002422,0.029118417452385987,,,
EXP_LGBModel_Alpha158_csi300_expanding_step40_s_20260121_01,0d5b2c317ad04013b1cb76da95b478fc,2026-05-27,SZ002459,0.21628915765185025,,,
EXP_LGBModel_Alpha158_csi300_expanding_step40_s_20260121_01,0d5b2c317ad04013b1cb76da95b478fc,2026-05-27,SZ002460,0.17834658764270606,,,
EXP_LGBModel_Alpha158_csi300_expanding_step40_s_20260121_01,0d5b2c317ad04013b1cb76da95b478fc,2026-05-27,SZ002463,0.043144092878904014,,,
EXP_LGBModel_Alpha158_csi300_expanding_step40_s_20260121_01,0d5b2c317ad04013b1cb76da95b478fc,2026-05-27,SZ002466,0.198619945806563,,,
EXP_LGBModel_Alpha158_csi300_expanding_step40_s_20260121_01,0d5b2c317ad04013b1cb76da95b478fc,2026-05-27,SZ002384,-0.14615741956991904,,,
EXP_LGBModel_Alpha158_csi300_expanding_step40_s_20260121_01,0d5b2c317ad04013b1cb76da95b478fc,2026-05-27,SZ002475,-0.05309538322315868,,,
EXP_LGBModel_Alpha158_csi300_expanding_step40_s_20260121_01,0d5b2c317ad04013b1cb76da95b478fc,2026-05-27,SZ002594,0.03086801937557284,,,
EXP_LGBModel_Alpha158_csi300_expanding_step40_s_20260121_01,0d5b2c317ad04013b1cb76da95b478fc,2026-05-27,SZ002600,0.134973259468539,,,
EXP_LGBModel_Alpha158_csi300_expanding_step40_s_20260121_01,0d5b2c317ad04013b1cb76da95b478fc,2026-05-27,SZ002601,0.25566187375777544,,,
EXP_LGBModel_Alpha158_csi300_expanding_step40_s_20260121_01,0d5b2c317ad04013b1cb76da95b478fc,2026-05-27,SZ002625,0.151255303245959,,,
EXP_LGBModel_Alpha158_csi300_expanding_step40_s_20260121_01,0d5b2c317ad04013b1cb76da95b478fc,2026-05-27,SZ002648,0.08919119492647583,,,
EXP_LGBModel_Alpha158_csi300_expanding_step40_s_20260121_01,0d5b2c317ad04013b1cb76da95b478fc,2026-05-27,SZ002709,0.1403905940950175,,,
EXP_LGBModel_Alpha158_csi300_expanding_step40_s_20260121_01,0d5b2c317ad04013b1cb76da95b478fc,2026-05-27,SZ002493,0.1044285579030957,,,
EXP_LGBModel_Alpha158_csi300_expanding_step40_s_20260121_01,0d5b2c317ad04013b1cb76da95b478fc,2026-05-27,SZ002371,0.12105142694981962,,,
EXP_LGBModel_Alpha158_csi300_expanding_step40_s_20260121_01,0d5b2c317ad04013b1cb76da95b478fc,2026-05-27,SZ002352,-0.0008931271552285095,,,
EXP_LGBModel_Alpha158_csi300_expanding_step40_s_20260121_01,0d5b2c317ad04013b1cb76da95b478fc,2026-05-27,SZ002311,-0.02436867512047575,,,
EXP_LGBModel_Alpha158_csi300_expanding_step40_s_20260121_01,0d5b2c317ad04013b1cb76da95b478fc,2026-05-27,SZ001965,-0.014471744397924565,,,
EXP_LGBModel_Alpha158_csi300_expanding_step40_s_20260121_01,0d5b2c317ad04013b1cb76da95b478fc,2026-05-27,SZ001979,0.1315788557067906,,,
EXP_LGBModel_Alpha158_csi300_expanding_step40_s_20260121_01,0d5b2c317ad04013b1cb76da95b478fc,2026-05-27,SZ002001,0.061163866824935284,,,
EXP_LGBModel_Alpha158_csi300_expanding_step40_s_20260121_01,0d5b2c317ad04013b1cb76da95b478fc,2026-05-27,SZ002027,0.0524441907435124,,,
EXP_LGBModel_Alpha158_csi300_expanding_step40_s_20260121_01,0d5b2c317ad04013b1cb76da95b478fc,2026-05-27,SZ002028,0.25403403665853375,,,
EXP_LGBModel_Alpha158_csi300_expanding_step40_s_20260121_01,0d5b2c317ad04013b1cb76da95b478fc,2026-05-27,SZ002049,-0.053081532632599585,,,
EXP_LGBModel_Alpha158_csi300_expanding_step40_s_20260121_01,0d5b2c317ad04013b1cb76da95b478fc,2026-05-27,SZ002050,0.0801096589446239,,,
EXP_LGBModel_Alpha158_csi300_expanding_step40_s_20260121_01,0d5b2c317ad04013b1cb76da95b478fc,2026-05-27,SZ002074,0.06384188648917648,,,
EXP_LGBModel_Alpha158_csi300_expanding_step40_s_20260121_01,0d5b2c317ad04013b1cb76da95b478fc,2026-05-27,SZ002142,-0.0793457108607354,,,
EXP_LGBModel_Alpha158_csi300_expanding_step40_s_20260121_01,0d5b2c317ad04013b1cb76da95b478fc,2026-05-27,SZ002179,0.165633135923935,,,
EXP_LGBModel_Alpha158_csi300_expanding_step40_s_20260121_01,0d5b2c317ad04013b1cb76da95b478fc,2026-05-27,SZ002230,0.10647148965416664,,,
EXP_LGBModel_Alpha158_csi300_expanding_step40_s_20260121_01,0d5b2c317ad04013b1cb76da95b478fc,2026-05-27,SZ002236,0.1303036197653853,,,
EXP_LGBModel_Alpha158_csi300_expanding_step40_s_20260121_01,0d5b2c317ad04013b1cb76da95b478fc,2026-05-27,SZ002241,0.11120359220187924,,,
EXP_LGBModel_Alpha158_csi300_expanding_step40_s_20260121_01,0d5b2c317ad04013b1cb76da95b478fc,2026-05-27,SZ002252,0.04970415345808899,,,
EXP_LGBModel_Alpha158_csi300_expanding_step40_s_20260121_01,0d5b2c317ad04013b1cb76da95b478fc,2026-05-27,SZ002304,-0.15462986043058416,,,
EXP_LGBModel_Alpha158_csi300_expanding_step40_s_20260121_01,0d5b2c317ad04013b1cb76da95b478fc,2026-05-27,SZ002714,-0.004137159280142626,,,
EXP_LGBModel_Alpha158_csi300_expanding_step40_s_20260121_01,0d5b2c317ad04013b1cb76da95b478fc,2026-05-27,SZ002736,-0.10843541571540004,,,
EXP_LGBModel_Alpha158_csi300_expanding_step40_s_20260121_01,0d5b2c317ad04013b1cb76da95b478fc,2026-05-27,SZ002916,-0.009389468425798521,,,
EXP_LGBModel_Alpha158_csi300_expanding_step40_s_20260121_01,0d5b2c317ad04013b1cb76da95b478fc,2026-05-27,SZ002920,-0.05461400906489115,,,
EXP_LGBModel_Alpha158_csi300_expanding_step40_s_20260121_01,0d5b2c317ad04013b1cb76da95b478fc,2026-05-27,SZ300476,0.021502915356022098,,,
EXP_LGBModel_Alpha158_csi300_expanding_step40_s_20260121_01,0d5b2c317ad04013b1cb76da95b478fc,2026-05-27,SZ300498,0.14415481456116377,,,
EXP_LGBModel_Alpha158_csi300_expanding_step40_s_20260121_01,0d5b2c317ad04013b1cb76da95b478fc,2026-05-27,SZ300502,-0.06613801055971556,,,
EXP_LGBModel_Alpha158_csi300_expanding_step40_s_20260121_01,0d5b2c317ad04013b1cb76da95b478fc,2026-05-27,SZ300628,0.017192007144286536,,,
EXP_LGBModel_Alpha158_csi300_expanding_step40_s_20260121_01,0d5b2c317ad04013b1cb76da95b478fc,2026-05-27,SZ300661,-0.16812054224029568,,,
EXP_LGBModel_Alpha158_csi300_expanding_step40_s_20260121_01,0d5b2c317ad04013b1cb76da95b478fc,2026-05-27,SZ300750,0.07947468281041496,,,
EXP_LGBModel_Alpha158_csi300_expanding_step40_s_20260121_01,0d5b2c317ad04013b1cb76da95b478fc,2026-05-27,SZ300759,-0.07810656110378898,,,
EXP_LGBModel_Alpha158_csi300_expanding_step40_s_20260121_01,0d5b2c317ad04013b1cb76da95b478fc,2026-05-27,SZ300760,-0.11623210499352776,,,
EXP_LGBModel_Alpha158_csi300_expanding_step40_s_20260121_01,0d5b2c317ad04013b1cb76da95b478fc,2026-05-27,SZ300782,0.17143465871914187,,,
EXP_LGBModel_Alpha158_csi300_expanding_step40_s_20260121_01,0d5b2c317ad04013b1cb76da95b478fc,2026-05-27,SZ300803,0.03769046427898624,,,
EXP_LGBModel_Alpha158_csi300_expanding_step40_s_20260121_01,0d5b2c317ad04013b1cb76da95b478fc,2026-05-27,SZ300832,0.011282969328884016,,,
EXP_LGBModel_Alpha158_csi300_expanding_step40_s_20260121_01,0d5b2c317ad04013b1cb76da95b478fc,2026-05-27,SZ300866,0.0007779453185922721,,,
EXP_LGBModel_Alpha158_csi300_expanding_step40_s_20260121_01,0d5b2c317ad04013b1cb76da95b478fc,2026-05-27,SZ300896,0.012977757604754019,,,
EXP_LGBModel_Alpha158_csi300_expanding_step40_s_20260121_01,0d5b2c317ad04013b1cb76da95b478fc,2026-05-27,SZ300979,0.011494153789372234,,,
EXP_LGBModel_Alpha158_csi300_expanding_step40_s_20260121_01,0d5b2c317ad04013b1cb76da95b478fc,2026-05-27,SZ300999,0.016457887728415922,,,
EXP_LGBModel_Alpha158_csi300_expanding_step40_s_20260121_01,0d5b2c317ad04013b1cb76da95b478fc,2026-05-27,SZ300442,-0.05112481324188204,,,
EXP_LGBModel_Alpha158_csi300_expanding_step40_s_20260121_01,0d5b2c317ad04013b1cb76da95b478fc,2026-05-27,SZ001391,-0.1396956950692175,,,
EXP_LGBModel_Alpha158_csi300_expanding_step40_s_20260121_01,0d5b2c317ad04013b1cb76da95b478fc,2026-05-27,SZ300433,-0.3687361436155377,,,
EXP_LGBModel_Alpha158_csi300_expanding_step40_s_20260121_01,0d5b2c317ad04013b1cb76da95b478fc,2026-05-27,SZ300413,0.10088221587437085,,,
EXP_LGBModel_Alpha158_csi300_expanding_step40_s_20260121_01,0d5b2c317ad04013b1cb76da95b478fc,2026-05-27,SZ002938,-0.043933222957711966,,,
EXP_LGBModel_Alpha158_csi300_expanding_step40_s_20260121_01,0d5b2c317ad04013b1cb76da95b478fc,2026-05-27,SZ003816,0.16461364150573787,,,
EXP_LGBModel_Alpha158_csi300_expanding_step40_s_20260121_01,0d5b2c317ad04013b1cb76da95b478fc,2026-05-27,SZ300014,0.0952667367998587,,,
EXP_LGBModel_Alpha158_csi300_expanding_step40_s_20260121_01,0d5b2c317ad04013b1cb76da95b478fc,2026-05-27,SZ300015,-0.0142480948225766,,,
EXP_LGBModel_Alpha158_csi300_expanding_step40_s_20260121_01,0d5b2c317ad04013b1cb76da95b478fc,2026-05-27,SZ300033,0.2180402892589148,,,
EXP_LGBModel_Alpha158_csi300_expanding_step40_s_20260121_01,0d5b2c317ad04013b1cb76da95b478fc,2026-05-27,SZ300059,0.053422539546061534,,,
EXP_LGBModel_Alpha158_csi300_expanding_step40_s_20260121_01,0d5b2c317ad04013b1cb76da95b478fc,2026-05-27,SZ300122,-0.13198378613015196,,,
EXP_LGBModel_Alpha158_csi300_expanding_step40_s_20260121_01,0d5b2c317ad04013b1cb76da95b478fc,2026-05-27,SZ300124,0.1656935650852057,,,
EXP_LGBModel_Alpha158_csi300_expanding_step40_s_20260121_01,0d5b2c317ad04013b1cb76da95b478fc,2026-05-27,SZ300251,0.051446496220521096,,,
EXP_LGBModel_Alpha158_csi300_expanding_step40_s_20260121_01,0d5b2c317ad04013b1cb76da95b478fc,2026-05-27,SZ300274,-0.12212526491613002,,,
EXP_LGBModel_Alpha158_csi300_expanding_step40_s_20260121_01,0d5b2c317ad04013b1cb76da95b478fc,2026-05-27,SZ300308,-0.19581650410113616,,,
EXP_LGBModel_Alpha158_csi300_expanding_step40_s_20260121_01,0d5b2c317ad04013b1cb76da95b478fc,2026-05-27,SZ300316,0.1425334339369358,,,
EXP_LGBModel_Alpha158_csi300_expanding_step40_s_20260121_01,0d5b2c317ad04013b1cb76da95b478fc,2026-05-27,SZ300347,0.051331718446043825,,,
EXP_LGBModel_Alpha158_csi300_expanding_step40_s_20260121_01,0d5b2c317ad04013b1cb76da95b478fc,2026-05-27,SZ300394,-0.001535065662659312,,,
EXP_LGBModel_Alpha158_csi300_expanding_step40_s_20260121_01,0d5b2c317ad04013b1cb76da95b478fc,2026-05-27,SZ300408,-0.09605889559718243,,,
EXP_LGBModel_Alpha158_csi300_expanding_step40_s_20260121_01,0d5b2c317ad04013b1cb76da95b478fc,2026-05-27,SZ300418,0.15626078867594,,,
EXP_LGBModel_Alpha158_csi300_expanding_step40_s_20260121_01,0d5b2c317ad04013b1cb76da95b478fc,2026-05-27,SH601916,-0.07161313935952052,,,
EXP_LGBModel_Alpha158_csi300_expanding_step40_s_20260121_01,0d5b2c317ad04013b1cb76da95b478fc,2026-05-27,SZ000999,-0.04058412521141626,,,
EXP_LGBModel_Alpha158_csi300_expanding_step40_s_20260121_01,0d5b2c317ad04013b1cb76da95b478fc,2026-05-27,SZ000977,0.1709773789039876,,,
EXP_LGBModel_Alpha158_csi300_expanding_step40_s_20260121_01,0d5b2c317ad04013b1cb76da95b478fc,2026-05-27,SH605499,0.041549465902696155,,,
EXP_LGBModel_Alpha158_csi300_expanding_step40_s_20260121_01,0d5b2c317ad04013b1cb76da95b478fc,2026-05-27,SH688008,-0.02549355609558619,,,
EXP_LGBModel_Alpha158_csi300_expanding_step40_s_20260121_01,0d5b2c317ad04013b1cb76da95b478fc,2026-05-27,SH688009,0.004822999250603953,,,
EXP_LGBModel_Alpha158_csi300_expanding_step40_s_20260121_01,0d5b2c317ad04013b1cb76da95b478fc,2026-05-27,SH688012,0.030999147563401053,,,
EXP_LGBModel_Alpha158_csi300_expanding_step40_s_20260121_01,0d5b2c317ad04013b1cb76da95b478fc,2026-05-27,SH688036,0.27786677956940925,,,
EXP_LGBModel_Alpha158_csi300_expanding_step40_s_20260121_01,0d5b2c317ad04013b1cb76da95b478fc,2026-05-27,SH688041,-0.11078053913889217,,,
EXP_LGBModel_Alpha158_csi300_expanding_step40_s_20260121_01,0d5b2c317ad04013b1cb76da95b478fc,2026-05-27,SH605117,0.0725615065715884,,,
EXP_LGBModel_Alpha158_csi300_expanding_step40_s_20260121_01,0d5b2c317ad04013b1cb76da95b478fc,2026-05-27,SH688047,0.12432613321573432,,,
EXP_LGBModel_Alpha158_csi300_expanding_step40_s_20260121_01,0d5b2c317ad04013b1cb76da95b478fc,2026-05-27,SH688111,0.21627839727187315,,,
EXP_LGBModel_Alpha158_csi300_expanding_step40_s_20260121_01,0d5b2c317ad04013b1cb76da95b478fc,2026-05-27,SH688126,-0.22014189531420764,,,
EXP_LGBModel_Alpha158_csi300_expanding_step40_s_20260121_01,0d5b2c317ad04013b1cb76da95b478fc,2026-05-27,SH688169,0.054199299358833095,,,
EXP_LGBModel_Alpha158_csi300_expanding_step40_s_20260121_01,0d5b2c317ad04013b1cb76da95b478fc,2026-05-27,SH688187,-0.14796693307256192,,,
EXP_LGBModel_Alpha158_csi300_expanding_step40_s_20260121_01,0d5b2c317ad04013b1cb76da95b478fc,2026-05-27,SH688223,0.04936570834949403,,,
EXP_LGBModel_Alpha158_csi300_expanding_step40_s_20260121_01,0d5b2c317ad04013b1cb76da95b478fc,2026-05-27,SH688256,0.054401207798837094,,,
EXP_LGBModel_Alpha158_csi300_expanding_step40_s_20260121_01,0d5b2c317ad04013b1cb76da95b478fc,2026-05-27,SH688082,-0.14341703895144864,,,
EXP_LGBModel_Alpha158_csi300_expanding_step40_s_20260121_01,0d5b2c317ad04013b1cb76da95b478fc,2026-05-27,SH603993,0.16713650187058895,,,
EXP_LGBModel_Alpha158_csi300_expanding_step40_s_20260121_01,0d5b2c317ad04013b1cb76da95b478fc,2026-05-27,SH603986,-0.11283286230251054,,,
EXP_LGBModel_Alpha158_csi300_expanding_step40_s_20260121_01,0d5b2c317ad04013b1cb76da95b478fc,2026-05-27,SH603893,-0.34019585693195,,,
EXP_LGBModel_Alpha158_csi300_expanding_step40_s_20260121_01,0d5b2c317ad04013b1cb76da95b478fc,2026-05-27,SH601939,-0.017408675403516396,,,
EXP_LGBModel_Alpha158_csi300_expanding_step40_s_20260121_01,0d5b2c317ad04013b1cb76da95b478fc,2026-05-27,SH601985,-0.03951145790499007,,,
EXP_LGBModel_Alpha158_csi300_expanding_step40_s_20260121_01,0d5b2c317ad04013b1cb76da95b478fc,2026-05-27,SH601988,0.06668691004769191,,,
EXP_LGBModel_Alpha158_csi300_expanding_step40_s_20260121_01,0d5b2c317ad04013b1cb76da95b478fc,2026-05-27,SH601995,-0.028612901104009197,,,
EXP_LGBModel_Alpha158_csi300_expanding_step40_s_20260121_01,0d5b2c317ad04013b1cb76da95b478fc,2026-05-27,SH601998,0.05479114228324974,,,
EXP_LGBModel_Alpha158_csi300_expanding_step40_s_20260121_01,0d5b2c317ad04013b1cb76da95b478fc,2026-05-27,SH603019,0.1573836881684243,,,
EXP_LGBModel_Alpha158_csi300_expanding_step40_s_20260121_01,0d5b2c317ad04013b1cb76da95b478fc,2026-05-27,SH603195,0.0024384119151725984,,,
EXP_LGBModel_Alpha158_csi300_expanding_step40_s_20260121_01,0d5b2c317ad04013b1cb76da95b478fc,2026-05-27,SH603259,0.09581416869889021,,,
EXP_LGBModel_Alpha158_csi300_expanding_step40_s_20260121_01,0d5b2c317ad04013b1cb76da95b478fc,2026-05-27,SH603260,0.19172566493363224,,,
EXP_LGBModel_Alpha158_csi300_expanding_step40_s_20260121_01,0d5b2c317ad04013b1cb76da95b478fc,2026-05-27,SH603288,-0.06331387320920377,,,
EXP_LGBModel_Alpha158_csi300_expanding_step40_s_20260121_01,0d5b2c317ad04013b1cb76da95b478fc,2026-05-27,SH603296,0.220850454803765,,,
EXP_LGBModel_Alpha158_csi300_expanding_step40_s_20260121_01,0d5b2c317ad04013b1cb76da95b478fc,2026-05-27,SH603369,0.000869709232694452,,,
EXP_LGBModel_Alpha158_csi300_expanding_step40_s_20260121_01,0d5b2c317ad04013b1cb76da95b478fc,2026-05-27,SH603392,-0.0928435120373696,,,
EXP_LGBModel_Alpha158_csi300_expanding_step40_s_20260121_01,0d5b2c317ad04013b1cb76da95b478fc,2026-05-27,SH603501,0.1366231367701756,,,
EXP_LGBModel_Alpha158_csi300_expanding_step40_s_20260121_01,0d5b2c317ad04013b1cb76da95b478fc,2026-05-27,SH603799,0.1258738391128984,,,
EXP_LGBModel_Alpha158_csi300_expanding_step40_s_20260121_01,0d5b2c317ad04013b1cb76da95b478fc,2026-05-27,SH688271,-0.05194176270589741,,,
EXP_LGBModel_Alpha158_csi300_expanding_step40_s_20260121_01,0d5b2c317ad04013b1cb76da95b478fc,2026-05-27,SH688303,0.17377110764571627,,,
EXP_LGBModel_Alpha158_csi300_expanding_step40_s_20260121_01,0d5b2c317ad04013b1cb76da95b478fc,2026-05-27,SH688396,-0.09584872419764043,,,
EXP_LGBModel_Alpha158_csi300_expanding_step40_s_20260121_01,0d5b2c317ad04013b1cb76da95b478fc,2026-05-27,SH688472,0.23198585097320717,,,
EXP_LGBModel_Alpha158_csi300_expanding_step40_s_20260121_01,0d5b2c317ad04013b1cb76da95b478fc,2026-05-27,SZ000651,-0.04815069394855603,,,
EXP_LGBModel_Alpha158_csi300_expanding_step40_s_20260121_01,0d5b2c317ad04013b1cb76da95b478fc,2026-05-27,SZ000661,-0.07377017980995945,,,
EXP_LGBModel_Alpha158_csi300_expanding_step40_s_20260121_01,0d5b2c317ad04013b1cb76da95b478fc,2026-05-27,SZ000708,0.06432669766469448,,,
EXP_LGBModel_Alpha158_csi300_expanding_step40_s_20260121_01,0d5b2c317ad04013b1cb76da95b478fc,2026-05-27,SZ000725,-0.15139789927318031,,,
EXP_LGBModel_Alpha158_csi300_expanding_step40_s_20260121_01,0d5b2c317ad04013b1cb76da95b478fc,2026-05-27,SZ000768,0.016862629369931204,,,
EXP_LGBModel_Alpha158_csi300_expanding_step40_s_20260121_01,0d5b2c317ad04013b1cb76da95b478fc,2026-05-27,SZ000776,-0.0382926584859331,,,
EXP_LGBModel_Alpha158_csi300_expanding_step40_s_20260121_01,0d5b2c317ad04013b1cb76da95b478fc,2026-05-27,SZ000786,0.079843249232509,,,
EXP_LGBModel_Alpha158_csi300_expanding_step40_s_20260121_01,0d5b2c317ad04013b1cb76da95b478fc,2026-05-27,SZ000792,0.06884014308696923,,,
EXP_LGBModel_Alpha158_csi300_expanding_step40_s_20260121_01,0d5b2c317ad04013b1cb76da95b478fc,2026-05-27,SZ000807,0.16254108402806294,,,
EXP_LGBModel_Alpha158_csi300_expanding_step40_s_20260121_01,0d5b2c317ad04013b1cb76da95b478fc,2026-05-27,SZ000858,-0.1201794985929001,,,
EXP_LGBModel_Alpha158_csi300_expanding_step40_s_20260121_01,0d5b2c317ad04013b1cb76da95b478fc,2026-05-27,SZ000876,-0.08451367597256465,,,
EXP_LGBModel_Alpha158_csi300_expanding_step40_s_20260121_01,0d5b2c317ad04013b1cb76da95b478fc,2026-05-27,SZ000895,-0.017173596535232344,,,
EXP_LGBModel_Alpha158_csi300_expanding_step40_s_20260121_01,0d5b2c317ad04013b1cb76da95b478fc,2026-05-27,SZ000938,0.11223710027725554,,,
EXP_LGBModel_Alpha158_csi300_expanding_step40_s_20260121_01,0d5b2c317ad04013b1cb76da95b478fc,2026-05-27,SZ000963,-0.03843567997978124,,,
EXP_LGBModel_Alpha158_csi300_expanding_step40_s_20260121_01,0d5b2c317ad04013b1cb76da95b478fc,2026-05-27,SZ000975,0.134902365478656,,,
EXP_LGBModel_Alpha158_csi300_expanding_step40_s_20260121_01,0d5b2c317ad04013b1cb76da95b478fc,2026-05-27,SZ000630,0.06590776974149272,,,
EXP_LGBModel_Alpha158_csi300_expanding_step40_s_20260121_01,0d5b2c317ad04013b1cb76da95b478fc,2026-05-27,SZ000983,-0.11551635757466974,,,
EXP_LGBModel_Alpha158_csi300_expanding_step40_s_20260121_01,0d5b2c317ad04013b1cb76da95b478fc,2026-05-27,SZ000625,0.06007569703396318,,,
EXP_LGBModel_Alpha158_csi300_expanding_step40_s_20260121_01,0d5b2c317ad04013b1cb76da95b478fc,2026-05-27,SZ000596,-0.01991251196706631,,,
EXP_LGBModel_Alpha158_csi300_expanding_step40_s_20260121_01,0d5b2c317ad04013b1cb76da95b478fc,2026-05-27,SH688506,-0.09291270290070959,,,
EXP_LGBModel_Alpha158_csi300_expanding_step40_s_20260121_01,0d5b2c317ad04013b1cb76da95b478fc,2026-05-27,SH688981,0.08180519411396935,,,
EXP_LGBModel_Alpha158_csi300_expanding_step40_s_20260121_01,0d5b2c317ad04013b1cb76da95b478fc,2026-05-27,SZ000001,-0.11779947752628889,,,
EXP_LGBModel_Alpha158_csi300_expanding_step40_s_20260121_01,0d5b2c317ad04013b1cb76da95b478fc,2026-05-27,SZ000002,0.08838610291287019,,,
EXP_LGBModel_Alpha158_csi300_expanding_step40_s_20260121_01,0d5b2c317ad04013b1cb76da95b478fc,2026-05-27,SZ000063,0.17028972717134383,,,
EXP_LGBModel_Alpha158_csi300_expanding_step40_s_20260121_01,0d5b2c317ad04013b1cb76da95b478fc,2026-05-27,SZ000100,-0.16121134748444954,,,
EXP_LGBModel_Alpha158_csi300_expanding_step40_s_20260121_01,0d5b2c317ad04013b1cb76da95b478fc,2026-05-27,SZ000157,0.07498162361073057,,,
EXP_LGBModel_Alpha158_csi300_expanding_step40_s_20260121_01,0d5b2c317ad04013b1cb76da95b478fc,2026-05-27,SZ000166,-0.0396490748920479,,,
EXP_LGBModel_Alpha158_csi300_expanding_step40_s_20260121_01,0d5b2c317ad04013b1cb76da95b478fc,2026-05-27,SZ000301,-0.09421003765153596,,,
EXP_LGBModel_Alpha158_csi300_expanding_step40_s_20260121_01,0d5b2c317ad04013b1cb76da95b478fc,2026-05-27,SZ000333,-0.01448736693992143,,,
EXP_LGBModel_Alpha158_csi300_expanding_step40_s_20260121_01,0d5b2c317ad04013b1cb76da95b478fc,2026-05-27,SZ000338,0.0030447934523027027,,,
EXP_LGBModel_Alpha158_csi300_expanding_step40_s_20260121_01,0d5b2c317ad04013b1cb76da95b478fc,2026-05-27,SZ000408,0.1639451745685946,,,
EXP_LGBModel_Alpha158_csi300_expanding_step40_s_20260121_01,0d5b2c317ad04013b1cb76da95b478fc,2026-05-27,SZ000425,0.047996319142856646,,,
EXP_LGBModel_Alpha158_csi300_expanding_step40_s_20260121_01,0d5b2c317ad04013b1cb76da95b478fc,2026-05-27,SZ000538,-0.1217471811388506,,,
EXP_LGBModel_Alpha158_csi300_expanding_step40_s_20260121_01,0d5b2c317ad04013b1cb76da95b478fc,2026-05-27,SZ000568,-0.1650911291917442,,,
EXP_LGBModel_Alpha158_csi300_expanding_step40_s_20260121_01,0d5b2c317ad04013b1cb76da95b478fc,2026-05-27,SZ000617,0.12852778437338155,,,
EXP_LGBModel_Alpha158_csi300_sliding_step40_s_20260121_01,741bdd0f113c4c1eaf23c429f63dfa1d,2026-05-27,SZ301269,-0.13776459906913402,,,
EXP_LGBModel_Alpha158_csi300_sliding_step40_s_20260121_01,741bdd0f113c4c1eaf23c429f63dfa1d,2026-05-27,SZ302132,-0.0006672737831577651,,,
EXP_DEnsembleModel_Alpha158_csi300_expanding_step40_s_20260112_22,5dfe27da14f64e55b157c5d6f03705b8,2026-05-27,SH600000,-0.009778327985797955,,,
EXP_DEnsembleModel_Alpha158_csi300_sliding_step40_s_20260111_23,12f4cb9e2e654b22a3588e4374ed56b1,2026-05-27,SH601127,0.02466039663248801,,,
EXP_DEnsembleModel_Alpha158_csi300_sliding_step40_s_20260111_23,12f4cb9e2e654b22a3588e4374ed56b1,2026-05-27,SH601136,-0.01472976446534347,,,
EXP_DEnsembleModel_Alpha158_csi300_sliding_step40_s_20260111_23,12f4cb9e2e654b22a3588e4374ed56b1,2026-05-27,SH601138,0.06191010997921231,,,
EXP_DEnsembleModel_Alpha158_csi300_sliding_step40_s_20260111_23,12f4cb9e2e654b22a3588e4374ed56b1,2026-05-27,SH601166,0.043500468687129944,,,
EXP_DEnsembleModel_Alpha158_csi300_sliding_step40_s_20260111_23,12f4cb9e2e654b22a3588e4374ed56b1,2026-05-27,SH601169,0.004171330121697919,,,
EXP_DEnsembleModel_Alpha158_csi300_sliding_step40_s_20260111_23,12f4cb9e2e654b22a3588e4374ed56b1,2026-05-27,SH601186,0.03417200844246617,,,
EXP_DEnsembleModel_Alpha158_csi300_sliding_step40_s_20260111_23,12f4cb9e2e654b22a3588e4374ed56b1,2026-05-27,SH601117,0.08008473184577093,,,
EXP_DEnsembleModel_Alpha158_csi300_sliding_step40_s_20260111_23,12f4cb9e2e654b22a3588e4374ed56b1,2026-05-27,SH601211,-0.005252643238945731,,,
EXP_DEnsembleModel_Alpha158_csi300_sliding_step40_s_20260111_23,12f4cb9e2e654b22a3588e4374ed56b1,2026-05-27,SH601229,0.004071094157429828,,,
EXP_DEnsembleModel_Alpha158_csi300_sliding_step40_s_20260111_23,12f4cb9e2e654b22a3588e4374ed56b1,2026-05-27,SH601236,-0.018437040754906518,,,
EXP_DEnsembleModel_Alpha158_csi300_sliding_step40_s_20260111_23,12f4cb9e2e654b22a3588e4374ed56b1,2026-05-27,SH601238,0.05807607671337142,,,
EXP_DEnsembleModel_Alpha158_csi300_sliding_step40_s_20260111_23,12f4cb9e2e654b22a3588e4374ed56b1,2026-05-27,SH601288,0.06912558415278079,,,
EXP_DEnsembleModel_Alpha158_csi300_sliding_step40_s_20260111_23,12f4cb9e2e654b22a3588e4374ed56b1,2026-05-27,SH601298,-0.017004811449370483,,,
EXP_DEnsembleModel_Alpha158_csi300_sliding_step40_s_20260111_23,12f4cb9e2e654b22a3588e4374ed56b1,2026-05-27,SH601318,0.09446589764247944,,,
EXP_DEnsembleModel_Alpha158_csi300_sliding_step40_s_20260111_23,12f4cb9e2e654b22a3588e4374ed56b1,2026-05-27,SH601225,0.00413435996199796,,,
EXP_DEnsembleModel_Alpha158_csi300_sliding_step40_s_20260111_23,12f4cb9e2e654b22a3588e4374ed56b1,2026-05-27,SH601111,0.1272037128392628,,,
EXP_DEnsembleModel_Alpha158_csi300_sliding_step40_s_20260111_23,12f4cb9e2e654b22a3588e4374ed56b1,2026-05-27,SH601100,0.13921591303969053,,,
EXP_DEnsembleModel_Alpha158_csi300_sliding_step40_s_20260111_23,12f4cb9e2e654b22a3588e4374ed56b1,2026-05-27,SH601088,0.06934939121630591,,,
EXP_DEnsembleModel_Alpha158_csi300_sliding_step40_s_20260111_23,12f4cb9e2e654b22a3588e4374ed56b1,2026-05-27,SH600930,-0.10944605094637141,,,
EXP_DEnsembleModel_Alpha158_csi300_sliding_step40_s_20260111_23,12f4cb9e2e654b22a3588e4374ed56b1,2026-05-27,SH600938,0.13970928975848965,,,
EXP_DEnsembleModel_Alpha158_csi300_sliding_step40_s_20260111_23,12f4cb9e2e654b22a3588e4374ed56b1,2026-05-27,SH600941,0.07080097579355085,,,
EXP_DEnsembleModel_Alpha158_csi300_sliding_step40_s_20260111_23,12f4cb9e2e654b22a3588e4374ed56b1,2026-05-27,SH600958,-0.06376257209452695,,,
EXP_DEnsembleModel_Alpha158_csi300_sliding_step40_s_20260111_23,12f4cb9e2e654b22a3588e4374ed56b1,2026-05-27,SH600989,-0.018072201220744186,,,
EXP_DEnsembleModel_Alpha158_csi300_sliding_step40_s_20260111_23,12f4cb9e2e654b22a3588e4374ed56b1,2026-05-27,SH600999,0.005628183997571278,,,
EXP_DEnsembleModel_Alpha158_csi300_sliding_step40_s_20260111_23,12f4cb9e2e654b22a3588e4374ed56b1,2026-05-27,SH601006,0.04064575858658583,,,
EXP_DEnsembleModel_Alpha158_csi300_sliding_step40_s_20260111_23,12f4cb9e2e654b22a3588e4374ed56b1,2026-05-27,SH601009,-0.006080646488053807,,,
EXP_DEnsembleModel_Alpha158_csi300_sliding_step40_s_20260111_23,12f4cb9e2e654b22a3588e4374ed56b1,2026-05-27,SH601012,0.2455846973577811,,,
EXP_DEnsembleModel_Alpha158_csi300_sliding_step40_s_20260111_23,12f4cb9e2e654b22a3588e4374ed56b1,2026-05-27,SH601018,0.07404046018579527,,,
EXP_DEnsembleModel_Alpha158_csi300_sliding_step40_s_20260111_23,12f4cb9e2e654b22a3588e4374ed56b1,2026-05-27,SH601021,0.024108397089060353,,,
EXP_DEnsembleModel_Alpha158_csi300_sliding_step40_s_20260111_23,12f4cb9e2e654b22a3588e4374ed56b1,2026-05-27,SH601058,-0.021430116786828053,,,
EXP_DEnsembleModel_Alpha158_csi300_sliding_step40_s_20260111_23,12f4cb9e2e654b22a3588e4374ed56b1,2026-05-27,SH601059,0.10338981648292794,,,
EXP_DEnsembleModel_Alpha158_csi300_sliding_step40_s_20260111_23,12f4cb9e2e654b22a3588e4374ed56b1,2026-05-27,SH601066,0.07835147446083977,,,
EXP_DEnsembleModel_Alpha158_csi300_sliding_step40_s_20260111_23,12f4cb9e2e654b22a3588e4374ed56b1,2026-05-27,SH601077,0.10958034843041776,,,
EXP_DEnsembleModel_Alpha158_csi300_sliding_step40_s_20260111_23,12f4cb9e2e654b22a3588e4374ed56b1,2026-05-27,SH601319,0.06070630855677626,,,
EXP_DEnsembleModel_Alpha158_csi300_sliding_step40_s_20260111_23,12f4cb9e2e654b22a3588e4374ed56b1,2026-05-27,SH601328,-0.015134393555790568,,,
EXP_DEnsembleModel_Alpha158_csi300_sliding_step40_s_20260111_23,12f4cb9e2e654b22a3588e4374ed56b1,2026-05-27,SH601336,0.0152541061180661,,,
EXP_DEnsembleModel_Alpha158_csi300_sliding_step40_s_20260111_23,12f4cb9e2e654b22a3588e4374ed56b1,2026-05-27,SH601360,0.19537081428618328,,,
EXP_DEnsembleModel_Alpha158_csi300_sliding_step40_s_20260111_23,12f4cb9e2e654b22a3588e4374ed56b1,2026-05-27,SH601800,-0.1106770638488515,,,
EXP_DEnsembleModel_Alpha158_csi300_sliding_step40_s_20260111_23,12f4cb9e2e654b22a3588e4374ed56b1,2026-05-27,SH601808,0.0410774063805314,,,
EXP_DEnsembleModel_Alpha158_csi300_sliding_step40_s_20260111_23,12f4cb9e2e654b22a3588e4374ed56b1,2026-05-27,SH601816,-0.05749637317083966,,,
EXP_DEnsembleModel_Alpha158_csi300_sliding_step40_s_20260111_23,12f4cb9e2e654b22a3588e4374ed56b1,2026-05-27,SH601818,-0.06452114025340672,,,
EXP_DEnsembleModel_Alpha158_csi300_sliding_step40_s_20260111_23,12f4cb9e2e654b22a3588e4374ed56b1,2026-05-27,SH601825,0.08747898384845296,,,
EXP_DEnsembleModel_Alpha158_csi300_sliding_step40_s_20260111_23,12f4cb9e2e654b22a3588e4374ed56b1,2026-05-27,SH601838,0.006817029633385389,,,
EXP_DEnsembleModel_Alpha158_csi300_sliding_step40_s_20260111_23,12f4cb9e2e654b22a3588e4374ed56b1,2026-05-27,SH601857,-0.034940828950746586,,,
EXP_DEnsembleModel_Alpha158_csi300_sliding_step40_s_20260111_23,12f4cb9e2e654b22a3588e4374ed56b1,2026-05-27,SH601868,0.006032103573956765,,,
EXP_DEnsembleModel_Alpha158_csi300_sliding_step40_s_20260111_23,12f4cb9e2e654b22a3588e4374ed56b1,2026-05-27,SH601872,0.1264877551895815,,,
EXP_DEnsembleModel_Alpha158_csi300_sliding_step40_s_20260111_23,12f4cb9e2e654b22a3588e4374ed56b1,2026-05-27,SH601877,0.07130821012044755,,,
EXP_DEnsembleModel_Alpha158_csi300_sliding_step40_s_20260111_23,12f4cb9e2e654b22a3588e4374ed56b1,2026-05-27,SH601878,-0.014703386641282038,,,
EXP_DEnsembleModel_Alpha158_csi300_sliding_step40_s_20260111_23,12f4cb9e2e654b22a3588e4374ed56b1,2026-05-27,SH601881,0.09578033462700102,,,
EXP_DEnsembleModel_Alpha158_csi300_sliding_step40_s_20260111_23,12f4cb9e2e654b22a3588e4374ed56b1,2026-05-27,SH601888,-0.12573120271791863,,,
EXP_DEnsembleModel_Alpha158_csi300_sliding_step40_s_20260111_23,12f4cb9e2e654b22a3588e4374ed56b1,2026-05-27,SH601898,-0.028182653064937085,,,
EXP_DEnsembleModel_Alpha158_csi300_sliding_step40_s_20260111_23,12f4cb9e2e654b22a3588e4374ed56b1,2026-05-27,SH601899,0.1636344905672763,,,
EXP_DEnsembleModel_Alpha158_csi300_sliding_step40_s_20260111_23,12f4cb9e2e654b22a3588e4374ed56b1,2026-05-27,SH601788,0.01037669985963731,,,
EXP_DEnsembleModel_Alpha158_csi300_sliding_step40_s_20260111_23,12f4cb9e2e654b22a3588e4374ed56b1,2026-05-27,SH600926,0.01975463632500423,,,
EXP_DEnsembleModel_Alpha158_csi300_sliding_step40_s_20260111_23,12f4cb9e2e654b22a3588e4374ed56b1,2026-05-27,SH601766,-0.09070613374424362,,,
EXP_DEnsembleModel_Alpha158_csi300_sliding_step40_s_20260111_23,12f4cb9e2e654b22a3588e4374ed56b1,2026-05-27,SH601698,0.028320911047020735,,,
EXP_DEnsembleModel_Alpha158_csi300_sliding_step40_s_20260111_23,12f4cb9e2e654b22a3588e4374ed56b1,2026-05-27,SH601377,0.08747492410790819,,,
EXP_DEnsembleModel_Alpha158_csi300_sliding_step40_s_20260111_23,12f4cb9e2e654b22a3588e4374ed56b1,2026-05-27,SH601390,0.05054174092613439,,,
EXP_DEnsembleModel_Alpha158_csi300_sliding_step40_s_20260111_23,12f4cb9e2e654b22a3588e4374ed56b1,2026-05-27,SH601398,0.0709604090051184,,,
EXP_DEnsembleModel_Alpha158_csi300_sliding_step40_s_20260111_23,12f4cb9e2e654b22a3588e4374ed56b1,2026-05-27,SH601456,-0.013542345672184403,,,
EXP_DEnsembleModel_Alpha158_csi300_sliding_step40_s_20260111_23,12f4cb9e2e654b22a3588e4374ed56b1,2026-05-27,SH601600,-0.007501296753182397,,,
EXP_DEnsembleModel_Alpha158_csi300_sliding_step40_s_20260111_23,12f4cb9e2e654b22a3588e4374ed56b1,2026-05-27,SH601601,0.10779441877503983,,,
EXP_DEnsembleModel_Alpha158_csi300_sliding_step40_s_20260111_23,12f4cb9e2e654b22a3588e4374ed56b1,2026-05-27,SH601607,-0.0012734693977575688,,,
EXP_DEnsembleModel_Alpha158_csi300_sliding_step40_s_20260111_23,12f4cb9e2e654b22a3588e4374ed56b1,2026-05-27,SH601618,0.01290697203627517,,,
EXP_DEnsembleModel_Alpha158_csi300_sliding_step40_s_20260111_23,12f4cb9e2e654b22a3588e4374ed56b1,2026-05-27,SH601628,0.027380104738030136,,,
EXP_DEnsembleModel_Alpha158_csi300_sliding_step40_s_20260111_23,12f4cb9e2e654b22a3588e4374ed56b1,2026-05-27,SH601633,0.031915296615887,,,
EXP_DEnsembleModel_Alpha158_csi300_sliding_step40_s_20260111_23,12f4cb9e2e654b22a3588e4374ed56b1,2026-05-27,SH601658,0.04737216394095213,,,
EXP_DEnsembleModel_Alpha158_csi300_sliding_step40_s_20260111_23,12f4cb9e2e654b22a3588e4374ed56b1,2026-05-27,SH601668,-0.03887425256274201,,,
EXP_DEnsembleModel_Alpha158_csi300_sliding_step40_s_20260111_23,12f4cb9e2e654b22a3588e4374ed56b1,2026-05-27,SH601669,0.051300354897534546,,,
EXP_DEnsembleModel_Alpha158_csi300_sliding_step40_s_20260111_23,12f4cb9e2e654b22a3588e4374ed56b1,2026-05-27,SH601688,0.057058692002881065,,,
EXP_DEnsembleModel_Alpha158_csi300_sliding_step40_s_20260111_23,12f4cb9e2e654b22a3588e4374ed56b1,2026-05-27,SH601689,0.038217629838241736,,,
EXP_DEnsembleModel_Alpha158_csi300_sliding_step40_s_20260111_23,12f4cb9e2e654b22a3588e4374ed56b1,2026-05-27,SH601728,-0.11355142336191675,,,
EXP_DEnsembleModel_Alpha158_csi300_sliding_step40_s_20260111_23,12f4cb9e2e654b22a3588e4374ed56b1,2026-05-27,SH601901,0.04431255044559967,,,
EXP_DEnsembleModel_Alpha158_csi300_sliding_step40_s_20260111_23,12f4cb9e2e654b22a3588e4374ed56b1,2026-05-27,SH600919,0.06191379102672049,,,
EXP_DEnsembleModel_Alpha158_csi300_sliding_step40_s_20260111_23,12f4cb9e2e654b22a3588e4374ed56b1,2026-05-27,SH600905,-0.07363202013556046,,,
EXP_DEnsembleModel_Alpha158_csi300_sliding_step40_s_20260111_23,12f4cb9e2e654b22a3588e4374ed56b1,2026-05-27,SH600066,-0.09853718556470129,,,
EXP_DEnsembleModel_Alpha158_csi300_sliding_step40_s_20260111_23,12f4cb9e2e654b22a3588e4374ed56b1,2026-05-27,SH600085,-0.14434202679024336,,,
EXP_DEnsembleModel_Alpha158_csi300_sliding_step40_s_20260111_23,12f4cb9e2e654b22a3588e4374ed56b1,2026-05-27,SH600089,-0.026933408987396067,,,
EXP_DEnsembleModel_Alpha158_csi300_sliding_step40_s_20260111_23,12f4cb9e2e654b22a3588e4374ed56b1,2026-05-27,SH600104,0.1437969994993269,,,
EXP_DEnsembleModel_Alpha158_csi300_sliding_step40_s_20260111_23,12f4cb9e2e654b22a3588e4374ed56b1,2026-05-27,SH600111,0.11310449110424582,,,
EXP_DEnsembleModel_Alpha158_csi300_sliding_step40_s_20260111_23,12f4cb9e2e654b22a3588e4374ed56b1,2026-05-27,SH600115,0.14336254196572862,,,
EXP_DEnsembleModel_Alpha158_csi300_sliding_step40_s_20260111_23,12f4cb9e2e654b22a3588e4374ed56b1,2026-05-27,SH600061,0.017863976710564066,,,
EXP_DEnsembleModel_Alpha158_csi300_sliding_step40_s_20260111_23,12f4cb9e2e654b22a3588e4374ed56b1,2026-05-27,SH600150,0.1716950601449275,,,
EXP_DEnsembleModel_Alpha158_csi300_sliding_step40_s_20260111_23,12f4cb9e2e654b22a3588e4374ed56b1,2026-05-27,SH600161,-0.08248590636972766,,,
EXP_DEnsembleModel_Alpha158_csi300_sliding_step40_s_20260111_23,12f4cb9e2e654b22a3588e4374ed56b1,2026-05-27,SH600176,0.018728780081139984,,,
EXP_DEnsembleModel_Alpha158_csi300_sliding_step40_s_20260111_23,12f4cb9e2e654b22a3588e4374ed56b1,2026-05-27,SH600183,-0.09743072093591583,,,
EXP_DEnsembleModel_Alpha158_csi300_sliding_step40_s_20260111_23,12f4cb9e2e654b22a3588e4374ed56b1,2026-05-27,SH600188,-0.06811200439567754,,,
EXP_DEnsembleModel_Alpha158_csi300_sliding_step40_s_20260111_23,12f4cb9e2e654b22a3588e4374ed56b1,2026-05-27,SH600196,-0.048761511773539504,,,
EXP_DEnsembleModel_Alpha158_csi300_sliding_step40_s_20260111_23,12f4cb9e2e654b22a3588e4374ed56b1,2026-05-27,SH600219,0.08661134446956405,,,
EXP_DEnsembleModel_Alpha158_csi300_sliding_step40_s_20260111_23,12f4cb9e2e654b22a3588e4374ed56b1,2026-05-27,SH600160,0.10232159455246036,,,
EXP_DEnsembleModel_Alpha158_csi300_sliding_step40_s_20260111_23,12f4cb9e2e654b22a3588e4374ed56b1,2026-05-27,SH600050,-0.03927572623428874,,,
EXP_DEnsembleModel_Alpha158_csi300_sliding_step40_s_20260111_23,12f4cb9e2e654b22a3588e4374ed56b1,2026-05-27,SH600048,0.0829205110771656,,,
EXP_DEnsembleModel_Alpha158_csi300_sliding_step40_s_20260111_23,12f4cb9e2e654b22a3588e4374ed56b1,2026-05-27,SH600039,-0.037281586175232556,,,
EXP_DEnsembleModel_Alpha158_csi300_sliding_step40_s_20260111_23,12f4cb9e2e654b22a3588e4374ed56b1,2026-05-27,SH600010,0.2023523672810281,,,
EXP_DEnsembleModel_Alpha158_csi300_sliding_step40_s_20260111_23,12f4cb9e2e654b22a3588e4374ed56b1,2026-05-27,SH600011,0.06765075164911898,,,
EXP_DEnsembleModel_Alpha158_csi300_sliding_step40_s_20260111_23,12f4cb9e2e654b22a3588e4374ed56b1,2026-05-27,SH600015,0.046521640109034,,,
EXP_DEnsembleModel_Alpha158_csi300_sliding_step40_s_20260111_23,12f4cb9e2e654b22a3588e4374ed56b1,2026-05-27,SH600016,0.055610314304060424,,,
EXP_DEnsembleModel_Alpha158_csi300_sliding_step40_s_20260111_23,12f4cb9e2e654b22a3588e4374ed56b1,2026-05-27,SH600018,0.05686017621633543,,,
EXP_DEnsembleModel_Alpha158_csi300_sliding_step40_s_20260111_23,12f4cb9e2e654b22a3588e4374ed56b1,2026-05-27,SH600019,-0.055001212953962285,,,
EXP_DEnsembleModel_Alpha158_csi300_sliding_step40_s_20260111_23,12f4cb9e2e654b22a3588e4374ed56b1,2026-05-27,SH600023,-0.037587757853942784,,,
EXP_DEnsembleModel_Alpha158_csi300_sliding_step40_s_20260111_23,12f4cb9e2e654b22a3588e4374ed56b1,2026-05-27,SH600025,0.05923091753643797,,,
EXP_DEnsembleModel_Alpha158_csi300_sliding_step40_s_20260111_23,12f4cb9e2e654b22a3588e4374ed56b1,2026-05-27,SH600026,0.09527484196806008,,,
EXP_DEnsembleModel_Alpha158_csi300_sliding_step40_s_20260111_23,12f4cb9e2e654b22a3588e4374ed56b1,2026-05-27,SH600027,-0.09943331732145773,,,
EXP_DEnsembleModel_Alpha158_csi300_sliding_step40_s_20260111_23,12f4cb9e2e654b22a3588e4374ed56b1,2026-05-27,SH600028,-0.020021233166140018,,,
EXP_DEnsembleModel_Alpha158_csi300_sliding_step40_s_20260111_23,12f4cb9e2e654b22a3588e4374ed56b1,2026-05-27,SH600029,0.18300959031530464,,,
EXP_DEnsembleModel_Alpha158_csi300_sliding_step40_s_20260111_23,12f4cb9e2e654b22a3588e4374ed56b1,2026-05-27,SH600030,0.012699848295848793,,,
EXP_DEnsembleModel_Alpha158_csi300_sliding_step40_s_20260111_23,12f4cb9e2e654b22a3588e4374ed56b1,2026-05-27,SH600031,-0.0024372760491406273,,,
EXP_DEnsembleModel_Alpha158_csi300_sliding_step40_s_20260111_23,12f4cb9e2e654b22a3588e4374ed56b1,2026-05-27,SH600036,-0.024492357099831746,,,
EXP_DEnsembleModel_Alpha158_csi300_sliding_step40_s_20260111_23,12f4cb9e2e654b22a3588e4374ed56b1,2026-05-27,SH600233,-0.0030265477973670965,,,
EXP_DEnsembleModel_Alpha158_csi300_sliding_step40_s_20260111_23,12f4cb9e2e654b22a3588e4374ed56b1,2026-05-27,SH600276,0.028986954157732416,,,
EXP_DEnsembleModel_Alpha158_csi300_sliding_step40_s_20260111_23,12f4cb9e2e654b22a3588e4374ed56b1,2026-05-27,SH600309,0.13410061001680387,,,
EXP_DEnsembleModel_Alpha158_csi300_sliding_step40_s_20260111_23,12f4cb9e2e654b22a3588e4374ed56b1,2026-05-27,SH600346,0.25383998871808217,,,
EXP_DEnsembleModel_Alpha158_csi300_sliding_step40_s_20260111_23,12f4cb9e2e654b22a3588e4374ed56b1,2026-05-27,SH600600,0.008439905739120375,,,
EXP_DEnsembleModel_Alpha158_csi300_sliding_step40_s_20260111_23,12f4cb9e2e654b22a3588e4374ed56b1,2026-05-27,SH600660,0.0227886036507722,,,
EXP_DEnsembleModel_Alpha158_csi300_sliding_step40_s_20260111_23,12f4cb9e2e654b22a3588e4374ed56b1,2026-05-27,SH600674,0.03817274339705213,,,
EXP_DEnsembleModel_Alpha158_csi300_sliding_step40_s_20260111_23,12f4cb9e2e654b22a3588e4374ed56b1,2026-05-27,SH600690,-0.06707796642485074,,,
EXP_DEnsembleModel_Alpha158_csi300_sliding_step40_s_20260111_23,12f4cb9e2e654b22a3588e4374ed56b1,2026-05-27,SH600741,-0.046580448020859117,,,
EXP_DEnsembleModel_Alpha158_csi300_sliding_step40_s_20260111_23,12f4cb9e2e654b22a3588e4374ed56b1,2026-05-27,SH600760,0.10434924091602539,,,
EXP_DEnsembleModel_Alpha158_csi300_sliding_step40_s_20260111_23,12f4cb9e2e654b22a3588e4374ed56b1,2026-05-27,SH600795,0.059038984426247165,,,
EXP_DEnsembleModel_Alpha158_csi300_sliding_step40_s_20260111_23,12f4cb9e2e654b22a3588e4374ed56b1,2026-05-27,SH600803,-0.04522742375630498,,,
EXP_DEnsembleModel_Alpha158_csi300_sliding_step40_s_20260111_23,12f4cb9e2e654b22a3588e4374ed56b1,2026-05-27,SH600809,-0.12855478579424887,,,
EXP_DEnsembleModel_Alpha158_csi300_sliding_step40_s_20260111_23,12f4cb9e2e654b22a3588e4374ed56b1,2026-05-27,SH600845,-0.038985728386096485,,,
EXP_DEnsembleModel_Alpha158_csi300_sliding_step40_s_20260111_23,12f4cb9e2e654b22a3588e4374ed56b1,2026-05-27,SH600875,0.06460017827550131,,,
EXP_DEnsembleModel_Alpha158_csi300_sliding_step40_s_20260111_23,12f4cb9e2e654b22a3588e4374ed56b1,2026-05-27,SH600886,0.030061479110687874,,,
EXP_DEnsembleModel_Alpha158_csi300_sliding_step40_s_20260111_23,12f4cb9e2e654b22a3588e4374ed56b1,2026-05-27,SH600887,0.0976940650727993,,,
EXP_DEnsembleModel_Alpha158_csi300_sliding_step40_s_20260111_23,12f4cb9e2e654b22a3588e4374ed56b1,2026-05-27,SH600893,0.08801494144494865,,,
EXP_DEnsembleModel_Alpha158_csi300_sliding_step40_s_20260111_23,12f4cb9e2e654b22a3588e4374ed56b1,2026-05-27,SH600900,0.14086930799131167,,,
EXP_DEnsembleModel_Alpha158_csi300_sliding_step40_s_20260111_23,12f4cb9e2e654b22a3588e4374ed56b1,2026-05-27,SH600588,0.19275350626545465,,,
EXP_DEnsembleModel_Alpha158_csi300_sliding_step40_s_20260111_23,12f4cb9e2e654b22a3588e4374ed56b1,2026-05-27,SH600918,-0.0647110224583961,,,
EXP_DEnsembleModel_Alpha158_csi300_sliding_step40_s_20260111_23,12f4cb9e2e654b22a3588e4374ed56b1,2026-05-27,SH600585,0.0014033454255746932,,,
EXP_DEnsembleModel_Alpha158_csi300_sliding_step40_s_20260111_23,12f4cb9e2e654b22a3588e4374ed56b1,2026-05-27,SH600570,0.15094089813746042,,,
EXP_DEnsembleModel_Alpha158_csi300_sliding_step40_s_20260111_23,12f4cb9e2e654b22a3588e4374ed56b1,2026-05-27,SH600362,0.09603643018685294,,,
EXP_DEnsembleModel_Alpha158_csi300_sliding_step40_s_20260111_23,12f4cb9e2e654b22a3588e4374ed56b1,2026-05-27,SH600372,0.11268550002219867,,,
EXP_DEnsembleModel_Alpha158_csi300_sliding_step40_s_20260111_23,12f4cb9e2e654b22a3588e4374ed56b1,2026-05-27,SH600377,0.07308215397944372,,,
EXP_DEnsembleModel_Alpha158_csi300_sliding_step40_s_20260111_23,12f4cb9e2e654b22a3588e4374ed56b1,2026-05-27,SH600406,-0.037733995889511394,,,
EXP_DEnsembleModel_Alpha158_csi300_sliding_step40_s_20260111_23,12f4cb9e2e654b22a3588e4374ed56b1,2026-05-27,SH600415,0.005550571122086927,,,
EXP_DEnsembleModel_Alpha158_csi300_sliding_step40_s_20260111_23,12f4cb9e2e654b22a3588e4374ed56b1,2026-05-27,SH600426,0.19926095048599388,,,
EXP_DEnsembleModel_Alpha158_csi300_sliding_step40_s_20260111_23,12f4cb9e2e654b22a3588e4374ed56b1,2026-05-27,SH600436,-0.1768480792684249,,,
EXP_DEnsembleModel_Alpha158_csi300_sliding_step40_s_20260111_23,12f4cb9e2e654b22a3588e4374ed56b1,2026-05-27,SH600438,0.07203978997625061,,,
EXP_DEnsembleModel_Alpha158_csi300_sliding_step40_s_20260111_23,12f4cb9e2e654b22a3588e4374ed56b1,2026-05-27,SH600460,-0.21527597353865555,,,
EXP_DEnsembleModel_Alpha158_csi300_sliding_step40_s_20260111_23,12f4cb9e2e654b22a3588e4374ed56b1,2026-05-27,SH600482,0.14728033169851576,,,
EXP_DEnsembleModel_Alpha158_csi300_sliding_step40_s_20260111_23,12f4cb9e2e654b22a3588e4374ed56b1,2026-05-27,SH600489,0.20798300150019344,,,
EXP_DEnsembleModel_Alpha158_csi300_sliding_step40_s_20260111_23,12f4cb9e2e654b22a3588e4374ed56b1,2026-05-27,SH600515,0.08892013194441278,,,
EXP_DEnsembleModel_Alpha158_csi300_sliding_step40_s_20260111_23,12f4cb9e2e654b22a3588e4374ed56b1,2026-05-27,SH600519,-0.10416878468453708,,,
EXP_DEnsembleModel_Alpha158_csi300_sliding_step40_s_20260111_23,12f4cb9e2e654b22a3588e4374ed56b1,2026-05-27,SH600522,0.1955152517233009,,,
EXP_DEnsembleModel_Alpha158_csi300_sliding_step40_s_20260111_23,12f4cb9e2e654b22a3588e4374ed56b1,2026-05-27,SH600547,0.14811214720281313,,,
EXP_DEnsembleModel_Alpha158_csi300_sliding_step40_s_20260111_23,12f4cb9e2e654b22a3588e4374ed56b1,2026-05-27,SH600584,-0.12484372951101068,,,
EXP_DEnsembleModel_Alpha158_csi300_sliding_step40_s_20260111_23,12f4cb9e2e654b22a3588e4374ed56b1,2026-05-27,SH600009,-0.05526368131048528,,,
EXP_DEnsembleModel_Alpha158_csi300_sliding_step40_s_20260111_23,12f4cb9e2e654b22a3588e4374ed56b1,2026-05-27,SH601916,-0.02756670193822122,,,
EXP_DEnsembleModel_Alpha158_csi300_sliding_step40_s_20260111_23,12f4cb9e2e654b22a3588e4374ed56b1,2026-05-27,SH601939,0.027815349727733203,,,
EXP_DEnsembleModel_Alpha158_csi300_sliding_step40_s_20260111_23,12f4cb9e2e654b22a3588e4374ed56b1,2026-05-27,SZ002422,0.03721550348076886,,,
EXP_DEnsembleModel_Alpha158_csi300_sliding_step40_s_20260111_23,12f4cb9e2e654b22a3588e4374ed56b1,2026-05-27,SZ002459,0.23017713784622018,,,
EXP_DEnsembleModel_Alpha158_csi300_sliding_step40_s_20260111_23,12f4cb9e2e654b22a3588e4374ed56b1,2026-05-27,SZ002460,0.20264300606851282,,,
EXP_DEnsembleModel_Alpha158_csi300_sliding_step40_s_20260111_23,12f4cb9e2e654b22a3588e4374ed56b1,2026-05-27,SZ002463,0.07087234466217647,,,
EXP_DEnsembleModel_Alpha158_csi300_sliding_step40_s_20260111_23,12f4cb9e2e654b22a3588e4374ed56b1,2026-05-27,SZ002466,0.22361027001381067,,,
EXP_DEnsembleModel_Alpha158_csi300_sliding_step40_s_20260111_23,12f4cb9e2e654b22a3588e4374ed56b1,2026-05-27,SZ002475,-0.04712869148562982,,,
EXP_DEnsembleModel_Alpha158_csi300_sliding_step40_s_20260111_23,12f4cb9e2e654b22a3588e4374ed56b1,2026-05-27,SZ002415,0.14363289391194198,,,
EXP_DEnsembleModel_Alpha158_csi300_sliding_step40_s_20260111_23,12f4cb9e2e654b22a3588e4374ed56b1,2026-05-27,SZ002493,0.038887529150841205,,,
EXP_DEnsembleModel_Alpha158_csi300_sliding_step40_s_20260111_23,12f4cb9e2e654b22a3588e4374ed56b1,2026-05-27,SZ002600,0.14031840559142894,,,
EXP_DEnsembleModel_Alpha158_csi300_sliding_step40_s_20260111_23,12f4cb9e2e654b22a3588e4374ed56b1,2026-05-27,SZ002601,0.22744834577473833,,,
EXP_DEnsembleModel_Alpha158_csi300_sliding_step40_s_20260111_23,12f4cb9e2e654b22a3588e4374ed56b1,2026-05-27,SZ002625,0.10800471255802892,,,
EXP_DEnsembleModel_Alpha158_csi300_sliding_step40_s_20260111_23,12f4cb9e2e654b22a3588e4374ed56b1,2026-05-27,SZ002648,0.043061494477790827,,,
EXP_DEnsembleModel_Alpha158_csi300_sliding_step40_s_20260111_23,12f4cb9e2e654b22a3588e4374ed56b1,2026-05-27,SZ002709,0.11247680795856992,,,
EXP_DEnsembleModel_Alpha158_csi300_sliding_step40_s_20260111_23,12f4cb9e2e654b22a3588e4374ed56b1,2026-05-27,SZ002714,0.05022341887491201,,,
EXP_DEnsembleModel_Alpha158_csi300_sliding_step40_s_20260111_23,12f4cb9e2e654b22a3588e4374ed56b1,2026-05-27,SZ002594,0.05306108866955235,,,
EXP_DEnsembleModel_Alpha158_csi300_sliding_step40_s_20260111_23,12f4cb9e2e654b22a3588e4374ed56b1,2026-05-27,SZ002384,-0.1692036337505917,,,
EXP_DEnsembleModel_Alpha158_csi300_sliding_step40_s_20260111_23,12f4cb9e2e654b22a3588e4374ed56b1,2026-05-27,SZ002371,0.16888727336786752,,,
EXP_DEnsembleModel_Alpha158_csi300_sliding_step40_s_20260111_23,12f4cb9e2e654b22a3588e4374ed56b1,2026-05-27,SZ002352,0.05466964343274419,,,
EXP_DEnsembleModel_Alpha158_csi300_sliding_step40_s_20260111_23,12f4cb9e2e654b22a3588e4374ed56b1,2026-05-27,SZ001979,0.19188984021546143,,,
EXP_DEnsembleModel_Alpha158_csi300_sliding_step40_s_20260111_23,12f4cb9e2e654b22a3588e4374ed56b1,2026-05-27,SZ002001,0.05232072252039315,,,
EXP_DEnsembleModel_Alpha158_csi300_sliding_step40_s_20260111_23,12f4cb9e2e654b22a3588e4374ed56b1,2026-05-27,SZ002027,0.0006211371728255221,,,
EXP_DEnsembleModel_Alpha158_csi300_sliding_step40_s_20260111_23,12f4cb9e2e654b22a3588e4374ed56b1,2026-05-27,SZ002028,0.2540400971399056,,,
EXP_DEnsembleModel_Alpha158_csi300_sliding_step40_s_20260111_23,12f4cb9e2e654b22a3588e4374ed56b1,2026-05-27,SZ002049,-0.031354621278852184,,,
EXP_DEnsembleModel_Alpha158_csi300_sliding_step40_s_20260111_23,12f4cb9e2e654b22a3588e4374ed56b1,2026-05-27,SZ002050,0.0672729227089921,,,
EXP_DEnsembleModel_Alpha158_csi300_sliding_step40_s_20260111_23,12f4cb9e2e654b22a3588e4374ed56b1,2026-05-27,SZ002074,0.12477518359084325,,,
EXP_DEnsembleModel_Alpha158_csi300_sliding_step40_s_20260111_23,12f4cb9e2e654b22a3588e4374ed56b1,2026-05-27,SZ002142,0.014684902279922175,,,
EXP_DEnsembleModel_Alpha158_csi300_sliding_step40_s_20260111_23,12f4cb9e2e654b22a3588e4374ed56b1,2026-05-27,SZ002179,0.18583322190002058,,,
EXP_DEnsembleModel_Alpha158_csi300_sliding_step40_s_20260111_23,12f4cb9e2e654b22a3588e4374ed56b1,2026-05-27,SZ002230,0.08476461993542136,,,
EXP_DEnsembleModel_Alpha158_csi300_sliding_step40_s_20260111_23,12f4cb9e2e654b22a3588e4374ed56b1,2026-05-27,SZ002236,0.15647185943595635,,,
EXP_DEnsembleModel_Alpha158_csi300_sliding_step40_s_20260111_23,12f4cb9e2e654b22a3588e4374ed56b1,2026-05-27,SZ002241,-0.013674536666487686,,,
EXP_DEnsembleModel_Alpha158_csi300_sliding_step40_s_20260111_23,12f4cb9e2e654b22a3588e4374ed56b1,2026-05-27,SZ002252,0.018197941982850328,,,
EXP_DEnsembleModel_Alpha158_csi300_sliding_step40_s_20260111_23,12f4cb9e2e654b22a3588e4374ed56b1,2026-05-27,SZ002304,-0.11282417492673841,,,
EXP_DEnsembleModel_Alpha158_csi300_sliding_step40_s_20260111_23,12f4cb9e2e654b22a3588e4374ed56b1,2026-05-27,SZ002311,-0.08822212550860203,,,
EXP_DEnsembleModel_Alpha158_csi300_sliding_step40_s_20260111_23,12f4cb9e2e654b22a3588e4374ed56b1,2026-05-27,SZ002736,-0.015781739496186203,,,
EXP_DEnsembleModel_Alpha158_csi300_sliding_step40_s_20260111_23,12f4cb9e2e654b22a3588e4374ed56b1,2026-05-27,SZ002916,-0.02155747322341134,,,
EXP_DEnsembleModel_Alpha158_csi300_sliding_step40_s_20260111_23,12f4cb9e2e654b22a3588e4374ed56b1,2026-05-27,SZ002920,-0.009181748136615871,,,
EXP_DEnsembleModel_Alpha158_csi300_sliding_step40_s_20260111_23,12f4cb9e2e654b22a3588e4374ed56b1,2026-05-27,SZ002938,-0.0722952256683698,,,
EXP_DEnsembleModel_Alpha158_csi300_sliding_step40_s_20260111_23,12f4cb9e2e654b22a3588e4374ed56b1,2026-05-27,SZ300498,0.19016423105205787,,,
EXP_DEnsembleModel_Alpha158_csi300_sliding_step40_s_20260111_23,12f4cb9e2e654b22a3588e4374ed56b1,2026-05-27,SZ300502,-0.032699962168401035,,,
EXP_DEnsembleModel_Alpha158_csi300_sliding_step40_s_20260111_23,12f4cb9e2e654b22a3588e4374ed56b1,2026-05-27,SZ300628,0.04186587481035249,,,
EXP_DEnsembleModel_Alpha158_csi300_sliding_step40_s_20260111_23,12f4cb9e2e654b22a3588e4374ed56b1,2026-05-27,SZ300661,-0.15833256815538824,,,
EXP_DEnsembleModel_Alpha158_csi300_sliding_step40_s_20260111_23,12f4cb9e2e654b22a3588e4374ed56b1,2026-05-27,SZ300750,0.08123974519700676,,,
EXP_DEnsembleModel_Alpha158_csi300_sliding_step40_s_20260111_23,12f4cb9e2e654b22a3588e4374ed56b1,2026-05-27,SZ300759,0.018074978791036537,,,
EXP_DEnsembleModel_Alpha158_csi300_sliding_step40_s_20260111_23,12f4cb9e2e654b22a3588e4374ed56b1,2026-05-27,SZ300760,-0.04102987128590634,,,
EXP_DEnsembleModel_Alpha158_csi300_sliding_step40_s_20260111_23,12f4cb9e2e654b22a3588e4374ed56b1,2026-05-27,SZ300782,0.147424615293965,,,
EXP_DEnsembleModel_Alpha158_csi300_sliding_step40_s_20260111_23,12f4cb9e2e654b22a3588e4374ed56b1,2026-05-27,SZ300803,0.07534378846464024,,,
EXP_DEnsembleModel_Alpha158_csi300_sliding_step40_s_20260111_23,12f4cb9e2e654b22a3588e4374ed56b1,2026-05-27,SZ300832,0.09362632400078363,,,
EXP_DEnsembleModel_Alpha158_csi300_sliding_step40_s_20260111_23,12f4cb9e2e654b22a3588e4374ed56b1,2026-05-27,SZ300866,-0.05021024476589041,,,
EXP_DEnsembleModel_Alpha158_csi300_sliding_step40_s_20260111_23,12f4cb9e2e654b22a3588e4374ed56b1,2026-05-27,SZ300896,-0.05094279204782274,,,
EXP_DEnsembleModel_Alpha158_csi300_sliding_step40_s_20260111_23,12f4cb9e2e654b22a3588e4374ed56b1,2026-05-27,SZ300979,-0.029124977393860902,,,
EXP_DEnsembleModel_Alpha158_csi300_sliding_step40_s_20260111_23,12f4cb9e2e654b22a3588e4374ed56b1,2026-05-27,SZ300999,0.014578318783701081,,,
EXP_DEnsembleModel_Alpha158_csi300_sliding_step40_s_20260111_23,12f4cb9e2e654b22a3588e4374ed56b1,2026-05-27,SZ301236,0.2158034533841863,,,
EXP_DEnsembleModel_Alpha158_csi300_sliding_step40_s_20260111_23,12f4cb9e2e654b22a3588e4374ed56b1,2026-05-27,SZ300476,0.05042881729318729,,,
EXP_DEnsembleModel_Alpha158_csi300_sliding_step40_s_20260111_23,12f4cb9e2e654b22a3588e4374ed56b1,2026-05-27,SZ001965,0.052959739952218594,,,
EXP_DEnsembleModel_Alpha158_csi300_sliding_step40_s_20260111_23,12f4cb9e2e654b22a3588e4374ed56b1,2026-05-27,SZ300442,0.04061836904035945,,,
EXP_DEnsembleModel_Alpha158_csi300_sliding_step40_s_20260111_23,12f4cb9e2e654b22a3588e4374ed56b1,2026-05-27,SZ300418,0.13253602777748405,,,
EXP_DEnsembleModel_Alpha158_csi300_sliding_step40_s_20260111_23,12f4cb9e2e654b22a3588e4374ed56b1,2026-05-27,SZ003816,0.14142975667178054,,,
EXP_DEnsembleModel_Alpha158_csi300_sliding_step40_s_20260111_23,12f4cb9e2e654b22a3588e4374ed56b1,2026-05-27,SZ300014,0.15345369445187965,,,
EXP_DEnsembleModel_Alpha158_csi300_sliding_step40_s_20260111_23,12f4cb9e2e654b22a3588e4374ed56b1,2026-05-27,SZ300015,-0.07567857594720799,,,
EXP_DEnsembleModel_Alpha158_csi300_sliding_step40_s_20260111_23,12f4cb9e2e654b22a3588e4374ed56b1,2026-05-27,SZ300033,0.22999104399260661,,,
EXP_DEnsembleModel_Alpha158_csi300_sliding_step40_s_20260111_23,12f4cb9e2e654b22a3588e4374ed56b1,2026-05-27,SZ300059,0.05942149917963412,,,
EXP_DEnsembleModel_Alpha158_csi300_sliding_step40_s_20260111_23,12f4cb9e2e654b22a3588e4374ed56b1,2026-05-27,SZ300122,-0.10585661943135742,,,
EXP_DEnsembleModel_Alpha158_csi300_sliding_step40_s_20260111_23,12f4cb9e2e654b22a3588e4374ed56b1,2026-05-27,SZ300124,0.19059105978837076,,,
EXP_DEnsembleModel_Alpha158_csi300_sliding_step40_s_20260111_23,12f4cb9e2e654b22a3588e4374ed56b1,2026-05-27,SZ300251,0.13134700779214994,,,
EXP_DEnsembleModel_Alpha158_csi300_sliding_step40_s_20260111_23,12f4cb9e2e654b22a3588e4374ed56b1,2026-05-27,SZ300274,-0.07735147378662294,,,
EXP_DEnsembleModel_Alpha158_csi300_sliding_step40_s_20260111_23,12f4cb9e2e654b22a3588e4374ed56b1,2026-05-27,SZ300308,-0.18077281715368487,,,
EXP_DEnsembleModel_Alpha158_csi300_sliding_step40_s_20260111_23,12f4cb9e2e654b22a3588e4374ed56b1,2026-05-27,SZ300316,0.17177123446853257,,,
EXP_DEnsembleModel_Alpha158_csi300_sliding_step40_s_20260111_23,12f4cb9e2e654b22a3588e4374ed56b1,2026-05-27,SZ300347,0.11648648041723443,,,
EXP_DEnsembleModel_Alpha158_csi300_sliding_step40_s_20260111_23,12f4cb9e2e654b22a3588e4374ed56b1,2026-05-27,SZ300394,-0.010123484223754005,,,
EXP_DEnsembleModel_Alpha158_csi300_sliding_step40_s_20260111_23,12f4cb9e2e654b22a3588e4374ed56b1,2026-05-27,SZ300408,-0.12247496544689183,,,
EXP_DEnsembleModel_Alpha158_csi300_sliding_step40_s_20260111_23,12f4cb9e2e654b22a3588e4374ed56b1,2026-05-27,SZ300413,0.10906271226439272,,,
EXP_DEnsembleModel_Alpha158_csi300_sliding_step40_s_20260111_23,12f4cb9e2e654b22a3588e4374ed56b1,2026-05-27,SZ300433,-0.3833571974075384,,,
EXP_DEnsembleModel_Alpha158_csi300_sliding_step40_s_20260111_23,12f4cb9e2e654b22a3588e4374ed56b1,2026-05-27,SH601919,-0.051451177429234135,,,
EXP_DEnsembleModel_Alpha158_csi300_sliding_step40_s_20260111_23,12f4cb9e2e654b22a3588e4374ed56b1,2026-05-27,SZ001391,-0.09873958395207873,,,
EXP_DEnsembleModel_Alpha158_csi300_sliding_step40_s_20260111_23,12f4cb9e2e654b22a3588e4374ed56b1,2026-05-27,SZ000983,-0.0458429787594265,,,
EXP_DEnsembleModel_Alpha158_csi300_sliding_step40_s_20260111_23,12f4cb9e2e654b22a3588e4374ed56b1,2026-05-27,SH688008,-0.027289383570919094,,,
EXP_DEnsembleModel_Alpha158_csi300_sliding_step40_s_20260111_23,12f4cb9e2e654b22a3588e4374ed56b1,2026-05-27,SH688009,0.01613874321200059,,,
EXP_DEnsembleModel_Alpha158_csi300_sliding_step40_s_20260111_23,12f4cb9e2e654b22a3588e4374ed56b1,2026-05-27,SH688012,0.047282583284999846,,,
EXP_DEnsembleModel_Alpha158_csi300_sliding_step40_s_20260111_23,12f4cb9e2e654b22a3588e4374ed56b1,2026-05-27,SH688036,0.23428443061332907,,,
EXP_DEnsembleModel_Alpha158_csi300_sliding_step40_s_20260111_23,12f4cb9e2e654b22a3588e4374ed56b1,2026-05-27,SH688041,-0.01981356159905069,,,
EXP_DEnsembleModel_Alpha158_csi300_sliding_step40_s_20260111_23,12f4cb9e2e654b22a3588e4374ed56b1,2026-05-27,SH688047,0.21722885760002167,,,
EXP_DEnsembleModel_Alpha158_csi300_sliding_step40_s_20260111_23,12f4cb9e2e654b22a3588e4374ed56b1,2026-05-27,SH605499,0.05315178982429813,,,
EXP_DEnsembleModel_Alpha158_csi300_sliding_step40_s_20260111_23,12f4cb9e2e654b22a3588e4374ed56b1,2026-05-27,SH688082,-0.1392460311573003,,,
EXP_DEnsembleModel_Alpha158_csi300_sliding_step40_s_20260111_23,12f4cb9e2e654b22a3588e4374ed56b1,2026-05-27,SH688126,-0.19556097337723763,,,
EXP_DEnsembleModel_Alpha158_csi300_sliding_step40_s_20260111_23,12f4cb9e2e654b22a3588e4374ed56b1,2026-05-27,SH688169,0.04037434151984884,,,
EXP_DEnsembleModel_Alpha158_csi300_sliding_step40_s_20260111_23,12f4cb9e2e654b22a3588e4374ed56b1,2026-05-27,SH688187,-0.1571620659271028,,,
EXP_DEnsembleModel_Alpha158_csi300_sliding_step40_s_20260111_23,12f4cb9e2e654b22a3588e4374ed56b1,2026-05-27,SH688223,0.08023345866432308,,,
EXP_DEnsembleModel_Alpha158_csi300_sliding_step40_s_20260111_23,12f4cb9e2e654b22a3588e4374ed56b1,2026-05-27,SH688256,0.005186844138143928,,,
EXP_DEnsembleModel_Alpha158_csi300_sliding_step40_s_20260111_23,12f4cb9e2e654b22a3588e4374ed56b1,2026-05-27,SH688271,-0.02863553696852999,,,
EXP_DEnsembleModel_Alpha158_csi300_sliding_step40_s_20260111_23,12f4cb9e2e654b22a3588e4374ed56b1,2026-05-27,SH688111,0.22788771759264695,,,
EXP_DEnsembleModel_Alpha158_csi300_sliding_step40_s_20260111_23,12f4cb9e2e654b22a3588e4374ed56b1,2026-05-27,SH605117,0.05858374542354116,,,
EXP_DEnsembleModel_Alpha158_csi300_sliding_step40_s_20260111_23,12f4cb9e2e654b22a3588e4374ed56b1,2026-05-27,SH603993,0.11291737926899806,,,
EXP_DEnsembleModel_Alpha158_csi300_sliding_step40_s_20260111_23,12f4cb9e2e654b22a3588e4374ed56b1,2026-05-27,SH603986,-0.1319119459694591,,,
EXP_DEnsembleModel_Alpha158_csi300_sliding_step40_s_20260111_23,12f4cb9e2e654b22a3588e4374ed56b1,2026-05-27,SH601985,0.01805420902044977,,,
EXP_DEnsembleModel_Alpha158_csi300_sliding_step40_s_20260111_23,12f4cb9e2e654b22a3588e4374ed56b1,2026-05-27,SH601988,0.1328395250406866,,,
EXP_DEnsembleModel_Alpha158_csi300_sliding_step40_s_20260111_23,12f4cb9e2e654b22a3588e4374ed56b1,2026-05-27,SH601995,0.10888983890428973,,,
EXP_DEnsembleModel_Alpha158_csi300_sliding_step40_s_20260111_23,12f4cb9e2e654b22a3588e4374ed56b1,2026-05-27,SH601998,0.01747987295210854,,,
EXP_DEnsembleModel_Alpha158_csi300_sliding_step40_s_20260111_23,12f4cb9e2e654b22a3588e4374ed56b1,2026-05-27,SH603019,0.19714514382969345,,,
EXP_DEnsembleModel_Alpha158_csi300_sliding_step40_s_20260111_23,12f4cb9e2e654b22a3588e4374ed56b1,2026-05-27,SH603195,0.11773543144614705,,,
EXP_DEnsembleModel_Alpha158_csi300_sliding_step40_s_20260111_23,12f4cb9e2e654b22a3588e4374ed56b1,2026-05-27,SH603259,0.0520423433451631,,,
EXP_DEnsembleModel_Alpha158_csi300_sliding_step40_s_20260111_23,12f4cb9e2e654b22a3588e4374ed56b1,2026-05-27,SH603260,0.14965928530368236,,,
EXP_DEnsembleModel_Alpha158_csi300_sliding_step40_s_20260111_23,12f4cb9e2e654b22a3588e4374ed56b1,2026-05-27,SH603288,-0.11052847054996744,,,
EXP_DEnsembleModel_Alpha158_csi300_sliding_step40_s_20260111_23,12f4cb9e2e654b22a3588e4374ed56b1,2026-05-27,SH603296,0.2627315093735283,,,
EXP_DEnsembleModel_Alpha158_csi300_sliding_step40_s_20260111_23,12f4cb9e2e654b22a3588e4374ed56b1,2026-05-27,SH603369,-0.012267688904402054,,,
EXP_DEnsembleModel_Alpha158_csi300_sliding_step40_s_20260111_23,12f4cb9e2e654b22a3588e4374ed56b1,2026-05-27,SH603392,-0.062393702463136594,,,
EXP_DEnsembleModel_Alpha158_csi300_sliding_step40_s_20260111_23,12f4cb9e2e654b22a3588e4374ed56b1,2026-05-27,SH603501,0.19539089414866936,,,
EXP_DEnsembleModel_Alpha158_csi300_sliding_step40_s_20260111_23,12f4cb9e2e654b22a3588e4374ed56b1,2026-05-27,SH603799,0.2025751199903534,,,
EXP_DEnsembleModel_Alpha158_csi300_sliding_step40_s_20260111_23,12f4cb9e2e654b22a3588e4374ed56b1,2026-05-27,SH603893,-0.19772645175864595,,,
EXP_DEnsembleModel_Alpha158_csi300_sliding_step40_s_20260111_23,12f4cb9e2e654b22a3588e4374ed56b1,2026-05-27,SH688303,0.129027236504687,,,
EXP_DEnsembleModel_Alpha158_csi300_sliding_step40_s_20260111_23,12f4cb9e2e654b22a3588e4374ed56b1,2026-05-27,SH688396,-0.1206001739866592,,,
EXP_DEnsembleModel_Alpha158_csi300_sliding_step40_s_20260111_23,12f4cb9e2e654b22a3588e4374ed56b1,2026-05-27,SH688472,0.26668064647400164,,,
EXP_DEnsembleModel_Alpha158_csi300_sliding_step40_s_20260111_23,12f4cb9e2e654b22a3588e4374ed56b1,2026-05-27,SH688506,-0.08506756058360318,,,
EXP_DEnsembleModel_Alpha158_csi300_sliding_step40_s_20260111_23,12f4cb9e2e654b22a3588e4374ed56b1,2026-05-27,SZ000661,-0.01646218061762514,,,
EXP_DEnsembleModel_Alpha158_csi300_sliding_step40_s_20260111_23,12f4cb9e2e654b22a3588e4374ed56b1,2026-05-27,SZ000708,0.061454838080816865,,,
EXP_DEnsembleModel_Alpha158_csi300_sliding_step40_s_20260111_23,12f4cb9e2e654b22a3588e4374ed56b1,2026-05-27,SZ000725,-0.19647386714710094,,,
EXP_DEnsembleModel_Alpha158_csi300_sliding_step40_s_20260111_23,12f4cb9e2e654b22a3588e4374ed56b1,2026-05-27,SZ000768,0.015129363703261295,,,
EXP_DEnsembleModel_Alpha158_csi300_sliding_step40_s_20260111_23,12f4cb9e2e654b22a3588e4374ed56b1,2026-05-27,SZ000776,0.0035971992550113143,,,
EXP_DEnsembleModel_Alpha158_csi300_sliding_step40_s_20260111_23,12f4cb9e2e654b22a3588e4374ed56b1,2026-05-27,SZ000786,0.1445434181057526,,,
EXP_DEnsembleModel_Alpha158_csi300_sliding_step40_s_20260111_23,12f4cb9e2e654b22a3588e4374ed56b1,2026-05-27,SZ000792,0.18644218904541046,,,
EXP_DEnsembleModel_Alpha158_csi300_sliding_step40_s_20260111_23,12f4cb9e2e654b22a3588e4374ed56b1,2026-05-27,SZ000807,0.12961126887305188,,,
EXP_DEnsembleModel_Alpha158_csi300_sliding_step40_s_20260111_23,12f4cb9e2e654b22a3588e4374ed56b1,2026-05-27,SZ000858,-0.19241228550257936,,,
EXP_DEnsembleModel_Alpha158_csi300_sliding_step40_s_20260111_23,12f4cb9e2e654b22a3588e4374ed56b1,2026-05-27,SZ000876,-0.03801999013169334,,,
EXP_DEnsembleModel_Alpha158_csi300_sliding_step40_s_20260111_23,12f4cb9e2e654b22a3588e4374ed56b1,2026-05-27,SZ000895,0.01015321433233592,,,
EXP_DEnsembleModel_Alpha158_csi300_sliding_step40_s_20260111_23,12f4cb9e2e654b22a3588e4374ed56b1,2026-05-27,SZ000938,0.1776426415154839,,,
EXP_DEnsembleModel_Alpha158_csi300_sliding_step40_s_20260111_23,12f4cb9e2e654b22a3588e4374ed56b1,2026-05-27,SZ000963,-0.09391452722403557,,,
EXP_DEnsembleModel_Alpha158_csi300_sliding_step40_s_20260111_23,12f4cb9e2e654b22a3588e4374ed56b1,2026-05-27,SZ000975,0.07467541122024586,,,
EXP_DEnsembleModel_Alpha158_csi300_sliding_step40_s_20260111_23,12f4cb9e2e654b22a3588e4374ed56b1,2026-05-27,SZ000977,0.21316853930160984,,,
EXP_DEnsembleModel_Alpha158_csi300_sliding_step40_s_20260111_23,12f4cb9e2e654b22a3588e4374ed56b1,2026-05-27,SZ000651,0.05239457673688538,,,
EXP_DEnsembleModel_Alpha158_csi300_sliding_step40_s_20260111_23,12f4cb9e2e654b22a3588e4374ed56b1,2026-05-27,SZ000999,-0.018953189738572164,,,
EXP_DEnsembleModel_Alpha158_csi300_sliding_step40_s_20260111_23,12f4cb9e2e654b22a3588e4374ed56b1,2026-05-27,SZ000630,0.10601257077899616,,,
EXP_DEnsembleModel_Alpha158_csi300_sliding_step40_s_20260111_23,12f4cb9e2e654b22a3588e4374ed56b1,2026-05-27,SZ000617,0.16400938650485197,,,
EXP_DEnsembleModel_Alpha158_csi300_sliding_step40_s_20260111_23,12f4cb9e2e654b22a3588e4374ed56b1,2026-05-27,SH688981,0.04158230848736466,,,
EXP_DEnsembleModel_Alpha158_csi300_sliding_step40_s_20260111_23,12f4cb9e2e654b22a3588e4374ed56b1,2026-05-27,SZ000001,0.011009123526018228,,,
EXP_DEnsembleModel_Alpha158_csi300_sliding_step40_s_20260111_23,12f4cb9e2e654b22a3588e4374ed56b1,2026-05-27,SZ000002,0.03896747653601899,,,
EXP_DEnsembleModel_Alpha158_csi300_sliding_step40_s_20260111_23,12f4cb9e2e654b22a3588e4374ed56b1,2026-05-27,SZ000063,0.22768483545656998,,,
EXP_DEnsembleModel_Alpha158_csi300_sliding_step40_s_20260111_23,12f4cb9e2e654b22a3588e4374ed56b1,2026-05-27,SZ000100,-0.1217319930195075,,,
EXP_DEnsembleModel_Alpha158_csi300_sliding_step40_s_20260111_23,12f4cb9e2e654b22a3588e4374ed56b1,2026-05-27,SZ000157,0.033104489447382465,,,
EXP_DEnsembleModel_Alpha158_csi300_sliding_step40_s_20260111_23,12f4cb9e2e654b22a3588e4374ed56b1,2026-05-27,SZ000166,0.05316119410251406,,,
EXP_DEnsembleModel_Alpha158_csi300_sliding_step40_s_20260111_23,12f4cb9e2e654b22a3588e4374ed56b1,2026-05-27,SZ000301,-0.04384215210108795,,,
EXP_DEnsembleModel_Alpha158_csi300_sliding_step40_s_20260111_23,12f4cb9e2e654b22a3588e4374ed56b1,2026-05-27,SZ000333,0.04533074166266081,,,
EXP_DEnsembleModel_Alpha158_csi300_sliding_step40_s_20260111_23,12f4cb9e2e654b22a3588e4374ed56b1,2026-05-27,SZ000338,-0.011803692985276872,,,
EXP_DEnsembleModel_Alpha158_csi300_sliding_step40_s_20260111_23,12f4cb9e2e654b22a3588e4374ed56b1,2026-05-27,SZ000408,0.20101461688453617,,,
EXP_DEnsembleModel_Alpha158_csi300_sliding_step40_s_20260111_23,12f4cb9e2e654b22a3588e4374ed56b1,2026-05-27,SZ000425,-0.009885850183250281,,,
EXP_DEnsembleModel_Alpha158_csi300_sliding_step40_s_20260111_23,12f4cb9e2e654b22a3588e4374ed56b1,2026-05-27,SZ000538,-0.027988232176445776,,,
EXP_DEnsembleModel_Alpha158_csi300_sliding_step40_s_20260111_23,12f4cb9e2e654b22a3588e4374ed56b1,2026-05-27,SZ000568,-0.1268093620753528,,,
EXP_DEnsembleModel_Alpha158_csi300_sliding_step40_s_20260111_23,12f4cb9e2e654b22a3588e4374ed56b1,2026-05-27,SZ000596,-0.09686228879122194,,,
EXP_DEnsembleModel_Alpha158_csi300_sliding_step40_s_20260111_23,12f4cb9e2e654b22a3588e4374ed56b1,2026-05-27,SZ000625,0.13030049448285383,,,
EXP_DEnsembleModel_Alpha158_csi300_sliding_step40_s_20260111_23,12f4cb9e2e654b22a3588e4374ed56b1,2026-05-27,SH600000,0.00460271080991879,,,
EXP_DEnsembleModel_Alpha158_csi300_expanding_step40_s_20260112_22,5dfe27da14f64e55b157c5d6f03705b8,2026-05-27,SZ302132,-0.07524563324347845,,,
EXP_DEnsembleModel_Alpha158_csi300_expanding_step40_s_20260112_22,5dfe27da14f64e55b157c5d6f03705b8,2026-05-27,SZ301269,-0.07028942813293027,,,
EXP_DEnsembleModel_Alpha158_csi300_expanding_step40_s_20260112_22,5dfe27da14f64e55b157c5d6f03705b8,2026-05-27,SH601117,0.0018357739943342963,,,
EXP_DEnsembleModel_Alpha158_csi300_expanding_step40_s_20260112_22,5dfe27da14f64e55b157c5d6f03705b8,2026-05-27,SH601127,0.06934881430940412,,,
EXP_DEnsembleModel_Alpha158_csi300_expanding_step40_s_20260112_22,5dfe27da14f64e55b157c5d6f03705b8,2026-05-27,SH601136,-0.08684401703271392,,,
EXP_DEnsembleModel_Alpha158_csi300_expanding_step40_s_20260112_22,5dfe27da14f64e55b157c5d6f03705b8,2026-05-27,SH601138,-0.025412795721628967,,,
EXP_DEnsembleModel_Alpha158_csi300_expanding_step40_s_20260112_22,5dfe27da14f64e55b157c5d6f03705b8,2026-05-27,SH601166,0.017272139701147965,,,
EXP_DEnsembleModel_Alpha158_csi300_expanding_step40_s_20260112_22,5dfe27da14f64e55b157c5d6f03705b8,2026-05-27,SH601169,-0.0615711342279613,,,
EXP_DEnsembleModel_Alpha158_csi300_expanding_step40_s_20260112_22,5dfe27da14f64e55b157c5d6f03705b8,2026-05-27,SH601111,0.07833572848325158,,,
EXP_DEnsembleModel_Alpha158_csi300_expanding_step40_s_20260112_22,5dfe27da14f64e55b157c5d6f03705b8,2026-05-27,SH601186,0.015554109394364435,,,
EXP_DEnsembleModel_Alpha158_csi300_expanding_step40_s_20260112_22,5dfe27da14f64e55b157c5d6f03705b8,2026-05-27,SH601225,-0.06768315071561828,,,
EXP_DEnsembleModel_Alpha158_csi300_expanding_step40_s_20260112_22,5dfe27da14f64e55b157c5d6f03705b8,2026-05-27,SH601229,-0.023192733366828176,,,
EXP_DEnsembleModel_Alpha158_csi300_expanding_step40_s_20260112_22,5dfe27da14f64e55b157c5d6f03705b8,2026-05-27,SH601236,-0.03802289986141581,,,
EXP_DEnsembleModel_Alpha158_csi300_expanding_step40_s_20260112_22,5dfe27da14f64e55b157c5d6f03705b8,2026-05-27,SH601238,0.003051702046480356,,,
EXP_DEnsembleModel_Alpha158_csi300_expanding_step40_s_20260112_22,5dfe27da14f64e55b157c5d6f03705b8,2026-05-27,SH601288,0.0045758715042231645,,,
EXP_DEnsembleModel_Alpha158_csi300_expanding_step40_s_20260112_22,5dfe27da14f64e55b157c5d6f03705b8,2026-05-27,SH601298,-0.04439719847927461,,,
EXP_DEnsembleModel_Alpha158_csi300_expanding_step40_s_20260112_22,5dfe27da14f64e55b157c5d6f03705b8,2026-05-27,SH601211,0.002712008435618526,,,
EXP_DEnsembleModel_Alpha158_csi300_expanding_step40_s_20260112_22,5dfe27da14f64e55b157c5d6f03705b8,2026-05-27,SH601100,0.15761014970849277,,,
EXP_DEnsembleModel_Alpha158_csi300_expanding_step40_s_20260112_22,5dfe27da14f64e55b157c5d6f03705b8,2026-05-27,SH601088,0.0607280785976888,,,
EXP_DEnsembleModel_Alpha158_csi300_expanding_step40_s_20260112_22,5dfe27da14f64e55b157c5d6f03705b8,2026-05-27,SH601077,0.10713890083799014,,,
EXP_DEnsembleModel_Alpha158_csi300_expanding_step40_s_20260112_22,5dfe27da14f64e55b157c5d6f03705b8,2026-05-27,SH600926,-0.018923772412638637,,,
EXP_DEnsembleModel_Alpha158_csi300_expanding_step40_s_20260112_22,5dfe27da14f64e55b157c5d6f03705b8,2026-05-27,SH600930,-0.12515702869911552,,,
EXP_DEnsembleModel_Alpha158_csi300_expanding_step40_s_20260112_22,5dfe27da14f64e55b157c5d6f03705b8,2026-05-27,SH600938,0.13641996370464032,,,
EXP_DEnsembleModel_Alpha158_csi300_expanding_step40_s_20260112_22,5dfe27da14f64e55b157c5d6f03705b8,2026-05-27,SH600941,0.01155763346357206,,,
EXP_DEnsembleModel_Alpha158_csi300_expanding_step40_s_20260112_22,5dfe27da14f64e55b157c5d6f03705b8,2026-05-27,SH600958,-0.0743895931111785,,,
EXP_DEnsembleModel_Alpha158_csi300_expanding_step40_s_20260112_22,5dfe27da14f64e55b157c5d6f03705b8,2026-05-27,SH600989,0.024741870212752762,,,
EXP_DEnsembleModel_Alpha158_csi300_expanding_step40_s_20260112_22,5dfe27da14f64e55b157c5d6f03705b8,2026-05-27,SH600999,0.033188615379804,,,
EXP_DEnsembleModel_Alpha158_csi300_expanding_step40_s_20260112_22,5dfe27da14f64e55b157c5d6f03705b8,2026-05-27,SH601006,-0.018805348109020487,,,
EXP_DEnsembleModel_Alpha158_csi300_expanding_step40_s_20260112_22,5dfe27da14f64e55b157c5d6f03705b8,2026-05-27,SH601009,-0.05400713329443846,,,
EXP_DEnsembleModel_Alpha158_csi300_expanding_step40_s_20260112_22,5dfe27da14f64e55b157c5d6f03705b8,2026-05-27,SH601012,0.17894168369674637,,,
EXP_DEnsembleModel_Alpha158_csi300_expanding_step40_s_20260112_22,5dfe27da14f64e55b157c5d6f03705b8,2026-05-27,SH601018,0.03910792843837847,,,
EXP_DEnsembleModel_Alpha158_csi300_expanding_step40_s_20260112_22,5dfe27da14f64e55b157c5d6f03705b8,2026-05-27,SH601021,-0.024454459113801823,,,
EXP_DEnsembleModel_Alpha158_csi300_expanding_step40_s_20260112_22,5dfe27da14f64e55b157c5d6f03705b8,2026-05-27,SH601058,-0.07807089515472264,,,
EXP_DEnsembleModel_Alpha158_csi300_expanding_step40_s_20260112_22,5dfe27da14f64e55b157c5d6f03705b8,2026-05-27,SH601059,0.09327480735585138,,,
EXP_DEnsembleModel_Alpha158_csi300_expanding_step40_s_20260112_22,5dfe27da14f64e55b157c5d6f03705b8,2026-05-27,SH601066,-0.015864543726978153,,,
EXP_DEnsembleModel_Alpha158_csi300_expanding_step40_s_20260112_22,5dfe27da14f64e55b157c5d6f03705b8,2026-05-27,SH601318,0.04802855708302998,,,
EXP_DEnsembleModel_Alpha158_csi300_expanding_step40_s_20260112_22,5dfe27da14f64e55b157c5d6f03705b8,2026-05-27,SH601319,0.07122267456224363,,,
EXP_DEnsembleModel_Alpha158_csi300_expanding_step40_s_20260112_22,5dfe27da14f64e55b157c5d6f03705b8,2026-05-27,SH601328,-0.044503469700452374,,,
EXP_DEnsembleModel_Alpha158_csi300_expanding_step40_s_20260112_22,5dfe27da14f64e55b157c5d6f03705b8,2026-05-27,SH601336,-0.023092631287631584,,,
EXP_DEnsembleModel_Alpha158_csi300_expanding_step40_s_20260112_22,5dfe27da14f64e55b157c5d6f03705b8,2026-05-27,SH601788,0.028560432838506126,,,
EXP_DEnsembleModel_Alpha158_csi300_expanding_step40_s_20260112_22,5dfe27da14f64e55b157c5d6f03705b8,2026-05-27,SH601800,-0.03868140837068302,,,
EXP_DEnsembleModel_Alpha158_csi300_expanding_step40_s_20260112_22,5dfe27da14f64e55b157c5d6f03705b8,2026-05-27,SH601808,0.027618113199041623,,,
EXP_DEnsembleModel_Alpha158_csi300_expanding_step40_s_20260112_22,5dfe27da14f64e55b157c5d6f03705b8,2026-05-27,SH601816,-0.08998063492769816,,,
EXP_DEnsembleModel_Alpha158_csi300_expanding_step40_s_20260112_22,5dfe27da14f64e55b157c5d6f03705b8,2026-05-27,SH601818,-0.06338498364545529,,,
EXP_DEnsembleModel_Alpha158_csi300_expanding_step40_s_20260112_22,5dfe27da14f64e55b157c5d6f03705b8,2026-05-27,SH601825,0.061583912458773926,,,
EXP_DEnsembleModel_Alpha158_csi300_expanding_step40_s_20260112_22,5dfe27da14f64e55b157c5d6f03705b8,2026-05-27,SH601838,0.03706646670389962,,,
EXP_DEnsembleModel_Alpha158_csi300_expanding_step40_s_20260112_22,5dfe27da14f64e55b157c5d6f03705b8,2026-05-27,SH601857,-0.06243621031379887,,,
EXP_DEnsembleModel_Alpha158_csi300_expanding_step40_s_20260112_22,5dfe27da14f64e55b157c5d6f03705b8,2026-05-27,SH601868,-0.014123404650909123,,,
EXP_DEnsembleModel_Alpha158_csi300_expanding_step40_s_20260112_22,5dfe27da14f64e55b157c5d6f03705b8,2026-05-27,SH601872,0.12469413348674388,,,
EXP_DEnsembleModel_Alpha158_csi300_expanding_step40_s_20260112_22,5dfe27da14f64e55b157c5d6f03705b8,2026-05-27,SH601877,0.04107431627193335,,,
EXP_DEnsembleModel_Alpha158_csi300_expanding_step40_s_20260112_22,5dfe27da14f64e55b157c5d6f03705b8,2026-05-27,SH601878,-0.05737021973974745,,,
EXP_DEnsembleModel_Alpha158_csi300_expanding_step40_s_20260112_22,5dfe27da14f64e55b157c5d6f03705b8,2026-05-27,SH601881,0.07485092032344852,,,
EXP_DEnsembleModel_Alpha158_csi300_expanding_step40_s_20260112_22,5dfe27da14f64e55b157c5d6f03705b8,2026-05-27,SH601888,-0.026986698744941126,,,
EXP_DEnsembleModel_Alpha158_csi300_expanding_step40_s_20260112_22,5dfe27da14f64e55b157c5d6f03705b8,2026-05-27,SH601898,0.002834926316098577,,,
EXP_DEnsembleModel_Alpha158_csi300_expanding_step40_s_20260112_22,5dfe27da14f64e55b157c5d6f03705b8,2026-05-27,SH601766,-0.07546585818470532,,,
EXP_DEnsembleModel_Alpha158_csi300_expanding_step40_s_20260112_22,5dfe27da14f64e55b157c5d6f03705b8,2026-05-27,SH600919,0.06866614394832823,,,
EXP_DEnsembleModel_Alpha158_csi300_expanding_step40_s_20260112_22,5dfe27da14f64e55b157c5d6f03705b8,2026-05-27,SH601728,-0.09757073816890556,,,
EXP_DEnsembleModel_Alpha158_csi300_expanding_step40_s_20260112_22,5dfe27da14f64e55b157c5d6f03705b8,2026-05-27,SH601689,0.19275595998265047,,,
EXP_DEnsembleModel_Alpha158_csi300_expanding_step40_s_20260112_22,5dfe27da14f64e55b157c5d6f03705b8,2026-05-27,SH601360,0.1972735909957499,,,
EXP_DEnsembleModel_Alpha158_csi300_expanding_step40_s_20260112_22,5dfe27da14f64e55b157c5d6f03705b8,2026-05-27,SH601377,0.05288483410022238,,,
EXP_DEnsembleModel_Alpha158_csi300_expanding_step40_s_20260112_22,5dfe27da14f64e55b157c5d6f03705b8,2026-05-27,SH601390,0.013300288366104958,,,
EXP_DEnsembleModel_Alpha158_csi300_expanding_step40_s_20260112_22,5dfe27da14f64e55b157c5d6f03705b8,2026-05-27,SH601398,0.03469606545962276,,,
EXP_DEnsembleModel_Alpha158_csi300_expanding_step40_s_20260112_22,5dfe27da14f64e55b157c5d6f03705b8,2026-05-27,SH601456,-0.04459446106448323,,,
EXP_DEnsembleModel_Alpha158_csi300_expanding_step40_s_20260112_22,5dfe27da14f64e55b157c5d6f03705b8,2026-05-27,SH601600,0.03686274436785388,,,
EXP_DEnsembleModel_Alpha158_csi300_expanding_step40_s_20260112_22,5dfe27da14f64e55b157c5d6f03705b8,2026-05-27,SH601601,0.02781920540227396,,,
EXP_DEnsembleModel_Alpha158_csi300_expanding_step40_s_20260112_22,5dfe27da14f64e55b157c5d6f03705b8,2026-05-27,SH601607,-0.026349799436309548,,,
EXP_DEnsembleModel_Alpha158_csi300_expanding_step40_s_20260112_22,5dfe27da14f64e55b157c5d6f03705b8,2026-05-27,SH601618,0.08075986492201317,,,
EXP_DEnsembleModel_Alpha158_csi300_expanding_step40_s_20260112_22,5dfe27da14f64e55b157c5d6f03705b8,2026-05-27,SH601628,-0.022320262519835148,,,
EXP_DEnsembleModel_Alpha158_csi300_expanding_step40_s_20260112_22,5dfe27da14f64e55b157c5d6f03705b8,2026-05-27,SH601633,0.051729962292808525,,,
EXP_DEnsembleModel_Alpha158_csi300_expanding_step40_s_20260112_22,5dfe27da14f64e55b157c5d6f03705b8,2026-05-27,SH601658,0.026517030783761317,,,
EXP_DEnsembleModel_Alpha158_csi300_expanding_step40_s_20260112_22,5dfe27da14f64e55b157c5d6f03705b8,2026-05-27,SH601668,-0.10653889731208514,,,
EXP_DEnsembleModel_Alpha158_csi300_expanding_step40_s_20260112_22,5dfe27da14f64e55b157c5d6f03705b8,2026-05-27,SH601669,-0.03605502759296681,,,
EXP_DEnsembleModel_Alpha158_csi300_expanding_step40_s_20260112_22,5dfe27da14f64e55b157c5d6f03705b8,2026-05-27,SH601688,0.03333411279295687,,,
EXP_DEnsembleModel_Alpha158_csi300_expanding_step40_s_20260112_22,5dfe27da14f64e55b157c5d6f03705b8,2026-05-27,SH601698,0.014927851202647878,,,
EXP_DEnsembleModel_Alpha158_csi300_expanding_step40_s_20260112_22,5dfe27da14f64e55b157c5d6f03705b8,2026-05-27,SH601899,0.17282513852290132,,,
EXP_DEnsembleModel_Alpha158_csi300_expanding_step40_s_20260112_22,5dfe27da14f64e55b157c5d6f03705b8,2026-05-27,SH600918,-0.04086994414076212,,,
EXP_DEnsembleModel_Alpha158_csi300_expanding_step40_s_20260112_22,5dfe27da14f64e55b157c5d6f03705b8,2026-05-27,SH600900,0.10328064014253664,,,
EXP_DEnsembleModel_Alpha158_csi300_expanding_step40_s_20260112_22,5dfe27da14f64e55b157c5d6f03705b8,2026-05-27,SH600061,0.04143114495219741,,,
EXP_DEnsembleModel_Alpha158_csi300_expanding_step40_s_20260112_22,5dfe27da14f64e55b157c5d6f03705b8,2026-05-27,SH600066,-0.10980412459733756,,,
EXP_DEnsembleModel_Alpha158_csi300_expanding_step40_s_20260112_22,5dfe27da14f64e55b157c5d6f03705b8,2026-05-27,SH600085,-0.11641510413561412,,,
EXP_DEnsembleModel_Alpha158_csi300_expanding_step40_s_20260112_22,5dfe27da14f64e55b157c5d6f03705b8,2026-05-27,SH600089,-0.06022207074754048,,,
EXP_DEnsembleModel_Alpha158_csi300_expanding_step40_s_20260112_22,5dfe27da14f64e55b157c5d6f03705b8,2026-05-27,SH600104,0.06252485651865554,,,
EXP_DEnsembleModel_Alpha158_csi300_expanding_step40_s_20260112_22,5dfe27da14f64e55b157c5d6f03705b8,2026-05-27,SH600111,0.03536308681816044,,,
EXP_DEnsembleModel_Alpha158_csi300_expanding_step40_s_20260112_22,5dfe27da14f64e55b157c5d6f03705b8,2026-05-27,SH600050,-0.11790609527372423,,,
EXP_DEnsembleModel_Alpha158_csi300_expanding_step40_s_20260112_22,5dfe27da14f64e55b157c5d6f03705b8,2026-05-27,SH600115,0.13713966567401345,,,
EXP_DEnsembleModel_Alpha158_csi300_expanding_step40_s_20260112_22,5dfe27da14f64e55b157c5d6f03705b8,2026-05-27,SH600160,0.11368748578437836,,,
EXP_DEnsembleModel_Alpha158_csi300_expanding_step40_s_20260112_22,5dfe27da14f64e55b157c5d6f03705b8,2026-05-27,SH600161,-0.08615814497022753,,,
EXP_DEnsembleModel_Alpha158_csi300_expanding_step40_s_20260112_22,5dfe27da14f64e55b157c5d6f03705b8,2026-05-27,SH600176,0.05268865160708186,,,
EXP_DEnsembleModel_Alpha158_csi300_expanding_step40_s_20260112_22,5dfe27da14f64e55b157c5d6f03705b8,2026-05-27,SH600183,-0.11394275979002126,,,
EXP_DEnsembleModel_Alpha158_csi300_expanding_step40_s_20260112_22,5dfe27da14f64e55b157c5d6f03705b8,2026-05-27,SH600188,-0.07191824516210936,,,
EXP_DEnsembleModel_Alpha158_csi300_expanding_step40_s_20260112_22,5dfe27da14f64e55b157c5d6f03705b8,2026-05-27,SH600196,-0.056965893827592935,,,
EXP_DEnsembleModel_Alpha158_csi300_expanding_step40_s_20260112_22,5dfe27da14f64e55b157c5d6f03705b8,2026-05-27,SH600150,0.1278484991560811,,,
EXP_DEnsembleModel_Alpha158_csi300_expanding_step40_s_20260112_22,5dfe27da14f64e55b157c5d6f03705b8,2026-05-27,SH600048,0.02677703362159995,,,
EXP_DEnsembleModel_Alpha158_csi300_expanding_step40_s_20260112_22,5dfe27da14f64e55b157c5d6f03705b8,2026-05-27,SH600039,-0.07336647495313604,,,
EXP_DEnsembleModel_Alpha158_csi300_expanding_step40_s_20260112_22,5dfe27da14f64e55b157c5d6f03705b8,2026-05-27,SH600036,-0.07941890077538627,,,
EXP_DEnsembleModel_Alpha158_csi300_expanding_step40_s_20260112_22,5dfe27da14f64e55b157c5d6f03705b8,2026-05-27,SH600009,-0.04707530102899537,,,
EXP_DEnsembleModel_Alpha158_csi300_expanding_step40_s_20260112_22,5dfe27da14f64e55b157c5d6f03705b8,2026-05-27,SH600010,0.12081245886182532,,,
EXP_DEnsembleModel_Alpha158_csi300_expanding_step40_s_20260112_22,5dfe27da14f64e55b157c5d6f03705b8,2026-05-27,SH600011,0.05241658895787344,,,
EXP_DEnsembleModel_Alpha158_csi300_expanding_step40_s_20260112_22,5dfe27da14f64e55b157c5d6f03705b8,2026-05-27,SH600015,0.026437897634279877,,,
EXP_DEnsembleModel_Alpha158_csi300_expanding_step40_s_20260112_22,5dfe27da14f64e55b157c5d6f03705b8,2026-05-27,SH600016,0.014290537216601494,,,
EXP_DEnsembleModel_Alpha158_csi300_expanding_step40_s_20260112_22,5dfe27da14f64e55b157c5d6f03705b8,2026-05-27,SH600018,0.03444711215319387,,,
EXP_DEnsembleModel_Alpha158_csi300_expanding_step40_s_20260112_22,5dfe27da14f64e55b157c5d6f03705b8,2026-05-27,SH600019,-0.09240443100869286,,,
EXP_DEnsembleModel_Alpha158_csi300_expanding_step40_s_20260112_22,5dfe27da14f64e55b157c5d6f03705b8,2026-05-27,SH600023,-0.044690137997857,,,
EXP_DEnsembleModel_Alpha158_csi300_expanding_step40_s_20260112_22,5dfe27da14f64e55b157c5d6f03705b8,2026-05-27,SH600025,0.0461623956244769,,,
EXP_DEnsembleModel_Alpha158_csi300_expanding_step40_s_20260112_22,5dfe27da14f64e55b157c5d6f03705b8,2026-05-27,SH600026,0.043046236149844236,,,
EXP_DEnsembleModel_Alpha158_csi300_expanding_step40_s_20260112_22,5dfe27da14f64e55b157c5d6f03705b8,2026-05-27,SH600027,-0.06337090063957926,,,
EXP_DEnsembleModel_Alpha158_csi300_expanding_step40_s_20260112_22,5dfe27da14f64e55b157c5d6f03705b8,2026-05-27,SH600028,-0.02796286132327915,,,
EXP_DEnsembleModel_Alpha158_csi300_expanding_step40_s_20260112_22,5dfe27da14f64e55b157c5d6f03705b8,2026-05-27,SH600029,0.12290765006777056,,,
EXP_DEnsembleModel_Alpha158_csi300_expanding_step40_s_20260112_22,5dfe27da14f64e55b157c5d6f03705b8,2026-05-27,SH600030,-0.03350975884389228,,,
EXP_DEnsembleModel_Alpha158_csi300_expanding_step40_s_20260112_22,5dfe27da14f64e55b157c5d6f03705b8,2026-05-27,SH600031,-0.014594752671963177,,,
EXP_DEnsembleModel_Alpha158_csi300_expanding_step40_s_20260112_22,5dfe27da14f64e55b157c5d6f03705b8,2026-05-27,SH600219,0.05808488409212687,,,
EXP_DEnsembleModel_Alpha158_csi300_expanding_step40_s_20260112_22,5dfe27da14f64e55b157c5d6f03705b8,2026-05-27,SH600233,0.015667012278534818,,,
EXP_DEnsembleModel_Alpha158_csi300_expanding_step40_s_20260112_22,5dfe27da14f64e55b157c5d6f03705b8,2026-05-27,SH600276,0.03945336524704021,,,
EXP_DEnsembleModel_Alpha158_csi300_expanding_step40_s_20260112_22,5dfe27da14f64e55b157c5d6f03705b8,2026-05-27,SH600309,0.12607225309478481,,,
EXP_DEnsembleModel_Alpha158_csi300_expanding_step40_s_20260112_22,5dfe27da14f64e55b157c5d6f03705b8,2026-05-27,SH600588,0.21383662548304086,,,
EXP_DEnsembleModel_Alpha158_csi300_expanding_step40_s_20260112_22,5dfe27da14f64e55b157c5d6f03705b8,2026-05-27,SH600600,0.0015907262389491846,,,
EXP_DEnsembleModel_Alpha158_csi300_expanding_step40_s_20260112_22,5dfe27da14f64e55b157c5d6f03705b8,2026-05-27,SH600660,-0.047103711917500415,,,
EXP_DEnsembleModel_Alpha158_csi300_expanding_step40_s_20260112_22,5dfe27da14f64e55b157c5d6f03705b8,2026-05-27,SH600674,0.014344508834247352,,,
EXP_DEnsembleModel_Alpha158_csi300_expanding_step40_s_20260112_22,5dfe27da14f64e55b157c5d6f03705b8,2026-05-27,SH600690,-0.10498254938534717,,,
EXP_DEnsembleModel_Alpha158_csi300_expanding_step40_s_20260112_22,5dfe27da14f64e55b157c5d6f03705b8,2026-05-27,SH600741,-0.017411952535922058,,,
EXP_DEnsembleModel_Alpha158_csi300_expanding_step40_s_20260112_22,5dfe27da14f64e55b157c5d6f03705b8,2026-05-27,SH600760,0.062006714161629346,,,
EXP_DEnsembleModel_Alpha158_csi300_expanding_step40_s_20260112_22,5dfe27da14f64e55b157c5d6f03705b8,2026-05-27,SH600795,-0.005769526203376516,,,
EXP_DEnsembleModel_Alpha158_csi300_expanding_step40_s_20260112_22,5dfe27da14f64e55b157c5d6f03705b8,2026-05-27,SH600803,-0.0757832491160207,,,
EXP_DEnsembleModel_Alpha158_csi300_expanding_step40_s_20260112_22,5dfe27da14f64e55b157c5d6f03705b8,2026-05-27,SH600809,-0.06654810079011488,,,
EXP_DEnsembleModel_Alpha158_csi300_expanding_step40_s_20260112_22,5dfe27da14f64e55b157c5d6f03705b8,2026-05-27,SH600845,-0.12485331174023798,,,
EXP_DEnsembleModel_Alpha158_csi300_expanding_step40_s_20260112_22,5dfe27da14f64e55b157c5d6f03705b8,2026-05-27,SH600875,0.09703769759619328,,,
EXP_DEnsembleModel_Alpha158_csi300_expanding_step40_s_20260112_22,5dfe27da14f64e55b157c5d6f03705b8,2026-05-27,SH600886,0.02051282805643065,,,
EXP_DEnsembleModel_Alpha158_csi300_expanding_step40_s_20260112_22,5dfe27da14f64e55b157c5d6f03705b8,2026-05-27,SH600887,0.028962768768594722,,,
EXP_DEnsembleModel_Alpha158_csi300_expanding_step40_s_20260112_22,5dfe27da14f64e55b157c5d6f03705b8,2026-05-27,SH600893,0.058543801856284695,,,
EXP_DEnsembleModel_Alpha158_csi300_expanding_step40_s_20260112_22,5dfe27da14f64e55b157c5d6f03705b8,2026-05-27,SH600585,0.048645344195859516,,,
EXP_DEnsembleModel_Alpha158_csi300_expanding_step40_s_20260112_22,5dfe27da14f64e55b157c5d6f03705b8,2026-05-27,SH600905,-0.08299164376771456,,,
EXP_DEnsembleModel_Alpha158_csi300_expanding_step40_s_20260112_22,5dfe27da14f64e55b157c5d6f03705b8,2026-05-27,SH600584,-0.16304426084579923,,,
EXP_DEnsembleModel_Alpha158_csi300_expanding_step40_s_20260112_22,5dfe27da14f64e55b157c5d6f03705b8,2026-05-27,SH600547,0.23446054917041093,,,
EXP_DEnsembleModel_Alpha158_csi300_expanding_step40_s_20260112_22,5dfe27da14f64e55b157c5d6f03705b8,2026-05-27,SH600346,0.26627147635517295,,,
EXP_DEnsembleModel_Alpha158_csi300_expanding_step40_s_20260112_22,5dfe27da14f64e55b157c5d6f03705b8,2026-05-27,SH600362,0.08674921193295973,,,
EXP_DEnsembleModel_Alpha158_csi300_expanding_step40_s_20260112_22,5dfe27da14f64e55b157c5d6f03705b8,2026-05-27,SH600372,0.17144532767275572,,,
EXP_DEnsembleModel_Alpha158_csi300_expanding_step40_s_20260112_22,5dfe27da14f64e55b157c5d6f03705b8,2026-05-27,SH600377,0.02668690209404911,,,
EXP_DEnsembleModel_Alpha158_csi300_expanding_step40_s_20260112_22,5dfe27da14f64e55b157c5d6f03705b8,2026-05-27,SH600406,-0.07295475099937261,,,
EXP_DEnsembleModel_Alpha158_csi300_expanding_step40_s_20260112_22,5dfe27da14f64e55b157c5d6f03705b8,2026-05-27,SH600415,-0.04449885167458107,,,
EXP_DEnsembleModel_Alpha158_csi300_expanding_step40_s_20260112_22,5dfe27da14f64e55b157c5d6f03705b8,2026-05-27,SH600426,0.23743545000957908,,,
EXP_DEnsembleModel_Alpha158_csi300_expanding_step40_s_20260112_22,5dfe27da14f64e55b157c5d6f03705b8,2026-05-27,SH600436,-0.11031190729350909,,,
EXP_DEnsembleModel_Alpha158_csi300_expanding_step40_s_20260112_22,5dfe27da14f64e55b157c5d6f03705b8,2026-05-27,SH600438,0.11214884861184371,,,
EXP_DEnsembleModel_Alpha158_csi300_expanding_step40_s_20260112_22,5dfe27da14f64e55b157c5d6f03705b8,2026-05-27,SH600460,-0.18418551907539865,,,
EXP_DEnsembleModel_Alpha158_csi300_expanding_step40_s_20260112_22,5dfe27da14f64e55b157c5d6f03705b8,2026-05-27,SH600482,0.08585569878435534,,,
EXP_DEnsembleModel_Alpha158_csi300_expanding_step40_s_20260112_22,5dfe27da14f64e55b157c5d6f03705b8,2026-05-27,SH600489,0.26311555103116935,,,
EXP_DEnsembleModel_Alpha158_csi300_expanding_step40_s_20260112_22,5dfe27da14f64e55b157c5d6f03705b8,2026-05-27,SH600515,0.05167685180878957,,,
EXP_DEnsembleModel_Alpha158_csi300_expanding_step40_s_20260112_22,5dfe27da14f64e55b157c5d6f03705b8,2026-05-27,SH600519,-0.1060666724284057,,,
EXP_DEnsembleModel_Alpha158_csi300_expanding_step40_s_20260112_22,5dfe27da14f64e55b157c5d6f03705b8,2026-05-27,SH600522,0.22138022206718833,,,
EXP_DEnsembleModel_Alpha158_csi300_expanding_step40_s_20260112_22,5dfe27da14f64e55b157c5d6f03705b8,2026-05-27,SH600570,0.09999336816806287,,,
EXP_DEnsembleModel_Alpha158_csi300_expanding_step40_s_20260112_22,5dfe27da14f64e55b157c5d6f03705b8,2026-05-27,SH601901,0.04030537700415914,,,
EXP_DEnsembleModel_Alpha158_csi300_expanding_step40_s_20260112_22,5dfe27da14f64e55b157c5d6f03705b8,2026-05-27,SH601916,-0.05634391529888049,,,
EXP_DEnsembleModel_Alpha158_csi300_expanding_step40_s_20260112_22,5dfe27da14f64e55b157c5d6f03705b8,2026-05-27,SH601919,-0.011083463262357185,,,
EXP_DEnsembleModel_Alpha158_csi300_expanding_step40_s_20260112_22,5dfe27da14f64e55b157c5d6f03705b8,2026-05-27,SZ002422,-0.04454682178226608,,,
EXP_DEnsembleModel_Alpha158_csi300_expanding_step40_s_20260112_22,5dfe27da14f64e55b157c5d6f03705b8,2026-05-27,SZ002459,0.19953981084042804,,,
EXP_DEnsembleModel_Alpha158_csi300_expanding_step40_s_20260112_22,5dfe27da14f64e55b157c5d6f03705b8,2026-05-27,SZ002460,0.22383760365779734,,,
EXP_DEnsembleModel_Alpha158_csi300_expanding_step40_s_20260112_22,5dfe27da14f64e55b157c5d6f03705b8,2026-05-27,SZ002463,0.06373014491873545,,,
EXP_DEnsembleModel_Alpha158_csi300_expanding_step40_s_20260112_22,5dfe27da14f64e55b157c5d6f03705b8,2026-05-27,SZ002466,0.2625415537647346,,,
EXP_DEnsembleModel_Alpha158_csi300_expanding_step40_s_20260112_22,5dfe27da14f64e55b157c5d6f03705b8,2026-05-27,SZ002475,0.009858316343764134,,,
EXP_DEnsembleModel_Alpha158_csi300_expanding_step40_s_20260112_22,5dfe27da14f64e55b157c5d6f03705b8,2026-05-27,SZ002415,0.11823931123690952,,,
EXP_DEnsembleModel_Alpha158_csi300_expanding_step40_s_20260112_22,5dfe27da14f64e55b157c5d6f03705b8,2026-05-27,SZ002493,0.05708158939316172,,,
EXP_DEnsembleModel_Alpha158_csi300_expanding_step40_s_20260112_22,5dfe27da14f64e55b157c5d6f03705b8,2026-05-27,SZ002600,0.10118054934387714,,,
EXP_DEnsembleModel_Alpha158_csi300_expanding_step40_s_20260112_22,5dfe27da14f64e55b157c5d6f03705b8,2026-05-27,SZ002601,0.26476593431318457,,,
EXP_DEnsembleModel_Alpha158_csi300_expanding_step40_s_20260112_22,5dfe27da14f64e55b157c5d6f03705b8,2026-05-27,SZ002625,0.09017044461941069,,,
EXP_DEnsembleModel_Alpha158_csi300_expanding_step40_s_20260112_22,5dfe27da14f64e55b157c5d6f03705b8,2026-05-27,SZ002648,0.04854835352463592,,,
EXP_DEnsembleModel_Alpha158_csi300_expanding_step40_s_20260112_22,5dfe27da14f64e55b157c5d6f03705b8,2026-05-27,SZ002709,0.1741010691784432,,,
EXP_DEnsembleModel_Alpha158_csi300_expanding_step40_s_20260112_22,5dfe27da14f64e55b157c5d6f03705b8,2026-05-27,SZ002714,0.01990817038821239,,,
EXP_DEnsembleModel_Alpha158_csi300_expanding_step40_s_20260112_22,5dfe27da14f64e55b157c5d6f03705b8,2026-05-27,SZ002594,0.03803839833888762,,,
EXP_DEnsembleModel_Alpha158_csi300_expanding_step40_s_20260112_22,5dfe27da14f64e55b157c5d6f03705b8,2026-05-27,SZ002384,-0.20411414770431036,,,
EXP_DEnsembleModel_Alpha158_csi300_expanding_step40_s_20260112_22,5dfe27da14f64e55b157c5d6f03705b8,2026-05-27,SZ002371,0.12745335976800687,,,
EXP_DEnsembleModel_Alpha158_csi300_expanding_step40_s_20260112_22,5dfe27da14f64e55b157c5d6f03705b8,2026-05-27,SZ002352,0.002353785210792406,,,
EXP_DEnsembleModel_Alpha158_csi300_expanding_step40_s_20260112_22,5dfe27da14f64e55b157c5d6f03705b8,2026-05-27,SZ001979,0.14266701277536847,,,
EXP_DEnsembleModel_Alpha158_csi300_expanding_step40_s_20260112_22,5dfe27da14f64e55b157c5d6f03705b8,2026-05-27,SZ002001,0.025763242658927026,,,
EXP_DEnsembleModel_Alpha158_csi300_expanding_step40_s_20260112_22,5dfe27da14f64e55b157c5d6f03705b8,2026-05-27,SZ002027,0.03069487947179111,,,
EXP_DEnsembleModel_Alpha158_csi300_expanding_step40_s_20260112_22,5dfe27da14f64e55b157c5d6f03705b8,2026-05-27,SZ002028,0.244081552780784,,,
EXP_DEnsembleModel_Alpha158_csi300_expanding_step40_s_20260112_22,5dfe27da14f64e55b157c5d6f03705b8,2026-05-27,SZ002049,-0.1324534540420982,,,
EXP_DEnsembleModel_Alpha158_csi300_expanding_step40_s_20260112_22,5dfe27da14f64e55b157c5d6f03705b8,2026-05-27,SZ002050,0.10773785558359254,,,
EXP_DEnsembleModel_Alpha158_csi300_expanding_step40_s_20260112_22,5dfe27da14f64e55b157c5d6f03705b8,2026-05-27,SZ002074,0.1145111948657699,,,
EXP_DEnsembleModel_Alpha158_csi300_expanding_step40_s_20260112_22,5dfe27da14f64e55b157c5d6f03705b8,2026-05-27,SZ002142,-0.03952878343360382,,,
EXP_DEnsembleModel_Alpha158_csi300_expanding_step40_s_20260112_22,5dfe27da14f64e55b157c5d6f03705b8,2026-05-27,SZ002179,0.14932722981809682,,,
EXP_DEnsembleModel_Alpha158_csi300_expanding_step40_s_20260112_22,5dfe27da14f64e55b157c5d6f03705b8,2026-05-27,SZ002230,0.03658457189377769,,,
EXP_DEnsembleModel_Alpha158_csi300_expanding_step40_s_20260112_22,5dfe27da14f64e55b157c5d6f03705b8,2026-05-27,SZ002236,0.1678557219369926,,,
EXP_DEnsembleModel_Alpha158_csi300_expanding_step40_s_20260112_22,5dfe27da14f64e55b157c5d6f03705b8,2026-05-27,SZ002241,0.035934146114310776,,,
EXP_DEnsembleModel_Alpha158_csi300_expanding_step40_s_20260112_22,5dfe27da14f64e55b157c5d6f03705b8,2026-05-27,SZ002252,0.011243197641593481,,,
EXP_DEnsembleModel_Alpha158_csi300_expanding_step40_s_20260112_22,5dfe27da14f64e55b157c5d6f03705b8,2026-05-27,SZ002304,-0.09135425499055234,,,
EXP_DEnsembleModel_Alpha158_csi300_expanding_step40_s_20260112_22,5dfe27da14f64e55b157c5d6f03705b8,2026-05-27,SZ002311,-0.07272034998860291,,,
EXP_DEnsembleModel_Alpha158_csi300_expanding_step40_s_20260112_22,5dfe27da14f64e55b157c5d6f03705b8,2026-05-27,SZ002736,-0.05428509672891041,,,
EXP_DEnsembleModel_Alpha158_csi300_expanding_step40_s_20260112_22,5dfe27da14f64e55b157c5d6f03705b8,2026-05-27,SZ002916,-0.021828103483324566,,,
EXP_DEnsembleModel_Alpha158_csi300_expanding_step40_s_20260112_22,5dfe27da14f64e55b157c5d6f03705b8,2026-05-27,SZ002920,-0.005523452668436888,,,
EXP_DEnsembleModel_Alpha158_csi300_expanding_step40_s_20260112_22,5dfe27da14f64e55b157c5d6f03705b8,2026-05-27,SZ002938,-0.035540487298291214,,,
EXP_DEnsembleModel_Alpha158_csi300_expanding_step40_s_20260112_22,5dfe27da14f64e55b157c5d6f03705b8,2026-05-27,SZ300498,0.19014192042479255,,,
EXP_DEnsembleModel_Alpha158_csi300_expanding_step40_s_20260112_22,5dfe27da14f64e55b157c5d6f03705b8,2026-05-27,SZ300502,-0.05049481030243932,,,
EXP_DEnsembleModel_Alpha158_csi300_expanding_step40_s_20260112_22,5dfe27da14f64e55b157c5d6f03705b8,2026-05-27,SZ300628,0.057040872870002195,,,
EXP_DEnsembleModel_Alpha158_csi300_expanding_step40_s_20260112_22,5dfe27da14f64e55b157c5d6f03705b8,2026-05-27,SZ300661,-0.1732687890479198,,,
EXP_DEnsembleModel_Alpha158_csi300_expanding_step40_s_20260112_22,5dfe27da14f64e55b157c5d6f03705b8,2026-05-27,SZ300750,0.12296853028441364,,,
EXP_DEnsembleModel_Alpha158_csi300_expanding_step40_s_20260112_22,5dfe27da14f64e55b157c5d6f03705b8,2026-05-27,SZ300759,-0.055834907322347985,,,
EXP_DEnsembleModel_Alpha158_csi300_expanding_step40_s_20260112_22,5dfe27da14f64e55b157c5d6f03705b8,2026-05-27,SZ300760,-0.04244998520706069,,,
EXP_DEnsembleModel_Alpha158_csi300_expanding_step40_s_20260112_22,5dfe27da14f64e55b157c5d6f03705b8,2026-05-27,SZ300782,0.12187504960404746,,,
EXP_DEnsembleModel_Alpha158_csi300_expanding_step40_s_20260112_22,5dfe27da14f64e55b157c5d6f03705b8,2026-05-27,SZ300803,0.07580326431174189,,,
EXP_DEnsembleModel_Alpha158_csi300_expanding_step40_s_20260112_22,5dfe27da14f64e55b157c5d6f03705b8,2026-05-27,SZ300832,0.009397049672702067,,,
EXP_DEnsembleModel_Alpha158_csi300_expanding_step40_s_20260112_22,5dfe27da14f64e55b157c5d6f03705b8,2026-05-27,SZ300866,0.009612311999132109,,,
EXP_DEnsembleModel_Alpha158_csi300_expanding_step40_s_20260112_22,5dfe27da14f64e55b157c5d6f03705b8,2026-05-27,SZ300896,-0.009259404311733326,,,
EXP_DEnsembleModel_Alpha158_csi300_expanding_step40_s_20260112_22,5dfe27da14f64e55b157c5d6f03705b8,2026-05-27,SZ300979,-0.0331201075683056,,,
EXP_DEnsembleModel_Alpha158_csi300_expanding_step40_s_20260112_22,5dfe27da14f64e55b157c5d6f03705b8,2026-05-27,SZ300999,-0.06592090604774128,,,
EXP_DEnsembleModel_Alpha158_csi300_expanding_step40_s_20260112_22,5dfe27da14f64e55b157c5d6f03705b8,2026-05-27,SZ301236,0.1595735532641638,,,
EXP_DEnsembleModel_Alpha158_csi300_expanding_step40_s_20260112_22,5dfe27da14f64e55b157c5d6f03705b8,2026-05-27,SZ300476,0.032498130058565326,,,
EXP_DEnsembleModel_Alpha158_csi300_expanding_step40_s_20260112_22,5dfe27da14f64e55b157c5d6f03705b8,2026-05-27,SZ001965,0.08441976914620229,,,
EXP_DEnsembleModel_Alpha158_csi300_expanding_step40_s_20260112_22,5dfe27da14f64e55b157c5d6f03705b8,2026-05-27,SZ300442,0.039586493607309675,,,
EXP_DEnsembleModel_Alpha158_csi300_expanding_step40_s_20260112_22,5dfe27da14f64e55b157c5d6f03705b8,2026-05-27,SZ300418,0.11892028787420814,,,
EXP_DEnsembleModel_Alpha158_csi300_expanding_step40_s_20260112_22,5dfe27da14f64e55b157c5d6f03705b8,2026-05-27,SZ003816,0.1758828661827686,,,
EXP_DEnsembleModel_Alpha158_csi300_expanding_step40_s_20260112_22,5dfe27da14f64e55b157c5d6f03705b8,2026-05-27,SZ300014,0.1376181927859168,,,
EXP_DEnsembleModel_Alpha158_csi300_expanding_step40_s_20260112_22,5dfe27da14f64e55b157c5d6f03705b8,2026-05-27,SZ300015,-0.03975956621871938,,,
EXP_DEnsembleModel_Alpha158_csi300_expanding_step40_s_20260112_22,5dfe27da14f64e55b157c5d6f03705b8,2026-05-27,SZ300033,0.18796597615886093,,,
EXP_DEnsembleModel_Alpha158_csi300_expanding_step40_s_20260112_22,5dfe27da14f64e55b157c5d6f03705b8,2026-05-27,SZ300059,0.03846482125374309,,,
EXP_DEnsembleModel_Alpha158_csi300_expanding_step40_s_20260112_22,5dfe27da14f64e55b157c5d6f03705b8,2026-05-27,SZ300122,-0.10071198065166305,,,
EXP_DEnsembleModel_Alpha158_csi300_expanding_step40_s_20260112_22,5dfe27da14f64e55b157c5d6f03705b8,2026-05-27,SZ300124,0.2622266121204462,,,
EXP_DEnsembleModel_Alpha158_csi300_expanding_step40_s_20260112_22,5dfe27da14f64e55b157c5d6f03705b8,2026-05-27,SZ300251,0.10758506564599825,,,
EXP_DEnsembleModel_Alpha158_csi300_expanding_step40_s_20260112_22,5dfe27da14f64e55b157c5d6f03705b8,2026-05-27,SZ300274,-0.03857326911457058,,,
EXP_DEnsembleModel_Alpha158_csi300_expanding_step40_s_20260112_22,5dfe27da14f64e55b157c5d6f03705b8,2026-05-27,SZ300308,-0.13232912138974057,,,
EXP_DEnsembleModel_Alpha158_csi300_expanding_step40_s_20260112_22,5dfe27da14f64e55b157c5d6f03705b8,2026-05-27,SZ300316,0.1690173246938321,,,
EXP_DEnsembleModel_Alpha158_csi300_expanding_step40_s_20260112_22,5dfe27da14f64e55b157c5d6f03705b8,2026-05-27,SZ300347,0.11044716093694404,,,
EXP_DEnsembleModel_Alpha158_csi300_expanding_step40_s_20260112_22,5dfe27da14f64e55b157c5d6f03705b8,2026-05-27,SZ300394,0.019801459975668668,,,
EXP_DEnsembleModel_Alpha158_csi300_expanding_step40_s_20260112_22,5dfe27da14f64e55b157c5d6f03705b8,2026-05-27,SZ300408,-0.07907781424873778,,,
EXP_DEnsembleModel_Alpha158_csi300_expanding_step40_s_20260112_22,5dfe27da14f64e55b157c5d6f03705b8,2026-05-27,SZ300413,0.10098806452511573,,,
EXP_DEnsembleModel_Alpha158_csi300_expanding_step40_s_20260112_22,5dfe27da14f64e55b157c5d6f03705b8,2026-05-27,SZ300433,-0.3673085518601513,,,
EXP_DEnsembleModel_Alpha158_csi300_expanding_step40_s_20260112_22,5dfe27da14f64e55b157c5d6f03705b8,2026-05-27,SZ001391,-0.15729972444416399,,,
EXP_DEnsembleModel_Alpha158_csi300_expanding_step40_s_20260112_22,5dfe27da14f64e55b157c5d6f03705b8,2026-05-27,SZ000999,-0.023693506588344494,,,
EXP_DEnsembleModel_Alpha158_csi300_expanding_step40_s_20260112_22,5dfe27da14f64e55b157c5d6f03705b8,2026-05-27,SZ000983,-0.06964593329924754,,,
EXP_DEnsembleModel_Alpha158_csi300_expanding_step40_s_20260112_22,5dfe27da14f64e55b157c5d6f03705b8,2026-05-27,SH605499,0.018616445615032784,,,
EXP_DEnsembleModel_Alpha158_csi300_expanding_step40_s_20260112_22,5dfe27da14f64e55b157c5d6f03705b8,2026-05-27,SH688008,-0.09542140624935089,,,
EXP_DEnsembleModel_Alpha158_csi300_expanding_step40_s_20260112_22,5dfe27da14f64e55b157c5d6f03705b8,2026-05-27,SH688009,0.034762585545539355,,,
EXP_DEnsembleModel_Alpha158_csi300_expanding_step40_s_20260112_22,5dfe27da14f64e55b157c5d6f03705b8,2026-05-27,SH688012,0.05036508307320182,,,
EXP_DEnsembleModel_Alpha158_csi300_expanding_step40_s_20260112_22,5dfe27da14f64e55b157c5d6f03705b8,2026-05-27,SH688036,0.2620077753105247,,,
EXP_DEnsembleModel_Alpha158_csi300_expanding_step40_s_20260112_22,5dfe27da14f64e55b157c5d6f03705b8,2026-05-27,SH688041,-0.051939539385281314,,,
EXP_DEnsembleModel_Alpha158_csi300_expanding_step40_s_20260112_22,5dfe27da14f64e55b157c5d6f03705b8,2026-05-27,SH688047,0.17237575162599383,,,
EXP_DEnsembleModel_Alpha158_csi300_expanding_step40_s_20260112_22,5dfe27da14f64e55b157c5d6f03705b8,2026-05-27,SH688082,-0.1634664418912107,,,
EXP_DEnsembleModel_Alpha158_csi300_expanding_step40_s_20260112_22,5dfe27da14f64e55b157c5d6f03705b8,2026-05-27,SH688111,0.23032481183301678,,,
EXP_DEnsembleModel_Alpha158_csi300_expanding_step40_s_20260112_22,5dfe27da14f64e55b157c5d6f03705b8,2026-05-27,SH688126,-0.19222506261040692,,,
EXP_DEnsembleModel_Alpha158_csi300_expanding_step40_s_20260112_22,5dfe27da14f64e55b157c5d6f03705b8,2026-05-27,SH688169,0.13300746074394096,,,
EXP_DEnsembleModel_Alpha158_csi300_expanding_step40_s_20260112_22,5dfe27da14f64e55b157c5d6f03705b8,2026-05-27,SH688187,-0.07917148664660027,,,
EXP_DEnsembleModel_Alpha158_csi300_expanding_step40_s_20260112_22,5dfe27da14f64e55b157c5d6f03705b8,2026-05-27,SH688223,0.06867050228402734,,,
EXP_DEnsembleModel_Alpha158_csi300_expanding_step40_s_20260112_22,5dfe27da14f64e55b157c5d6f03705b8,2026-05-27,SH688256,0.09298175600159386,,,
EXP_DEnsembleModel_Alpha158_csi300_expanding_step40_s_20260112_22,5dfe27da14f64e55b157c5d6f03705b8,2026-05-27,SH688271,0.0095061199462143,,,
EXP_DEnsembleModel_Alpha158_csi300_expanding_step40_s_20260112_22,5dfe27da14f64e55b157c5d6f03705b8,2026-05-27,SH605117,0.06277394028747746,,,
EXP_DEnsembleModel_Alpha158_csi300_expanding_step40_s_20260112_22,5dfe27da14f64e55b157c5d6f03705b8,2026-05-27,SH688303,0.1297052649593864,,,
EXP_DEnsembleModel_Alpha158_csi300_expanding_step40_s_20260112_22,5dfe27da14f64e55b157c5d6f03705b8,2026-05-27,SH603993,0.13488716406700646,,,
EXP_DEnsembleModel_Alpha158_csi300_expanding_step40_s_20260112_22,5dfe27da14f64e55b157c5d6f03705b8,2026-05-27,SH603893,-0.2800526735635192,,,
EXP_DEnsembleModel_Alpha158_csi300_expanding_step40_s_20260112_22,5dfe27da14f64e55b157c5d6f03705b8,2026-05-27,SH601939,0.00780524590297232,,,
EXP_DEnsembleModel_Alpha158_csi300_expanding_step40_s_20260112_22,5dfe27da14f64e55b157c5d6f03705b8,2026-05-27,SH601985,0.0038223646293640183,,,
EXP_DEnsembleModel_Alpha158_csi300_expanding_step40_s_20260112_22,5dfe27da14f64e55b157c5d6f03705b8,2026-05-27,SH601988,0.12560814037134063,,,
EXP_DEnsembleModel_Alpha158_csi300_expanding_step40_s_20260112_22,5dfe27da14f64e55b157c5d6f03705b8,2026-05-27,SH601995,0.0591233266234684,,,
EXP_DEnsembleModel_Alpha158_csi300_expanding_step40_s_20260112_22,5dfe27da14f64e55b157c5d6f03705b8,2026-05-27,SH601998,0.03232742062092839,,,
EXP_DEnsembleModel_Alpha158_csi300_expanding_step40_s_20260112_22,5dfe27da14f64e55b157c5d6f03705b8,2026-05-27,SH603019,0.1667681499274171,,,
EXP_DEnsembleModel_Alpha158_csi300_expanding_step40_s_20260112_22,5dfe27da14f64e55b157c5d6f03705b8,2026-05-27,SH603195,0.07478401204627735,,,
EXP_DEnsembleModel_Alpha158_csi300_expanding_step40_s_20260112_22,5dfe27da14f64e55b157c5d6f03705b8,2026-05-27,SH603259,0.07408041514955324,,,
EXP_DEnsembleModel_Alpha158_csi300_expanding_step40_s_20260112_22,5dfe27da14f64e55b157c5d6f03705b8,2026-05-27,SH603260,0.15304248788228586,,,
EXP_DEnsembleModel_Alpha158_csi300_expanding_step40_s_20260112_22,5dfe27da14f64e55b157c5d6f03705b8,2026-05-27,SH603288,-0.11619033697175553,,,
EXP_DEnsembleModel_Alpha158_csi300_expanding_step40_s_20260112_22,5dfe27da14f64e55b157c5d6f03705b8,2026-05-27,SH603296,0.2479964397346751,,,
EXP_DEnsembleModel_Alpha158_csi300_expanding_step40_s_20260112_22,5dfe27da14f64e55b157c5d6f03705b8,2026-05-27,SH603369,0.07939616268529726,,,
EXP_DEnsembleModel_Alpha158_csi300_expanding_step40_s_20260112_22,5dfe27da14f64e55b157c5d6f03705b8,2026-05-27,SH603392,-0.12038803815486473,,,
EXP_DEnsembleModel_Alpha158_csi300_expanding_step40_s_20260112_22,5dfe27da14f64e55b157c5d6f03705b8,2026-05-27,SH603501,0.13995638951874684,,,
EXP_DEnsembleModel_Alpha158_csi300_expanding_step40_s_20260112_22,5dfe27da14f64e55b157c5d6f03705b8,2026-05-27,SH603799,0.15345391189653135,,,
EXP_DEnsembleModel_Alpha158_csi300_expanding_step40_s_20260112_22,5dfe27da14f64e55b157c5d6f03705b8,2026-05-27,SH603986,-0.1513789197903408,,,
EXP_XGBModel_Alpha158_csi300_expanding_step40_s_20260111_00,2f2d4eb181db4668bdbd3b6e264ca822,2026-05-27,SZ301269,-0.13812226057052612,,,
EXP_DEnsembleModel_Alpha158_csi300_expanding_step40_s_20260112_22,5dfe27da14f64e55b157c5d6f03705b8,2026-05-27,SH688396,-0.11635726444409185,,,
EXP_DEnsembleModel_Alpha158_csi300_expanding_step40_s_20260112_22,5dfe27da14f64e55b157c5d6f03705b8,2026-05-27,SH688506,-0.010593918169585494,,,
EXP_DEnsembleModel_Alpha158_csi300_expanding_step40_s_20260112_22,5dfe27da14f64e55b157c5d6f03705b8,2026-05-27,SZ000661,-0.06548446942440325,,,
EXP_DEnsembleModel_Alpha158_csi300_expanding_step40_s_20260112_22,5dfe27da14f64e55b157c5d6f03705b8,2026-05-27,SZ000708,0.098147467057806,,,
EXP_DEnsembleModel_Alpha158_csi300_expanding_step40_s_20260112_22,5dfe27da14f64e55b157c5d6f03705b8,2026-05-27,SZ000725,-0.11521223371403674,,,
EXP_DEnsembleModel_Alpha158_csi300_expanding_step40_s_20260112_22,5dfe27da14f64e55b157c5d6f03705b8,2026-05-27,SZ000768,-0.004400287950640376,,,
EXP_DEnsembleModel_Alpha158_csi300_expanding_step40_s_20260112_22,5dfe27da14f64e55b157c5d6f03705b8,2026-05-27,SZ000776,-0.04061524345758888,,,
EXP_DEnsembleModel_Alpha158_csi300_expanding_step40_s_20260112_22,5dfe27da14f64e55b157c5d6f03705b8,2026-05-27,SZ000786,0.0421818260704366,,,
EXP_DEnsembleModel_Alpha158_csi300_expanding_step40_s_20260112_22,5dfe27da14f64e55b157c5d6f03705b8,2026-05-27,SZ000792,0.12188383598788413,,,
EXP_DEnsembleModel_Alpha158_csi300_expanding_step40_s_20260112_22,5dfe27da14f64e55b157c5d6f03705b8,2026-05-27,SZ000807,0.2194949459140744,,,
EXP_DEnsembleModel_Alpha158_csi300_expanding_step40_s_20260112_22,5dfe27da14f64e55b157c5d6f03705b8,2026-05-27,SZ000858,-0.10641336700593358,,,
EXP_DEnsembleModel_Alpha158_csi300_expanding_step40_s_20260112_22,5dfe27da14f64e55b157c5d6f03705b8,2026-05-27,SZ000876,-0.09600157058620831,,,
EXP_DEnsembleModel_Alpha158_csi300_expanding_step40_s_20260112_22,5dfe27da14f64e55b157c5d6f03705b8,2026-05-27,SZ000895,0.026994266951217257,,,
EXP_DEnsembleModel_Alpha158_csi300_expanding_step40_s_20260112_22,5dfe27da14f64e55b157c5d6f03705b8,2026-05-27,SZ000938,0.21214121456773247,,,
EXP_DEnsembleModel_Alpha158_csi300_expanding_step40_s_20260112_22,5dfe27da14f64e55b157c5d6f03705b8,2026-05-27,SZ000963,-0.05902496614819996,,,
EXP_DEnsembleModel_Alpha158_csi300_expanding_step40_s_20260112_22,5dfe27da14f64e55b157c5d6f03705b8,2026-05-27,SZ000975,0.1136254656198252,,,
EXP_DEnsembleModel_Alpha158_csi300_expanding_step40_s_20260112_22,5dfe27da14f64e55b157c5d6f03705b8,2026-05-27,SZ000977,0.23002284438141296,,,
EXP_DEnsembleModel_Alpha158_csi300_expanding_step40_s_20260112_22,5dfe27da14f64e55b157c5d6f03705b8,2026-05-27,SZ000651,-0.013704968952274273,,,
EXP_DEnsembleModel_Alpha158_csi300_expanding_step40_s_20260112_22,5dfe27da14f64e55b157c5d6f03705b8,2026-05-27,SH688472,0.17682295748474172,,,
EXP_DEnsembleModel_Alpha158_csi300_expanding_step40_s_20260112_22,5dfe27da14f64e55b157c5d6f03705b8,2026-05-27,SZ000630,0.10266293974913768,,,
EXP_DEnsembleModel_Alpha158_csi300_expanding_step40_s_20260112_22,5dfe27da14f64e55b157c5d6f03705b8,2026-05-27,SZ000617,0.16160437818193601,,,
EXP_DEnsembleModel_Alpha158_csi300_expanding_step40_s_20260112_22,5dfe27da14f64e55b157c5d6f03705b8,2026-05-27,SH688981,0.13888948528306014,,,
EXP_DEnsembleModel_Alpha158_csi300_expanding_step40_s_20260112_22,5dfe27da14f64e55b157c5d6f03705b8,2026-05-27,SZ000001,-0.06515001086604869,,,
EXP_DEnsembleModel_Alpha158_csi300_expanding_step40_s_20260112_22,5dfe27da14f64e55b157c5d6f03705b8,2026-05-27,SZ000002,0.038555629488982314,,,
EXP_DEnsembleModel_Alpha158_csi300_expanding_step40_s_20260112_22,5dfe27da14f64e55b157c5d6f03705b8,2026-05-27,SZ000063,0.19808925955510417,,,
EXP_DEnsembleModel_Alpha158_csi300_expanding_step40_s_20260112_22,5dfe27da14f64e55b157c5d6f03705b8,2026-05-27,SZ000100,-0.1121231483502272,,,
EXP_DEnsembleModel_Alpha158_csi300_expanding_step40_s_20260112_22,5dfe27da14f64e55b157c5d6f03705b8,2026-05-27,SZ000157,0.0416684307116954,,,
EXP_DEnsembleModel_Alpha158_csi300_expanding_step40_s_20260112_22,5dfe27da14f64e55b157c5d6f03705b8,2026-05-27,SZ000166,0.021050446354980965,,,
EXP_DEnsembleModel_Alpha158_csi300_expanding_step40_s_20260112_22,5dfe27da14f64e55b157c5d6f03705b8,2026-05-27,SZ000301,-0.017087609218642573,,,
EXP_DEnsembleModel_Alpha158_csi300_expanding_step40_s_20260112_22,5dfe27da14f64e55b157c5d6f03705b8,2026-05-27,SZ000333,0.012782642968504817,,,
EXP_DEnsembleModel_Alpha158_csi300_expanding_step40_s_20260112_22,5dfe27da14f64e55b157c5d6f03705b8,2026-05-27,SZ000338,0.0913991377026303,,,
EXP_DEnsembleModel_Alpha158_csi300_expanding_step40_s_20260112_22,5dfe27da14f64e55b157c5d6f03705b8,2026-05-27,SZ000408,0.21512491901285283,,,
EXP_DEnsembleModel_Alpha158_csi300_expanding_step40_s_20260112_22,5dfe27da14f64e55b157c5d6f03705b8,2026-05-27,SZ000425,0.027103724051465328,,,
EXP_DEnsembleModel_Alpha158_csi300_expanding_step40_s_20260112_22,5dfe27da14f64e55b157c5d6f03705b8,2026-05-27,SZ000538,-0.07566985222516064,,,
EXP_DEnsembleModel_Alpha158_csi300_expanding_step40_s_20260112_22,5dfe27da14f64e55b157c5d6f03705b8,2026-05-27,SZ000568,-0.12531032312572607,,,
EXP_DEnsembleModel_Alpha158_csi300_expanding_step40_s_20260112_22,5dfe27da14f64e55b157c5d6f03705b8,2026-05-27,SZ000596,-0.031065553350209246,,,
EXP_DEnsembleModel_Alpha158_csi300_expanding_step40_s_20260112_22,5dfe27da14f64e55b157c5d6f03705b8,2026-05-27,SZ000625,0.13500036618956682,,,
EXP_XGBModel_Alpha158_csi300_expanding_step40_s_20260111_00,2f2d4eb181db4668bdbd3b6e264ca822,2026-05-27,SZ302132,-0.06887897849082947,,,
