instrument,avg_score,pos_ratio,real_label,datetime,KMID,KLEN,KMID2,KUP,KUP2,KLOW,KLOW2,KSFT,KSFT2,OPEN0,HIGH0,LOW0,VWAP0,ROC5,ROC10,ROC20,ROC30,ROC60,MA5,MA10,MA20,MA30,MA60,STD5,STD10,STD20,STD30,STD60,BETA5,BETA10,BETA20,BETA30,BETA60,RSQR5,RSQR10,RSQR20,RSQR30,RSQR60,RESI5,RESI10,RESI20,RESI30,RESI60,MAX5,MAX10,MAX20,MAX30,MAX60,MIN5,MIN10,MIN20,MIN30,MIN60,QTLU5,QTLU10,QTLU20,QTLU30,QTLU60,QTLD5,QTLD10,QTLD20,QTLD30,QTLD60,RANK5,RANK10,RANK20,RANK30,RANK60,RSV5,RSV10,RSV20,RSV30,RSV60,IMAX5,IMAX10,IMAX20,IMAX30,IMAX60,IMIN5,IMIN10,IMIN20,IMIN30,IMIN60,IMXD5,IMXD10,IMXD20,IMXD30,IMXD60,CORR5,CORR10,CORR20,CORR30,CORR60,CORD5,CORD10,CORD20,CORD30,CORD60,CNTP5,CNTP10,CNTP20,CNTP30,CNTP60,CNTN5,CNTN10,CNTN20,CNTN30,CNTN60,CNTD5,CNTD10,CNTD20,CNTD30,CNTD60,SUMP5,SUMP10,SUMP20,SUMP30,SUMP60,SUMN5,SUMN10,SUMN20,SUMN30,SUMN60,SUMD5,SUMD10,SUMD20,SUMD30,SUMD60,VMA5,VMA10,VMA20,VMA30,VMA60,VSTD5,VSTD10,VSTD20,VSTD30,VSTD60,WVMA5,WVMA10,WVMA20,WVMA30,WVMA60,VSUMP5,VSUMP10,VSUMP20,VSUMP30,VSUMP60,VSUMN5,VSUMN10,VSUMN20,VSUMN30,VSUMN60,VSUMD5,VSUMD10,VSUMD20,VSUMD30,VSUMD60
SZ002028,0.1705516603531293,1.0,,2026-05-26,-0.04327681,0.04717075,-0.9174501,0.0,0.0,0.0038939414,0.082549915,-0.039382868,-0.83490014,1.0452344,1.0452344,0.9959299,1.0078382,1.0045868,1.0218959,1.1539936,1.0442059,1.1535314,1.0290786,1.023329,1.0325328,1.0551356,1.0782974,0.023530405,0.029988041,0.03784306,0.049119417,0.053999074,-0.009201627,-0.0015368019,-0.0024987676,-0.0033623537,-0.0021236115,0.3823054,0.024074152,0.15259747,0.3631467,0.4717125,-0.010675378,-0.016413366,-0.008794578,-0.0063815075,-0.015650814,1.0798565,1.0878928,1.1674402,1.1967036,1.2319442,0.9950555,0.9639382,0.9639382,0.9639382,0.9639382,1.0497081,1.0497081,1.0620111,1.1036388,1.1305842,1.0125297,0.99842393,1.0046271,1.0096756,1.030006,0.2,0.3,0.15,0.1,0.05,0.058307208,0.29092765,0.17720626,0.15492788,0.13455608,0.4,0.2,0.05,0.33333334,0.11666667,0.2,0.4,0.7,0.8,0.9,0.2,-0.2,-0.65,-0.46666667,-0.78333336,0.5367265,0.14489678,-0.0023787832,-0.00783117,-0.13497026,0.76090616,0.28550863,-0.046961915,-0.017213752,-0.18796577,0.4,0.5,0.45,0.53333336,0.46666667,0.6,0.5,0.55,0.46666667,0.53333336,-0.2,0.0,-0.1,0.06666667,-0.06666667,0.48688856,0.46730343,0.37708816,0.4747312,0.45259553,0.5131115,0.5326966,0.6229119,0.5252688,0.54740447,-0.02622291,-0.06539317,-0.24582371,-0.050537586,-0.09480894,0.994408,1.0082637,1.0681671,1.054727,0.93919206,0.35532296,0.30799448,0.3759177,0.32620695,0.29766756,0.7626268,0.81499076,1.016862,0.99274755,1.0021275,0.56988484,0.5139311,0.49388638,0.51039886,0.51187694,0.4301152,0.48606893,0.50611365,0.48960114,0.48812303,0.13976963,0.027862152,-0.012227265,0.020797754,0.023753913
SZ301236,0.1268840375120634,1.0,,2026-05-26,-0.017628962,0.06412871,-0.2748997,0.03219214,0.50199264,0.014307609,0.2231077,-0.035513494,-0.5537846,1.0179453,1.0507152,0.98543566,1.0132728,1.0675584,1.0771934,1.1065518,1.0012469,1.2170709,1.011834,1.0317615,1.0524257,1.0504005,1.0781153,0.020094281,0.030637648,0.039936066,0.038908113,0.091099605,-0.004624797,-0.0069317063,-0.0037771238,-0.00043376742,-0.0029522544,0.13242818,0.46922478,0.31308332,0.009632415,0.3203129,-0.0025844397,-0.0005688089,-0.016543046,-0.04411086,0.008976218,1.0704416,1.0995109,1.1562614,1.159638,1.3159575,0.9851818,0.9851818,0.9851818,0.9851818,0.9482506,1.0281342,1.0490592,1.0868737,1.0868737,1.1784629,0.998277,1.0020857,1.0256177,1.0226026,1.0023804,0.4,0.2,0.1,0.06666667,0.16666667,0.17380068,0.12961017,0.08661587,0.08493941,0.14073542,0.2,0.1,0.05,0.3,0.033333335,0.6,0.8,0.9,0.93333334,0.45,-0.4,-0.7,-0.85,-0.6333333,-0.41666666,-0.33193198,-0.22659387,0.46692505,0.64306027,0.42005473,-0.10649674,-0.3854405,0.28657478,0.54854524,0.4379583,0.4,0.6,0.55,0.6,0.5,0.6,0.4,0.4,0.36666667,0.48333332,-0.2,0.2,0.15,0.23333333,0.016666668,0.25,0.34613648,0.39866322,0.4991453,0.42985862,0.75,0.65386355,0.6013368,0.50085473,0.5701414,-0.5,-0.30772707,-0.20267357,-0.001709419,-0.14028275,0.8756237,0.90258586,0.9803839,0.9288532,0.8466879,0.14285022,0.14017735,0.27790585,0.3715603,0.3597646,0.5961979,0.81821185,1.0337965,1.3380582,1.2393562,0.4859232,0.56276894,0.47636282,0.52667964,0.51643294,0.51407677,0.43723103,0.5236372,0.47332036,0.48356703,-0.02815359,0.12553792,-0.047274362,0.053359255,0.03286593
SZ300033,0.1262407789488838,0.875,,2026-05-26,0.04271549,0.06172412,0.6920389,0.017629292,0.2856143,0.0013793376,0.022346819,0.026465535,0.42877138,0.9590344,1.0169071,0.9577115,0.9945573,0.9428303,1.0413795,0.97561157,0.89458853,0.97540003,0.9644588,0.9681588,0.98058695,0.9834621,0.9464044,0.026690323,0.032125406,0.03793079,0.033895776,0.049737204,0.011781116,-0.0024390277,-0.00058125454,-0.00035614835,0.0014767777,0.48708546,0.052838158,0.008218962,0.008556032,0.2688855,0.011978918,0.04281683,0.02493498,0.021702034,0.010030638,1.0577927,1.0577927,1.0665139,1.0665139,1.0665139,0.92596465,0.91542345,0.91542345,0.9105458,0.8469091,0.98111886,0.9837643,1.0184301,1.0178105,0.99055886,0.9379277,0.9415909,0.94428617,0.9467175,0.9046525,1.0,0.9,0.7,0.7,0.85,0.5616054,0.5940648,0.5597743,0.5735414,0.69711995,0.4,0.7,0.45,0.6333333,0.81666666,0.2,0.5,0.75,0.033333335,0.46666667,0.2,0.2,-0.3,0.6,0.35,0.4831835,0.26886132,0.38024956,0.16098927,0.5986751,0.60910755,0.48408926,0.5555419,0.45109108,0.50966233,0.6,0.4,0.55,0.6,0.53333336,0.4,0.6,0.45,0.4,0.46666667,0.2,-0.2,0.1,0.2,0.06666667,0.69841504,0.4149532,0.5290974,0.58221567,0.5106162,0.30158496,0.58504677,0.47090262,0.41778436,0.48938382,0.3968301,-0.1700936,0.05819477,0.1644313,0.02123239,1.0112567,0.85818046,0.80866975,0.7662487,0.6216246,0.489018,0.3684437,0.31411418,0.27918532,0.2673878,0.72275877,0.9307526,1.050477,1.01477,1.1934751,0.5778714,0.53994507,0.5054018,0.5319719,0.5227043,0.42212862,0.46005496,0.4945982,0.46802813,0.4772957,0.1557428,0.07989008,0.010803595,0.063943736,0.04540858
SZ300394,0.12271721639046848,0.875,,2026-05-26,0.019448567,0.042606525,0.4564692,0.008120344,0.1905892,0.015037615,0.35294157,0.026365837,0.61882156,0.98092246,1.0079654,0.96617174,0.9876703,0.8924181,0.841899,0.8606804,0.85283834,0.8395872,0.9205481,0.93183726,0.86166596,0.8673483,0.83227247,0.06921794,0.05295886,0.08281286,0.07064019,0.06947888,0.03812532,8.487229e-05,0.011259899,0.0027277065,0.0018702197,0.7584547,2.3543229e-05,0.64705527,0.115556195,0.22099352,0.0032012658,0.0677808,0.031365026,0.093099944,0.112556025,1.0079654,1.0179965,1.0179965,1.0179965,1.0179965,0.82599074,0.82599074,0.7498286,0.7498286,0.68140954,0.9803127,0.9769841,0.94984764,0.9302991,0.89049137,0.87185216,0.8904468,0.78924257,0.8009981,0.77521896,1.0,1.0,1.0,1.0,1.0,0.95622784,0.9062708,0.9328908,0.9328908,0.94653225,1.0,0.3,0.65,0.76666665,0.8833333,0.4,0.7,0.35,0.56666666,0.23333333,0.6,-0.4,0.3,0.2,0.65,0.53752583,0.4910372,0.65986997,0.6075238,0.59821445,0.5659921,0.6543132,0.39942452,0.2659278,0.20539358,0.6,0.6,0.55,0.5,0.5,0.4,0.4,0.45,0.5,0.5,0.2,0.2,0.1,0.0,0.0,0.7294946,0.66935086,0.6035361,0.56856084,0.53967327,0.27050543,0.33064917,0.39646384,0.4314392,0.4603267,0.4589891,0.3387017,0.20707232,0.13712163,0.07934657,1.0168571,1.1790475,1.0329258,1.0196949,0.89433295,0.14383763,0.22907118,0.28417554,0.24201284,0.24583764,0.7945677,0.73110265,0.9270497,0.8086298,0.85150725,0.40530306,0.47921398,0.47694436,0.49753758,0.514255,0.59469694,0.520786,0.5230557,0.50246245,0.48574498,-0.18939386,-0.04157202,-0.0461113,-0.0049248347,0.028510023
SZ000786,0.12161448809285966,1.0,,2026-05-26,-0.03227157,0.039815623,-0.8105253,0.004610224,0.11578933,0.0029338284,0.073685355,-0.033947967,-0.8526293,1.0333477,1.0381117,0.9969683,1.0090244,1.0705831,1.1641129,1.077518,1.1199622,1.2420666,1.0351609,1.0658158,1.0952636,1.0982668,1.1248251,0.027834352,0.04239386,0.04750684,0.039133888,0.05400368,-0.015721448,-0.013404321,-0.004903215,-0.0019300285,-0.0021634572,0.7975591,0.9164212,0.37283581,0.18850516,0.48949677,-0.003717953,-0.005496402,-0.04868305,-0.07028147,-0.061003122,1.0822846,1.163681,1.1719084,1.1719084,1.2914491,0.9969683,0.9969683,0.9969683,0.9969683,0.9969683,1.0433011,1.0993174,1.1421175,1.1330115,1.1508824,1.0239053,1.032641,1.059589,1.0740396,1.0873865,0.2,0.1,0.05,0.033333335,0.016666668,0.035534456,0.018184967,0.017329736,0.017329736,0.010294951,0.2,0.1,0.5,0.6666667,0.06666667,1.0,1.0,1.0,1.0,1.0,-0.8,-0.9,-0.5,-0.33333334,-0.93333334,0.20408823,0.17750928,0.3139159,0.28338677,0.44999167,-0.11042625,-0.03897484,0.16519077,0.12257021,0.21450227,0.4,0.3,0.5,0.43333334,0.41666666,0.6,0.7,0.5,0.56666666,0.5833333,-0.2,-0.4,0.0,-0.13333334,-0.16666667,0.11732291,0.079769276,0.38797352,0.35341612,0.37735918,0.8826771,0.92023075,0.6120265,0.6465839,0.62264085,-0.76535416,-0.84046143,-0.22405297,-0.2931678,-0.24528165,0.805592,0.78145564,0.8295236,0.8343125,0.8896992,0.3071104,0.22127724,0.23859257,0.22055471,0.29944095,1.0775721,0.8631237,0.9814297,1.1237109,1.2547247,0.57471544,0.49831906,0.51908106,0.50256526,0.4772212,0.4252846,0.5016809,0.48091894,0.4974347,0.5227788,0.14943083,-0.0033618587,0.03816214,0.005130585,-0.045557633
SZ000596,0.11994296141262775,1.0,,2026-05-26,-0.008551605,0.035275266,-0.24242496,0.020844506,0.59090996,0.0058791544,0.16666506,-0.023516957,-0.66666985,1.0086254,1.0296496,0.9940701,1.0097353,1.0350461,1.1055387,1.184471,1.1083424,1.3284031,1.0126281,1.034677,1.0927892,1.108206,1.1475067,0.017102659,0.03017627,0.06483968,0.058029316,0.0678006,-0.008711455,-0.009241066,-0.010464431,-0.004995417,-0.0032265824,0.6486258,0.85965544,0.9116277,0.57431513,0.690746,0.004794857,0.0069077536,0.0066229566,-0.03577252,-0.05232258,1.0583239,1.1158974,1.2042996,1.2042996,1.3260379,0.9820888,0.9820888,0.9820888,0.9820888,0.9820888,1.0264748,1.0560967,1.1506723,1.1497455,1.1981691,0.9989186,1.0068891,1.0328661,1.0361333,1.1085255,0.4,0.2,0.1,0.06666667,0.033333335,0.23494712,0.13385683,0.08060454,0.08060454,0.052075144,0.4,0.2,0.05,0.36666667,0.016666668,0.8,0.9,0.95,0.96666664,0.98333335,-0.4,-0.7,-0.9,-0.6,-0.96666664,-0.7954488,0.4060161,-0.1330405,-0.09733842,0.009111174,-0.5588205,-0.042305227,0.30862617,0.5071992,0.2675138,0.4,0.3,0.3,0.4,0.43333334,0.6,0.7,0.7,0.6,0.56666666,-0.2,-0.4,-0.4,-0.2,-0.13333334,0.22862162,0.19466949,0.24594167,0.3910466,0.3614952,0.7713784,0.8053305,0.7540583,0.6089534,0.6385048,-0.5427568,-0.61066103,-0.50811666,-0.21790677,-0.27700964,1.0482951,1.1128634,1.0498626,0.9950335,1.0126121,0.20422871,0.26387465,0.26096174,0.3599881,0.34016553,0.92032975,0.8092164,0.7700191,1.185835,1.007576,0.61374223,0.43396896,0.3879601,0.4695799,0.4994618,0.38625777,0.56603104,0.6120399,0.5304201,0.5005382,0.22748446,-0.1320621,-0.22407979,-0.06084022,-0.0010763765
SH688169,0.10728559402223696,1.0,,2026-05-26,-0.02502403,0.052926116,-0.47281063,0.022625512,0.42749238,0.005276575,0.09969701,-0.042372968,-0.800606,1.0256664,1.0488725,0.994588,1.0179107,1.0479683,0.94397885,0.9687538,0.93479604,1.235815,1.0369242,1.0225811,0.99309856,0.9771574,1.011535,0.025714232,0.036249828,0.04055448,0.04242854,0.06577035,-0.014503483,0.0053359894,0.0052326517,0.0038429196,-0.0021639066,0.795312,0.19862294,0.58268523,0.6357818,0.33015397,-0.007917327,-0.046593014,-0.042808738,-0.03287973,0.05230024,1.1027445,1.1027445,1.1027445,1.1027445,1.2413183,0.994588,0.9340591,0.9298802,0.9020017,0.9020017,1.0547968,1.0519742,1.041526,1.0062327,1.0690908,1.0205268,0.9967994,0.9566622,0.94601667,0.9538231,0.2,0.3,0.65,0.76666665,0.51666665,0.05003867,0.3909107,0.40563512,0.48817858,0.2888108,0.4,0.7,0.85,0.9,0.016666668,1.0,0.1,0.05,0.16666667,0.5833333,-0.6,0.6,0.8,0.73333335,-0.56666666,0.72708,0.50821525,0.70473963,0.70869404,-0.17988439,0.37741238,0.6884806,0.57801026,0.5246048,0.1895586,0.4,0.5,0.5,0.5,0.41666666,0.6,0.5,0.5,0.5,0.5833333,-0.2,0.0,0.0,0.0,-0.16666667,0.2237995,0.60759085,0.5360957,0.55324787,0.39730534,0.77620053,0.39240915,0.4639043,0.44675213,0.6026947,-0.552401,0.21518174,0.072191395,0.106495716,-0.20538934,1.1257908,1.270782,1.0510807,0.9505586,0.6723143,0.23231138,0.34360605,0.34609333,0.37093198,0.39451286,0.56944805,0.8732585,0.9611001,1.1737179,1.3854907,0.3373704,0.50630975,0.47079107,0.5273832,0.52986985,0.6626296,0.49369028,0.52920896,0.4726168,0.47013012,-0.3252592,0.012619449,-0.05841786,0.054766428,0.05973975
SZ003816,0.10275916342039568,1.0,,2026-05-26,0.017660059,0.03311257,0.53333396,0.011037497,0.3333325,0.0044150148,0.13333349,0.011037578,0.33333495,0.9826464,1.0108459,0.978308,0.9995481,1.0613382,1.035316,1.0111524,0.9851301,0.84758365,0.98178434,1.0130111,1.0114312,0.9996902,0.9673172,0.01851288,0.035914194,0.02729292,0.029788135,0.051431496,0.004460972,-0.008516389,-0.00044022707,0.0016040121,0.0024087129,0.14516135,0.51545435,0.009105871,0.22471412,0.66897774,0.009293698,0.025312629,-0.00724904,-0.022948358,-0.038374234,1.0660744,1.0721904,1.0721904,1.0721904,1.0721904,0.9476456,0.9476456,0.9476456,0.94482267,0.8469577,0.995539,1.0423791,1.0356877,1.0334572,1.007435,0.9672862,0.9851301,0.99330854,0.96988845,0.9096654,1.0,0.5,0.4,0.53333336,0.7416667,0.44207495,0.42036596,0.42036596,0.43321285,0.6794853,0.2,0.5,0.75,0.8333333,0.9166667,0.8,0.9,0.95,0.13333334,0.016666668,-0.6,-0.4,-0.2,0.7,0.9,-0.4157063,-0.18181908,-0.22916321,-0.050413553,-0.34945944,-0.8120955,-0.678659,-0.52416885,-0.32137012,-0.05476087,0.6,0.7,0.7,0.6333333,0.6166667,0.4,0.3,0.3,0.36666667,0.36666667,0.2,0.4,0.4,0.26666668,0.25,0.29629654,0.4144145,0.4827587,0.5176991,0.59855765,0.70370346,0.5855855,0.5172413,0.48230088,0.40144232,-0.4074069,-0.171171,-0.034482606,0.03539827,0.19711533,1.361193,1.3307719,1.3111184,1.2883611,1.7057383,0.4182685,0.29463145,0.28748265,0.2758674,0.6862568,0.9676119,1.1569825,1.2428976,1.2385135,1.1925569,0.42031902,0.40011048,0.4877677,0.48245034,0.493623,0.579681,0.5998895,0.5122323,0.5175497,0.50637704,-0.15936196,-0.19977903,-0.024464583,-0.035099335,-0.012754053
SZ002241,0.09851549197526419,0.75,,2026-05-26,0.07905139,0.10513835,0.75187975,0.007905218,0.07518872,0.018181736,0.17293154,0.08932791,0.84962255,0.92673993,1.0073261,0.9098902,0.9483964,0.94211644,0.9252656,0.8904773,0.8677646,0.9772874,0.94043285,0.9402875,0.92774117,0.91678303,0.900978,0.03466928,0.02459424,0.024512943,0.025907243,0.04536865,0.018281862,0.0021003126,0.0027176782,0.0023118218,0.0004021123,0.69517034,0.066851705,0.43020278,0.6171178,0.02395978,0.023003416,0.050261125,0.046440884,0.049695555,0.087159656,1.0073261,1.0073261,1.0073261,1.0073261,1.0073261,0.8901012,0.8901012,0.87252265,0.87252265,0.80035836,0.9490037,0.9478374,0.94218993,0.93450373,0.92922956,0.91764367,0.9260033,0.91178495,0.89310664,0.86146194,1.0,1.0,1.0,1.0,1.0,0.93750405,0.93750405,0.9456536,0.9456536,0.96460277,1.0,1.0,1.0,1.0,1.0,0.6,0.8,0.2,0.46666667,0.38333333,0.4,0.2,0.8,0.53333336,0.6166667,0.5054398,0.4893174,0.6149353,0.7409231,0.52105284,0.50644743,0.617864,0.660774,0.662178,0.3962532,0.4,0.4,0.55,0.53333336,0.5,0.6,0.5,0.4,0.43333334,0.48333332,-0.2,-0.1,0.15,0.1,0.016666668,0.7408916,0.68413913,0.66232646,0.643837,0.5122357,0.2591084,0.3158609,0.33767352,0.356163,0.4877643,0.48178318,0.3682782,0.32465297,0.287674,0.02447141,0.73170024,0.7319683,0.64455557,0.57184887,0.46531773,0.23106769,0.17360137,0.16599803,0.18097883,0.18234305,1.3107717,1.1966215,1.2187307,1.2531818,1.2338479,0.65441823,0.6146203,0.5774204,0.5557145,0.5432264,0.34558177,0.38537967,0.42257962,0.4442855,0.45677358,0.30883646,0.22924063,0.15484078,0.11142897,0.08645283
SH601899,0.09685411822180406,0.75,,2026-05-26,0.05584087,0.062901154,0.8877559,0.0025673322,0.040815342,0.0044929534,0.07142879,0.05776649,0.9183693,0.94711244,1.0024315,0.9428571,0.98089033,0.947214,1.0511101,1.045664,1.0304426,1.2045803,0.94587344,0.96682024,1.0010264,1.0195084,1.041847,0.034155287,0.044348773,0.048144136,0.048533197,0.07084359,0.01938277,-0.007391888,-0.005636734,-0.0039832923,-0.0025792278,0.805111,0.254659,0.47977358,0.5220453,0.40427613,0.015360999,0.06644325,0.05252262,0.03824933,0.034240223,1.0024315,1.0714171,1.0739075,1.0942975,1.2431637,0.9082416,0.9082416,0.9082416,0.9082416,0.905771,0.9623516,1.0037705,1.0437927,1.057813,1.0845971,0.92132384,0.93760645,0.9505656,0.9648931,0.984639,1.0,0.8,0.4,0.26666668,0.28333333,0.9741846,0.5623296,0.5538762,0.49317658,0.27928573,1.0,0.1,0.5,0.13333334,0.05,0.6,0.8,0.9,0.93333334,0.3,0.4,-0.7,-0.4,-0.8,-0.25,0.7659049,0.27609247,0.2053973,0.05577554,-0.07390868,-0.10274421,-0.049327236,0.22522724,0.28993347,0.12660138,0.6,0.4,0.45,0.46666667,0.43333334,0.4,0.6,0.55,0.53333336,0.56666666,0.2,-0.2,-0.1,-0.06666667,-0.13333334,0.7128382,0.39015615,0.4442551,0.47234908,0.42105836,0.28716183,0.60984385,0.5557449,0.5276509,0.57894164,0.42567635,-0.21968769,-0.11148975,-0.055301834,-0.1578833,0.72384036,0.70386755,0.6896113,0.66220695,0.66848946,0.1590156,0.18087943,0.16538453,0.16321743,0.21019763,0.81568545,0.93497103,0.9059688,0.9708695,1.0802023,0.86958605,0.5143389,0.52695376,0.55306745,0.5149719,0.13041396,0.4856611,0.47304627,0.44693255,0.48502806,0.73917204,0.028677821,0.05390748,0.10613489,0.029943863
SZ300347,0.09417505896558992,1.0,,2026-05-26,-0.037673667,0.05509772,-0.6837609,0.00047089678,0.008546574,0.01695316,0.30769256,-0.021191405,-0.38461488,1.0391486,1.0396379,0.98238313,0.99505734,1.1159791,1.260829,1.3729014,1.3653169,1.499152,1.0562782,1.1044307,1.2190262,1.2840909,1.3120588,0.047410656,0.064096786,0.1321265,0.14299692,0.11730605,-0.027430208,-0.020529257,-0.021963973,-0.015292312,-0.0037974156,0.8368475,0.9403412,0.967186,0.8863284,0.31962097,-0.0014178171,-0.012049034,-0.01036848,-0.062352322,-0.200035,1.1492504,1.2282808,1.4558398,1.4903314,1.5033047,0.98238313,0.98238313,0.98238313,0.98238313,0.98238313,1.1012063,1.1499952,1.3546375,1.4106299,1.4038152,1.0279905,1.0353845,1.1097132,1.1257665,1.2230471,0.2,0.1,0.05,0.033333335,0.016666668,0.10557402,0.07164301,0.03720901,0.034682374,0.033818625,0.4,0.2,0.15,0.13333334,0.016666668,1.0,1.0,1.0,1.0,1.0,-0.6,-0.8,-0.85,-0.8666667,-0.98333335,-0.6145704,0.16977467,-0.14367472,-0.35800776,-0.41761723,-0.43772075,-0.4951516,-0.29299176,-0.066003114,-0.033442676,0.2,0.1,0.2,0.26666668,0.33333334,0.8,0.9,0.8,0.73333335,0.6666667,-0.6,-0.8,-0.6,-0.46666667,-0.33333334,0.09823072,0.049027976,0.17737265,0.29697958,0.3532819,0.9017693,0.950972,0.82262737,0.70302045,0.64671814,-0.80353856,-0.90194404,-0.64525473,-0.40604085,-0.29343623,0.9581711,1.0519692,0.92381454,0.81623715,0.68734574,0.448115,0.57716286,0.4502448,0.40746525,0.34478912,1.4258223,1.2600719,1.2111316,1.221863,1.2643179,0.5639987,0.537154,0.5307884,0.5223516,0.51761043,0.4360013,0.46284595,0.46921158,0.4776484,0.48238957,0.1279974,0.07430809,0.06157687,0.044703193,0.03522085
SH601100,0.09118492999849846,0.875,,2026-05-26,-0.006901973,0.03946555,-0.17488603,0.019024955,0.4820649,0.0135386195,0.34304908,-0.012388309,-0.31390187,1.0069499,1.0261071,0.9863673,1.0084538,1.0011476,1.002395,0.89299434,0.9017265,1.0260965,1.0103338,1.0063844,0.97829574,0.95739734,0.94047993,0.02062816,0.020933205,0.051207434,0.052651837,0.05814507,-0.0034204843,0.001445977,0.0066032126,0.004686378,0.0008367864,0.068737574,0.04373839,0.5819861,0.61397296,0.0631689,-0.0034928387,-0.012891299,-0.04102625,-0.0253498,0.034834888,1.0589749,1.0589749,1.0589749,1.0589749,1.0589749,0.9835195,0.97140145,0.8388983,0.8388983,0.7939014,1.0214809,1.0196447,1.012145,1.0104436,1.0026295,0.99780947,0.99281967,0.9355471,0.90278924,0.89267004,0.4,0.4,0.5,0.6666667,0.76666665,0.21841383,0.32656667,0.73202574,0.73202574,0.77751505,0.4,0.7,0.85,0.9,0.95,0.2,0.2,0.05,0.36666667,0.31666666,0.2,0.5,0.8,0.53333336,0.6333333,-0.36268905,0.5129698,-0.19056788,-0.013701738,-0.15618393,-0.55935836,0.54008055,0.44018736,0.3576272,0.13547118,0.8,0.5,0.6,0.53333336,0.46666667,0.2,0.5,0.4,0.46666667,0.51666665,0.6,0.0,0.2,0.06666667,-0.05,0.49461854,0.4948355,0.6260803,0.5833721,0.4889602,0.50538146,0.5051645,0.3739197,0.41662788,0.5110398,-0.010762958,-0.01032899,0.2521606,0.16674425,-0.022079606,0.9300217,0.88680047,1.016239,0.95774406,0.9044732,0.21355332,0.3025266,0.38747832,0.36449963,0.42726675,1.0842943,1.2021588,1.4842515,1.4713454,1.5997593,0.6776726,0.55060816,0.5073569,0.52333736,0.5110028,0.32232738,0.44939187,0.49264315,0.47666267,0.4889972,0.35534528,0.101216264,0.0147137325,0.046674687,0.022005599
SZ000002,0.08952265932839294,1.0,,2026-05-26,-0.020231195,0.034682125,-0.58333206,0.0057803984,0.16666794,0.008670531,0.25,-0.017341062,-0.5,1.020649,1.0265487,0.99115044,1.0043848,1.0943862,1.2094386,1.123884,1.1415793,1.474918,1.027134,1.0749197,1.1154802,1.1293938,1.2086456,0.02240246,0.0581062,0.06431643,0.05659653,0.116095364,-0.0117958365,-0.018592006,-0.006775645,-0.003970291,-0.005867027,0.6931163,0.938467,0.38844138,0.38138774,0.7789441,-0.0035423248,0.008744383,-0.051111586,-0.0718246,-0.03556828,1.091432,1.2094345,1.2271377,1.2271377,1.4749125,0.99115044,0.99115044,0.99115044,0.99115044,0.99115044,1.0359849,1.1203448,1.1775773,1.1746225,1.371668,1.01652,1.0230007,1.0554466,1.0926167,1.123884,0.2,0.1,0.05,0.033333335,0.016666668,0.08824722,0.040541515,0.037500188,0.037500188,0.018293226,0.2,0.1,0.5,0.6666667,0.016666668,1.0,1.0,1.0,1.0,1.0,-0.8,-0.9,-0.5,-0.33333334,-0.98333335,-0.0039898576,0.33835447,0.5284137,0.21860468,0.12139241,-0.5151694,-0.50615954,0.25898346,0.33883122,0.10132406,0.2,0.2,0.45,0.4,0.38333333,0.8,0.8,0.55,0.56666666,0.56666666,-0.6,-0.6,-0.1,-0.16666667,-0.18333334,0.07893956,0.072276466,0.34328666,0.35883325,0.28982985,0.92106044,0.9277235,0.6567133,0.64116675,0.71017015,-0.8421209,-0.85544705,-0.31342664,-0.2823335,-0.42034033,0.88612086,0.94056827,1.0043133,0.92260367,0.91732806,0.15821116,0.15580969,0.26446277,0.28682438,0.32603362,0.7514881,0.5645918,0.7264492,0.8947654,1.2211281,0.61307174,0.40127322,0.5183608,0.52329105,0.46746647,0.3869283,0.59872675,0.4816392,0.47670895,0.5325335,0.22614343,-0.19745353,0.036721587,0.046582084,-0.06506706
SZ000895,0.08943828691679122,1.0,,2026-05-26,-0.026984168,0.03373016,-0.80000114,0.0,0.0,0.0067459936,0.19999886,-0.020238174,-0.6000023,1.0277325,1.0277325,0.9930669,1.0074769,1.0717794,1.0950179,1.1509886,1.0990218,1.0387447,1.0458359,1.0635778,1.0943183,1.1075875,1.1012241,0.027040092,0.026638322,0.03961559,0.038064808,0.033920076,-0.014642059,-0.0076899794,-0.006439334,-0.0035560178,0.00013978407,0.7330405,0.7639203,0.9247358,0.67636675,0.005179663,-0.016551787,-0.02897292,-0.033144645,-0.05602523,-0.1053477,1.0938023,1.1003275,1.1684358,1.1743836,1.1743836,0.9930669,0.9930669,0.9930669,0.9930669,0.9930669,1.0587251,1.084011,1.1302541,1.1412253,1.1304412,1.0394711,1.0519476,1.0685158,1.0730783,1.0730783,0.2,0.1,0.05,0.033333335,0.016666668,0.06882464,0.06463769,0.039534256,0.038237385,0.038237385,0.2,0.2,0.2,0.26666668,0.6333333,1.0,1.0,1.0,1.0,1.0,-0.8,-0.8,-0.8,-0.73333335,-0.36666667,-0.9575715,-0.69068086,0.034712162,-0.038999904,0.10563794,-0.9369406,-0.8355984,-0.3464,-0.06463838,-0.1089372,0.2,0.2,0.3,0.36666667,0.46666667,0.6,0.7,0.65,0.6,0.51666665,-0.4,-0.5,-0.35,-0.23333333,-0.05,0.041644026,0.10510025,0.19222575,0.35509196,0.47149447,0.95835596,0.8948997,0.80777425,0.6449081,0.5285055,-0.9167119,-0.7897995,-0.6155485,-0.2898161,-0.057011046,0.4887868,0.44127145,0.48150885,0.46243167,0.4650976,0.2861247,0.2014529,0.16482899,0.1477352,0.14408039,1.819369,2.0081785,1.6227832,1.5752889,1.3977399,0.96178347,0.7569264,0.6162702,0.58289313,0.5431877,0.038216546,0.24307361,0.3837298,0.41710687,0.45681232,0.9235669,0.5138528,0.23254041,0.16578628,0.08637534
SZ300628,0.08893527418369113,1.0,,2026-05-26,-0.00967575,0.039225914,-0.24666731,0.008891226,0.22666715,0.020658936,0.52666557,0.0020919607,0.053331092,1.0097703,1.0187484,0.9791392,0.9949758,1.0250883,1.0200733,0.98442084,0.90784043,0.9712123,1.0056534,1.013047,0.99983007,0.98354113,0.9422328,0.017043762,0.01948756,0.023659028,0.033087414,0.054352693,-0.0050189556,-0.0038059824,0.0020361727,0.0029889755,0.0020404905,0.2167883,0.34964722,0.2592408,0.6324422,0.42985988,0.004384554,0.0040799663,-0.019173682,-0.026881283,-0.00242726,1.050176,1.0517585,1.0517585,1.0517585,1.0517585,0.9772932,0.9772932,0.9590754,0.9091623,0.82941127,1.0098765,1.0274147,1.0246611,1.0090896,0.993401,0.99741304,0.9991012,0.9787206,0.95003974,0.8930011,0.4,0.3,0.55,0.7,0.85,0.31155217,0.3049313,0.44155428,0.6370276,0.7672178,0.4,0.1,0.55,0.7,0.85,0.6,0.8,0.35,0.033333335,0.36666667,-0.2,-0.7,0.2,0.6666667,0.48333332,-0.56937253,0.300399,0.3184954,0.47470292,0.4747693,-0.80049753,-0.056007873,0.21944606,0.61801594,0.38294163,0.6,0.5,0.55,0.53333336,0.53333336,0.4,0.5,0.4,0.4,0.43333334,0.2,0.0,0.15,0.13333334,0.1,0.33447954,0.44677016,0.5279099,0.60582757,0.51771456,0.6655204,0.55322987,0.4720901,0.39417243,0.4822854,-0.33104092,-0.10645969,0.055819802,0.21165517,0.03542917,0.9157631,0.9789159,1.0142884,1.0247617,0.9394128,0.18523015,0.21694578,0.22368398,0.40494287,0.37626296,1.3810581,0.8697192,1.1118371,1.5267396,1.4514784,0.51007664,0.48684293,0.44294772,0.525386,0.5046408,0.4899234,0.51315707,0.5570523,0.47461402,0.49535918,0.020153243,-0.026314141,-0.11410457,0.050771978,0.0092816055
SH601872,0.08833146756670567,0.875,,2026-05-26,-0.025959423,0.08408582,-0.30872533,0.027088042,0.32214755,0.031038357,0.36912712,-0.022009108,-0.26174578,1.0266513,1.0544612,0.9681344,1.0059692,1.0126414,1.0306056,1.0149701,1.144378,0.85462415,1.0271457,1.0232868,1.0312376,1.0439122,1.0290364,0.017155183,0.019829048,0.035502475,0.038076,0.06570917,-0.0056220866,-0.0009113075,-6.90363e-05,-0.0018497685,0.0011597162,0.26850006,0.019361436,0.00013234446,0.18290849,0.095006034,-0.01590156,-0.0191859,-0.030581715,-0.017090574,-0.06324804,1.129845,1.129845,1.1508486,1.1508486,1.2346047,0.9681344,0.9503574,0.9503574,0.9503574,0.8476575,1.034531,1.0429142,1.0509648,1.0737858,1.0737858,1.021823,1.0085163,1.007984,1.0122422,0.973187,0.2,0.2,0.2,0.13333334,0.33333334,0.19705305,0.27657968,0.24760503,0.24760503,0.39370355,0.8,0.9,0.4,0.6,0.45,1.0,0.4,0.7,0.8,0.016666668,-0.2,0.5,-0.3,-0.2,0.43333334,-0.5809606,-0.12879704,0.6531066,0.5510772,0.14044464,-0.2901728,-0.20976658,0.2080546,0.18192896,0.39269042,0.6,0.5,0.4,0.4,0.41666666,0.4,0.4,0.55,0.56666666,0.56666666,0.2,0.1,-0.15,-0.16666667,-0.15,0.4233871,0.41221356,0.48492962,0.40734416,0.53423154,0.5766129,0.58778644,0.5150704,0.59265584,0.46576846,-0.15322575,-0.17557286,-0.030140767,-0.1853117,0.06846307,0.8693224,0.83530533,0.90390974,0.9266992,1.1356624,0.225172,0.19965647,0.2907402,0.26831335,0.40714544,0.69654834,0.6500647,1.0526248,0.96446353,1.1516759,0.653841,0.54826105,0.51964295,0.48896518,0.49377406,0.34615898,0.45173895,0.48035705,0.5110348,0.50622594,0.30768207,0.09652208,0.0392859,-0.022069609,-0.012451882
SH600900,0.08768437888892669,0.875,,2026-05-26,0.018004594,0.021005204,0.8571492,0.00037503254,0.017854268,0.0026255776,0.12499653,0.02025514,0.96429145,0.9823138,1.0003684,0.9797347,0.99622655,1.0040816,0.9963071,0.99300295,0.97240037,0.9568513,0.9869582,0.9913022,0.99231774,0.98885643,0.99179137,0.00861593,0.008100062,0.00782859,0.00979441,0.0125507945,0.0018075753,-0.000895831,-8.103185e-05,0.0005388121,-7.873377e-05,0.11003442,0.112121,0.003749837,0.2345415,0.012002713,0.009426655,0.012729045,0.008452063,0.0033307686,0.010531299,1.005158,1.0077662,1.0102929,1.0102929,1.0188041,0.97640926,0.97640926,0.97640926,0.96683705,0.9554221,0.99292517,0.9967346,0.9973566,0.9963848,1.0022935,0.98157436,0.9826239,0.984412,0.97854227,0.9793197,1.0,0.9,0.85,0.9,0.71666664,0.82058525,0.7523271,0.6962291,0.76314205,0.7033214,0.2,0.5,0.25,0.5,0.25,0.6,0.8,0.9,0.06666667,0.016666668,-0.4,-0.3,-0.65,0.43333334,0.23333333,0.89201814,0.8215143,0.71635795,0.69915366,0.3352709,0.8939348,0.85966164,0.8833235,0.75126886,0.35640994,0.4,0.4,0.45,0.5,0.48333332,0.6,0.6,0.55,0.43333334,0.46666667,-0.2,-0.2,-0.1,0.06666667,0.016666668,0.45643184,0.5255378,0.5290322,0.5795963,0.5627473,0.54356813,0.4744622,0.4709678,0.4204037,0.43725273,-0.08713632,0.0510756,0.058064394,0.15919262,0.12549454,0.71740466,0.7478112,0.6707469,0.61032796,0.62402403,0.19293627,0.18353297,0.2243065,0.20557342,0.23519962,0.8423018,0.9725713,1.3166646,1.3288478,1.3263583,0.47032276,0.5874694,0.55999774,0.560655,0.5199756,0.5296772,0.41253057,0.44000223,0.43934497,0.48002443,-0.059354465,0.17493886,0.119995505,0.12131004,0.03995115
SZ000938,0.08706485612688777,1.0,,2026-05-26,-0.052459054,0.07573775,-0.6926408,0.0,0.0,0.023278696,0.30735922,-0.02918036,-0.38528156,1.0553634,1.0553634,0.9754325,1.0009583,1.1242609,1.0619366,1.0795774,0.93496174,0.8747698,1.0467966,1.0814675,1.0940826,1.0564973,0.9663468,0.04720214,0.049314823,0.040367212,0.06765761,0.10484214,-0.016719988,-0.013014706,-0.003507315,0.0043632747,0.005206162,0.31368124,0.6384476,0.26421657,0.32232463,0.752079,-0.013356605,-0.022901325,-0.060763113,-0.11976487,-0.11992861,1.144673,1.1934624,1.1934624,1.1934624,1.1934624,0.9754325,0.9754325,0.9754325,0.925274,0.8037999,1.0821557,1.1165068,1.1223224,1.1139866,1.097509,1.0096928,1.0290201,1.0716294,0.9761365,0.8698556,0.2,0.1,0.05,0.3,0.65,0.1451632,0.112679444,0.112679444,0.27863252,0.5035129,0.2,0.2,0.6,0.73333335,0.8666667,1.0,1.0,1.0,0.033333335,0.13333334,-0.8,-0.8,-0.4,0.7,0.73333335,-0.76882577,-0.020155905,0.10277072,0.5779806,0.83172446,-0.6819541,-0.41315934,-0.20704429,0.2768087,0.43562663,0.4,0.4,0.45,0.5,0.53333336,0.6,0.6,0.55,0.5,0.46666667,-0.2,-0.2,-0.1,0.0,0.06666667,0.24960937,0.41960242,0.43590945,0.536118,0.53966844,0.75039065,0.58039755,0.56409055,0.46388203,0.4603316,-0.50078124,-0.16079515,-0.12818111,0.072235934,0.07933682,0.88914657,0.9721856,1.0274701,0.96380675,0.70139134,0.22567882,0.2187385,0.20211667,0.28967658,0.3615215,0.92659026,0.99624014,0.96220404,1.0569495,1.196927,0.51164573,0.49311507,0.4500504,0.5134427,0.5322253,0.48835427,0.50688493,0.5499496,0.48655733,0.46777472,0.023291493,-0.013769895,-0.099899165,0.026885351,0.06445057
SH600522,0.08129871724403177,0.875,,2026-05-26,-0.03619045,0.06642857,-0.5448024,0.0011904774,0.017921163,0.029047647,0.4372764,-0.008333281,-0.12544723,1.0375494,1.0387845,0.9698616,1.0011711,1.100558,1.0889298,0.8416582,0.7757099,0.61956733,1.0597905,1.0664376,0.9945625,0.9124419,0.8073114,0.04622961,0.039221186,0.1063028,0.15061629,0.15258203,-0.02191496,-0.0041461405,0.01397078,0.015714541,0.0073308824,0.561799,0.10243727,0.6045329,0.84364784,0.7040533,-0.01596063,-0.04777996,-0.12728491,-0.14030276,-0.023572432,1.1709687,1.1709687,1.1709687,1.1709687,1.1709687,0.9698616,0.9698616,0.8031126,0.6773727,0.6077103,1.0903814,1.0916513,1.0863787,1.0827227,1.0020782,1.0280617,1.0305853,0.86409545,0.7588971,0.68611485,0.2,0.1,0.4,0.6,0.8,0.14986236,0.14986236,0.53522944,0.6536264,0.69646496,0.2,0.6,0.8,0.8666667,0.93333334,1.0,1.0,0.25,0.16666667,0.3,-0.8,-0.4,0.55,0.7,0.6333333,0.07252972,0.02392561,0.6850917,0.7327517,0.8147777,-0.32427838,-0.14333303,0.39855283,0.3821089,0.40138856,0.4,0.5,0.55,0.53333336,0.55,0.6,0.5,0.45,0.46666667,0.45,-0.2,0.0,0.1,0.06666667,0.1,0.2887017,0.3958401,0.5933489,0.599328,0.60427374,0.7112983,0.6041599,0.40665108,0.40067202,0.3957263,-0.42259654,-0.20831978,0.18669783,0.198656,0.20854743,0.988401,1.0641012,1.0238137,0.94391155,0.7493297,0.14208774,0.14881375,0.22963239,0.26825544,0.29369852,0.5957895,0.73281634,0.7449638,0.7879866,0.9087594,0.43377435,0.36149842,0.5033543,0.52155787,0.52476466,0.56622565,0.6385016,0.4966457,0.47844216,0.47523534,-0.13245133,-0.27700317,0.0067086266,0.04311569,0.049529295
SZ002230,0.08125418199069237,0.875,,2026-05-26,0.01882503,0.04902775,0.38396683,0.017583776,0.3586495,0.012618944,0.2573837,0.013860196,0.28270105,0.9815228,1.0172589,0.969137,0.9976468,0.9973488,0.99146557,0.9926869,0.958579,1.1394846,0.97656536,0.97974974,0.9897699,0.98725593,1.001091,0.017708998,0.017917871,0.019806642,0.017973436,0.05041356,0.008081622,0.00013016604,-0.0013010286,8.589695e-05,-0.0015498603,0.5206539,0.00048376448,0.15101498,0.0017700886,0.2882639,0.00727138,0.019664489,0.022589909,0.011498535,0.04462991,1.0172589,1.0211058,1.0330851,1.0330851,1.1425298,0.94963247,0.94963247,0.94963247,0.94963247,0.9210044,0.9907417,0.997879,1.0060023,1.0033631,1.0504736,0.9608013,0.9608013,0.9698987,0.9697438,0.95853734,1.0,0.9,0.7,0.76666665,0.6166667,0.74479073,0.7047041,0.6035461,0.6035461,0.35659826,1.0,0.2,0.4,0.6,0.033333335,0.6,0.8,0.9,0.93333334,0.38333333,0.4,-0.6,-0.5,-0.33333334,-0.35,0.53693724,0.2991086,0.18324329,0.29932383,0.3067019,0.2829123,0.15622534,0.2541445,0.30360028,0.33446354,0.6,0.6,0.55,0.6,0.5,0.4,0.4,0.45,0.4,0.5,0.2,0.2,0.1,0.2,0.0,0.51644516,0.52393687,0.5113684,0.5493699,0.4221284,0.48355484,0.47606313,0.4886316,0.45063013,0.5778716,0.03289031,0.047873758,0.022736782,0.09873972,-0.15574321,0.7629529,0.7876162,0.757045,0.67804873,0.59769505,0.17545272,0.13063368,0.15553288,0.17409147,0.1921861,0.56769115,0.6646812,0.799238,0.8877062,1.0238829,0.6233603,0.5670028,0.5702773,0.5674986,0.51045865,0.3766397,0.43299726,0.42972276,0.43250135,0.48954135,0.24672058,0.1340055,0.1405545,0.1349973,0.020917298
SZ002625,0.07795933141722128,0.75,,2026-05-26,-0.022469092,0.05432097,-0.4136357,0.019753104,0.36363682,0.012098773,0.22272749,-0.030123424,-0.55454504,1.0229856,1.0431927,0.98762316,1.0182524,1.0201873,1.0732584,1.0062921,0.96337074,1.2318726,0.9875281,1.0076479,1.0155019,1.0129838,1.0375899,0.025250355,0.030952614,0.03286769,0.028216282,0.07034942,0.008689141,-0.006402905,-0.00089346926,0.00017430943,-0.00242535,0.29604563,0.39225715,0.025863599,0.0029576304,0.36251637,-0.0049063493,0.021165157,-0.0070138904,-0.015511234,0.033957966,1.0611376,1.07348,1.0881612,1.0881612,1.2548642,0.94065136,0.94065136,0.94065136,0.94065136,0.9375987,1.0045992,1.0239999,1.0498502,1.0276254,1.085528,0.9648989,0.98282397,0.98585016,0.98645693,0.9832134,0.8,0.4,0.35,0.3,0.35,0.4925762,0.44680622,0.40233675,0.40233675,0.1966847,0.8,0.2,0.5,0.6666667,0.05,0.8,0.9,0.95,0.96666664,0.46666667,0.0,-0.7,-0.45,-0.3,-0.41666666,0.9063604,0.29704562,0.3937602,0.34734514,0.038233537,0.8299596,0.7413031,0.57502466,0.6090595,0.18160771,0.4,0.3,0.5,0.5,0.43333334,0.6,0.7,0.45,0.46666667,0.55,-0.2,-0.4,0.05,0.033333335,-0.11666667,0.42913502,0.33518702,0.4916468,0.5354914,0.40039897,0.570865,0.664813,0.5083532,0.46450856,0.59960103,-0.14172997,-0.32962593,-0.016706401,0.07098286,-0.19920206,0.8014433,0.7002547,0.7332937,0.6525924,0.54292077,0.3545823,0.26869592,0.22186777,0.23223045,0.22520456,1.0833204,1.2283593,1.1781197,1.2656642,1.257477,0.6772457,0.5346187,0.5738233,0.5556155,0.5280421,0.32275432,0.46538135,0.42617676,0.4443845,0.4719579,0.35449138,0.0692373,0.14764649,0.11123101,0.05608419
SH688036,0.07477485488013183,1.0,,2026-05-26,0.0038301772,0.033833332,0.11320721,0.023619527,0.6981141,0.006383629,0.18867868,-0.013405721,-0.39622822,0.9961844,1.0235294,0.9898252,1.0080833,1.03463,0.9136677,0.85352606,0.8176351,0.9128916,1.0015714,0.9834999,0.9444854,0.90672874,0.88468975,0.009029682,0.03510772,0.048878107,0.06789459,0.0579674,0.00084391935,0.008676735,0.007381971,0.0073706447,0.0017408399,0.021837205,0.55991083,0.79833275,0.91336066,0.2750742,-0.0032592863,-0.022545176,-0.014614144,-0.013603118,0.06395545,1.0344535,1.0358837,1.0358837,1.0358837,1.0358837,0.96934724,0.9043828,0.83763963,0.7999185,0.79612994,1.0074304,1.0074304,1.0012804,0.9802115,0.9217189,0.99728394,0.94759923,0.90565526,0.828189,0.8323601,0.4,0.6,0.8,0.8666667,0.93333334,0.4708109,0.72712207,0.8189924,0.8479281,0.85033107,0.2,0.5,0.75,0.8333333,0.9166667,0.8,0.1,0.1,0.06666667,0.3,-0.6,0.4,0.65,0.76666665,0.6166667,-0.34215537,0.31454414,0.44661438,0.7252328,0.6719335,-0.03403309,0.43361714,0.70551395,0.7059491,0.57937217,0.4,0.7,0.55,0.56666666,0.46666667,0.6,0.3,0.45,0.43333334,0.53333336,-0.2,0.4,0.1,0.13333334,-0.06666667,0.27547157,0.7179236,0.71327686,0.6902064,0.53959435,0.72452843,0.28207642,0.2867231,0.30979356,0.46040565,-0.44905686,0.43584716,0.4265538,0.38041288,0.07918873,1.3983018,1.5929421,1.4676226,1.2494845,1.1017351,0.33644736,0.5200649,0.53981394,0.5749003,0.5059266,0.83170044,1.1687812,1.243208,1.331704,1.5059661,0.19322085,0.5129168,0.50216514,0.50991434,0.5106867,0.80677915,0.48708317,0.49783483,0.4900857,0.4893133,-0.6135583,0.025833657,0.0043303133,0.019828627,0.021373387
SH601995,0.07351801172118567,1.0,,2026-05-26,0.00673108,0.024875607,0.27058956,0.010828184,0.43529323,0.007316344,0.29411718,0.0032192399,0.12941352,0.9933139,1.0107558,0.9860465,0.999821,0.9994351,1.0096018,0.99322224,0.94351876,1.0160971,0.9917537,0.99192315,0.99539673,0.9905394,0.98192126,0.008517736,0.011546235,0.010741247,0.012359906,0.022549156,-0.00016943642,-0.0006093115,-0.00028920075,0.000671806,0.0001672545,0.0009892482,0.025527572,0.025372162,0.22895974,0.016780114,0.00858516,0.010818746,0.0073506553,-0.00028055496,0.013144718,1.0159199,1.0159199,1.0159199,1.0159199,1.0230787,0.97822976,0.96990824,0.96990824,0.95048946,0.92792004,0.9990963,0.99954814,1.0022027,1.000113,0.99954814,0.9865574,0.978876,0.98689634,0.978876,0.95583165,1.0,0.9,0.7,0.8,0.825,0.5776107,0.65400285,0.65400285,0.7566895,0.7574714,0.4,0.7,0.85,0.9,0.06666667,0.6,0.4,0.7,0.033333335,0.46666667,-0.2,0.3,0.15,0.8666667,-0.4,0.31805283,0.21468253,0.38206878,0.35390976,0.5320628,0.3148483,0.37886575,0.45925543,0.5426627,0.31831568,0.4,0.4,0.45,0.53333336,0.45,0.6,0.6,0.5,0.43333334,0.51666665,-0.2,-0.2,-0.05,0.1,-0.06666667,0.50684977,0.45303884,0.51929265,0.6190476,0.48296478,0.49315023,0.5469611,0.48070732,0.3809524,0.5170352,0.013699558,-0.093922295,0.038585357,0.23809521,-0.03407041,0.7783461,0.7168517,0.70963365,0.6682114,0.6356789,0.2379702,0.19975215,0.1781332,0.19238392,0.23963183,0.6754801,0.86668825,0.8366088,0.99128187,1.2332078,0.524497,0.54572314,0.53604186,0.5457113,0.50495493,0.47550306,0.45427683,0.46395817,0.4542887,0.49504507,0.048993893,0.09144633,0.07208365,0.09142262,0.009909844
SH601600,0.0726229588098937,0.75,,2026-05-26,0.07946425,0.07946425,1.0,0.0,0.0,0.0,0.0,0.07946425,1.0,0.92638546,1.0,0.92638546,0.96525156,0.88543254,0.9658573,0.9840668,1.0561457,1.1191199,0.9276176,0.92405164,0.95299697,0.97508854,1.0149343,0.041479442,0.04266506,0.04293374,0.048781157,0.09039934,0.019271616,-1.3797748e-05,-0.004552925,-0.004412761,-0.003728253,0.5396479,9.587008e-07,0.3935968,0.6341885,0.51877624,0.033839148,0.07601047,0.09025579,0.08889648,0.09504919,1.0,1.0085323,1.0118537,1.0591806,1.2577502,0.8832474,0.85564226,0.85564226,0.85564226,0.85564226,0.93808806,0.9647952,0.98846745,1.008346,1.1150228,0.906525,0.8945372,0.9080425,0.92003036,0.9429439,1.0,1.0,0.95,0.7,0.56666666,1.0,0.9441934,0.9241178,0.709241,0.35900247,1.0,0.2,0.35,0.16666667,0.1,0.2,0.5,0.75,0.8333333,0.9166667,0.8,-0.3,-0.4,-0.6666667,-0.81666666,0.86107033,0.49824715,0.12099346,0.12662493,0.5293096,0.8213579,0.62048906,0.59202087,0.5472012,0.5773841,0.6,0.5,0.4,0.33333334,0.43333334,0.4,0.5,0.6,0.6666667,0.56666666,0.2,0.0,-0.2,-0.33333334,-0.13333334,0.841629,0.5550122,0.5165354,0.45916116,0.46481398,0.158371,0.44498777,0.4834646,0.54083884,0.535186,0.683258,0.11002444,0.03307082,-0.08167766,-0.07037202,0.5354828,0.49755597,0.45417175,0.45240995,0.5543096,0.26678744,0.1928668,0.15179369,0.13279052,0.19894047,1.5099514,1.3814282,1.5062973,1.4109974,1.0162519,0.83524674,0.72945064,0.6249244,0.5331905,0.52299815,0.16475324,0.27054933,0.37507558,0.4668095,0.47700185,0.6704935,0.45890132,0.24984884,0.06638101,0.045996334
SH603993,0.07056761866680558,0.875,,2026-05-26,0.063641146,0.08607201,0.7393942,0.0036515263,0.042424083,0.018779343,0.21818174,0.07876896,0.91515183,0.9401667,1.003433,0.922511,0.9709512,0.8916256,1.0093197,0.9495407,0.93782455,1.1501797,0.92067635,0.9331913,0.9442684,0.9526383,0.96036035,0.054510534,0.05526575,0.04593176,0.041783746,0.08847662,0.03217948,-0.004270099,-0.0011111526,-0.0012764661,-0.0019859064,0.8712387,0.054723673,0.020482799,0.07232784,0.1536598,0.0149647165,0.08602414,0.06628756,0.06587043,0.098223895,1.003433,1.0521195,1.0521195,1.0521195,1.220273,0.861714,0.861714,0.861714,0.861714,0.8004755,0.958887,0.98668617,0.9848223,0.9909999,1.0101185,0.8776994,0.8894687,0.9047264,0.91231525,0.877007,1.0,0.9,0.9,0.93333334,0.78333336,0.9757757,0.72627085,0.72627085,0.72627085,0.47528753,1.0,0.1,0.55,0.7,0.05,0.2,0.6,0.8,0.8666667,0.3,0.8,-0.5,-0.25,-0.16666667,-0.25,0.96799,0.7189531,0.6897727,0.3488137,0.14812905,0.59920275,0.30219552,0.34136042,0.2699528,0.1823052,0.6,0.4,0.5,0.5,0.41666666,0.4,0.6,0.5,0.5,0.5833333,0.2,-0.2,0.0,0.0,-0.16666667,0.8358086,0.48541677,0.54661745,0.5462835,0.45073375,0.16419142,0.51458323,0.45338252,0.45371655,0.5492663,0.67161715,-0.029166479,0.093234934,0.09256692,-0.0985325,0.6814568,0.69268394,0.6882551,0.6566853,0.7107308,0.18770559,0.18115479,0.16764936,0.1723327,0.22556043,0.72814125,0.7124944,0.7180609,0.8552841,1.031931,0.91171336,0.5097043,0.55303127,0.53586143,0.50872874,0.08828662,0.4902957,0.44696873,0.46413857,0.49127123,0.8234268,0.019408602,0.10606253,0.07172286,0.017457543
SH600741,0.06806060352459921,0.75,,2026-05-26,0.0,0.022968208,0.0,0.01884573,0.8205137,0.0041224784,0.17948629,-0.014723252,-0.6410274,1.0,1.0188457,0.9958775,1.0028245,1.0247356,1.065958,1.199055,1.2108372,1.1413456,1.0047109,1.0237916,1.0687568,1.1141533,1.1148018,0.007825715,0.022987276,0.05836613,0.08070277,0.064056195,-0.0040641977,-0.007402472,-0.009508367,-0.008912007,-0.0009908404,0.67428213,0.95058274,0.9288767,0.945096,0.07297682,0.0034174982,0.00951958,0.02157261,0.015070811,-0.08557201,1.0294486,1.0759696,1.2078958,1.2226142,1.2226142,0.9941109,0.9941109,0.9941109,0.9941109,0.9941109,1.0064788,1.0433427,1.10483,1.2036499,1.1848084,0.9997638,1.0023545,1.0153139,1.0322713,1.0591309,0.4,0.2,0.1,0.06666667,0.033333335,0.16665311,0.07194274,0.027547045,0.02577268,0.02577268,0.2,0.1,0.05,0.16666667,0.5833333,0.6,0.8,0.9,0.93333334,0.96666664,-0.4,-0.7,-0.85,-0.76666665,-0.38333333,-0.61317265,-0.22749534,-0.36223754,-0.64370304,-0.11842823,-0.3926502,-0.19960403,-0.4369917,-0.26656473,0.074763924,0.4,0.2,0.1,0.2,0.35,0.6,0.8,0.9,0.8,0.65,-0.2,-0.6,-0.8,-0.6,-0.3,0.062654436,0.025493186,0.008745456,0.13173209,0.40551394,0.93734556,0.9745068,0.99125457,0.8682679,0.59448606,-0.8746911,-0.94901365,-0.9825091,-0.7365358,-0.18897213,0.6348634,0.5961655,0.60893923,0.53217286,0.46017238,0.24663317,0.17170855,0.19178852,0.19363096,0.2438259,1.248873,0.80403626,1.0887575,1.1442544,2.163817,0.6916265,0.6195592,0.5891165,0.5474282,0.54601866,0.3083735,0.38044077,0.41088352,0.4525718,0.45398137,0.38325298,0.23911844,0.178233,0.0948564,0.09203728
SH601601,0.0677894800983016,1.0,,2026-05-26,0.0018093619,0.034680292,0.052172624,0.025934828,0.74782616,0.0069361012,0.20000124,-0.017189367,-0.4956523,0.9981939,1.025888,0.9912703,1.0051364,1.0147196,1.1203651,1.1125396,1.1525992,1.2677473,0.998025,1.0198808,1.0669183,1.0889324,1.1294392,0.006895969,0.029153178,0.05304831,0.054225378,0.061494257,-0.00031675104,-0.008619451,-0.007818458,-0.0054403665,-0.0030306953,0.0052745515,0.8013069,0.76026875,0.78010464,0.7408244,0.0026085242,0.018906772,0.0073571308,-0.010047066,-0.040033672,1.03784,1.1227925,1.1575722,1.1828259,1.2732391,0.9803923,0.9803923,0.9803923,0.9803923,0.9803923,1.002832,1.0435252,1.1204025,1.1284144,1.1817031,0.992398,0.9986585,1.0051798,1.0185951,1.1007267,0.6,0.3,0.15,0.1,0.05,0.34131408,0.13769458,0.11066569,0.09686005,0.0669556,0.4,0.1,0.25,0.033333335,0.016666668,0.6,0.8,0.9,0.93333334,0.96666664,-0.2,-0.7,-0.65,-0.9,-0.95,-0.37804726,0.50270677,0.18612362,-0.17890632,-0.18261701,-0.15528266,-0.40365493,0.20985141,0.21828103,0.05938625,0.2,0.1,0.2,0.23333333,0.33333334,0.8,0.9,0.8,0.73333335,0.6333333,-0.6,-0.8,-0.6,-0.5,-0.3,0.3212666,0.090101376,0.2817917,0.29349452,0.3682376,0.6787334,0.90989864,0.7182083,0.7065055,0.6317624,-0.35746685,-0.8197973,-0.43641666,-0.41301095,-0.26352474,0.79331976,0.87047035,0.86456776,0.75869423,0.69602674,0.23891285,0.32741702,0.34187424,0.31779182,0.26460844,0.7576899,1.3184639,1.281576,1.3498561,1.1881626,0.58516246,0.5467259,0.5267114,0.51414794,0.5141704,0.4148375,0.4532741,0.4732886,0.48585206,0.48582956,0.17032495,0.093451805,0.053422786,0.028295878,0.028340848
SH600584,0.06742528247776577,0.25,,2026-05-26,0.062530115,0.08481925,0.73721606,0.0,0.0,0.022289136,0.26278394,0.08481925,1.0,0.9411498,1.0,0.9201724,0.96044254,0.68953294,0.6263785,0.5035678,0.47521085,0.5320406,0.84884167,0.7521083,0.6510333,0.60031044,0.54602873,0.10588247,0.12525816,0.13879846,0.13404681,0.112531535,0.06493837,0.038649775,0.021731665,0.013282626,0.0038507022,0.9403609,0.87275696,0.857995,0.76095086,0.35713398,0.02128161,0.07396775,0.1425159,0.20709147,0.34037557,1.0,1.0,1.0,1.0,1.0,0.67774266,0.603241,0.48861086,0.48192227,0.43111968,0.9272357,0.8429154,0.75228435,0.6670327,0.583528,0.7564962,0.6569642,0.5235057,0.5020758,0.47585952,1.0,1.0,1.0,1.0,1.0,1.0,1.0,1.0,1.0,1.0,1.0,1.0,1.0,1.0,1.0,0.2,0.1,0.2,0.06666667,0.45,0.8,0.9,0.8,0.93333334,0.55,0.43354392,0.79338735,0.8460031,0.852145,0.8584571,-0.03424827,0.51854503,0.28644186,0.3523981,0.3907487,1.0,0.9,0.8,0.73333335,0.6166667,0.0,0.1,0.2,0.26666668,0.38333333,1.0,0.8,0.6,0.46666667,0.23333333,1.0,0.919079,0.8962865,0.8690934,0.71456796,0.0,0.08092098,0.10371354,0.13090658,0.28543204,1.0,0.838158,0.7925729,0.73818684,0.42913592,0.8830068,0.76989543,0.5730541,0.44267428,0.31987694,0.07685886,0.14231598,0.24522877,0.2739434,0.2367361,0.5103864,0.699517,0.99642056,1.2963777,1.595072,0.7953887,0.675805,0.73711735,0.68942666,0.59459186,0.2046113,0.32419506,0.26288262,0.31057334,0.40540814,0.5907774,0.35160992,0.47423473,0.37885332,0.18918371
SZ000425,0.06709048702789444,0.875,,2026-05-26,-0.015368798,0.037909765,-0.40540472,0.0092213,0.2432434,0.0133196665,0.3513519,-0.011270431,-0.29729626,1.0156087,1.0249739,0.9864724,1.0009389,0.9781537,1.0894939,1.0197611,1.1030234,1.3111316,1.000417,1.0188347,1.0383459,1.0456117,1.0979006,0.010732857,0.040735554,0.0437383,0.040347073,0.08739046,0.0046843872,-0.008834864,-0.0028375767,-0.0021280388,-0.003994285,0.47622806,0.43118528,0.14731243,0.21559401,0.637162,-0.009785809,0.020922175,-0.011388905,-0.0147552155,0.019930754,1.0478585,1.111332,1.1508884,1.1508884,1.3215374,0.9469284,0.9469284,0.9469284,0.9469284,0.9469284,1.0064591,1.0632689,1.0732536,1.0807554,1.1494361,0.99395794,0.98605347,0.99916595,1.0091555,1.0349587,0.6,0.5,0.25,0.16666667,0.083333336,0.5258255,0.32281289,0.260206,0.260206,0.14167206,0.4,0.1,0.5,0.6666667,0.016666668,0.2,0.6,0.8,0.8666667,0.93333334,0.2,-0.5,-0.3,-0.2,-0.9166667,-0.60877395,-0.4168194,0.28763172,0.037632894,-0.123164706,0.04547809,-0.57646906,-0.043849207,-0.1247669,-0.11421525,0.8,0.5,0.5,0.46666667,0.41666666,0.2,0.5,0.5,0.53333336,0.5833333,0.6,0.0,0.0,-0.06666667,-0.16666667,0.70580333,0.24400192,0.48112273,0.42372462,0.3978148,0.29419664,0.7559981,0.51887727,0.57627535,0.6021852,0.4116067,-0.51199615,-0.037754532,-0.15255076,-0.20437038,1.2050965,1.1854362,1.2670637,1.2188472,1.0695513,0.40395695,0.4062267,0.4820861,0.47940326,0.44709513,0.32153443,1.7290175,1.361746,1.4391137,1.3824137,0.5004333,0.3806204,0.50371224,0.51391345,0.5000825,0.49956667,0.6193796,0.49628773,0.48608655,0.4999175,0.0008666677,-0.2387592,0.007424528,0.027826913,0.00016498058
SZ002179,0.06642612991704301,0.75,,2026-05-26,-0.023980204,0.0729295,-0.32881352,0.03584668,0.49152508,0.013102615,0.1796614,-0.046724267,-0.6406772,1.0245694,1.0612968,0.9865755,1.0194489,0.9965732,1.0208101,0.8958662,0.9216003,0.88012975,1.022244,1.0133061,0.97226644,0.9502642,0.90990764,0.013902871,0.021765575,0.055642564,0.05543172,0.060770962,-0.006660555,0.00036263673,0.007813996,0.005199245,0.0024778175,0.5737885,0.0025445719,0.6902401,0.68181354,0.50704473,-0.008922887,-0.014938,-0.046499424,-0.025653243,0.016996736,1.0670421,1.0695399,1.0695399,1.0695399,1.0695399,0.98407054,0.9638372,0.85462725,0.85462725,0.8084078,1.0322049,1.0322049,1.0215586,1.0157697,0.95188886,1.0156499,0.9944739,0.91461366,0.90396404,0.86292934,0.2,0.4,0.6,0.73333335,0.8666667,0.19198686,0.34211782,0.676427,0.676427,0.7336983,0.4,0.2,0.6,0.73333335,0.8666667,0.8,0.5,0.1,0.4,0.31666666,-0.4,-0.3,0.5,0.33333334,0.55,-0.09459318,0.49220285,0.6542075,0.7404183,0.7268858,0.22255237,0.2014584,0.70539856,0.69381744,0.66782403,0.4,0.4,0.55,0.43333334,0.46666667,0.6,0.6,0.45,0.56666666,0.53333336,-0.2,-0.2,0.1,-0.13333334,-0.06666667,0.517393,0.4485397,0.61404216,0.5730267,0.55443585,0.48260704,0.55146027,0.38595784,0.42697328,0.44556415,0.034785952,-0.10292056,0.22808434,0.14605345,0.10887168,1.0266871,1.0405805,1.0492042,0.8957403,0.7876095,0.25036913,0.28003508,0.53249764,0.49913487,0.46374378,0.8244083,0.7382859,1.5194073,1.7847509,1.5837048,0.5559087,0.26004586,0.535263,0.47854003,0.516253,0.44409132,0.7399541,0.464737,0.52145994,0.483747,0.111817345,-0.4799083,0.07052601,-0.042919908,0.032506015
SH601238,0.06582467638010764,1.0,,2026-05-26,-0.011146559,0.025477739,-0.4375019,0.009554152,0.375,0.0047770278,0.18749811,-0.015923684,-0.6250038,1.0112722,1.0209341,0.9951691,1.0034066,1.0437111,1.0936664,1.1436218,1.1552186,1.3033006,1.0155219,1.0392507,1.0821142,1.1099019,1.1635,0.009347536,0.030649062,0.04947475,0.05697468,0.07687724,-0.0050847656,-0.009591006,-0.007960803,-0.0061962004,-0.0041421214,0.7397546,0.89764667,0.90618014,0.9166189,0.8854213,-0.005352373,0.003908808,-0.0064866054,-0.02005702,-0.04130733,1.0439643,1.1029571,1.1465175,1.1875336,1.3035293,0.9951691,0.9951691,0.9951691,0.9951691,0.9951691,1.0214095,1.0654773,1.132025,1.1623551,1.251918,1.0107048,1.0198038,1.0214095,1.0421053,1.1209635,0.2,0.1,0.05,0.033333335,0.016666668,0.099003114,0.04481828,0.031918902,0.025113136,0.01566634,0.4,0.1,0.25,0.1,0.016666668,1.0,1.0,1.0,1.0,1.0,-0.6,-0.9,-0.75,-0.9,-0.98333335,0.41934037,0.58730936,-0.1051455,-0.50206804,0.080274135,-0.22874545,-0.5042341,-0.15354505,-0.11269816,0.021266537,0.0,0.2,0.25,0.3,0.38333333,0.6,0.6,0.55,0.56666666,0.55,-0.6,-0.4,-0.3,-0.26666668,-0.16666667,0.0,0.10526264,0.135746,0.21192017,0.27150533,1.0,0.89473736,0.864254,0.7880798,0.72849464,-1.0,-0.7894747,-0.728508,-0.57615966,-0.45698935,1.0707413,1.1671314,1.132265,1.0092582,1.0720762,0.16739368,0.22884992,0.28279427,0.29887474,0.3187023,1.0950863,0.9259785,1.1186881,1.1779426,1.058501,0.5609355,0.3353126,0.50368434,0.51802427,0.46989807,0.43906453,0.6646874,0.49631566,0.48197573,0.53010195,0.121870965,-0.32937482,0.0073686894,0.036048535,-0.060203858
SZ002236,0.06475699011184217,1.0,,2026-05-26,0.0005623522,0.022497186,0.024996556,0.0061867856,0.27500263,0.015748048,0.7000008,0.010123615,0.44999474,0.999438,1.0061833,0.9836988,0.99543697,0.9999432,0.98453027,1.0087522,0.9498398,1.0472959,0.988063,0.98657054,0.99493796,1.0025723,0.98602533,0.013127446,0.015441009,0.015016122,0.024151595,0.038646884,0.004526135,0.000827275,-0.0012264622,-0.001188039,0.00015726905,0.29719022,0.026312364,0.23348598,0.18753028,0.005050767,0.0028847728,0.009706729,0.016713409,0.014654289,0.009335226,1.0186671,1.0186671,1.0384916,1.0671227,1.0671227,0.96085185,0.9580986,0.9580986,0.9459858,0.9002858,0.99775404,0.9999545,1.0074338,1.0184479,1.0088636,0.9802337,0.97274095,0.98243654,0.98243654,0.9524859,1.0,0.9,0.55,0.43333334,0.5833333,0.6771257,0.69180256,0.5212073,0.4458941,0.5976749,0.2,0.6,0.25,0.16666667,0.5833333,0.6,0.4,0.7,0.06666667,0.3,-0.4,0.2,-0.45,0.1,0.28333333,-0.65385437,0.041080434,0.21571808,0.6349677,0.6513543,-0.61439306,0.06162295,0.07829999,0.39787322,0.08884097,0.6,0.6,0.5,0.53333336,0.5,0.4,0.4,0.45,0.43333334,0.46666667,0.2,0.2,0.05,0.1,0.033333335,0.50043696,0.54500943,0.48257437,0.56016356,0.4701776,0.499563,0.4549906,0.51742566,0.43983644,0.5298224,0.00087396917,0.09001882,-0.03485128,0.12032711,-0.059644826,1.0782619,1.1500612,1.2227949,1.3285899,1.0844457,0.12971199,0.16749433,0.26282644,0.42838413,0.45299503,0.73632866,0.6292398,0.77122384,0.91189444,1.1081573,0.3395786,0.28802928,0.49452862,0.5243888,0.4913459,0.6604214,0.7119707,0.50547135,0.47561124,0.5086541,-0.32084277,-0.4239414,-0.010942732,0.048777528,-0.017308176
SZ002415,0.06411996668989131,0.875,,2026-05-26,-0.004665621,0.044167943,-0.105633646,0.021461856,0.48591477,0.018040467,0.4084516,-0.00808701,-0.18309681,1.0046875,1.02625,0.98187494,0.99823445,1.0196875,1.055728,1.0230479,0.9396547,0.97538733,1.0017469,1.0123678,1.0419775,1.0338027,0.9896891,0.011330408,0.018072106,0.037967306,0.035206713,0.052545622,-0.0014364817,-0.0043813633,-0.00439739,-2.203357e-05,0.0020840745,0.040183626,0.53878117,0.46950316,3.0354317e-05,0.47979224,0.0011261002,0.007348244,-0.00020226969,-0.033483267,-0.051169336,1.046874,1.0645965,1.133014,1.133014,1.133014,0.9778025,0.9778025,0.9778025,0.94178474,0.9029877,1.0101888,1.020116,1.0813333,1.0594629,1.0279294,0.99342805,0.99893546,1.0083675,1.0083675,0.9394084,0.6,0.3,0.15,0.16666667,0.5833333,0.32136998,0.2557491,0.14301468,0.30442676,0.4217445,0.2,0.2,0.3,0.53333336,0.76666665,0.6,0.8,0.9,0.033333335,0.31666666,-0.4,-0.6,-0.6,0.5,0.45,-0.06732215,0.502807,0.67639,0.46351394,0.7442099,-0.31103662,-0.09317813,0.4747729,0.5700305,0.31283697,0.4,0.3,0.4,0.43333334,0.45,0.6,0.7,0.6,0.56666666,0.55,-0.2,-0.4,-0.2,-0.13333334,-0.1,0.33512375,0.2657684,0.45522055,0.56777006,0.51667213,0.6648763,0.7342316,0.5447795,0.43222997,0.48332784,-0.32975253,-0.46846315,-0.089558914,0.13554007,0.033344314,0.82853544,0.8842404,1.0053941,1.0510755,0.804988,0.15216166,0.15680592,0.2999448,0.36483565,0.38085523,0.9498086,0.97402817,1.2505438,1.1744924,1.3661176,0.6153417,0.41820073,0.5236206,0.530608,0.50581664,0.3846583,0.58179927,0.47637936,0.469392,0.4941834,0.23068342,-0.16359852,0.04724126,0.061215967,0.0116332285
SH601633,0.06394479248747957,0.875,,2026-05-26,-0.0073947245,0.030716754,-0.24073914,0.01820253,0.5925929,0.0051194993,0.16666798,-0.020477755,-0.666664,1.0074499,1.025788,0.99484235,1.0059558,1.0572954,1.1294559,1.1718862,1.186174,1.2016163,1.0165681,1.0507865,1.0966084,1.129706,1.1564535,0.014913808,0.04163405,0.055478197,0.06627534,0.055877764,-0.009222107,-0.013491821,-0.008948766,-0.0072871954,-0.0021049601,0.95592374,0.9626208,0.910646,0.9369547,0.4328223,0.0018761782,0.009926662,-0.011595153,-0.02404169,-0.09435718,1.0578778,1.12881,1.1689271,1.2348735,1.2348735,0.99484235,0.99484235,0.99484235,0.99484235,0.99484235,1.0251118,1.0946456,1.141319,1.1865203,1.1979218,1.0058883,1.0133641,1.0355029,1.0571799,1.1346514,0.2,0.1,0.05,0.033333335,0.016666668,0.08182132,0.03849914,0.02962718,0.021487366,0.021487366,0.2,0.1,0.05,0.06666667,0.53333336,1.0,1.0,1.0,1.0,1.0,-0.8,-0.9,-0.95,-0.93333334,-0.46666667,-0.49426994,-0.43454364,-0.5363493,-0.45114133,-0.14131643,-0.2382908,-0.6571575,-0.25541046,0.042053334,0.14180724,0.0,0.1,0.1,0.16666667,0.31666666,1.0,0.9,0.85,0.76666665,0.65,-1.0,-0.8,-0.75,-0.6,-0.33333334,0.0,0.0044198944,0.009876554,0.15059589,0.33938837,1.0,0.9955801,0.99012345,0.8494041,0.6606116,-1.0,-0.9911602,-0.9802469,-0.6988082,-0.3212233,0.8431115,0.8235179,0.73524815,0.697194,0.7159445,0.17429912,0.17860241,0.19415456,0.19491014,0.2323373,0.55747026,1.0242786,1.3760781,1.3914733,1.1423571,0.57704526,0.60982597,0.5516996,0.53760135,0.51130277,0.42295474,0.39017406,0.44830042,0.46239862,0.48869726,0.1540905,0.21965191,0.103399135,0.07520273,0.022605484
SH600887,0.06379503306730422,0.75,,2026-05-26,0.010646387,0.019771885,0.53846085,0.0034220407,0.1730761,0.005703458,0.28846303,0.012927804,0.6538478,0.9894658,1.003386,0.9838224,0.9958939,1.0244564,1.0538023,0.950715,0.98269606,0.98946786,1.0002258,1.0185859,1.0145414,0.99790597,0.99260765,0.014130658,0.022761034,0.033456832,0.036690027,0.027888425,-0.005906419,-0.00711409,0.0013530089,0.0024918066,0.00060647656,0.43678102,0.8955013,0.05724001,0.35746562,0.14423805,0.011586997,0.013427533,-0.027394978,-0.034037154,-0.010498693,1.0300972,1.0617005,1.068475,1.068475,1.068475,0.9785567,0.9785567,0.9461999,0.94544786,0.94544786,1.0094806,1.0400319,1.0400319,1.0354402,1.0127932,0.9878115,0.99766773,0.9878115,0.9595949,0.9663667,0.6,0.3,0.35,0.56666666,0.7,0.41604707,0.2579062,0.43999243,0.4434155,0.4434155,0.2,0.1,0.5,0.6666667,0.8333333,0.8,0.9,0.05,0.33333334,0.6666667,-0.6,-0.8,0.45,0.33333334,0.16666667,-0.7097464,-0.076325,0.24656358,0.44905496,0.38010103,-0.5567853,-0.46018797,0.4884203,0.2696332,0.1443471,0.4,0.2,0.35,0.36666667,0.45,0.6,0.8,0.6,0.6,0.51666665,-0.2,-0.6,-0.25,-0.23333333,-0.06666667,0.26949507,0.17351179,0.6281848,0.5359333,0.5123214,0.73050493,0.8264882,0.37181523,0.46406668,0.4876786,-0.46100986,-0.6529764,0.25636956,0.071866624,0.024642847,1.0369154,1.02608,1.4523842,1.2349979,1.0355427,0.21678323,0.18620014,0.8647426,0.7741646,0.6054967,0.86086637,0.9060986,1.9115459,2.159976,2.2997518,0.5791356,0.3488244,0.50770277,0.51998955,0.49968252,0.42086443,0.65117556,0.49229723,0.48001042,0.5003175,0.15827115,-0.30235118,0.015405562,0.039979156,-0.0006349873
SH600426,0.06301592428938549,0.625,,2026-05-26,0.019127479,0.037583932,0.508927,0.006040331,0.16071577,0.012416123,0.33035722,0.02550327,0.6785684,0.9812315,1.005927,0.96904844,0.9882718,1.0563202,1.1521316,1.1962603,1.2759413,1.2176515,1.0220045,1.0643829,1.1450524,1.161756,1.2044665,0.029266778,0.053370804,0.098408446,0.0863604,0.08828322,-0.016399896,-0.017068818,-0.01603206,-0.0073269433,-0.003586041,0.7850049,0.9375855,0.9289278,0.5578508,0.5032387,0.01079529,0.012426718,0.007252194,-0.055515353,-0.09867828,1.0750879,1.160367,1.307227,1.307227,1.4520894,0.9667564,0.9667564,0.9667564,0.9667564,0.9667564,1.0389978,1.1207879,1.2529545,1.2507106,1.2775218,0.99697334,1.0263475,1.0519073,1.0861481,1.1494341,0.4,0.2,0.1,0.06666667,0.033333335,0.3068691,0.17170344,0.097640164,0.097640164,0.06849648,0.2,0.2,0.25,0.5,0.13333334,0.8,0.9,0.95,0.96666664,0.98333335,-0.6,-0.7,-0.7,-0.46666667,-0.85,-0.68066776,-0.57670534,-0.2809712,-0.2963563,0.27447075,-0.976479,-0.8190985,-0.51022255,-0.46607944,0.05235317,0.6,0.4,0.5,0.5,0.5,0.4,0.6,0.5,0.5,0.5,0.2,-0.2,0.0,0.0,0.0,0.19563445,0.1390203,0.28620297,0.2915472,0.43551672,0.8043656,0.8609797,0.71379703,0.70845276,0.5644833,-0.6087311,-0.7219594,-0.42759407,-0.41690558,-0.1289666,1.2095156,1.1049216,1.0725712,1.0448841,1.1662929,0.5552298,0.41858765,0.36912307,0.33410645,0.41591346,1.4357835,1.1743596,1.1994742,1.1913916,1.1153107,0.44195253,0.5247356,0.49708456,0.5011026,0.4992632,0.5580475,0.47526434,0.50291544,0.49889737,0.5007368,-0.11609494,0.049471296,-0.00583091,0.0022052433,-0.0014735927
SZ002709,0.06267843660226495,1.0,,2026-05-26,0.0007699745,0.0392685,0.019607943,0.02791145,0.71078473,0.010587075,0.2696073,-0.016554402,-0.4215695,0.9992306,1.02789,0.9886517,1.005911,1.0471219,1.1269486,0.9451232,0.8395302,0.8416369,1.0727065,1.0775714,1.1012205,1.0482805,0.9479316,0.057422023,0.042838156,0.061781663,0.0935256,0.12481851,-0.032043923,-0.006873796,-0.0026567227,0.006636737,0.006052063,0.77852815,0.23601696,0.06472041,0.3902562,0.71704876,-0.008618613,-0.04663928,-0.07598165,-0.14451317,-0.12646745,1.1617573,1.1617573,1.2498509,1.2498509,1.2498509,0.9886517,0.9886517,0.9296204,0.8387594,0.7557493,1.1159074,1.114367,1.141908,1.1241784,1.082589,1.016621,1.0418527,1.04516,0.94489145,0.8309195,0.2,0.1,0.05,0.33333334,0.6666667,0.06555712,0.06555712,0.21977793,0.39222556,0.494333,0.4,0.7,0.3,0.53333336,0.76666665,1.0,1.0,0.05,0.033333335,0.13333334,-0.6,-0.3,0.25,0.5,0.6333333,0.2420787,0.18060304,0.36758128,0.3796051,0.69634056,-0.03305566,0.07322236,0.060254414,0.2694903,0.35733065,0.4,0.3,0.45,0.46666667,0.45,0.6,0.7,0.55,0.53333336,0.55,-0.2,-0.4,-0.1,-0.06666667,-0.1,0.3811991,0.32182717,0.53306574,0.5709512,0.54423034,0.61880094,0.6781728,0.46693426,0.42904878,0.45576966,-0.23760185,-0.35634568,0.066131495,0.14190246,0.08846066,1.3956089,1.2644806,1.4713972,1.4197457,1.1748308,0.30701852,0.27132848,0.31275192,0.2896423,0.4046999,1.1319405,1.0090802,0.871498,0.86920005,1.0160874,0.49732524,0.43555138,0.46767628,0.508193,0.50720215,0.50267476,0.5644486,0.5323237,0.49180698,0.49279785,-0.005349517,-0.12889725,-0.064647436,0.016386041,0.014404315
SZ300832,0.06013852645435264,0.75,,2026-05-26,0.009519747,0.035540495,0.26785636,0.018193329,0.51190424,0.007827417,0.2202394,-0.0008461653,-0.023808485,0.99057,1.0180218,0.9828164,1.0034051,1.057463,1.0386144,0.98013246,0.97147226,1.0945492,1.0126948,1.0291798,1.0186449,0.999477,1.0307591,0.021918109,0.027129747,0.027021326,0.035996925,0.052584376,-0.011686195,-0.006055047,0.0011674628,0.002878752,-0.0017649492,0.7106897,0.45662004,0.065334246,0.49565494,0.34359813,0.010677528,-0.0019321177,-0.029735835,-0.041218903,0.021306954,1.067875,1.0780082,1.0780082,1.0780082,1.1437155,0.962904,0.962904,0.962904,0.918942,0.918942,1.0347631,1.0527356,1.0393072,1.0350891,1.0859094,0.99781966,1.0018747,0.9929292,0.96947527,0.97974527,0.4,0.2,0.35,0.56666666,0.33333334,0.3533929,0.32228222,0.32228222,0.5095868,0.3606209,0.2,0.3,0.65,0.76666665,0.11666667,0.8,0.9,0.95,0.1,0.55,-0.6,-0.6,-0.3,0.6666667,-0.43333334,0.03385385,0.5669761,0.5605202,0.6141813,-0.13696979,-0.2954524,0.56270486,0.5987577,0.57301605,0.4351478,0.4,0.5,0.55,0.53333336,0.46666667,0.6,0.5,0.45,0.46666667,0.53333336,-0.2,0.0,0.1,0.06666667,-0.06666667,0.17209335,0.42536417,0.52119106,0.52322495,0.46032828,0.82790667,0.5746358,0.47880894,0.47677505,0.5396717,-0.6558133,-0.14927164,0.042382106,0.046449896,-0.079343446,1.2880908,1.4159424,1.3978461,1.2966465,1.0225629,0.19598402,0.29957616,0.35821196,0.4227167,0.44022062,0.6925999,0.84159905,0.9887957,1.0398959,1.1357986,0.36502764,0.41309825,0.47227374,0.5112892,0.50862384,0.6349724,0.5869017,0.52772623,0.48871082,0.49137616,-0.26994473,-0.1738035,-0.055452522,0.022578364,0.017247649
SH600377,0.05889903569275067,0.875,,2026-05-26,0.012145731,0.016194334,0.7499988,0.0,0.0,0.004048603,0.25000122,0.016194334,1.0,0.98800004,1.0,0.984,0.99493814,0.9920775,0.99691904,0.97601235,0.92253524,0.9559859,0.9876761,0.9867518,0.98186624,0.9692782,0.9677707,0.008123256,0.007222426,0.00957866,0.02276445,0.021842245,0.003191015,0.00053883507,0.0010563371,0.0022308624,0.00021821767,0.3857779,0.051021934,0.42566076,0.7442742,0.030442834,0.0059419125,0.010823467,0.008098583,-0.0016256933,0.025791874,1.0,1.0041388,1.0041388,1.0041388,1.0048599,0.97275305,0.97275305,0.95594746,0.91757476,0.91757476,0.9910211,0.9908451,0.98983276,0.98754406,0.98754406,0.9833627,0.9801937,0.97570425,0.94322187,0.9498239,1.0,1.0,1.0,1.0,1.0,1.0,0.86812985,0.9141164,0.9521874,0.9443219,1.0,0.1,0.55,0.7,0.23333333,0.6,0.8,0.1,0.06666667,0.53333336,0.4,-0.7,0.45,0.6333333,-0.3,0.1327365,-0.007313433,0.27896476,0.27402192,0.12570648,0.012541145,0.16194427,0.54508716,0.51525694,0.26815587,0.6,0.4,0.5,0.56666666,0.56666666,0.4,0.6,0.5,0.4,0.4,0.2,-0.2,0.0,0.16666667,0.16666667,0.59473604,0.51955307,0.57708615,0.6767066,0.54156274,0.405264,0.4804469,0.42291385,0.32329336,0.45843726,0.18947203,0.03910618,0.15417229,0.35341328,0.083125494,0.9972889,1.005618,1.1206526,1.1286635,1.3153048,0.0964806,0.08072154,0.29327977,0.36833704,0.46383962,0.42264232,0.56405264,0.9048176,1.0991151,1.0613029,0.50767905,0.21521091,0.48888442,0.51216114,0.49471742,0.49232098,0.7847891,0.51111555,0.48783886,0.5052826,0.015358035,-0.5695782,-0.02223116,0.0243223,-0.010565156
SH601398,0.058817079906647474,1.0,,2026-05-26,0.0013947272,0.009762834,0.14286089,0.0055787377,0.5714261,0.0027893689,0.28571305,-0.0013946418,-0.14285214,0.9986072,1.005571,0.9958217,1.0014246,1.0114504,1.0179935,1.0316249,0.997819,0.95965105,0.99760085,1.0033805,1.0100873,1.0128862,1.0024718,0.0030505208,0.0074354215,0.010447106,0.011849012,0.023925541,0.0016902991,-0.0016258566,-0.001402087,-0.00065370044,0.00077296415,0.7675721,0.4382932,0.6304142,0.23588209,0.3183428,-0.0009814475,0.003935782,0.0032326067,-0.0034075433,-0.025274247,1.0124078,1.023868,1.03733,1.0452434,1.0493176,0.98643035,0.98643035,0.98643035,0.98643035,0.93267804,1.0,1.0092694,1.0171211,1.0225736,1.0210469,0.9955289,0.9983642,1.0,1.0013086,0.98549616,0.9,0.45,0.225,0.18333334,0.39166668,0.5223626,0.36246014,0.26659608,0.23072574,0.5771792,0.2,0.2,0.1,0.26666668,0.41666666,0.4,0.7,0.85,0.9,0.05,-0.2,-0.5,-0.75,-0.6333333,0.36666667,-0.7673246,0.57525533,-0.1826982,-0.1386907,-0.17292334,-0.28179026,0.022542054,-0.35884818,0.021741068,0.06351632,0.6,0.5,0.5,0.53333336,0.53333336,0.4,0.5,0.45,0.43333334,0.41666666,0.2,0.0,0.05,0.1,0.11666667,0.29411837,0.37777787,0.373913,0.5052356,0.5408389,0.70588166,0.6222221,0.626087,0.49476442,0.4591611,-0.41176325,-0.24444424,-0.252174,0.010471193,0.08167779,1.100622,1.2479801,1.2636662,1.1927743,1.400949,0.16438027,0.26418445,0.2783895,0.25562125,0.41489437,1.3946843,0.77558106,0.8539399,0.7694299,1.1339985,0.27964076,0.3982892,0.48601323,0.4808013,0.49878797,0.7203592,0.6017108,0.51398677,0.5191987,0.501212,-0.44071847,-0.20342162,-0.027973553,-0.03839739,-0.0024240494
SH601066,0.05722351161706287,0.625,,2026-05-26,0.05657014,0.07839645,0.72159064,0.017371956,0.22159111,0.004454348,0.056818236,0.04365253,0.55681777,0.9464587,1.0164418,0.94224286,0.9996166,0.9392666,0.9713522,0.9113827,0.8999236,1.0087854,0.9541635,0.94873947,0.94910234,0.93947035,0.94260883,0.027591942,0.021111012,0.0261255,0.025385037,0.031080803,0.01084797,0.0021668202,0.0013259851,0.0016460016,-0.00042880725,0.38643137,0.09656931,0.090160444,0.32584167,0.058054995,0.024140567,0.041509815,0.038300775,0.036662642,0.07004095,1.0164418,1.0164418,1.0164418,1.0164418,1.0164418,0.9248962,0.92324674,0.8991459,0.8991459,0.88093036,0.9645531,0.95729566,0.9718106,0.96669215,0.9714286,0.9384263,0.93399537,0.9304813,0.9190222,0.9139801,1.0,1.0,1.0,1.0,0.975,0.8203974,0.8235761,0.85982597,0.85982597,0.8786683,1.0,1.0,1.0,1.0,1.0,0.6,0.5,0.05,0.36666667,0.46666667,0.4,0.5,0.95,0.6333333,0.53333336,0.8798612,0.7344831,0.74801975,0.75569564,0.51996315,0.79022926,0.80013555,0.7690173,0.73736686,0.5441533,0.8,0.5,0.5,0.5,0.48333332,0.2,0.5,0.45,0.46666667,0.5,0.6,0.0,0.05,0.033333335,-0.016666668,0.75895774,0.586605,0.6580383,0.65162045,0.49289685,0.24104226,0.413395,0.34196168,0.34837955,0.50710315,0.5179155,0.17321,0.3160766,0.3032409,-0.014206284,0.45291492,0.30579418,0.2836189,0.23815122,0.19279356,0.3186197,0.26352564,0.21205674,0.18793584,0.14339067,1.4549388,1.9506633,1.961062,2.2754743,2.4567423,0.8402708,0.78056645,0.66795653,0.64061224,0.5924861,0.15972921,0.21943358,0.33204347,0.35938776,0.40751392,0.6805416,0.56113285,0.33591306,0.2812245,0.18497217
SH600188,0.056255849165052385,1.0,,2026-05-26,0.021266095,0.04451042,0.4777779,0.023244327,0.5222221,0.0,0.0,-0.0019782314,-0.04444423,0.97917676,1.0227603,0.97917676,0.9986047,1.0532633,1.0188547,0.9989998,0.91767937,0.8329082,0.9989197,1.0129132,1.0323031,1.0030124,0.9826832,0.025138188,0.031804197,0.0423742,0.056165442,0.057154737,-0.004981242,-0.002684306,-0.0031671075,0.0030843865,0.001470922,0.098162904,0.06529902,0.19551973,0.2337227,0.20201083,0.011042775,-0.0008338296,-0.0022155351,-0.047736004,-0.02607535,1.0726119,1.0731179,1.1428536,1.1428536,1.1428536,0.9549489,0.9549489,0.9549489,0.8818255,0.81161773,1.0118029,1.0392998,1.056064,1.0384096,1.0265266,0.9809952,0.983996,1.0011603,0.9449462,0.93664414,0.6,0.4,0.2,0.46666667,0.6333333,0.3828826,0.38124314,0.2397551,0.45272702,0.56872535,0.2,0.5,0.2,0.46666667,0.73333335,0.6,0.8,0.9,0.13333334,0.016666668,-0.4,-0.3,-0.7,0.33333334,0.71666664,-0.073641084,0.35942537,0.5079268,0.30998167,0.021262696,0.26572847,0.50806975,0.39269024,0.37840414,0.3419531,0.2,0.3,0.4,0.46666667,0.43333334,0.8,0.7,0.55,0.5,0.55,-0.6,-0.4,-0.15,-0.033333335,-0.11666667,0.2901065,0.46360305,0.5010227,0.5591236,0.55038154,0.7098935,0.536397,0.4989773,0.4408764,0.4496185,-0.41978702,-0.07279391,0.0020454144,0.11824718,0.10076303,1.4270838,1.4894745,1.693052,1.6991313,2.254003,0.4584404,0.4639675,0.48570448,0.43450266,0.99098337,0.8878442,0.80878896,1.2406222,1.0990118,1.1853101,0.46482143,0.4575774,0.4508997,0.47640297,0.4836568,0.5351786,0.5424226,0.5491003,0.523597,0.5163432,-0.07035715,-0.08484519,-0.09820059,-0.047194064,-0.032686412
SH600519,0.05623599858123156,0.875,,2026-05-26,-0.009312675,0.015466662,-0.6021128,0.0035321391,0.22837113,0.0026218477,0.16951606,-0.010222967,-0.6609679,1.0094002,1.0129656,0.9973535,1.0032468,1.0399883,1.0637434,1.1143574,1.1469399,1.1714175,1.0170506,1.032054,1.0613303,1.0827532,1.1037098,0.013768663,0.018988486,0.036585223,0.04400203,0.04048089,-0.008509602,-0.006137143,-0.006042886,-0.0048137177,-0.0015546097,0.9549376,0.95755386,0.95487267,0.92750764,0.4498239,-3.14319e-05,-0.0044368207,-0.0039229454,-0.012954216,-0.057848856,1.0468125,1.0751386,1.1456747,1.1602266,1.1764514,0.9973535,0.9973535,0.9973535,0.9973535,0.9973535,1.0301714,1.0482286,1.0900638,1.1181754,1.1431891,1.0078534,1.0125302,1.0320565,1.0397841,1.0751745,0.2,0.1,0.05,0.033333335,0.016666668,0.053508785,0.03402315,0.017842982,0.016248813,0.014776799,0.2,0.2,0.05,0.16666667,0.23333333,1.0,1.0,1.0,1.0,1.0,-0.8,-0.8,-0.95,-0.8333333,-0.76666665,-0.37799454,0.5372504,0.029738547,-0.4359491,-0.4082485,-0.88098395,-0.74088657,-0.16629326,-0.42148003,-0.13978319,0.0,0.1,0.2,0.3,0.36666667,1.0,0.9,0.8,0.7,0.6333333,-1.0,-0.8,-0.6,-0.4,-0.26666668,0.0,0.0155191505,0.18974537,0.23503818,0.35629287,1.0,0.98448086,0.81025463,0.76496184,0.64370716,-1.0,-0.9689617,-0.62050927,-0.5299236,-0.28741425,0.9918972,1.0692171,1.056506,0.96343684,0.84382915,0.08585141,0.13411582,0.21035007,0.34535602,0.31757724,0.7275869,0.7095516,1.3538368,1.682788,1.5142527,0.5507661,0.45290864,0.5211936,0.5322875,0.5066954,0.4492339,0.54709136,0.47880638,0.4677125,0.49330464,0.10153223,-0.094182745,0.042387236,0.064575,0.013390728
SH688506,0.05447224497471512,0.875,,2026-05-26,0.00419471,0.051353745,0.08168265,0.02957504,0.5759082,0.017583994,0.3424092,-0.007796337,-0.15181632,0.9958228,1.0294515,0.97831225,1.0037143,1.0423207,1.1101266,1.2131646,1.300422,1.1776371,1.018962,1.0495063,1.1020548,1.1576259,1.1582707,0.030006012,0.042235818,0.06441374,0.097213015,0.09523275,-0.01591561,-0.013303413,-0.010436028,-0.01074088,-0.00035251604,0.70334756,0.9094435,0.9187163,0.9460903,0.0041791215,0.012869201,0.010359035,-0.002912585,-0.0018831175,-0.14787152,1.1012659,1.1329113,1.2329959,1.328692,1.3947258,0.9629536,0.9629536,0.9629536,0.9629536,0.9629536,1.0458565,1.0858988,1.1533502,1.2598481,1.2598481,0.99662447,1.0103291,1.0432658,1.0632743,1.076152,0.4,0.2,0.1,0.06666667,0.033333335,0.26784602,0.2179741,0.13718739,0.10129206,0.085800774,0.4,0.2,0.05,0.13333334,0.43333334,0.8,0.9,0.95,0.96666664,0.98333335,-0.4,-0.7,-0.9,-0.8333333,-0.55,-0.4358331,-0.657815,-0.28136745,0.053589016,0.31081283,0.1457095,0.008800065,0.19710955,0.06100537,0.5338389,0.6,0.4,0.4,0.33333334,0.36666667,0.4,0.6,0.6,0.6666667,0.6333333,0.2,-0.2,-0.2,-0.33333334,-0.26666668,0.29251114,0.19819584,0.24980181,0.2686208,0.45116463,0.7074889,0.8018042,0.7501982,0.7313792,0.5488354,-0.41497776,-0.6036083,-0.5003964,-0.46275842,-0.09767076,0.9460596,0.7993888,0.80210614,0.82497597,0.82481295,0.21586037,0.21428587,0.17281939,0.18607141,0.22825637,0.73328364,0.7844418,0.80820245,0.9642,1.3965964,0.62342316,0.50277376,0.52852416,0.5240684,0.51385915,0.37657684,0.4972262,0.47147587,0.4759316,0.48614082,0.2468463,0.0055475724,0.057048265,0.048136774,0.027718348
SZ300782,0.054098298885843596,1.0,,2026-05-26,-0.0550569,0.08422824,-0.6536632,0.00408719,0.048525173,0.02508415,0.29781163,-0.03405994,-0.40437675,1.0582647,1.0625901,0.97345436,1.0074221,1.0973568,0.9320583,0.88864523,0.8271541,0.64285827,1.0476962,1.084978,0.9862229,0.95869684,0.8341028,0.038797434,0.05596489,0.10980875,0.10054226,0.14670047,-0.0186505,-0.014088471,0.0136339655,0.008079766,0.007605051,0.5777167,0.5809087,0.5395585,0.5004976,0.8196739,-0.010395265,-0.021579832,-0.11574561,-0.07585344,-0.05845183,1.1379051,1.2289042,1.2289042,1.2289042,1.2289042,0.97345436,0.90186584,0.84063685,0.81782305,0.63937974,1.0720733,1.1141222,1.0983921,1.0668645,0.9523165,1.0211711,1.0413133,0.87930787,0.8743956,0.6933961,0.2,0.1,0.55,0.7,0.85,0.16142012,0.30006924,0.41044688,0.44316536,0.61171377,0.4,0.2,0.6,0.73333335,0.8666667,1.0,0.1,0.25,0.033333335,0.016666668,-0.6,0.1,0.35,0.7,0.85,-0.4160257,0.586543,0.73822427,0.56275284,0.7075583,-0.7213575,0.47276086,0.49002883,0.37884307,0.5593116,0.4,0.4,0.45,0.53333336,0.53333336,0.6,0.6,0.55,0.46666667,0.46666667,-0.2,-0.2,-0.1,0.06666667,0.06666667,0.23501013,0.5624574,0.570703,0.57467324,0.5973348,0.76498985,0.43754262,0.42929697,0.42532673,0.4026652,-0.52997977,0.12491475,0.14140604,0.1493465,0.1946696,0.97967666,1.1838622,0.99758404,0.9988379,0.7993828,0.108486176,0.39593074,0.3502076,0.3024054,0.41765317,0.8134407,1.1645285,1.3512862,1.2008893,1.4865078,0.60528696,0.47369158,0.47560018,0.4652492,0.52720255,0.394713,0.5263084,0.5243998,0.53475076,0.47279748,0.21057396,-0.052616857,-0.048799653,-0.06950158,0.054405037
SH600115,0.049971915621021025,0.875,,2026-05-26,0.018348597,0.03440366,0.5333327,0.01605506,0.46666726,0.0,0.0,0.0022935353,0.06666545,0.981982,1.0157658,0.981982,0.99938136,0.935065,1.0,1.0048702,1.0373377,1.297078,0.9594156,0.9569805,0.97719157,0.9878247,1.0238907,0.033702165,0.035814576,0.03550189,0.034327988,0.08624928,0.01883116,0.00028532153,-0.0024375068,-0.0019953626,-0.0032856804,0.7805102,0.0005817829,0.16498967,0.26184767,0.4426287,0.002922067,0.04173551,0.045964733,0.04110806,0.07303685,1.0195174,1.0195174,1.0577393,1.0646468,1.3458154,0.9089491,0.89820313,0.89820313,0.89820313,0.89820313,0.9922078,0.9922078,1.0032468,1.0165584,1.0571429,0.9308442,0.92954546,0.9344156,0.9675325,0.97207797,1.0,0.9,0.775,0.68333334,0.5416667,0.82348084,0.8391168,0.6380805,0.61159915,0.22742197,0.8,0.9,0.35,0.033333335,0.016666668,0.2,0.4,0.7,0.8,0.9,0.6,0.5,-0.35,-0.76666665,-0.8833333,0.7601752,0.22343077,0.16789347,0.16480981,-0.029311711,0.825212,0.30971336,0.24903356,0.29378197,0.16988866,0.6,0.5,0.45,0.36666667,0.35,0.4,0.5,0.55,0.53333336,0.5833333,0.2,0.0,-0.1,-0.16666667,-0.23333333,0.7857143,0.5,0.49402383,0.46525678,0.39298245,0.21428567,0.5,0.50597614,0.5347432,0.6070175,0.57142866,0.0,-0.011952333,-0.06948643,-0.21403508,0.95541793,0.87137073,0.818936,0.8221322,0.85387045,0.35797474,0.2933171,0.28768134,0.26751718,0.2904365,1.2460068,1.0174813,1.0461869,1.1509244,1.1388355,0.5771522,0.5345654,0.53249526,0.49637875,0.51275104,0.42284778,0.4654346,0.46750474,0.5036212,0.487249,0.15430441,0.0691308,0.06499052,-0.007242498,0.025502032
SZ300498,0.049439938760855937,0.875,,2026-05-26,0.0057972088,0.022463743,0.25806957,0.010144895,0.45161197,0.0065216394,0.29031846,0.0021739535,0.0967761,0.99423623,1.0100864,0.98775214,1.0003994,1.0505991,1.1095206,1.1541277,1.1954061,1.1151797,1.0123835,1.0432756,1.0984354,1.1349756,1.1708221,0.019234821,0.036852784,0.06476138,0.07571964,0.06904194,-0.00985351,-0.011741914,-0.009639776,-0.007896626,-0.0026573164,0.6560632,0.9305691,0.77547854,0.84288406,0.4518148,0.007323575,0.009563035,-0.006857482,-0.020474436,-0.09243134,1.0517457,1.1132106,1.1988298,1.2535925,1.2881331,0.9777236,0.9777236,0.9777236,0.9777236,0.9777236,1.0304927,1.0865512,1.1590545,1.2018641,1.2218375,0.9985353,1.0029294,1.0350865,1.0585885,1.1277629,0.4,0.2,0.1,0.06666667,0.033333335,0.30094308,0.16441743,0.100749925,0.080750056,0.07176465,0.2,0.1,0.25,0.1,0.23333333,0.8,0.9,0.95,0.96666664,0.98333335,-0.6,-0.8,-0.7,-0.8666667,-0.75,-0.64754725,0.29445532,-0.044726975,-0.068022676,-0.024212537,-0.79969406,-0.7668039,-0.3018434,-0.010231092,0.25780672,0.2,0.1,0.3,0.3,0.41666666,0.8,0.7,0.6,0.6333333,0.55,-0.6,-0.6,-0.3,-0.33333334,-0.13333334,0.15137616,0.083544284,0.25605902,0.296322,0.43988886,0.8486238,0.91645575,0.743941,0.703678,0.56011117,-0.6972477,-0.83291143,-0.487882,-0.40735605,-0.12022227,1.4662982,1.7143761,1.6314417,1.5948119,1.6294813,0.72059196,0.59286314,0.5224619,0.505261,0.6033471,1.3989412,1.2129825,1.1260607,1.1099564,1.1056155,0.41832584,0.38111156,0.45635098,0.5099229,0.50031453,0.58167416,0.61888844,0.543649,0.49007705,0.49968544,-0.16334833,-0.23777688,-0.08729802,0.01984588,0.0006291209
SH603260,0.04932906185080471,0.75,,2026-05-26,0.02860769,0.07341767,0.38965672,0.029620167,0.40344736,0.015189818,0.20689593,0.014177341,0.19310528,0.97218794,1.0287963,0.9574206,0.99029094,1.0191472,1.0952533,1.1095735,1.0366853,1.293966,0.99977475,1.0227352,1.0634433,1.0729901,1.0968302,0.023980359,0.033953886,0.049181383,0.043716263,0.076638065,-0.0077232514,-0.009686239,-0.0070685134,-0.0031807558,-0.0027914606,0.25931582,0.74600697,0.7229741,0.41027617,0.40464458,0.01567177,0.02085278,0.003707628,-0.02686908,-0.014482118,1.0553522,1.0972058,1.1510905,1.1510905,1.2850358,0.9574206,0.9574206,0.9574206,0.9574206,0.94544077,1.0081093,1.0493965,1.1099597,1.1099597,1.1813676,0.97988737,0.99597746,1.0154142,1.0349799,1.0337892,0.6,0.3,0.15,0.1,0.1,0.43478698,0.30460617,0.21985552,0.21985552,0.16065966,0.2,0.2,0.35,0.56666666,0.016666668,1.0,1.0,1.0,1.0,0.45,-0.8,-0.8,-0.65,-0.43333334,-0.43333334,0.097349346,0.5949202,0.13376467,0.17737307,0.15624459,0.15358268,0.033582013,0.22582757,0.35416567,0.19995113,0.6,0.4,0.35,0.46666667,0.45,0.4,0.6,0.65,0.53333336,0.55,0.2,-0.2,-0.3,-0.06666667,-0.1,0.43137267,0.3075423,0.3720406,0.46718484,0.3814714,0.5686273,0.6924577,0.6279594,0.53281516,0.6185286,-0.13725463,-0.38491538,-0.2559188,-0.06563029,-0.23705718,0.8264243,0.88219374,0.84128344,0.86883086,0.8167957,0.13837622,0.22183369,0.20047548,0.24692799,0.2402244,0.6928489,0.6613321,0.7749764,1.0353895,1.1403255,0.6821396,0.5752418,0.5357846,0.50950474,0.46735367,0.3178604,0.42475823,0.46421537,0.4904953,0.53264636,0.36427918,0.15048355,0.07156925,0.019009437,-0.06529266
SH601012,0.048631923910721984,1.0,,2026-05-26,-0.011509835,0.030467175,-0.3777782,0.004739351,0.15555598,0.014217989,0.4666658,-0.0020311966,-0.06666836,1.0116439,1.0164384,0.98561645,0.99705935,1.0438179,1.1438144,1.2006875,1.1588833,1.2719003,1.0223187,1.052658,1.0991285,1.1322917,1.1884779,0.019470356,0.04725588,0.05976113,0.068210825,0.08106921,-0.009857304,-0.013908608,-0.009371489,-0.0071428427,-0.0039943513,0.64077944,0.794085,0.86069185,0.8498403,0.740424,-0.0026040801,0.009930825,-0.010099368,-0.028720494,-0.070644476,1.0719,1.1671036,1.2027134,1.2342173,1.3424648,0.98561645,0.98561645,0.98561645,0.98561645,0.98561645,1.0343808,1.0780598,1.1449116,1.1995765,1.2684629,1.0103885,1.0162911,1.0356098,1.0498456,1.133537,0.2,0.1,0.05,0.033333335,0.016666668,0.1667009,0.07925376,0.06625401,0.05785797,0.04030715,0.2,0.2,0.05,0.06666667,0.28333333,1.0,1.0,1.0,1.0,1.0,-0.8,-0.8,-0.95,-0.93333334,-0.71666664,-0.2644955,0.40431798,-0.021256655,-0.2742019,0.43765953,-0.58842087,-0.45865244,-0.32715374,-0.03696676,0.1804541,0.4,0.4,0.35,0.36666667,0.41666666,0.6,0.6,0.6,0.6,0.56666666,-0.2,-0.2,-0.25,-0.23333333,-0.15,0.2649033,0.16990761,0.19914652,0.3204083,0.3650526,0.7350967,0.8300924,0.8008535,0.6795917,0.63494736,-0.4701934,-0.6601848,-0.601707,-0.3591834,-0.26989478,0.8967903,1.0445138,1.0391159,0.9641799,1.1938684,0.13500227,0.29663503,0.3011679,0.30513516,0.52872765,0.7389202,0.9126757,1.0296614,1.1501014,0.9504243,0.62056446,0.435944,0.5134214,0.5149143,0.5007206,0.3794355,0.564056,0.48657858,0.4850857,0.4992794,0.24112897,-0.128112,0.026842825,0.029828595,0.0014412085
SZ000538,0.04832550953549572,0.875,,2026-05-26,-0.009529601,0.02169503,-0.43925267,0.008313019,0.38317615,0.0038524126,0.17757119,-0.013990207,-0.64485765,1.0096213,1.0180143,0.9961105,1.0039752,1.0415567,1.0605916,1.0790192,1.095318,1.1239454,1.0195704,1.0334092,1.0563468,1.0687085,1.0902342,0.014762741,0.018363377,0.027279794,0.028767055,0.031482678,-0.009252322,-0.0058561177,-0.004407127,-0.0029976235,-0.0015212389,0.98199093,0.9322362,0.9134756,0.84152126,0.71211696,-0.0010656585,-0.007056738,-0.01447907,-0.025243018,-0.045357626,1.0452381,1.0663272,1.1009239,1.1094356,1.1404458,0.9961105,0.9961105,0.9961105,0.9961105,0.9961105,1.0288651,1.0444247,1.079778,1.0920582,1.117704,1.0101553,1.0180959,1.036846,1.0414745,1.0770955,0.2,0.1,0.05,0.033333335,0.016666668,0.079170905,0.055392466,0.037108622,0.03432142,0.026947519,0.2,0.1,0.25,0.13333334,0.28333333,1.0,1.0,1.0,1.0,1.0,-0.8,-0.9,-0.75,-0.8666667,-0.71666664,-0.86078644,0.0127847325,0.53928405,0.13441887,0.021976741,-0.9598236,-0.7317323,-0.01516079,-0.07351821,-0.15318799,0.0,0.1,0.2,0.23333333,0.36666667,1.0,0.9,0.7,0.7,0.5833333,-1.0,-0.8,-0.5,-0.46666667,-0.21666667,0.0,0.0066976985,0.13584062,0.21384008,0.3453534,1.0,0.9933023,0.8641594,0.78615993,0.6546466,-1.0,-0.98660463,-0.72831875,-0.5723198,-0.30929318,0.73041344,0.7661234,0.92122877,0.86407584,0.85677564,0.17255862,0.1924169,0.2776361,0.2536028,0.26834875,0.71107495,0.9000327,1.0479299,0.97585875,1.481512,0.74091625,0.4706727,0.52997744,0.51739764,0.51067334,0.25908375,0.5293273,0.47002253,0.4826024,0.4893267,0.4818325,-0.058654577,0.059954923,0.034795232,0.021346657
SH600886,0.047789073154969997,0.875,,2026-05-26,0.028168948,0.037805773,0.74509645,0.00444775,0.11764737,0.005189075,0.13725616,0.028910274,0.76470524,0.9726028,1.0043259,0.9675559,0.99194354,0.9899068,0.9783659,0.9740496,0.97044384,0.9351108,0.9708729,0.97044,0.9739384,0.97116244,0.9951591,0.017201755,0.014856302,0.011840525,0.011884801,0.03729329,0.009156352,0.0013898704,-0.00020460553,0.0003846009,-0.0010504328,0.7083361,0.08023034,0.010451073,0.08115932,0.24197754,0.010814422,0.02330563,0.02800536,0.023260877,0.03582866,1.0043259,1.0043259,1.0086507,1.0086507,1.0922878,0.9430423,0.9430423,0.9430423,0.9430423,0.93151295,0.97808164,0.9806741,0.98154783,0.98126096,1.0386441,0.96092165,0.96092165,0.9630878,0.9616428,0.9645248,1.0,1.0,1.0,1.0,0.68333334,0.9294119,0.9294119,0.8681477,0.8681477,0.4259811,1.0,1.0,0.25,0.5,0.18333334,0.6,0.8,0.9,0.93333334,0.016666668,0.4,0.2,-0.65,-0.43333334,0.16666667,0.6658529,0.5220726,0.29609254,0.46839958,0.09522029,0.8922067,0.8696482,0.586241,0.5312339,0.31200337,0.6,0.4,0.5,0.43333334,0.48333332,0.4,0.5,0.4,0.46666667,0.46666667,0.2,-0.1,0.1,-0.033333335,0.016666668,0.5673156,0.579821,0.5743812,0.55647755,0.54757166,0.43268442,0.42017904,0.42561886,0.44352245,0.4524283,0.13463117,0.15964194,0.1487623,0.11295511,0.09514336,0.7224653,0.8956274,0.77442414,0.6579166,0.63406163,0.17948452,0.28377417,0.30024335,0.30303642,0.2909598,0.9522688,1.1478529,1.5619121,1.5510252,1.1471808,0.37625557,0.47162485,0.5607384,0.5663339,0.51745117,0.6237444,0.52837515,0.43926165,0.4336661,0.48254883,-0.24748887,-0.05675031,0.12147673,0.13266775,0.034902316
SZ002422,0.047641813797533364,0.75,,2026-05-26,0.02532013,0.049185105,0.5147926,0.019208383,0.39053252,0.004656593,0.09467486,0.01076834,0.21893497,0.97530514,1.018734,0.97076356,1.0034225,0.91797,0.9509136,0.92923504,0.95524937,0.8681867,0.9574791,0.92750466,0.9364161,0.94555724,0.93496895,0.041512012,0.04424227,0.033447295,0.033326678,0.044990376,0.024156088,0.01173574,0.00027953985,-0.0012777093,0.0010018536,0.84653646,0.6449968,0.0024447446,0.11391521,0.15124087,-0.005791296,0.019684507,0.06092828,0.07296958,0.035476398,1.018734,1.018734,1.018734,1.018734,1.0327753,0.9035065,0.86005855,0.86005855,0.86005855,0.815024,0.9884175,0.977346,0.9570301,0.9713379,0.97046304,0.9169557,0.89093375,0.91138124,0.9184345,0.91116446,1.0,1.0,1.0,0.96666664,0.95,0.837417,0.88193494,0.88193494,0.88193494,0.84948313,1.0,1.0,1.0,1.0,0.43333334,0.4,0.4,0.7,0.8,0.083333336,0.6,0.6,0.3,0.2,0.35,0.6761526,0.5982032,0.48410198,0.5785232,0.6292355,0.9521258,0.71171504,0.6604734,0.59445393,0.6026131,0.6,0.4,0.5,0.46666667,0.48333332,0.4,0.6,0.5,0.53333336,0.51666665,0.2,-0.2,0.0,-0.06666667,-0.033333335,0.830577,0.5965874,0.5877159,0.53884405,0.55621964,0.169423,0.40341258,0.41228408,0.46115595,0.44378033,0.661154,0.19317482,0.17543182,0.07768808,0.11243933,0.9020558,0.8138133,0.7489115,0.80826914,0.7947563,0.47878036,0.38315555,0.3047213,0.30536896,0.30638775,1.4779258,1.2716022,1.3944861,1.2852371,1.3255045,0.47505775,0.52387667,0.5287391,0.51110387,0.51781046,0.5249423,0.47612336,0.47126094,0.4888961,0.48218954,-0.0498845,0.0477533,0.05747814,0.022207769,0.035620917
SH600025,0.04650779285495679,0.75,,2026-05-26,0.020408176,0.029001107,0.70370334,0.004296465,0.14814831,0.004296465,0.14814831,0.020408176,0.70370334,0.97999996,1.0042106,0.9757894,0.9952145,1.0418804,1.0128205,1.0282052,1.0094017,0.96410257,0.9859829,0.9997436,1.00547,1.007094,1.0326638,0.011348537,0.019746901,0.015176786,0.015218593,0.03797839,0.00094017666,-0.0034239849,-0.0013148255,-0.00044436826,-0.0013843587,0.017158493,0.2755987,0.2626907,0.066075236,0.40525103,0.012136739,0.015664337,0.0070207543,-0.0006506792,0.008174766,1.0432994,1.0471424,1.0471424,1.0471424,1.1221693,0.96856314,0.96856314,0.96856314,0.96856314,0.9623803,0.9958974,1.008889,1.0136752,1.017265,1.077265,0.97931623,0.98188037,0.9989744,0.9986325,1.0008547,1.0,0.5,0.25,0.26666668,0.16666667,0.4206372,0.40006587,0.40006587,0.40006587,0.23543377,0.2,0.5,0.75,0.8333333,0.2,0.8,0.9,0.95,0.96666664,0.016666668,-0.6,-0.4,-0.2,-0.13333334,0.18333334,0.34013498,0.55084956,0.059946317,0.029697578,0.2041605,0.34054345,0.56062955,0.5069091,0.3555221,0.26477534,0.4,0.5,0.5,0.5,0.48333332,0.6,0.5,0.5,0.5,0.48333332,-0.2,0.0,0.0,0.0,0.0,0.2869564,0.45810065,0.43579775,0.4848485,0.52807486,0.7130436,0.5418994,0.56420225,0.5151515,0.47192514,-0.4260872,-0.08379874,-0.12840448,-0.030302994,0.056149743,1.0836573,1.2189894,1.0137155,0.9222482,0.92886627,0.28936473,0.33650637,0.32187963,0.30131975,0.33625305,1.0499517,1.1963339,1.466128,1.4477284,1.2334154,0.22627892,0.49918342,0.5351788,0.5426562,0.5219128,0.7737211,0.5008166,0.46482125,0.45734382,0.47808722,-0.5474422,-0.0016331883,0.070357524,0.08531238,0.04382557
SZ300750,0.04632140797361074,1.0,,2026-05-26,-0.009084429,0.020704644,-0.43876287,0.0063517587,0.3067794,0.005268456,0.2544577,-0.010167731,-0.49108458,1.0091677,1.0155777,0.99468327,1.0028123,1.0383219,1.0714314,1.0904456,0.9539679,0.8859393,1.0151198,1.034222,1.0654919,1.0668238,1.004602,0.013808791,0.024950143,0.040128395,0.03614485,0.08033149,-0.008263339,-0.00805581,-0.005615109,-0.0015892929,0.0035438444,0.8952409,0.95561683,0.68530023,0.1498362,0.5935776,0.0014069314,0.0020290902,-0.012148352,-0.043779127,-0.10914538,1.0624114,1.1191405,1.1645991,1.1645991,1.1645991,0.9937878,0.9937878,0.9937878,0.96054345,0.81748873,1.0242369,1.0541196,1.1053946,1.0969733,1.0810099,1.0007545,1.0174086,1.0288937,1.0353703,0.956527,0.2,0.1,0.05,0.033333335,0.46666667,0.090525344,0.04955762,0.036368694,0.19336182,0.52580196,0.4,0.2,0.35,0.56666666,0.78333336,0.8,0.9,0.95,0.033333335,0.083333336,-0.4,-0.7,-0.6,0.53333336,0.7,-0.8180992,-0.29078585,0.5538669,0.33457825,0.34563574,-0.9219825,-0.6603177,0.44532508,0.5489999,0.36365426,0.0,0.2,0.3,0.43333334,0.45,1.0,0.8,0.7,0.56666666,0.55,-1.0,-0.6,-0.4,-0.13333334,-0.1,0.0,0.09774577,0.38352206,0.53533417,0.5493309,1.0,0.9022542,0.61647797,0.46466586,0.45066914,-1.0,-0.80450845,-0.23295589,0.07066831,0.09866174,0.9299593,0.8947248,0.9692855,1.094748,1.0142705,0.12932095,0.11249944,0.14327684,0.2645368,0.28508314,1.1605768,0.8755941,0.930195,1.0430249,1.0905635,0.6637628,0.5109782,0.49806917,0.51820433,0.51540536,0.33623722,0.4890218,0.50193083,0.48179567,0.4845946,0.32752556,0.021956392,-0.0038616443,0.036408633,0.03081076
SH601225,0.044275236699351066,1.0,,2026-05-26,0.008421054,0.029894793,0.28168964,0.014315791,0.4788724,0.0071579483,0.23943795,0.0012632105,0.0422552,0.99164927,1.0141963,0.9845511,0.9964993,1.0184608,0.99328697,1.0906256,1.0551426,0.9717094,0.99160874,0.99448574,1.022057,1.0322864,1.0511228,0.015165057,0.017464716,0.04429419,0.04007729,0.04219875,0.00011988767,0.0006277133,-0.0056606396,-0.0029528523,-0.001083494,0.00015624314,0.011841618,0.5716176,0.42071545,0.201073,0.008151509,0.0026895718,0.03171903,0.010529959,-0.01915973,1.0370235,1.0370235,1.1201861,1.1201861,1.1665413,0.95275205,0.95275205,0.95275205,0.95275205,0.95275205,1.0018221,1.0109805,1.0824263,1.0680891,1.0906256,0.9770798,0.9772716,0.9904579,0.9949652,1.0044115,0.8,0.7,0.5,0.33333334,0.2,0.56066394,0.56066394,0.2821884,0.2821884,0.22100249,0.8,0.9,0.05,0.36666667,0.3,0.6,0.8,0.9,0.93333334,0.96666664,0.2,0.1,-0.85,-0.56666666,-0.6666667,-0.08105624,0.019388195,0.16221917,-0.028153045,0.16958413,0.23500997,0.23357537,-0.14367962,-0.08597626,0.22328441,0.4,0.4,0.35,0.36666667,0.41666666,0.6,0.5,0.5,0.53333336,0.53333336,-0.2,-0.1,-0.15,-0.16666667,-0.11666667,0.3703706,0.5250897,0.35326105,0.43575427,0.5147427,0.62962943,0.4749103,0.64673895,0.56424576,0.48525733,-0.25925884,0.0501794,-0.2934779,-0.12849146,0.029485326,1.0584806,1.0376112,1.0804482,0.9770227,1.050115,0.40771282,0.32197225,0.28837982,0.30764607,0.4309934,1.0614225,0.9323354,1.3878973,1.4274411,1.269272,0.5691682,0.52435136,0.49209705,0.5212247,0.50710243,0.43083176,0.47564864,0.507903,0.47877535,0.49289754,0.13833646,0.048702717,-0.015805924,0.04244931,0.014204919
SH601111,0.04394588546525671,0.75,,2026-05-26,0.011627955,0.027616266,0.42105457,0.011627871,0.4210515,0.0043604407,0.15789393,0.0043605254,0.157897,0.9885057,1.0114942,0.98419535,0.99925786,0.9736512,1.0138017,0.9836888,1.0062735,1.2170639,0.97841907,0.9816813,0.98601,0.9913007,1.0151819,0.019160455,0.025095502,0.028050974,0.025087474,0.060868252,0.010037645,-0.0017946085,0.0001933946,-0.0006034867,-0.002151511,0.6861073,0.046876922,0.0016636457,0.044845954,0.38107046,0.0015056639,0.026394458,0.012152736,0.017449869,0.04828766,1.0114942,1.0263488,1.0606132,1.0606132,1.2513826,0.95230436,0.9401149,0.9401149,0.9401149,0.9161023,0.9979924,1.0017565,1.0097866,1.0097866,1.0481807,0.96185696,0.96185696,0.96235883,0.9668758,0.9706399,1.0,0.8,0.7,0.6166667,0.5083333,0.80580765,0.6944493,0.496979,0.496979,0.2502316,1.0,0.1,0.4,0.6,0.033333335,0.2,0.4,0.7,0.8,0.3,0.8,-0.3,-0.3,-0.2,-0.26666668,0.80493873,0.014714618,0.4671468,0.40004954,0.29275343,0.7842363,0.10751827,0.32512522,0.36976808,0.2701224,0.6,0.5,0.5,0.5,0.4,0.4,0.5,0.5,0.5,0.6,0.2,0.0,0.0,0.0,-0.2,0.67796636,0.46405235,0.52380955,0.49322495,0.40441996,0.32203364,0.5359477,0.47619042,0.506775,0.59558004,0.35593274,-0.07189531,0.04761914,-0.013550078,-0.19116011,0.88029784,0.78338575,0.7299231,0.6934309,0.7687739,0.3242388,0.28882077,0.3043983,0.2692468,0.305462,1.2787637,0.98470396,1.083865,1.1124685,1.2096665,0.6332202,0.56568754,0.53037935,0.52553856,0.50560457,0.36677977,0.43431246,0.46962067,0.4744614,0.4943954,0.26644045,0.13137507,0.060758676,0.051077165,0.011209182
SZ002600,0.043619943999715034,0.75,,2026-05-26,-0.016780606,0.05904293,-0.28421023,0.022374185,0.37894773,0.019888142,0.33684206,-0.019266648,-0.3263159,1.017067,1.039823,0.97977245,1.0056294,1.0690002,0.94462776,0.918663,0.83919096,0.97174007,1.0110171,1.0277292,0.97034144,0.9432937,0.90713435,0.020477768,0.037074428,0.06745784,0.06924259,0.07247769,-0.0015923091,-0.002355212,0.009287563,0.0066730925,0.0019392929,0.015115743,0.036993258,0.6634478,0.719796,0.21836247,-0.007832457,-0.017130718,-0.058573283,-0.0400535,0.035656527,1.0582039,1.1289246,1.1289246,1.1289246,1.1289246,0.9614525,0.93004,0.86813426,0.84790975,0.77598435,1.0269688,1.0691149,1.0318749,1.0188495,0.96390766,0.9962129,0.9962129,0.89361644,0.88036156,0.8411419,0.4,0.3,0.65,0.76666665,0.8833333,0.39841804,0.35176185,0.5056389,0.5412178,0.6347127,0.2,0.3,0.65,0.76666665,0.8833333,0.6,0.1,0.2,0.033333335,0.45,-0.4,0.2,0.45,0.73333335,0.43333334,-0.078053154,0.61408854,0.9195237,0.9203464,0.8280477,-0.73992324,0.5039857,0.5776407,0.68052876,0.42875308,0.2,0.5,0.6,0.6333333,0.53333336,0.8,0.5,0.4,0.36666667,0.46666667,-0.6,0.0,0.2,0.26666668,0.06666667,0.29566687,0.5891043,0.5844001,0.61694133,0.5114976,0.7043331,0.4108957,0.41559988,0.38305864,0.4885024,-0.40866628,0.1782086,0.16880022,0.23388273,0.022995194,1.3263264,1.5651395,1.067911,0.8999651,0.63761824,0.26828775,0.6135558,0.6808015,0.61766946,0.5162232,0.60585594,0.95562637,1.2884128,1.3412377,1.5501945,0.29282013,0.55077136,0.5281439,0.5408954,0.5268637,0.70717984,0.44922864,0.47185612,0.45910463,0.4731363,-0.41435975,0.10154273,0.05628777,0.08179076,0.053727377
SZ000063,0.04361576137260466,0.875,,2026-05-26,-0.012777785,0.03416665,-0.37398413,0.0,0.0,0.021388864,0.62601584,0.008611079,0.2520317,1.0129431,1.0129431,0.9783343,0.9906342,1.0593635,1.0717493,1.0368615,1.0005593,1.0680977,1.0099021,1.0346624,1.0460309,1.0335944,1.0107945,0.024839034,0.034030937,0.034497842,0.034983773,0.05523635,-0.005174777,-0.008952387,-0.0017479798,0.0012650371,0.0005377434,0.108506024,0.6343681,0.089858055,0.1013386,0.028906804,0.00044740696,0.005623347,-0.029425126,-0.051937364,-0.026657911,1.0734317,1.1311123,1.1311123,1.1311123,1.1311123,0.9752382,0.9752382,0.9752382,0.9752382,0.8947712,1.0256633,1.0573369,1.0786742,1.0618407,1.0557119,0.996003,1.0022502,1.0190805,1.0022502,0.96296406,0.4,0.2,0.1,0.2,0.33333334,0.25217345,0.15885763,0.15885763,0.15885763,0.44524112,0.2,0.2,0.6,0.73333335,0.8666667,0.6,0.8,0.9,0.93333334,0.38333333,-0.4,-0.6,-0.3,-0.2,0.48333332,-0.9318537,-0.20506227,0.30762616,0.55861974,0.6682337,-0.9498727,-0.84990126,-0.014412317,0.30493933,0.16329391,0.4,0.5,0.55,0.53333336,0.51666665,0.6,0.5,0.45,0.46666667,0.45,-0.2,0.0,0.1,0.06666667,0.06666667,0.2886259,0.3549673,0.45893648,0.49952677,0.4709954,0.7113741,0.6450327,0.54106355,0.5004732,0.52900463,-0.4227482,-0.29006544,-0.08212705,-0.0009464479,-0.05800922,0.95047027,1.0083407,1.0490977,0.9774933,0.8183619,0.24823688,0.21317191,0.25827363,0.3197397,0.3340836,1.0423285,0.8767623,0.86192596,1.1589912,1.1808031,0.55256146,0.49837172,0.49514195,0.4745576,0.51334184,0.44743854,0.5016283,0.5048581,0.5254424,0.48665816,0.105122946,-0.0032565675,-0.009716113,-0.050884787,0.026683666
SH601688,0.04318588823801013,0.625,,2026-05-26,0.016866205,0.03754079,0.44927678,0.016322108,0.43478328,0.004352477,0.115939945,0.0048965737,0.13043343,0.9834135,1.0160514,0.97913325,1.0024778,1.0003846,1.055,1.0207692,0.9592308,1.1630769,0.9897693,0.9986539,1.0131731,1.0141153,1.0225257,0.011572379,0.020176942,0.02290824,0.019262344,0.04644737,7.691175e-05,-0.004165501,-0.0022061877,-0.00069778296,-0.0013569155,0.00011042822,0.39069265,0.3246157,0.10170077,0.26030535,0.010076916,0.02009089,0.0077856947,-0.0039975387,0.017503355,1.0397972,1.0568993,1.0656997,1.0656997,1.1688738,0.96832854,0.96832854,0.96832854,0.96832854,0.9384786,0.99846154,1.0046923,1.0342308,1.0323846,1.055077,0.9829231,0.98515385,0.99292314,0.9996154,0.9856923,1.0,0.7,0.35,0.23333333,0.31666666,0.44315147,0.3575834,0.32526502,0.32526502,0.26702556,0.4,0.1,0.5,0.6666667,0.016666668,0.6,0.8,0.9,0.93333334,0.46666667,-0.2,-0.7,-0.4,-0.26666668,-0.45,0.013139258,0.41679356,0.44868395,0.32071394,0.01953812,0.2693977,0.35336003,0.4989872,0.63291264,0.32740894,0.6,0.4,0.45,0.46666667,0.38333333,0.4,0.6,0.5,0.5,0.5833333,0.2,-0.2,-0.05,-0.033333335,-0.2,0.4971099,0.3243243,0.4607557,0.55419225,0.40293035,0.5028901,0.6756757,0.5392443,0.44580778,0.5970697,-0.0057802293,-0.35135138,-0.078488566,0.10838446,-0.19413932,1.0132413,1.0347066,1.0566592,0.9833843,0.80540943,0.34458762,0.29757854,0.380008,0.3769624,0.34943625,0.7864563,0.66772103,0.8280079,1.0877248,1.0556532,0.53153193,0.37415427,0.52377665,0.5236159,0.5024767,0.46846807,0.62584573,0.47622335,0.47638407,0.4975233,0.063063845,-0.2516915,0.04755332,0.047231846,0.004953384
SH600029,0.04233822739597519,0.75,,2026-05-26,0.018181808,0.034545377,0.5263167,0.010909046,0.31578887,0.005454523,0.15789443,0.012727287,0.36842227,0.98214287,1.0107143,0.9767857,0.9986086,0.9559286,1.0,1.0041972,1.0398741,1.3357818,0.96789086,0.9673662,0.9794858,0.9949283,1.0477439,0.02541861,0.024610914,0.024030775,0.03001259,0.08816779,0.013955916,0.00010811151,-0.0013893598,-0.0025237317,-0.004121,0.7536213,0.00017688861,0.11699356,0.5480006,0.66632354,0.0041972864,0.032147285,0.033713084,0.041665815,0.07382554,1.0107143,1.0107143,1.0306544,1.059762,1.3831269,0.9364995,0.92675036,0.92675036,0.92675036,0.92675036,0.9916054,0.9916054,1.0008395,1.0226653,1.1061909,0.94543546,0.94543546,0.95844704,0.96495277,0.9842602,1.0,0.9,0.775,0.51666665,0.275,0.855632,0.8723946,0.7049741,0.55070114,0.16050264,1.0,1.0,0.4,0.13333334,0.033333335,0.2,0.4,0.7,0.8,0.9,0.8,0.6,-0.3,-0.6666667,-0.8666667,0.85923743,0.4130436,0.3446014,0.2857428,-0.010450982,0.80399215,0.42217723,0.2487111,0.30190846,0.17326766,0.6,0.5,0.45,0.4,0.33333334,0.4,0.5,0.55,0.56666666,0.65,0.2,0.0,-0.1,-0.16666667,-0.31666666,0.7386367,0.5,0.49346408,0.45103097,0.36159167,0.26136333,0.5,0.5065359,0.54896903,0.6384083,0.47727337,0.0,-0.013071824,-0.09793806,-0.27681667,0.766548,0.70833504,0.71278274,0.717518,0.7361324,0.32607526,0.24451055,0.24845497,0.2226318,0.22969972,1.1692019,0.9444123,0.8712258,0.9438989,1.1241823,0.6660011,0.5963535,0.5253091,0.5056183,0.50949097,0.33399892,0.40364653,0.47469094,0.49438173,0.490509,0.33200216,0.19270696,0.05061812,0.0112365205,0.01898199
SH601988,0.04193791606981591,1.0,,2026-05-26,0.0051020724,0.01870748,0.272729,0.011904836,0.6363677,0.0017005719,0.09090331,-0.005102191,-0.27273536,0.99492383,1.0118444,0.9932319,1.004923,0.98624754,0.9711854,0.98493785,0.96267194,0.8952194,0.9872953,0.9824493,0.97701377,0.9779961,0.9561013,0.01461127,0.011907658,0.0115242535,0.012525729,0.033118293,0.008775367,0.003040219,0.0009207669,0.0002878838,0.001545143,0.9017678,0.59754205,0.22343019,0.04093833,0.6638979,-0.004846088,0.0038697498,0.014238935,0.017829588,-0.0016830262,1.0118444,1.0118444,1.0118444,1.0118444,1.0118444,0.9579681,0.9579681,0.9495144,0.9440614,0.88834137,0.99895215,0.9929273,0.9836281,0.9866405,0.98336613,0.9782581,0.97315,0.9656844,0.9656844,0.913294,1.0,1.0,1.0,0.96666664,0.96666664,0.7801556,0.7801556,0.80997276,0.82526004,0.90409625,1.0,1.0,1.0,1.0,1.0,0.4,0.7,0.45,0.06666667,0.05,0.6,0.3,0.55,0.93333334,0.95,0.5062558,0.58046263,0.3936364,0.2912393,0.028771747,0.6442416,0.5925203,0.39575887,0.5388651,0.45188335,0.8,0.7,0.45,0.46666667,0.5,0.2,0.2,0.45,0.43333334,0.4,0.6,0.5,0.0,0.033333335,0.1,0.6206897,0.6833332,0.5583755,0.58990526,0.6129944,0.3793103,0.3166668,0.44162452,0.41009474,0.38700566,0.24137938,0.36666638,0.11675098,0.17981052,0.2259887,0.94529724,0.8769689,0.7866743,0.7435479,0.8568845,0.16740917,0.17323467,0.18369119,0.17301756,0.31219253,0.6847036,0.86662537,0.927379,0.9373607,1.4429477,0.53330463,0.5333085,0.56926006,0.52515775,0.51251394,0.46669537,0.4666915,0.43073997,0.47484222,0.48748603,0.06660928,0.06661699,0.13852008,0.05031556,0.025027908
SH603019,0.04184293625337563,0.875,,2026-05-26,-0.016371211,0.042440012,-0.38574946,0.00083417486,0.019655388,0.025234625,0.59459513,0.008029239,0.18919033,1.0166436,1.0174917,0.9743454,0.98907006,1.0416526,1.0327456,0.97190267,0.88306624,0.96065855,1.0117842,1.0250461,1.0179776,0.99499595,0.9438551,0.021264827,0.025560858,0.03241512,0.04384991,0.06779931,-0.0051935758,-0.0051352005,0.0015532753,0.0037443826,0.0025439495,0.14912459,0.3699776,0.080365494,0.56509924,0.42940423,-0.0013970813,-0.0019376635,-0.032733697,-0.049289495,-0.018901603,1.0707062,1.1131176,1.1131176,1.1131176,1.1131176,0.9743454,0.9743454,0.9429459,0.8898389,0.8139361,1.0265548,1.0436053,1.0464307,1.0419071,1.0020982,0.99770963,1.001101,0.98793006,0.9521307,0.8801007,0.4,0.2,0.35,0.56666666,0.78333336,0.2662348,0.18486859,0.33527368,0.4933794,0.6219098,0.4,0.2,0.6,0.73333335,0.8666667,1.0,1.0,0.2,0.033333335,0.45,-0.6,-0.8,0.4,0.7,0.41666666,-0.69726133,0.13012277,0.5189838,0.7029767,0.8442777,-0.7048196,-0.13054977,0.48697886,0.51797986,0.3605073,0.6,0.5,0.5,0.53333336,0.48333332,0.4,0.5,0.5,0.46666667,0.51666665,0.2,0.0,0.0,0.06666667,-0.033333335,0.31409392,0.43769154,0.5262775,0.583983,0.5156966,0.68590605,0.5623085,0.47372255,0.416017,0.48430344,-0.37181213,-0.124616936,0.05255492,0.16796602,0.031393126,0.9599105,1.0874335,1.0961331,0.9865727,0.73957807,0.16834366,0.21444015,0.285076,0.29336655,0.34600702,1.0156711,0.73093486,0.9721631,1.065315,1.2522537,0.5256702,0.51073873,0.50804305,0.52786714,0.5191194,0.47432986,0.48926124,0.49195692,0.47213283,0.48088065,0.051340286,0.0214775,0.016086137,0.055734314,0.038238727
SH600104,0.04071690871967303,0.75,,2026-05-26,-0.0032521207,0.020325212,-0.16000427,0.010569047,0.5199969,0.0065040444,0.31999883,-0.0073171235,-0.36000234,1.0032628,1.0138663,0.9934747,1.000866,1.0309529,1.0929325,1.1329501,1.1435626,1.1753262,1.0091238,1.0314615,1.0717555,1.0948142,1.1295196,0.0067047426,0.028464394,0.046126083,0.050268028,0.051656496,-0.0026973258,-0.008817337,-0.0073972805,-0.005384387,-0.00237002,0.4046156,0.87959456,0.90015876,0.88918173,0.642028,-0.0037291101,0.008216572,-0.0014813432,-0.016740588,-0.059603952,1.0310042,1.0962449,1.1394563,1.1590691,1.2104161,0.9934747,0.9934747,0.9934747,0.9934747,0.9934747,1.0127202,1.0575429,1.1152923,1.134085,1.1675438,1.0045397,1.0096248,1.0166115,1.0316014,1.1079962,0.2,0.1,0.05,0.033333335,0.016666668,0.17387065,0.06349374,0.04469924,0.03940512,0.03007847,0.2,0.1,0.25,0.033333335,0.41666666,1.0,1.0,1.0,1.0,1.0,-0.8,-0.9,-0.75,-0.96666664,-0.5833333,0.43973863,0.3695698,0.0078012985,0.062325753,0.50424045,-0.5067548,-0.62616307,-0.3037371,-0.22452268,0.026633117,0.4,0.2,0.25,0.26666668,0.36666667,0.6,0.8,0.75,0.7,0.6,-0.2,-0.6,-0.5,-0.43333334,-0.23333333,0.16019498,0.06785514,0.1406376,0.18560372,0.36843267,0.839805,0.9321449,0.8593624,0.81439626,0.6315673,-0.6796101,-0.8642897,-0.7187248,-0.6287925,-0.26313466,1.0568757,1.112022,1.0966262,1.1061555,1.3655381,0.113092616,0.15283194,0.14767785,0.15007932,0.4375471,0.8567101,0.8328324,0.7905443,0.8938138,1.1729407,0.5598818,0.45840204,0.4785453,0.4785807,0.47343743,0.44011816,0.54159796,0.5214547,0.5214193,0.5265626,0.119763665,-0.0831959,-0.042909376,-0.042838596,-0.053125136
SH605117,0.0406434612985411,1.0,,2026-05-26,-0.008034164,0.056495696,-0.14220843,0.036410287,0.6444789,0.012051246,0.21331264,-0.032393206,-0.5733747,1.0080992,1.0448045,0.98785114,1.0097961,0.9597879,0.9670303,0.9060268,0.772744,0.5995053,1.0239936,0.9852845,0.95265573,0.9256237,0.845422,0.015356078,0.04562112,0.05567161,0.060820464,0.099123076,-0.0073627606,0.011252995,0.007856162,0.0060513043,0.005140273,0.57472587,0.5577194,0.69698167,0.7671852,0.82020533,-0.009268046,-0.035922997,-0.027289284,-0.013367603,0.002939899,1.0740985,1.0740985,1.0740985,1.0740985,1.0740985,0.9572317,0.89201736,0.84561783,0.82308984,0.58763254,1.034621,1.0281652,1.0039644,0.97267044,0.9248058,1.0158576,0.95193267,0.9120525,0.87105817,0.75879174,0.2,0.6,0.8,0.8666667,0.93333334,0.3659577,0.5930469,0.6756904,0.70479715,0.8476801,0.6,0.8,0.9,0.93333334,0.96666664,0.2,0.4,0.15,0.16666667,0.016666668,0.4,0.4,0.75,0.76666665,0.95,0.17954488,0.3140443,0.31318882,-0.0313408,-0.07064335,0.7221721,0.40757793,0.47118333,0.41258892,0.43173477,0.4,0.4,0.4,0.46666667,0.48333332,0.6,0.6,0.6,0.53333336,0.51666665,-0.2,-0.2,-0.2,-0.06666667,-0.033333335,0.6512191,0.56595784,0.5855653,0.6379152,0.630019,0.34878087,0.43404216,0.4144347,0.36208478,0.36998102,0.30243823,0.13191566,0.17113061,0.27583042,0.26003796,1.0931761,0.9914337,0.95340604,1.0460131,1.1177623,0.3726372,0.2848859,0.23968178,0.4165605,0.41265368,1.4470888,1.333367,1.0392541,1.0355408,1.0822186,0.5358435,0.5615197,0.49720496,0.50098825,0.50648,0.4641565,0.43848032,0.50279504,0.49901178,0.49352002,0.071687,0.12303937,-0.0055900645,0.0019764446,0.0129599655
SH600061,0.040371102203352785,0.875,,2026-05-26,0.021909282,0.034428872,0.6363636,0.009389692,0.27272728,0.0031298974,0.09090909,0.015649486,0.45454547,0.97856045,1.0091884,0.97549766,0.99774617,0.99845076,1.0444616,1.0137877,1.0367156,1.148567,0.98590237,0.996189,1.0073663,1.0219209,1.0552827,0.009896033,0.01851568,0.020787649,0.029054867,0.04676971,0.0022927918,-0.00414243,-0.0015758593,-0.0026220377,-0.0024393685,0.13419828,0.4588202,0.20113707,0.63116336,0.8297081,0.009512025,0.022451956,0.0076043075,0.016098578,0.016678667,1.0183897,1.0445107,1.0536504,1.0812396,1.1517143,0.9678303,0.9662921,0.9662921,0.9662921,0.9662921,0.99020916,1.003687,1.028505,1.0490782,1.1093725,0.980976,0.9843532,0.9874516,0.99662274,1.0116498,1.0,0.8,0.5,0.33333334,0.16666667,0.6362753,0.43094504,0.38585794,0.29324612,0.18178996,0.4,0.1,0.5,0.033333335,0.016666668,0.6,0.5,0.75,0.8333333,0.9166667,-0.2,-0.4,-0.25,-0.8,-0.9,0.32426804,-0.060665086,0.29163316,-0.27765024,-0.26727068,0.47526008,0.2325543,0.29995283,0.29336336,0.03150456,0.6,0.4,0.45,0.4,0.41666666,0.4,0.6,0.55,0.6,0.53333336,0.2,-0.2,-0.1,-0.2,-0.11666667,0.51366174,0.32936987,0.4676834,0.44018182,0.388098,0.4863383,0.67063016,0.53231657,0.55981815,0.611902,0.027323432,-0.34126028,-0.06463316,-0.11963635,-0.223804,0.7637183,0.73273855,0.8620994,0.795496,0.696771,0.26433903,0.19195995,0.28701076,0.28463426,0.26240224,0.7245966,0.5501201,0.9939254,0.9950723,1.2036022,0.60846204,0.49029097,0.5227083,0.53228617,0.47025248,0.391538,0.509709,0.4772917,0.46771383,0.5297475,0.21692403,-0.019418037,0.045416616,0.064572334,-0.059495013
SH601881,0.03989102234425203,0.75,,2026-05-26,0.0302782,0.07283143,0.41572985,0.036824856,0.5056176,0.0057283756,0.07865252,-0.0008182817,-0.011235283,0.97061163,1.0357426,0.9650516,1.0048633,0.9959786,1.0328418,0.99865955,1.0053619,1.1675603,0.98257375,0.9908177,1.0037198,1.0101876,1.0466712,0.01487421,0.018748254,0.022673234,0.021856513,0.05430531,0.00013405486,-0.0036436743,-0.0017249894,-0.0015212022,-0.002711507,0.00020306608,0.34623334,0.20258811,0.3754169,0.76039046,0.01715816,0.025578834,0.012667555,0.011869756,0.033318307,1.0357426,1.0366398,1.0447593,1.0573441,1.1719818,0.9616505,0.9616505,0.9616505,0.9616505,0.9616505,0.9935657,1.0016086,1.0282842,1.0310992,1.114209,0.9697051,0.9754692,0.98525465,0.9865952,0.9997319,1.0,0.8,0.5,0.36666667,0.21666667,0.5175921,0.51139927,0.46143755,0.40075338,0.18232903,1.0,0.2,0.5,0.033333335,0.033333335,0.8,0.9,0.95,0.96666664,0.98333335,0.2,-0.7,-0.45,-0.93333334,-0.95,0.33321834,0.21028697,0.3466159,0.07057241,-0.20952758,0.52507925,0.4855168,0.4762781,0.52220905,0.14408031,0.4,0.3,0.35,0.3,0.31666666,0.6,0.7,0.6,0.6666667,0.6333333,-0.2,-0.4,-0.25,-0.36666667,-0.31666666,0.5294115,0.38604653,0.5025773,0.49199995,0.39111495,0.4705885,0.6139535,0.4974227,0.508,0.60888505,0.05882299,-0.22790693,0.0051545897,-0.01600008,-0.21777007,0.61616826,0.5533706,0.55575466,0.5162663,0.47746712,0.26802167,0.19641341,0.17364275,0.1738707,0.1761485,1.126271,0.943589,0.90060997,1.07526,1.3139966,0.6974591,0.6341362,0.5949328,0.5718739,0.5091732,0.3025409,0.36586377,0.4050672,0.42812613,0.49082682,0.39491817,0.26827246,0.18986556,0.14374776,0.018346382
SH601077,0.03912097861144511,0.875,,2026-05-26,-0.0014683554,0.023494812,-0.062497005,0.01027905,0.43750298,0.011747406,0.5,0.0,0.0,1.0014706,1.0117646,0.9882353,0.9995536,1.0151668,1.0121335,1.0960566,1.0556116,0.9555106,1.0038422,1.0091001,1.0369565,1.0499494,1.0324064,0.0049740523,0.007337886,0.034135453,0.0341772,0.037086785,-0.0027300203,-0.0019609588,-0.0054425765,-0.0032535868,0.00085196685,0.7530973,0.6546459,0.8897455,0.7023501,0.1609559,0.0016177915,-0.00027575737,0.014747974,-0.0027724106,-0.05753947,1.0224314,1.028223,1.1091125,1.1102067,1.1102067,0.9878739,0.9878739,0.9878739,0.9878739,0.9422804,1.0056623,1.0151668,1.0728008,1.0816987,1.0683519,1.0,1.0024266,1.008089,1.011729,1.0024266,0.3,0.15,0.075,0.05,0.19166666,0.35089734,0.30052987,0.10001859,0.09912388,0.3437195,0.2,0.4,0.05,0.1,0.55,0.6,0.8,0.9,0.93333334,0.05,-0.4,-0.4,-0.85,-0.8333333,0.5,-0.65236706,0.018716367,-0.21053006,-0.40969574,-0.5128358,-0.71697193,-0.49380586,-0.36788312,-0.2953274,0.28907645,0.2,0.3,0.2,0.33333334,0.5,0.6,0.6,0.75,0.6,0.46666667,-0.4,-0.3,-0.55,-0.26666668,0.033333335,0.058825072,0.3800004,0.15827343,0.3732719,0.5371622,0.9411749,0.6199996,0.84172654,0.6267281,0.46283782,-0.88234985,-0.2399992,-0.68345314,-0.25345618,0.07432435,1.2100005,1.3224473,1.4333968,1.3094049,1.63605,0.28885284,0.3138847,0.46017882,0.43616876,0.6308659,1.056231,0.8260694,1.1406262,1.1150347,1.2921377,0.49652717,0.30946,0.51504314,0.4753108,0.4792278,0.50347286,0.69054,0.4849569,0.5246892,0.5207722,-0.006945696,-0.38107997,0.030086247,-0.0493784,-0.041544378
SH601059,0.038937880372482754,0.875,,2026-05-26,0.0040509603,0.011574069,0.35000315,0.0034722288,0.3000007,0.0040508797,0.34999615,0.004629611,0.3999986,0.99596536,1.0034583,0.99193084,0.9983523,0.988617,0.9891861,0.9652817,0.9533295,1.026181,0.9941946,0.98321,0.9779738,0.9760577,0.9779454,0.005065152,0.015187465,0.0142271295,0.01213807,0.022300111,0.00085372175,0.0034252575,0.0016475455,0.00070855947,-0.00037534922,0.07102116,0.4662591,0.46936247,0.2640919,0.086408556,0.0040979064,0.0013763178,0.0063744937,0.013668209,0.03312744,1.0093396,1.0093396,1.0093396,1.0093396,1.0268779,0.98574924,0.94924474,0.94924474,0.94924474,0.930972,0.9981787,0.9954468,0.98952764,0.9877063,1.0,0.9902106,0.96846896,0.9666477,0.9681274,0.95560616,1.0,1.0,1.0,1.0,0.80833334,0.6040934,0.84458643,0.84458643,0.84458643,0.71974695,0.4,0.7,0.85,0.9,0.016666668,0.6,0.3,0.65,0.76666665,0.3,-0.2,0.4,0.2,0.13333334,-0.28333333,-0.32008258,0.5503964,0.68790936,0.61244804,0.48850995,-0.45168477,0.5642216,0.53341675,0.56404984,0.24141712,0.6,0.5,0.55,0.53333336,0.45,0.4,0.5,0.4,0.43333334,0.51666665,0.2,0.0,0.15,0.1,-0.06666667,0.67857033,0.556886,0.6077736,0.6073298,0.47201952,0.32142967,0.44311398,0.3922264,0.3926702,0.52798045,0.3571407,0.11377203,0.21554722,0.21465957,-0.05596094,1.2015249,1.0927019,0.9118178,0.80051124,0.85206497,0.3592932,0.5370252,0.44037274,0.40802112,0.42268887,0.5030021,1.4352181,1.4955804,1.5836396,1.6045263,0.2491791,0.48446834,0.54107076,0.5282692,0.5013361,0.7508209,0.51553166,0.4589292,0.47173083,0.49866387,-0.5016418,-0.031063294,0.082141556,0.056538343,0.0026722525
SZ002304,0.03872939030352332,0.875,,2026-05-26,-0.00022622175,0.025339372,-0.008927678,0.019683264,0.7767858,0.005429886,0.2142865,-0.014479601,-0.571427,1.0002263,1.019914,0.9945689,1.005563,1.0216992,1.0776058,1.1321229,1.129657,1.221968,1.003479,1.0230935,1.0652074,1.0877306,1.1206986,0.010735591,0.026397672,0.048274,0.05095322,0.051101122,-0.0032817563,-0.007924572,-0.007966758,-0.0054280837,-0.002494512,0.23361501,0.82609826,0.9532452,0.8795318,0.7267919,0.0030845099,0.012567124,0.010476868,-0.009023458,-0.047110513,1.028507,1.0896099,1.1416613,1.1513879,1.2222197,0.9802978,0.9802978,0.9802978,0.9802978,0.9802978,1.0104102,1.0446537,1.1149607,1.1306881,1.1585742,0.99737275,1.0050572,1.0137995,1.0215647,1.0929388,0.4,0.2,0.1,0.06666667,0.033333335,0.40868115,0.18023796,0.12209816,0.11515677,0.08144031,0.2,0.2,0.05,0.13333334,0.016666668,0.8,0.9,0.95,0.96666664,0.98333335,-0.6,-0.7,-0.9,-0.8333333,-0.96666664,-0.16501188,0.38686493,-0.32243985,-0.5510573,-0.21301207,0.35166228,0.4212085,0.3998663,0.40993568,0.03911638,0.2,0.3,0.25,0.33333334,0.36666667,0.8,0.7,0.75,0.6666667,0.6333333,-0.6,-0.4,-0.5,-0.33333334,-0.26666668,0.3210063,0.18652695,0.15962139,0.2531582,0.33333343,0.6789937,0.81347305,0.84037864,0.7468418,0.66666657,-0.3579874,-0.6269461,-0.6807572,-0.49368358,-0.33333313,1.257057,1.2997131,1.1867284,1.0487242,1.054457,0.30850875,0.34025207,0.2869851,0.33232698,0.32540464,0.83775496,0.78846556,0.9389455,1.0222976,0.9245462,0.53966874,0.47727934,0.4700176,0.5200352,0.49054974,0.4603313,0.5227207,0.5299824,0.47996476,0.50945026,0.07933744,-0.045441356,-0.059964783,0.040070444,-0.018900497
SH600026,0.03827170361197358,0.75,,2026-05-26,-0.01576264,0.06397779,-0.24637674,0.019935083,0.31159377,0.028280072,0.44202948,-0.0074176523,-0.11594104,1.016015,1.0362694,0.97126704,1.0016822,1.0216417,1.0432836,1.010199,1.2039801,0.94900495,1.0472636,1.0431591,1.0399004,1.0452073,1.0816749,0.03129189,0.027495332,0.030273726,0.0321056,0.06473305,-0.016766155,-0.002416701,0.0012377976,-0.0006924223,-0.001420226,0.71770066,0.0708173,0.05851073,0.03604809,0.14681235,-0.013731353,-0.03228403,-0.051659543,-0.035167146,-0.039778266,1.1299827,1.1299827,1.1299827,1.2132865,1.2796983,0.97126704,0.97126704,0.9703454,0.9703454,0.9353696,1.0679104,1.0679104,1.0668656,1.069204,1.1276119,1.0244776,1.0196518,1.0124875,1.0160697,1.0304976,0.2,0.1,0.1,0.06666667,0.06666667,0.1810343,0.1810343,0.1857625,0.122065075,0.18769969,0.8,0.9,0.95,0.033333335,0.33333334,1.0,1.0,0.15,0.43333334,0.016666668,-0.2,-0.1,0.8,-0.4,0.31666666,-0.5483397,0.15902556,0.46610028,0.497361,0.53082025,-0.06029635,0.26717007,0.29307988,0.16881518,0.23645367,0.4,0.5,0.5,0.4,0.46666667,0.6,0.5,0.5,0.6,0.53333336,-0.2,0.0,0.0,-0.2,-0.06666667,0.41553396,0.40665233,0.48887682,0.35294116,0.512763,0.58446604,0.59334767,0.5111232,0.64705884,0.48723695,-0.1689321,-0.18669534,-0.02224636,-0.29411772,0.025526099,0.97218317,0.8784113,0.91915315,0.94652325,1.3406657,0.21508956,0.23164803,0.27080435,0.25126472,0.605837,0.8525471,0.80659264,0.7718105,0.8574213,1.2551289,0.63913697,0.5718422,0.519911,0.5010517,0.4766639,0.36086303,0.42815778,0.48008904,0.49894828,0.5233361,0.27827397,0.14368445,0.03982193,0.002103433,-0.046672225
SZ002601,0.03744428226298131,1.0,,2026-05-26,0.009216527,0.033574674,0.27450833,0.010533253,0.31372613,0.013824894,0.41176555,0.01250817,0.37254775,0.9908676,1.010437,0.977169,0.99003595,1.0854819,1.1447936,1.1435212,1.1493859,1.4931394,1.0351002,1.085327,1.1000055,1.1181846,1.1826123,0.03844946,0.06341297,0.049982373,0.0483874,0.116033606,-0.022961171,-0.02067594,-0.0051718866,-0.003951743,-0.0053726463,0.891554,0.97450894,0.37474197,0.5169095,0.6538961,0.010822178,0.007714723,-0.050872628,-0.060884252,-0.024119195,1.1161348,1.1865877,1.1865877,1.1865877,1.5518663,0.977169,0.977169,0.977169,0.977169,0.977169,1.0579396,1.148058,1.1453248,1.1565675,1.2526945,0.99869424,1.0360297,1.0717494,1.0859689,1.1100034,0.4,0.2,0.1,0.06666667,0.033333335,0.16429226,0.10902083,0.10902083,0.10902083,0.039726995,0.4,0.1,0.55,0.7,0.016666668,1.0,1.0,1.0,1.0,1.0,-0.6,-0.9,-0.45,-0.3,-0.98333335,-0.33932182,0.2744143,0.0477202,-0.28472215,0.40282542,-0.94663227,-0.6700443,-0.5738613,-0.4930896,-0.32722512,0.4,0.3,0.5,0.5,0.43333334,0.6,0.7,0.5,0.5,0.53333336,-0.2,-0.4,0.0,0.0,-0.1,0.07154762,0.16162379,0.3338031,0.36286056,0.3208586,0.9284524,0.8383762,0.6661969,0.63713944,0.6791414,-0.85690475,-0.67675245,-0.33239383,-0.27427885,-0.3582828,1.3266608,1.4564228,1.5728965,1.3732321,1.4599824,0.40225157,0.39011955,0.58348244,0.56015885,0.5960288,1.332793,0.93645436,1.1864643,1.3669382,1.2576033,0.42765024,0.36935967,0.49425986,0.5113293,0.47797433,0.5723498,0.6306403,0.50574017,0.48867068,0.52202564,-0.14469953,-0.26128066,-0.011480273,0.02265864,-0.044051334
SH601901,0.037041852115325104,0.875,,2026-05-26,0.004249299,0.022662899,0.18750024,0.011331493,0.50000197,0.007082106,0.31249782,-8.809576e-08,-3.887224e-06,0.99576867,1.0112835,0.98871654,1.0009282,0.9921156,1.0275953,0.9881734,0.977661,1.0854139,0.99316686,0.99526936,1.0021682,1.0006132,1.0068988,0.007514295,0.011934731,0.01623039,0.014033439,0.030150793,0.004599203,-0.0010671753,-0.00050487625,-2.3386503e-05,-0.0008222098,0.93654495,0.07329219,0.033867262,0.00021523063,0.22681284,-0.0023652927,0.00953291,0.0026281234,-0.00027412042,0.01735637,1.0163667,1.026601,1.0332336,1.0332336,1.0884253,0.97642696,0.9745514,0.9745514,0.9745514,0.9524093,1.0,1.0005256,1.0202365,1.012615,1.0396847,0.98712224,0.98712224,0.98712224,0.9881734,0.98134035,0.9,0.75,0.525,0.51666665,0.475,0.59021425,0.48893046,0.4336677,0.4336677,0.34989038,0.4,0.2,0.5,0.6666667,0.016666668,0.6,0.4,0.7,0.8,0.43333334,-0.2,-0.2,-0.2,-0.13333334,-0.41666666,0.23335476,-0.074849926,0.27166522,0.2689629,-0.06424027,0.06347466,-0.018831503,0.22045626,0.39028123,0.058402885,0.6,0.4,0.55,0.46666667,0.45,0.2,0.5,0.4,0.43333334,0.48333332,0.4,-0.1,0.15,0.033333335,-0.033333335,0.6500007,0.333333,0.53846157,0.5534591,0.42316782,0.34999934,0.66666704,0.4615384,0.4465409,0.5768322,0.30000132,-0.33333403,0.07692316,0.10691823,-0.15366432,0.94601023,0.82191676,0.7935479,0.7588694,0.74640155,0.31148222,0.25910163,0.21935861,0.23781514,0.22297062,0.6426759,0.6448603,0.6954183,1.2047131,1.2078723,0.6336172,0.5531568,0.5433966,0.53116065,0.49144572,0.36638275,0.44684324,0.4566034,0.46883935,0.5085543,0.2672345,0.106313534,0.08679321,0.06232129,-0.017108588
SH600309,0.03685159201204938,1.0,,2026-05-26,0.014117624,0.021960814,0.6428552,0.002614421,0.11904937,0.0052287686,0.2380954,0.016731972,0.76190126,0.9860789,1.002578,0.98092294,0.9917437,1.0247487,1.0736021,1.1298028,1.1290303,1.1563568,1.0026042,1.025316,1.0751811,1.0988793,1.0928793,0.010234751,0.028378788,0.061042164,0.061145958,0.06654065,-0.0044862544,-0.008949494,-0.009968833,-0.006305553,-0.0010794442,0.480345,0.91163445,0.9334624,0.82416195,0.080264986,0.006368283,0.014956747,0.019522794,-0.007448872,-0.061035674,1.0411204,1.1040217,1.1719532,1.2005693,1.2503235,0.98092294,0.98092294,0.98092294,0.98092294,0.9456059,1.0078887,1.0549883,1.1535448,1.1541653,1.1541653,0.9971911,0.99976826,1.0157013,1.0288732,1.0240535,0.6,0.3,0.15,0.1,0.1,0.31690827,0.15497376,0.0998641,0.08685356,0.17850669,0.4,0.2,0.1,0.06666667,0.13333334,1.0,1.0,1.0,1.0,0.3,-0.6,-0.8,-0.9,-0.93333334,-0.16666667,-0.49912226,0.18482375,0.23671803,0.33876827,0.2868928,-0.77595526,-0.69369024,-0.4157304,-0.24418135,-0.011966172,0.4,0.3,0.35,0.36666667,0.46666667,0.6,0.7,0.65,0.6333333,0.53333336,-0.2,-0.4,-0.3,-0.26666668,-0.06666667,0.28081146,0.15392539,0.24218574,0.33932334,0.42862096,0.7191885,0.8460746,0.7578143,0.66067666,0.571379,-0.43837705,-0.6921492,-0.5156285,-0.3213533,-0.14275807,0.9607964,1.0136012,1.1407418,1.1835519,1.3355849,0.09628812,0.15665953,0.37060124,0.32602963,0.44351742,0.5602487,0.8501688,1.7956965,1.5540068,1.2386793,0.60419726,0.4973715,0.47889435,0.49533662,0.47015354,0.39580277,0.5026285,0.52110565,0.50466335,0.5298465,0.20839448,-0.0052570323,-0.042211283,-0.009326734,-0.05969293
SZ300979,0.0366542165674919,0.875,,2026-05-26,-0.01673765,0.019574467,-0.8550756,0.00056737795,0.028985614,0.0022694399,0.11593878,-0.015035587,-0.76812243,1.0170226,1.0175996,0.9976919,1.0043885,1.0618254,1.0721296,1.1889107,1.2404318,1.3682532,1.0236017,1.044848,1.072105,1.1152438,1.1983522,0.019453373,0.026189337,0.045739762,0.07245616,0.10374793,-0.011432788,-0.007990608,-0.0065068225,-0.0077172224,-0.005659564,0.8634845,0.85333997,0.7083016,0.8791706,0.90762585,-0.00073602085,-0.008890191,-0.010290228,-0.0033440215,-0.03139506,1.0665646,1.0982461,1.1890223,1.2540897,1.368348,0.9976919,0.9976919,0.9976919,0.9976919,0.9976919,1.0421983,1.0635918,1.0782139,1.1957803,1.3096174,1.0113838,1.0159961,1.0451423,1.0620216,1.0685967,0.2,0.1,0.05,0.033333335,0.016666668,0.033512183,0.022953512,0.012063276,0.009001918,0.0062269904,0.4,0.2,0.05,0.033333335,0.016666668,1.0,1.0,1.0,1.0,1.0,-0.6,-0.8,-0.95,-0.96666664,-0.98333335,0.18581645,0.14118318,-0.107970685,-0.2400762,-0.23628135,-0.001696373,0.13646664,-0.4032172,-0.35590962,-0.25112486,0.2,0.2,0.25,0.26666668,0.33333334,0.8,0.8,0.75,0.7,0.6333333,-0.6,-0.6,-0.5,-0.43333334,-0.3,0.06849325,0.16891873,0.17647055,0.20194647,0.29353505,0.93150675,0.8310813,0.8235295,0.7980535,0.70646495,-0.8630135,-0.66216254,-0.6470589,-0.59610707,-0.4129299,1.2139891,1.2226282,1.4708681,1.3612787,1.179539,0.34376997,0.37867895,0.8513592,0.78784376,0.6688798,1.0021939,0.99741405,2.134144,2.1994822,2.0144026,0.59141666,0.45646673,0.5089142,0.5074466,0.5003177,0.40858334,0.54353327,0.49108586,0.4925534,0.4996823,0.18283331,-0.087066546,0.017828286,0.014893157,0.00063541497
SH688047,0.036344289211075666,0.875,,2026-05-26,-0.016689269,0.04089168,-0.40813363,0.0017243251,0.042168114,0.022478085,0.54969823,0.00406449,0.099396504,1.0169725,1.0187261,0.9771404,0.9982949,1.0288721,1.0966369,0.94357115,0.82895976,1.0020669,1.0120624,1.0216885,1.0379721,0.98810256,0.940637,0.02256581,0.033161424,0.05706449,0.08677682,0.08903302,-0.0033631912,-0.0055178213,-0.00069400854,0.006717205,0.0024494792,0.055531733,0.25379342,0.005176853,0.4643778,0.2308581,-0.0053360113,0.0031416966,-0.03137901,-0.085502036,-0.012896598,1.0917518,1.1034634,1.21939,1.21939,1.21939,0.9771404,0.9644893,0.9155133,0.83215386,0.7952026,1.0326298,1.0347341,1.0971379,1.0505918,1.004071,0.9970439,0.9986222,0.99153256,0.8937684,0.8637189,0.4,0.3,0.35,0.56666666,0.76666665,0.19945309,0.25552037,0.27802956,0.43344647,0.4827993,0.4,0.1,0.3,0.53333336,0.76666665,1.0,0.5,0.2,0.033333335,0.46666667,-0.6,-0.4,0.1,0.5,0.3,-0.064665906,0.31412795,0.5129271,0.78464305,0.8557699,-0.042936735,0.12913828,0.43116882,0.4783369,0.50234795,0.6,0.5,0.6,0.6,0.5,0.4,0.5,0.4,0.4,0.5,0.2,0.0,0.2,0.2,0.0,0.39814386,0.33107063,0.54299897,0.602124,0.49936324,0.6018562,0.6689294,0.45700106,0.397876,0.50063676,-0.2037123,-0.33785874,0.08599789,0.20424798,-0.0012735175,1.1653434,1.1110846,1.3154528,1.1221237,0.8417462,0.22301896,0.20816086,0.34757453,0.4328111,0.4547336,0.75044197,0.78670114,1.0082284,1.136012,1.2363068,0.51892155,0.39851525,0.45554334,0.53190994,0.51577395,0.48107848,0.6014847,0.54445666,0.4680901,0.48422605,0.037843052,-0.20296948,-0.0889133,0.06381984,0.03154793
SH600018,0.03573851857437748,1.0,,2026-05-26,-0.001964711,0.009823135,-0.20000856,0.003929212,0.3999957,0.003929212,0.3999957,-0.001964711,-0.20000856,1.0019686,1.0059055,0.99606305,1.0010052,1.0139697,1.0116415,0.96856815,0.9860303,0.99534345,1.0027939,1.0040746,0.9947614,0.98816454,0.99619716,0.0029219869,0.0051260553,0.017128093,0.017444972,0.01713734,-0.0013969819,-0.00054327253,0.0021287187,0.0014215754,-0.00030412,0.57143265,0.1029628,0.540613,0.514637,0.096051246,0.0,-0.0016298023,-0.014984208,-0.008777413,0.012774382,1.0161128,1.0161128,1.0161128,1.0161128,1.0327575,0.99401075,0.9894422,0.9560429,0.9560429,0.9560429,1.0058208,1.0062864,1.0058208,1.0058208,1.0093131,1.0,1.0,0.9811409,0.97043073,0.98253787,0.3,0.25,0.475,0.65,0.49166667,0.27098188,0.39585865,0.7317659,0.7317659,0.5729949,0.4,0.7,0.85,0.9,0.06666667,0.6,0.4,0.15,0.43333334,0.71666664,-0.2,0.3,0.7,0.46666667,-0.65,0.4042561,0.46970716,0.591993,0.44523856,0.44067496,0.41214323,0.6061096,0.47571108,0.16260041,-0.060527846,0.2,0.2,0.4,0.36666667,0.43333334,0.6,0.7,0.45,0.53333336,0.5,-0.4,-0.5,-0.05,-0.16666667,-0.06666667,0.16666584,0.39583287,0.63106775,0.5422535,0.5052356,0.83333415,0.60416716,0.36893225,0.4577465,0.49476442,-0.66666836,-0.20833427,0.26213554,0.08450702,0.010471193,1.1378375,1.3448005,1.3203464,1.2393817,1.5042598,0.11346444,0.2624874,0.41522923,0.44264013,0.7288667,0.6813861,1.1451969,1.0748478,1.0912074,1.3292562,0.17386939,0.44061166,0.5186632,0.5086561,0.4717313,0.8261306,0.55938834,0.4813368,0.4913439,0.5282687,-0.65226126,-0.11877667,0.037326403,0.017312218,-0.05653739
SH601319,0.03415840778356383,0.875,,2026-05-26,0.017191997,0.030085994,0.5714286,0.011461331,0.3809524,0.0014326663,0.04761905,0.007163332,0.23809524,0.98309857,1.0112677,0.9816901,0.9993471,0.9964497,1.0461538,1.0236686,1.0414201,1.2366863,0.98840237,0.99278104,1.0061538,1.0180275,1.0787969,0.007956323,0.019409323,0.021755774,0.025314502,0.081542715,0.001656811,-0.0026035483,-0.001841882,-0.0022449663,-0.0042448677,0.108407944,0.16493846,0.2508664,0.6095124,0.8265285,0.008284015,0.01893491,0.011344043,0.014524408,0.04642676,1.021006,1.0502547,1.058826,1.0706093,1.2376274,0.9716572,0.9576802,0.9576802,0.9576802,0.9576802,0.99337274,1.0028403,1.024142,1.04,1.1884024,0.9843787,0.97964495,0.98579884,0.99550295,1.0134912,1.0,0.8,0.425,0.28333333,0.14166667,0.57433665,0.45714337,0.4184041,0.37474665,0.15117064,0.4,0.1,0.5,0.033333335,0.016666668,0.6,0.4,0.7,0.8,0.9,-0.2,-0.3,-0.2,-0.76666665,-0.8833333,0.49618468,0.092681035,0.33160612,-0.11844777,-0.011256652,0.54377246,0.20439327,0.21027221,0.24166772,-0.0030794672,0.4,0.3,0.4,0.36666667,0.35,0.6,0.7,0.6,0.6333333,0.6166667,-0.2,-0.4,-0.2,-0.26666668,-0.26666668,0.5454547,0.35114512,0.45049512,0.43083015,0.35915494,0.4545453,0.6488549,0.5495049,0.5691699,0.64084506,0.09090941,-0.2977098,-0.09900973,-0.13833971,-0.28169015,0.7648101,0.90338075,0.94321364,0.8637862,0.9276292,0.22728498,0.2690608,0.24985449,0.23870574,0.33575165,0.72286624,0.9632414,0.9816473,1.1153278,1.2305747,0.446967,0.4682699,0.5319799,0.52043873,0.5086205,0.553033,0.53173006,0.46802008,0.47956124,0.49137953,-0.106065996,-0.06346017,0.063959815,0.040877495,0.017240942
SZ000625,0.033983273624423056,0.875,,2026-05-26,-0.0024038667,0.033653885,-0.0714291,0.027644219,0.8214272,0.0036058,0.10714365,-0.026442286,-0.7857127,1.0024097,1.0301205,0.9963855,1.0074902,1.038542,1.1048468,1.2060488,1.2072121,1.3336953,1.0137262,1.038069,1.0928926,1.1325682,1.1979902,0.009003409,0.031011324,0.063705936,0.0770208,0.09229139,-0.0054284534,-0.009829981,-0.010698733,-0.008529333,-0.0049936776,0.9088208,0.9210351,0.9871267,0.95042056,0.8929321,-0.00286934,0.006165889,0.008745358,-0.00889285,-0.0506767,1.0409548,1.1035867,1.2035894,1.2445636,1.351832,0.9963855,0.9963855,0.9963855,0.9963855,0.9963855,1.0207212,1.0694222,1.1520435,1.2096161,1.3026755,1.0076929,1.0153859,1.0214657,1.0383095,1.1202637,0.2,0.1,0.05,0.033333335,0.016666668,0.0810982,0.033716872,0.017444111,0.014564094,0.010168867,0.4,0.1,0.05,0.16666667,0.06666667,1.0,1.0,1.0,1.0,1.0,-0.6,-0.9,-0.95,-0.8333333,-0.93333334,0.005996453,-0.1175399,-0.62516665,-0.5320344,-0.60154796,-0.33402392,-0.24626304,-0.19600655,0.3307823,0.17454621,0.0,0.1,0.1,0.23333333,0.33333334,1.0,0.9,0.9,0.76666665,0.65,-1.0,-0.8,-0.8,-0.53333336,-0.31666666,0.0,0.010853383,0.011401083,0.12639812,0.20882401,1.0,0.9891466,0.98859894,0.8736019,0.791176,-1.0,-0.97829324,-0.9771978,-0.74720377,-0.582352,0.8222805,0.839491,0.7543219,0.7040145,0.5777859,0.19770706,0.15921097,0.16211082,0.2074746,0.2159516,0.9258519,0.9899508,0.884509,0.96572596,1.0809743,0.5018624,0.6475884,0.5674106,0.5668162,0.51453686,0.4981376,0.35241166,0.4325894,0.43318376,0.4854631,0.0037248398,0.29517668,0.13482119,0.13363245,0.029073745
SH600023,0.03341418232090368,0.75,,2026-05-26,0.032258067,0.0509338,0.6333332,0.011884565,0.23333357,0.0067911674,0.13333322,0.02716467,0.5333329,0.96875,1.0115131,0.9621711,0.9928856,1.1019737,0.9819079,0.9539474,0.89638156,0.83881575,0.9697368,0.9939145,0.9759046,0.9573465,0.9279057,0.027015792,0.04460072,0.03717893,0.0417386,0.04341667,0.0049342033,-0.0036981716,0.0025932428,0.0034680348,0.0019662809,0.083394736,0.063023396,0.1702788,0.5350482,0.6255729,0.020394769,0.022727301,-0.0005404048,-0.007632988,0.01408902,1.0723684,1.1134869,1.1134869,1.1134869,1.1134869,0.92763156,0.92763156,0.9210526,0.8898026,0.83881575,0.9934211,1.0023026,0.9930921,0.98782897,0.9611842,0.9444079,0.96677625,0.9470394,0.9203948,0.8960526,1.0,0.8,0.9,0.93333334,0.96666664,0.5000003,0.3893807,0.41025653,0.49264717,0.5868264,0.2,0.5,0.75,0.8333333,0.9166667,0.6,0.8,0.15,0.06666667,0.016666668,-0.4,-0.3,0.6,0.76666665,0.9,0.15297255,0.5380201,0.5859448,0.7423471,0.3028003,0.37474614,0.68496615,0.61473906,0.5873041,0.5226293,0.6,0.8,0.7,0.73333335,0.65,0.4,0.2,0.25,0.2,0.3,0.2,0.6,0.45,0.53333336,0.35,0.2720589,0.5263158,0.55223876,0.60194176,0.59315586,0.7279411,0.4736842,0.44776124,0.39805824,0.40684414,-0.4558822,0.052631605,0.10447753,0.20388351,0.18631174,1.2912443,1.279788,1.0095562,0.8602925,0.9002165,0.51257694,0.5954814,0.52164847,0.4793649,0.42319202,1.1636373,1.4198086,1.8818823,2.223414,2.069383,0.07150145,0.5483868,0.5237472,0.53767896,0.50171417,0.92849857,0.4516132,0.47625282,0.46232107,0.49828583,-0.85699713,0.09677362,0.047494378,0.07535788,0.0034283341
SH600919,0.03334014381907847,0.875,,2026-05-26,-0.008968556,0.019730939,-0.4545428,0.008071816,0.40909436,0.0026905667,0.13636284,-0.014349805,-0.7272743,1.0090498,1.0171946,0.99728507,1.0057878,1.0156927,1.0227273,1.0140692,0.978355,0.9285714,1.010065,1.0108225,1.016829,1.0086039,0.9885011,0.008013409,0.0071470453,0.00870221,0.015966818,0.026120856,-0.0035714353,-0.00086579967,-0.001014711,0.00095717213,0.0013065648,0.49658197,0.13452196,0.47587577,0.27851272,0.7631097,-0.0029220528,-0.0069264006,-0.0071892343,-0.02248288,-0.027044732,1.0294293,1.0303668,1.0372083,1.0372083,1.0372083,0.99728507,0.994027,0.994027,0.97020954,0.92506886,1.0135281,1.0159091,1.0227273,1.0221862,1.0148269,1.0060606,1.0060606,1.0109308,0.99610394,0.9678572,0.2,0.2,0.1,0.3,0.65,0.08446049,0.16436432,0.1383227,0.4446415,0.6681959,0.4,0.2,0.5,0.6666667,0.8333333,1.0,0.4,0.7,0.06666667,0.016666668,-0.6,-0.2,-0.2,0.6,0.81666666,0.20274587,0.19255777,-0.032219127,0.49148977,-0.23713085,0.46489555,0.49174795,0.34218866,0.46432558,0.09669147,0.4,0.3,0.4,0.46666667,0.48333332,0.6,0.7,0.6,0.53333336,0.46666667,-0.2,-0.4,-0.2,-0.06666667,0.016666668,0.30666575,0.35810792,0.45112786,0.5497512,0.5763889,0.6933343,0.6418921,0.5488722,0.45024878,0.4236111,-0.3866685,-0.28378415,-0.097744286,0.09950242,0.1527778,0.9708283,0.9138152,0.88712305,0.841018,0.9258,0.20145683,0.15603729,0.18645903,0.20348611,0.25643954,0.743287,0.757422,0.67739886,0.7797997,1.3127146,0.5141531,0.5794132,0.515967,0.5357394,0.50305545,0.48584688,0.42058682,0.48403296,0.46426055,0.49694458,0.02830627,0.15882632,0.03193408,0.07147889,0.0061108684
SH600809,0.0326415376521732,0.75,,2026-05-26,-0.013395615,0.038006246,-0.35245824,0.01939254,0.51024616,0.005218091,0.13729562,-0.027570065,-0.7254088,1.0135775,1.0332333,0.99471104,1.0111883,1.024474,1.081545,1.123936,1.0996974,1.2939715,1.0205092,1.0303683,1.0713586,1.0795747,1.1427699,0.01644553,0.018622585,0.045706104,0.039811306,0.08041345,-0.009708406,-0.0053362986,-0.0069224224,-0.0030985465,-0.00429485,0.8712446,0.75268245,0.8028527,0.46946687,0.8700384,-0.0010924337,-0.0063549723,-0.0055955653,-0.03464576,-0.016071904,1.0647306,1.0917265,1.1600059,1.1600059,1.3024977,0.9895846,0.9895846,0.9895846,0.9895846,0.9895846,1.0371643,1.0414234,1.1183326,1.1150011,1.2397966,1.0099168,1.0147974,1.0248507,1.0372773,1.0806762,0.2,0.1,0.05,0.033333335,0.016666668,0.1386016,0.1019696,0.06111541,0.06111541,0.033285167,0.4,0.2,0.25,0.5,0.06666667,0.8,0.9,0.95,0.96666664,0.98333335,-0.4,-0.7,-0.7,-0.46666667,-0.9166667,-0.47215128,0.40756905,0.09907552,0.019215,-0.48872966,0.48363557,0.54012054,0.5400943,0.5951701,0.30299708,0.4,0.3,0.35,0.36666667,0.33333334,0.6,0.7,0.65,0.6333333,0.65,-0.2,-0.4,-0.3,-0.26666668,-0.31666666,0.28527206,0.15451376,0.2822995,0.3849165,0.33644655,0.71472794,0.8454862,0.71770054,0.61508346,0.6635534,-0.42945588,-0.69097245,-0.43540105,-0.23016697,-0.32710686,0.8562941,0.8694899,0.85712755,0.8195151,0.6699086,0.10062984,0.17939627,0.17693372,0.23396875,0.24360159,0.8236466,0.85976225,0.82359064,1.084134,1.0892047,0.74987173,0.5181958,0.43224412,0.5157537,0.5261833,0.25012824,0.4818042,0.5677559,0.4842463,0.47381672,0.4997435,0.03639164,-0.13551174,0.031507384,0.052366555
SH601618,0.032429182442198556,0.875,,2026-05-26,0.017985623,0.028776929,0.6250015,0.0035971017,0.1249995,0.0071942033,0.249999,0.021582725,0.750001,0.98233217,1.0035336,0.975265,0.99034715,1.0163487,1.0490463,1.0381472,1.0490463,1.1089919,0.99400544,1.0089918,1.0249319,1.0334241,1.0636694,0.01008542,0.019650904,0.022211693,0.02201962,0.042227153,-0.0021798331,-0.005763363,-0.002771918,-0.0020125308,-0.0021424359,0.11678808,0.7884939,0.54508656,0.6473917,0.7851125,0.010354211,0.016943283,0.001401314,-0.004242495,-0.0004675641,1.0187868,1.0533913,1.0561106,1.0642924,1.1901265,0.96162826,0.96162826,0.96162826,0.96162826,0.96162826,1.0016348,1.0228883,1.0468665,1.0495913,1.1040872,0.9858311,0.9907357,1.0065395,1.0147139,1.0354224,0.8,0.4,0.2,0.13333334,0.06666667,0.67132175,0.4181612,0.40612605,0.3737598,0.16793011,0.2,0.1,0.35,0.13333334,0.2,0.8,0.9,0.95,0.96666664,0.98333335,-0.6,-0.8,-0.6,-0.8333333,-0.78333336,-0.7444918,0.11704854,0.00070268445,-0.17805444,0.81258446,-0.5302605,-0.44354483,-0.06678084,-0.06489754,0.03049187,0.4,0.3,0.35,0.3,0.38333333,0.6,0.7,0.5,0.5,0.5,-0.2,-0.4,-0.15,-0.2,-0.11666667,0.33333334,0.25,0.37931022,0.3676471,0.41228065,0.6666667,0.75,0.62068975,0.6323529,0.5877193,-0.33333334,-0.5,-0.24137956,-0.26470578,-0.17543869,0.96251756,0.9770918,0.9317225,0.88550925,1.4742597,0.12704481,0.16365388,0.18732011,0.17910694,0.9072325,0.52181596,0.6315271,0.7656616,0.94191825,1.4971219,0.77454,0.48670515,0.5219163,0.5189874,0.38366482,0.22545998,0.5132949,0.47808373,0.48101255,0.6163352,0.54908,-0.026589718,0.043832563,0.03797488,-0.2326704
SZ000977,0.031324391718651326,1.0,,2026-05-26,-0.017661622,0.039118364,-0.45149183,0.0,0.0,0.021456743,0.54850817,0.003795121,0.09701636,1.0179791,1.0179791,0.97815746,0.99266815,1.0726504,1.0860193,1.0964297,0.9663219,0.9291959,1.0172083,1.0462418,1.0673518,1.0589441,0.97471356,0.028024597,0.0458902,0.043889884,0.04353376,0.093960665,-0.0073851645,-0.011725934,-0.0041938,0.00030284715,0.0040703164,0.17361274,0.5985032,0.31956163,0.0037505615,0.5723531,-0.0024379822,0.0065249195,-0.027510673,-0.06333539,-0.09478792,1.1032653,1.1605796,1.1804808,1.1804808,1.1804808,0.97815746,0.97815746,0.97815746,0.96945596,0.8221202,1.0342609,1.0651762,1.092448,1.0894183,1.0728017,0.9970593,1.0113002,1.0343143,1.0140985,0.8802224,0.4,0.2,0.1,0.06666667,0.53333336,0.17458959,0.11973612,0.10795847,0.14474136,0.496371,0.2,0.2,0.4,0.6,0.8,1.0,1.0,1.0,0.033333335,0.38333333,-0.8,-0.8,-0.6,0.56666666,0.41666666,-0.614923,0.4170149,0.37678012,0.26449105,0.80562794,-0.7991553,-0.2876037,-0.08307349,0.15893902,0.35939237,0.4,0.5,0.5,0.5,0.51666665,0.6,0.5,0.5,0.5,0.48333332,-0.2,0.0,0.0,0.0,0.033333335,0.2708391,0.37989944,0.4248727,0.5194772,0.5228838,0.7291609,0.62010056,0.5751273,0.4805228,0.4771162,-0.45832178,-0.24020112,-0.15025464,0.03895437,0.0457676,1.0549508,1.275071,1.3186133,1.3806326,1.0443578,0.20452213,0.42655882,0.4085292,0.4217039,0.49132317,0.9923664,1.0667807,0.9693836,1.0493,1.1375332,0.40011713,0.4712265,0.4936947,0.47257692,0.5092062,0.59988284,0.5287735,0.5063053,0.5274231,0.49079385,-0.19976573,-0.05754699,-0.012610603,-0.054846197,0.018412301
SZ300866,0.03110482089387772,0.75,,2026-05-26,-0.021005707,0.046228744,-0.4543863,0.012165444,0.26315755,0.013057594,0.28245616,-0.020113558,-0.43508768,1.0214564,1.0338829,0.9866622,1.0059861,1.059624,1.0320609,0.9969438,0.8547457,0.807404,1.0440664,1.0687002,1.0359215,1.0097913,0.91926533,0.038599223,0.039736904,0.047126506,0.055111982,0.10577853,-0.024149457,-0.011273385,0.004145309,0.0048758034,0.0056412728,0.9785829,0.7377888,0.27080166,0.60659945,0.867479,0.0042325086,-0.017970009,-0.07530188,-0.08049038,-0.0856829,1.1138515,1.1235136,1.1235136,1.1235136,1.1235136,0.9610688,0.9610688,0.95448655,0.8719685,0.74531543,1.0682274,1.1018798,1.0839119,1.0598316,1.0076116,1.0129166,1.0392573,0.9956291,0.95847076,0.7974167,0.2,0.1,0.35,0.56666666,0.78333336,0.2548141,0.23965792,0.26926723,0.5089803,0.6734156,0.2,0.1,0.55,0.7,0.85,0.8,0.9,0.2,0.033333335,0.13333334,-0.6,-0.8,0.35,0.6666667,0.71666664,0.42719802,0.5596035,0.11882098,-0.11380747,0.40331712,0.18766408,0.6702654,0.6727195,0.7891374,0.70978457,0.2,0.4,0.4,0.43333334,0.46666667,0.8,0.6,0.6,0.56666666,0.53333336,-0.6,-0.2,-0.2,-0.13333334,-0.06666667,0.2829555,0.4529292,0.50264764,0.5849006,0.5670952,0.7170445,0.5470708,0.49735233,0.41509938,0.43290478,-0.43408898,-0.09414162,0.0052953293,0.16980125,0.13419044,1.2919562,1.4295771,1.5820719,1.724068,1.628378,0.19948709,0.37030044,0.44400945,0.57729155,0.7365091,0.45594257,1.0017407,1.1193726,1.4018519,1.6527265,0.3277271,0.42577848,0.42522165,0.4898434,0.5028822,0.6722729,0.5742215,0.5747783,0.5101566,0.4971178,-0.3445458,-0.14844304,-0.14955668,-0.020313187,0.0057644136
SZ000408,0.03099951155114577,0.75,,2026-05-26,0.0636364,0.079166666,0.80382824,0.004292925,0.05422642,0.011237339,0.14194535,0.07058082,0.89154714,0.9401709,1.0040361,0.9296059,0.97033846,0.9515675,1.0448695,1.0362092,0.98106,0.9894645,0.955601,0.9796996,1.0182904,1.0147599,0.97632873,0.027570197,0.049270608,0.053290322,0.04649139,0.059369568,0.011478204,-0.0101474,-0.007550072,-0.0014289643,0.0016120994,0.43331945,0.38881695,0.702544,0.07321489,0.22488251,0.021442598,0.06596371,0.053435247,0.0059601185,-0.023885641,1.0040361,1.1025676,1.1025676,1.1025676,1.1025676,0.919755,0.919755,0.919755,0.919755,0.8167809,0.96885043,1.0081658,1.0681361,1.0545491,1.0371332,0.9377657,0.94691354,0.9515198,0.9610017,0.93906134,1.0,0.8,0.4,0.4,0.65,0.95211166,0.4389469,0.4389469,0.4389469,0.64110446,1.0,0.1,0.55,0.7,0.85,0.2,0.6,0.8,0.8666667,0.3,0.8,-0.5,-0.25,-0.16666667,0.55,0.84691775,0.434293,0.036926292,0.12658471,-0.34624252,0.64588946,0.19488287,0.28375658,0.33369842,0.062033072,0.4,0.4,0.4,0.4,0.41666666,0.6,0.6,0.6,0.6,0.5833333,-0.2,-0.2,-0.2,-0.2,-0.16666667,0.6767452,0.42624143,0.4619055,0.51475,0.5043264,0.32325482,0.57375854,0.53809446,0.48525,0.4956736,0.35349035,-0.14751713,-0.07618896,0.02950003,0.008652814,0.70115983,0.77882,0.74293274,0.72291213,0.8105701,0.17406282,0.20409049,0.16900669,0.15934604,0.27064928,1.0455296,0.78203404,0.8782327,0.90442324,1.2355332,0.8634166,0.5380691,0.5562043,0.56580096,0.5081505,0.13658342,0.46193084,0.44379568,0.43419904,0.49184948,0.72683316,0.07613832,0.11240863,0.13160196,0.01630105
SH600031,0.0308581721431846,0.5,,2026-05-26,0.005324779,0.029286446,0.18181717,0.013312029,0.4545457,0.010649639,0.36363712,0.0026623895,0.09090859,0.9947034,1.0132415,0.9841102,0.9995276,1.0227801,1.1313578,1.0381444,1.0942798,1.2701312,1.0066789,1.0391467,1.0641459,1.0666351,1.0832579,0.012030999,0.04690742,0.049391095,0.042021498,0.060965177,-0.0061990866,-0.01404407,-0.0040324633,-0.001769285,-0.001869453,0.66373086,0.82170194,0.23329833,0.1373897,0.28679085,0.0057191886,0.024051638,-0.02583753,-0.040980443,-0.028109102,1.0598608,1.1414218,1.1906826,1.1906826,1.2706645,0.9841102,0.9841102,0.9841102,0.9841102,0.9772317,1.0089066,1.0852823,1.1082639,1.0963988,1.1316758,0.9994708,1.0033967,1.0190732,1.0274427,1.0274427,0.4,0.2,0.1,0.06666667,0.06666667,0.20976456,0.10100851,0.076921254,0.076921254,0.07759295,0.4,0.2,0.45,0.6333333,0.016666668,1.0,1.0,1.0,1.0,0.3,-0.6,-0.8,-0.55,-0.36666667,-0.28333333,-0.30475026,-0.08766171,0.5032807,0.36667773,-0.0284098,-0.550828,-0.39429674,0.3874793,0.3679891,0.17481652,0.4,0.3,0.4,0.33333334,0.3,0.4,0.6,0.55,0.6,0.6666667,0.0,-0.3,-0.15,-0.26666668,-0.36666667,0.19716413,0.060289573,0.44811565,0.40133104,0.38481942,0.8028359,0.93971044,0.55188435,0.59866893,0.61518055,-0.6056717,-0.8794209,-0.103768714,-0.19733791,-0.23036113,0.8065619,0.80586106,0.91961,0.809563,0.73267376,0.2387922,0.18385445,0.37478375,0.34503037,0.2941553,1.4576998,1.3952458,1.5218658,1.6666515,1.3900748,0.6124656,0.50589925,0.53781873,0.53367364,0.5151463,0.38753435,0.49410075,0.46218124,0.46632636,0.48485368,0.2249313,0.01179853,0.0756375,0.06734729,0.030292615
SZ002252,0.030401789764650758,0.875,,2026-05-26,0.009596941,0.028790746,0.3333342,0.017274449,0.6,0.0019193577,0.06666578,-0.0057581495,-0.2,0.9904943,1.0171102,0.98859316,1.0031023,1.0323765,1.0760812,1.0608495,1.0874857,1.1977803,1.0030617,1.0222656,1.04137,1.054012,1.1018918,0.011689889,0.024170002,0.027271854,0.029055046,0.059839256,-0.005709908,-0.0075941985,-0.003340614,-0.0027533767,-0.0032686011,0.59645474,0.9049445,0.5251596,0.695969,0.91002077,0.008358206,0.011908302,-0.00963424,-0.01408803,-0.0054680835,1.0323547,1.074195,1.0912907,1.1008189,1.2167773,0.9867066,0.9867066,0.9867066,0.9867066,0.9867066,1.0140834,1.0368772,1.0604669,1.0798316,1.1775737,0.9935706,0.9988672,1.0163796,1.0312284,1.0548029,0.6,0.3,0.15,0.1,0.05,0.29121417,0.15194431,0.12710698,0.1164938,0.057779476,0.2,0.1,0.5,0.16666667,0.05,0.8,0.9,0.95,0.96666664,0.98333335,-0.6,-0.8,-0.45,-0.8,-0.93333334,-0.32598513,-0.24789979,0.2655698,-0.11719639,0.08066033,0.1581681,-0.041579287,0.2784242,0.124111064,0.040831435,0.2,0.2,0.35,0.33333334,0.3,0.8,0.8,0.65,0.6666667,0.6166667,-0.6,-0.6,-0.3,-0.33333334,-0.31666666,0.18479876,0.1429594,0.32603928,0.3174705,0.31563926,0.8152012,0.8570406,0.67396075,0.6825295,0.68436074,-0.63040245,-0.71408117,-0.34792143,-0.36505902,-0.36872151,0.97834826,0.91746706,0.9652902,0.90787345,0.9285717,0.16059306,0.15977594,0.21034117,0.20450953,0.25607932,0.6570736,0.5771922,0.8896457,0.88714314,1.3024855,0.74104565,0.4308279,0.5202832,0.50592124,0.5097009,0.25895435,0.5691721,0.47971678,0.4940788,0.49029914,0.4820913,-0.13834421,0.040566415,0.011842451,0.019401738
SH600515,0.03016784164212289,0.75,,2026-05-26,-0.006153859,0.02769233,-0.22222252,0.009230752,0.33333245,0.012307718,0.44444504,-0.0030768928,-0.111109935,1.006192,1.0154799,0.98761606,1.0014507,1.0217596,1.0709555,1.0558183,1.1182592,1.3566698,1.004352,1.0199622,1.0534532,1.0738252,1.1291233,0.007346555,0.024331458,0.04013793,0.046021506,0.078914754,-0.0012298957,-0.0065307748,-0.005781721,-0.0046516526,-0.0042039687,0.07006628,0.6603962,0.7262268,0.79176193,0.8655704,-0.0018921449,0.0094263395,0.0014731833,-0.0063763233,-0.0051062135,1.0371517,1.0899669,1.1275522,1.14897,1.3559769,0.98477465,0.98477465,0.98477465,0.98477465,0.98477465,1.012299,1.0261116,1.0894986,1.1239357,1.2109745,0.9994323,1.0,1.012299,1.0183538,1.0762535,0.5,0.25,0.125,0.083333336,0.041666668,0.29068714,0.14473821,0.10663674,0.09272693,0.041016266,0.4,0.2,0.25,0.13333334,0.016666668,0.6,0.8,0.9,0.93333334,0.96666664,-0.2,-0.6,-0.65,-0.8,-0.95,-0.3482614,0.473351,0.55458075,-0.17296821,0.10537725,0.0056344094,-0.14618199,0.32150847,0.024614168,0.010017581,0.2,0.4,0.4,0.43333334,0.36666667,0.8,0.6,0.5,0.46666667,0.53333336,-0.6,-0.2,-0.1,-0.033333335,-0.16666667,0.29090923,0.21804552,0.4000001,0.35012,0.31093284,0.70909077,0.78195447,0.5999999,0.64988,0.6890672,-0.4181815,-0.563909,-0.1999998,-0.29975995,-0.3781343,1.0371491,1.1703237,1.3234553,1.2124808,1.1899562,0.16523258,0.2904991,0.39697582,0.44772777,0.40677005,0.5336759,1.0653511,0.8809054,1.1149424,1.0471036,0.5412675,0.48164144,0.4701823,0.5011549,0.4862621,0.4587325,0.5183586,0.5298177,0.4988451,0.51373786,0.082535036,-0.03671713,-0.059635412,0.0023098271,-0.027475746
SH601360,0.029837326334850027,1.0,,2026-05-26,0.004668478,0.030812392,0.151513,0.010270836,0.3333346,0.015873078,0.5151524,0.01027072,0.33333084,0.9953532,1.0102232,0.9795539,0.9959673,1.0398948,1.0591846,1.0192899,0.99780804,1.1696625,0.99973696,1.01815,1.034349,1.0301914,1.0441035,0.011192618,0.02408538,0.030902885,0.026260057,0.052616566,-0.0014028919,-0.0064086737,-0.0022760762,-4.9350892e-05,-0.0014440904,0.039275803,0.64899415,0.18986441,0.0002737161,0.2297437,0.0030688166,0.010689084,-0.012726262,-0.029475862,-0.0015028102,1.0390164,1.0814542,1.1241759,1.1241759,1.203108,0.96915984,0.96915984,0.96915984,0.96915984,0.95058435,1.0052608,1.030776,1.0645331,1.0437528,1.0837352,0.9931609,0.99903554,1.0092942,1.0107847,1.0024551,0.6,0.3,0.15,0.1,0.16666667,0.44147852,0.27463675,0.19894804,0.19894804,0.19568732,0.2,0.2,0.4,0.6,0.15,0.6,0.8,0.9,0.93333334,0.46666667,-0.4,-0.6,-0.5,-0.33333334,-0.31666666,-0.83599436,0.013729829,0.65389156,0.6060656,0.79320973,-0.81831735,-0.771873,-0.10265171,0.020629909,0.32900336,0.4,0.5,0.6,0.6,0.55,0.6,0.5,0.4,0.36666667,0.43333334,-0.2,0.0,0.2,0.23333333,0.11666667,0.2339182,0.30088484,0.467359,0.50277466,0.42744657,0.7660818,0.69911516,0.532641,0.49722534,0.57255346,-0.53216356,-0.3982303,-0.065281965,0.0055492837,-0.14510687,1.1229106,1.1682717,1.3127747,1.1867838,1.4034292,0.20003615,0.18365724,0.35154888,0.34472242,0.650804,0.8991573,0.905257,0.81829476,0.8747601,1.240034,0.5041499,0.3697803,0.4890004,0.49351665,0.4678338,0.49585006,0.6302197,0.51099956,0.5064833,0.53216624,0.008299887,-0.2604394,-0.021999162,-0.012966681,-0.064332455
SH600372,0.029633969338668454,0.875,,2026-05-26,-0.011016923,0.033898335,-0.32499894,0.0050847684,0.15000053,0.017796643,0.5250005,0.0016949526,0.050001055,1.0111396,1.016281,0.9820051,0.9922834,1.0490412,1.1542466,1.1252055,1.1071233,1.3841095,1.0139726,1.0498083,1.0913013,1.1046484,1.151516,0.011604295,0.050527595,0.05785722,0.050942365,0.092366025,-0.005835611,-0.015043587,-0.007144917,-0.0038387245,-0.00413943,0.6322301,0.812563,0.5337615,0.44006556,0.61257094,-0.002301372,0.017887924,-0.023424659,-0.048986893,-0.029402798,1.046369,1.1645586,1.1833634,1.1833634,1.4190029,0.9820051,0.9820051,0.9820051,0.9820051,0.9820051,1.0195069,1.072822,1.1413151,1.1374246,1.2093151,1.0083288,1.0110685,1.0287124,1.0483288,1.1044384,0.2,0.1,0.05,0.033333335,0.016666668,0.27958074,0.098573245,0.08936753,0.08936753,0.041178454,0.4,0.1,0.45,0.6333333,0.033333335,1.0,1.0,1.0,1.0,1.0,-0.6,-0.9,-0.55,-0.36666667,-0.96666664,-0.75155765,0.49599174,0.4002784,0.22929555,0.69028395,-0.48733085,-0.51893204,0.10577442,0.12345293,0.098049514,0.2,0.3,0.45,0.5,0.46666667,0.8,0.7,0.55,0.5,0.53333336,-0.6,-0.4,-0.1,0.0,-0.06666667,0.09865547,0.08419515,0.29724935,0.3584359,0.3219005,0.90134454,0.91580486,0.7027506,0.64156413,0.6780995,-0.8026891,-0.83160967,-0.40550128,-0.28312823,-0.356199,0.8511918,1.0564402,1.0708526,1.0093112,1.1448722,0.15308723,0.29234812,0.31818724,0.2869957,0.5089797,0.769197,1.1358246,1.1654809,1.3034549,1.6386325,0.47747934,0.4209427,0.5078318,0.51246434,0.48607343,0.52252066,0.57905734,0.49216816,0.4875357,0.51392657,-0.045041326,-0.15811463,0.01566367,0.024928654,-0.027853137
SH601236,0.028237148349509245,0.875,,2026-05-26,0.0071839225,0.01867814,0.38461655,0.011494218,0.61538345,0.0,0.0,-0.004310296,-0.23076688,0.9928673,1.0114123,0.9928673,1.002986,1.0299044,1.0789473,1.0956937,1.0813397,1.1674641,1.0078948,1.0236843,1.0524521,1.0705742,1.098146,0.009885619,0.02205488,0.033946794,0.038044788,0.04370362,-0.0052631497,-0.0066985637,-0.005382774,-0.0040640584,-0.0022022,0.7086367,0.8456008,0.88000035,0.8843644,0.7744235,0.0026315714,0.0064593307,-0.0013157907,-0.011645308,-0.033181027,1.0422133,1.0793722,1.1045288,1.1274039,1.1791154,0.99216783,0.99216783,0.99216783,0.99216783,0.99216783,1.0181818,1.0334928,1.0794258,1.1059809,1.1332536,0.99976075,1.0028708,1.0188994,1.0272727,1.0705742,0.4,0.2,0.1,0.06666667,0.033333335,0.1565008,0.08981383,0.06970533,0.057914678,0.04189491,0.4,0.1,0.2,0.13333334,0.25,0.8,0.9,0.95,0.96666664,0.98333335,-0.4,-0.8,-0.75,-0.8333333,-0.73333335,-0.11788527,0.26524356,0.20645238,-0.11312412,0.28015688,-0.115620635,0.034651034,-0.09143187,0.11176291,0.16033374,0.2,0.2,0.35,0.4,0.43333334,0.8,0.8,0.65,0.56666666,0.51666665,-0.6,-0.6,-0.3,-0.16666667,-0.083333336,0.12121294,0.12500025,0.2500001,0.34112167,0.35829967,0.87878704,0.87499976,0.7499999,0.6588783,0.6417003,-0.75757414,-0.7499995,-0.49999982,-0.31775665,-0.28340065,1.0993806,1.075073,1.176159,1.0868558,1.2329366,0.35355252,0.34427252,0.42992306,0.44045314,0.4949103,1.1943954,0.8302491,1.2322167,1.3681829,1.2469294,0.5976176,0.4076687,0.523108,0.5103426,0.48818037,0.40238237,0.5923313,0.476892,0.4896574,0.51181966,0.19523525,-0.18466258,0.046215992,0.020685224,-0.02363927
SH601998,0.027512890523892174,0.75,,2026-05-26,-0.010416614,0.016927073,-0.6153819,0.003906241,0.23076884,0.002604218,0.15384927,-0.011718637,-0.69230145,1.0105263,1.0144737,0.9973684,1.0042665,1.0390775,1.0852017,1.1012172,1.0839205,0.9538757,1.0201153,1.0400385,1.0678091,1.0761263,1.0507687,0.015511607,0.026831575,0.034451354,0.031068666,0.055126034,-0.009417032,-0.008638593,-0.005507844,-0.002651533,0.001775477,0.9214133,0.9501785,0.89457905,0.5644826,0.31638542,-0.0012812224,-0.0011647382,-0.015484549,-0.037679154,-0.10314528,1.0628928,1.0904977,1.1194971,1.1312319,1.1312319,0.9973684,0.9973684,0.9973684,0.9973684,0.9338126,1.0344651,1.0664958,1.0966047,1.1001922,1.0950671,1.0081998,1.0179372,1.0360025,1.0401025,0.9934657,0.2,0.1,0.05,0.033333335,0.23333333,0.040162623,0.028257811,0.021548003,0.019659048,0.33526298,0.2,0.1,0.15,0.26666668,0.6333333,1.0,1.0,1.0,1.0,0.083333336,-0.8,-0.9,-0.85,-0.73333335,0.55,-0.5649101,-0.8148251,-0.048947547,-0.22888519,-0.13982438,0.58051324,0.018939136,0.1632139,0.26595554,0.21137318,0.2,0.1,0.15,0.26666668,0.43333334,0.8,0.9,0.8,0.7,0.53333336,-0.6,-0.8,-0.65,-0.43333334,-0.1,0.05797215,0.028369367,0.10891167,0.32533354,0.5432692,0.94202787,0.97163063,0.8910883,0.67466646,0.45673075,-0.8840557,-0.94326127,-0.7821767,-0.34933293,0.086538486,0.6900817,0.58208585,0.6266679,0.55229104,0.6215816,0.194802,0.17870367,0.18348911,0.18757209,0.23986429,0.64167416,0.863555,1.0211481,0.89368737,1.3243444,0.8031085,0.7157503,0.5771593,0.5816406,0.5224627,0.19689152,0.28424972,0.4228407,0.4183594,0.4775373,0.60621697,0.43150052,0.15431856,0.16328119,0.04492542
SH600989,0.026704029504253157,0.75,,2026-05-26,0.009634708,0.038137276,0.2526323,0.00802887,0.21052553,0.020473698,0.53684217,0.022079537,0.5789489,0.99045724,1.0079522,0.9701789,0.9906631,1.1166831,1.1183219,1.1281548,1.1615863,0.9200262,1.039528,1.08666,1.1283022,1.1257511,1.1490986,0.044271793,0.058902316,0.068880595,0.059782304,0.088003136,-0.025991458,-0.017357443,-0.009839495,-0.0028929044,-0.0010699282,0.8616822,0.7960094,0.7142001,0.18147826,0.045083,0.01245492,-0.008551591,-0.034826968,-0.08380398,-0.11753575,1.1232598,1.1849061,1.2567636,1.2567636,1.4304358,0.9701789,0.9701789,0.9701789,0.9701789,0.91311026,1.0639789,1.1318911,1.1832186,1.1732546,1.2223533,0.9979679,1.0440512,1.0887578,1.087119,1.0951818,0.4,0.2,0.1,0.06666667,0.06666667,0.19480605,0.13887894,0.10405681,0.10405681,0.16795956,0.2,0.4,0.25,0.5,0.21666667,1.0,1.0,1.0,1.0,0.016666668,-0.8,-0.6,-0.75,-0.5,0.2,-0.7352099,-0.23013483,0.34135145,0.3329986,0.55013746,-0.9685377,-0.5703879,-0.33555788,-0.22078599,0.28878534,0.2,0.4,0.45,0.46666667,0.51666665,0.8,0.6,0.55,0.53333336,0.48333332,-0.6,-0.2,-0.1,-0.06666667,0.033333335,0.07416275,0.25171912,0.3778887,0.3864579,0.5198827,0.9258372,0.7482809,0.62211126,0.61354214,0.48011732,-0.8516745,-0.49656174,-0.24422258,-0.22708423,0.039765332,1.0744803,1.0670874,1.2616007,1.2499163,1.7274925,0.42979425,0.30645028,0.3794385,0.34482285,0.8340854,1.2878133,1.2239484,1.0945714,1.0634166,1.2239475,0.5079711,0.5031411,0.4493657,0.47217408,0.50177765,0.4920289,0.4968589,0.5506343,0.5278259,0.49822238,0.015942225,0.0062821857,-0.10126859,-0.055651836,0.0035552515
SH600795,0.026534351156866833,0.75,,2026-05-26,-0.004024121,0.014084492,-0.2857129,0.0020120605,0.14285645,0.00804831,0.5714307,0.002012129,0.1428613,1.0040404,1.0060606,0.99191916,0.9985871,1.044442,1.0080804,1.0,0.9838392,0.9616182,0.9963638,1.0028281,0.99494976,0.99037087,0.99643123,0.0062915403,0.017146356,0.017408382,0.016798468,0.021678953,0.0018180885,-0.0011998104,0.0011756051,0.0010709431,-0.00033060877,0.20876423,0.04488415,0.15961517,0.3149888,0.0709336,0.0,0.0025710321,-0.0061179902,-0.0058995327,0.013321707,1.0424243,1.044442,1.044442,1.044442,1.066665,0.9757581,0.97575784,0.9535376,0.9535376,0.9494975,1.000808,1.0072724,1.000808,1.0,1.0141406,0.9898995,0.9915156,0.9874754,0.9753548,0.9773749,0.8,0.7,0.775,0.8333333,0.6166667,0.36363122,0.35295084,0.51111275,0.51111275,0.43102777,0.2,0.5,0.75,0.8333333,0.2,0.6,0.3,0.25,0.5,0.46666667,-0.4,0.2,0.5,0.33333334,-0.26666668,-0.14306511,0.66777676,0.48809245,0.6421267,0.6606061,0.109668106,0.7306105,0.5694731,0.5909418,0.46970925,0.2,0.3,0.4,0.43333334,0.45,0.6,0.6,0.55,0.5,0.51666665,-0.4,-0.3,-0.15,-0.06666667,-0.06666667,0.19444436,0.47560984,0.5,0.5224719,0.5258851,0.80555564,0.52439016,0.5,0.47752807,0.47411487,-0.6111113,-0.048780307,0.0,0.04494384,0.051770244,1.0882694,1.2494304,1.1036485,0.95712054,1.0627632,0.39566618,0.47360137,0.38248223,0.38989133,0.38356444,1.6010696,1.4075482,1.467923,1.5900104,1.2423903,0.16185942,0.47461438,0.52072847,0.52540517,0.4735208,0.8381406,0.5253856,0.4792715,0.47459483,0.5264792,-0.67628115,-0.05077123,0.041456994,0.05081035,-0.05295843
SH600346,0.02527424531786847,0.875,,2026-05-26,0.0059203105,0.036060322,0.16417798,0.0102261,0.28358313,0.019913912,0.5522389,0.015608123,0.4328337,0.9941145,1.0101659,0.97431785,0.99059135,1.0722169,1.2097594,1.2905434,1.2536201,1.3601062,1.0113424,1.074638,1.1345091,1.1782962,1.1984698,0.030614765,0.07947826,0.08567597,0.096931875,0.09584753,-0.015197651,-0.025355948,-0.011818868,-0.00893124,-0.0029413842,0.61607146,0.93298453,0.66604227,0.6579487,0.28723773,0.019052904,0.039463747,-0.022229796,-0.048793215,-0.11169888,1.0727682,1.2429124,1.2915851,1.3435001,1.4446214,0.97431785,0.97431785,0.97431785,0.97431785,0.97431785,1.023765,1.1395446,1.2067608,1.2567025,1.2679518,0.9907902,0.99828655,1.0532942,1.0923314,1.1302323,0.6,0.3,0.15,0.1,0.05,0.2608642,0.09561686,0.08094806,0.06956503,0.054607656,0.2,0.2,0.05,0.26666668,0.06666667,1.0,1.0,1.0,1.0,1.0,-0.8,-0.8,-0.95,-0.73333335,-0.93333334,-0.69624686,-0.1607545,0.20122965,0.016287424,0.23186061,-0.5901682,-0.31968108,0.12328598,0.05970089,0.00024150818,0.2,0.1,0.3,0.36666667,0.43333334,0.8,0.9,0.7,0.6333333,0.56666666,-0.6,-0.8,-0.4,-0.26666668,-0.13333334,0.12299413,0.050488684,0.23038368,0.3604264,0.40990633,0.8770059,0.9495113,0.7696163,0.63957363,0.5900937,-0.75401175,-0.89902264,-0.5392327,-0.2791472,-0.18018733,1.0323576,1.0130752,1.1575772,1.1215472,1.2406564,0.228055,0.19779994,0.39589405,0.3581406,0.48578268,0.9354356,0.81739336,0.83701473,0.74117875,1.1667954,0.6027219,0.53557545,0.52300006,0.5057529,0.48813912,0.39727807,0.46442455,0.47699994,0.49424708,0.5118609,0.20544383,0.07115092,0.046000123,0.01150586,-0.023721777
SH688012,0.024418847853409312,0.5,,2026-05-26,-0.025420548,0.05855759,-0.43411192,0.009251407,0.15798818,0.023885634,0.4078999,-0.010786321,-0.18420021,1.0260836,1.0355763,0.97549134,0.9975734,1.0345168,0.83805645,0.6797168,0.69318885,0.7963102,1.0289091,0.9769988,0.88587046,0.818941,0.75368947,0.023748215,0.076216765,0.11123338,0.13194327,0.11658449,-0.009520534,0.01979074,0.017662859,0.014083347,0.004596147,0.40179145,0.6180655,0.8825101,0.88295585,0.47403035,-0.009868066,-0.066057146,-0.053667575,-0.0231495,0.11072422,1.1506332,1.1506332,1.1506332,1.1506332,1.1506332,0.94497484,0.7982216,0.6677272,0.65561485,0.63068396,1.0491902,1.0370181,1.0158232,0.957267,0.8281069,1.0105202,0.9221881,0.7949244,0.6897179,0.67526335,0.2,0.5,0.75,0.8333333,0.9166667,0.26755625,0.5725646,0.68806934,0.6957018,0.71029246,0.4,0.7,0.85,0.9,0.95,0.8,0.3,0.05,0.23333333,0.45,-0.4,0.4,0.8,0.6666667,0.5,0.518785,0.7279153,0.76941204,0.87538755,0.852159,0.50576156,0.73674405,0.69681203,0.6515484,0.551064,0.4,0.6,0.7,0.56666666,0.46666667,0.6,0.4,0.3,0.43333334,0.53333336,-0.2,0.2,0.4,0.13333334,-0.06666667,0.3841278,0.69056404,0.7437313,0.70071304,0.581869,0.6158722,0.30943596,0.25626868,0.29928696,0.418131,-0.2317444,0.38112807,0.48746267,0.40142605,0.16373801,1.2691876,1.1718094,0.9877989,0.81735975,0.5892205,0.20619988,0.2893856,0.29255152,0.34421453,0.34000865,0.39557338,0.9409192,1.0417485,1.2767304,1.5093279,0.41925952,0.5396232,0.550769,0.53704137,0.5153213,0.58074045,0.46037677,0.449231,0.4629586,0.48467866,-0.16148095,0.07924644,0.10153799,0.07408277,0.030642685
SH601006,0.023511670014324287,0.875,,2026-05-26,-0.016822407,0.033644814,-0.5,0.005607469,0.16666667,0.011214938,0.33333334,-0.011214938,-0.33333334,1.0171102,1.0228137,0.98859316,1.0038371,1.0496403,1.0309353,1.0057554,0.9834532,0.9683453,1.0241727,1.0277698,1.0204676,1.0129976,1.0065467,0.016488792,0.01403728,0.014770535,0.016373754,0.017537752,-0.009928057,-0.0015522132,0.0010758914,0.0013642663,0.0005841353,0.9063394,0.1120852,0.18570025,0.5380262,0.3383599,-0.004316541,-0.02078482,-0.030688588,-0.03277945,-0.02377874,1.0552934,1.0553448,1.0553448,1.0553448,1.0553448,0.98859316,0.98859316,0.98859316,0.9830417,0.96212727,1.0335251,1.0346763,1.0309353,1.0292087,1.0234532,1.0138129,1.0172662,1.0021583,0.99856114,0.9906475,0.2,0.1,0.075,0.28333333,0.38333333,0.17101626,0.17088455,0.17088455,0.23454423,0.40628314,0.2,0.5,0.75,0.8333333,0.9166667,1.0,1.0,1.0,0.06666667,0.016666668,-0.8,-0.5,-0.25,0.76666665,0.9,-0.67686296,0.18203932,0.27802503,0.5650485,0.21322444,-0.7697035,0.3043349,0.29187772,0.37647125,0.35339978,0.2,0.4,0.5,0.53333336,0.51666665,0.8,0.6,0.4,0.4,0.41666666,-0.6,-0.2,0.1,0.13333334,0.1,0.03999979,0.34532377,0.4848485,0.5337244,0.532641,0.9600002,0.6546762,0.5151515,0.4662756,0.467359,-0.92000043,-0.30935243,-0.030303031,0.067448795,0.065281965,0.7641598,0.8009404,0.83022326,0.7287829,0.9196519,0.14378633,0.19171333,0.27470636,0.2830768,0.43039998,0.7246863,0.79148686,1.0874162,1.2040793,1.2004339,0.38975844,0.4594633,0.5292651,0.53358173,0.5032989,0.61024153,0.5405367,0.47073492,0.46641827,0.49670112,-0.2204831,-0.08107339,0.05853018,0.06716346,0.006597742
SZ300502,0.02334172642147543,0.5,,2026-05-26,0.06707318,0.07405483,0.90572315,0.0054572383,0.07369186,0.0015244164,0.020584969,0.063140355,0.85261625,0.93714285,1.0051142,0.93571424,0.98054904,0.81785727,0.8464576,0.86897147,0.70000046,0.54571414,0.89135706,0.87844414,0.82975006,0.81846154,0.71408075,0.07811797,0.05758453,0.06713783,0.06675518,0.12207312,0.04529571,0.0071356907,0.009103912,0.004881911,0.0065566604,0.8405282,0.14075758,0.64356065,0.41448748,0.8798834,0.01805149,0.08944523,0.08376281,0.11075077,0.09249778,1.0051142,1.0051142,1.0051142,1.0051142,1.0051142,0.8075285,0.800443,0.73285717,0.6928572,0.49534324,0.9531544,0.9071345,0.87374264,0.86947715,0.83427763,0.8336801,0.83553725,0.7674516,0.7621802,0.57406867,1.0,1.0,1.0,1.0,1.0,0.9741165,0.97501254,0.9812155,0.9836218,0.98996764,1.0,1.0,1.0,1.0,1.0,0.4,0.5,0.35,0.033333335,0.05,0.6,0.5,0.65,0.96666664,0.95,0.9045118,0.82406867,0.06823232,0.026637636,-0.034381334,0.57930964,0.23527037,-0.19610104,-0.04725234,0.2125819,0.8,0.5,0.5,0.5,0.55,0.2,0.5,0.5,0.5,0.45,0.6,0.0,0.0,0.0,0.1,0.8718496,0.703252,0.6022658,0.6539183,0.63707614,0.12815037,0.29674798,0.39773425,0.3460817,0.36292386,0.74369925,0.40650403,0.2045315,0.30783662,0.2741523,0.86269075,0.8183261,0.91361177,0.89444906,0.8964445,0.15452263,0.13317037,0.31311342,0.262395,0.25956187,0.55414623,0.71191686,1.2710768,1.1273277,1.0541222,0.85351866,0.43245447,0.5126629,0.5267103,0.5101775,0.14648136,0.56754553,0.4873371,0.47328976,0.4898225,0.70703727,-0.13509107,0.025325751,0.053420506,0.020354958
SZ002049,0.023100278646474265,0.375,,2026-05-26,-0.017878274,0.042268503,-0.4229692,0.0,0.0,0.02439023,0.57703084,0.006511955,0.15406165,1.0182037,1.0182037,0.9751658,0.99284995,0.9761402,0.9594921,0.8602747,0.82555914,0.9490008,0.9810503,0.969575,0.94834477,0.91831934,0.89140296,0.03335343,0.029780101,0.04030325,0.05477953,0.06073657,0.012572408,0.0046316534,0.00523772,0.005664364,0.0013418319,0.35521877,0.22173347,0.59111565,0.82864285,0.148866,-0.0061951214,0.0095825875,0.0018968845,-0.00045260735,0.069013014,1.0255557,1.0255557,1.0255557,1.0255557,1.0255557,0.9332214,0.9187557,0.854255,0.82640105,0.78118795,1.0049906,0.99083966,0.9816525,0.964172,0.95260656,0.95674556,0.9432429,0.9281753,0.85700256,0.8318731,0.8,0.9,0.95,0.96666664,0.98333335,0.723226,0.76071405,0.85081357,0.8716789,0.89542097,0.8,0.9,0.95,0.96666664,0.98333335,0.4,0.5,0.05,0.06666667,0.45,0.4,0.4,0.9,0.9,0.53333336,0.5953675,0.66702884,0.7846361,0.8936489,0.79681957,0.4561085,0.46426883,0.5573168,0.4566994,0.3022611,0.6,0.6,0.6,0.6333333,0.55,0.4,0.4,0.4,0.36666667,0.45,0.2,0.2,0.2,0.26666668,0.1,0.5764881,0.5706544,0.64271444,0.6363855,0.52270204,0.42351192,0.4293456,0.35728556,0.36361453,0.47729796,0.15297613,0.1413088,0.2854289,0.27277094,0.04540408,0.9110523,0.79712635,0.7405322,0.6069881,0.43618125,0.26703382,0.22701992,0.23141807,0.27237228,0.2633167,0.96327555,0.89147836,0.9650694,1.1220869,1.3519032,0.58030236,0.56304014,0.5667208,0.5699605,0.54485524,0.41969764,0.43695986,0.43327922,0.43003955,0.45514476,0.1606047,0.12608029,0.13344155,0.13992089,0.08971048
SZ300896,0.021684566382678863,0.75,,2026-05-26,-0.006723838,0.042779177,-0.15717548,0.02280261,0.53303057,0.0132527305,0.30979395,-0.016273716,-0.3804121,1.0067693,1.0297263,0.98665756,1.0038077,1.0537552,1.1311656,1.1441649,1.1042148,1.4194955,1.0135194,1.0618001,1.1033194,1.1098503,1.1903859,0.010186425,0.06220275,0.061004438,0.05061607,0.119865686,-0.0061188666,-0.01934472,-0.008668189,-0.0034085666,-0.005915322,0.9020662,0.88657826,0.70664597,0.35145393,0.7427913,-0.0012816299,0.025251081,-0.020971645,-0.060426034,-0.015883988,1.0566064,1.1890724,1.1890724,1.1890724,1.4302197,0.98665756,0.98665756,0.98665756,0.98665756,0.98665756,1.0183823,1.1203413,1.1539565,1.1457322,1.353649,1.0091106,1.0118569,1.0258523,1.0599656,1.113816,0.2,0.1,0.05,0.033333335,0.016666668,0.19074564,0.06591633,0.06591633,0.06591633,0.03008021,0.4,0.1,0.55,0.7,0.016666668,1.0,1.0,1.0,1.0,1.0,-0.6,-0.9,-0.45,-0.3,-0.98333335,0.09491778,0.78139347,0.2874799,0.14489642,-0.21059509,-0.54013675,0.4827722,0.3839681,0.49497667,0.022827948,0.0,0.1,0.35,0.43333334,0.4,1.0,0.9,0.65,0.56666666,0.6,-1.0,-0.8,-0.3,-0.13333334,-0.2,0.0,0.20229383,0.28812823,0.3852974,0.31849283,1.0,0.7977062,0.7118718,0.6147026,0.6815072,-1.0,-0.5954124,-0.42374358,-0.22940521,-0.3630143,0.8679537,1.0348998,0.9684065,0.87907296,0.7986093,0.13965516,0.3243046,0.28312686,0.31328812,0.3001474,0.91930455,0.9845267,1.1009892,1.1809437,1.3425484,0.62982535,0.50522965,0.43723145,0.528496,0.5163287,0.37017462,0.49477032,0.5627686,0.47150397,0.4836713,0.25965077,0.010459361,-0.12553713,0.056992043,0.032657363
SH601698,0.02096661900476715,0.75,,2026-05-26,-0.028692268,0.043189436,-0.6643353,0.0,0.0,0.01449717,0.33566472,-0.014195097,-0.32867056,1.0295398,1.0295398,0.9850746,0.99854976,1.0671183,1.1896552,1.1878079,1.0120075,1.1483991,1.0324508,1.072691,1.1175185,1.1103961,1.0907277,0.020673532,0.05487777,0.06888229,0.06941341,0.077066496,-0.010437201,-0.01661256,-0.0071294312,-0.00034952618,-4.6733927e-05,0.63720435,0.8400239,0.37494078,0.0019650534,0.00011215875,-0.011576343,0.002065608,-0.049788892,-0.10532803,-0.08934899,1.0761992,1.2014309,1.2746816,1.2746816,1.2746816,0.9850746,0.9850746,0.9850746,0.9850746,0.955414,1.0421182,1.1042488,1.1788177,1.1782635,1.1727833,1.0236453,1.0359607,1.0530173,1.0510467,1.0164409,0.2,0.1,0.05,0.033333335,0.15,0.16379124,0.06898535,0.051536784,0.051536784,0.13965084,0.4,0.1,0.45,0.6333333,0.81666666,1.0,1.0,1.0,1.0,0.31666666,-0.6,-0.9,-0.55,-0.36666667,0.5,-0.47976398,0.5432084,0.8013142,0.8079928,0.79660463,-0.34336776,-0.61952513,0.24711266,0.575883,0.55038595,0.4,0.4,0.5,0.6,0.55,0.6,0.6,0.45,0.36666667,0.43333334,-0.2,-0.2,0.05,0.23333333,0.11666667,0.10507217,0.10309314,0.33672377,0.4923439,0.45199203,0.8949278,0.89690685,0.6632762,0.5076561,0.54800797,-0.78985566,-0.7938137,-0.32655245,-0.015312185,-0.09601596,0.8796383,1.1530241,1.518985,1.6506038,1.465701,0.16786487,0.36864564,0.64190733,0.85981613,0.77448076,1.0092564,1.3121519,1.0897816,1.368354,1.4562094,0.3751919,0.38606268,0.38806525,0.5063213,0.4830431,0.62480813,0.6139373,0.6119347,0.4936787,0.5169569,-0.2496162,-0.22787462,-0.2238695,0.012642645,-0.033913795
SH601377,0.020870753439235702,0.75,,2026-05-26,0.0138408495,0.025951633,0.53333247,0.008650545,0.33333334,0.0034602396,0.13333417,0.008650545,0.33333334,0.9863481,1.0085324,0.98293513,0.99903595,1.0139732,1.0479951,1.010328,0.99149454,1.164034,0.9959903,1.0069866,1.0177703,1.0197449,1.0432463,0.005676448,0.016846796,0.021113647,0.017725956,0.046891462,-0.0010935529,-0.0045031095,-0.0014612767,-0.000759451,-0.0020101946,0.09278254,0.6549405,0.16765109,0.1422597,0.5605166,0.0061968463,0.013277377,-0.0038882005,-0.008732776,0.016054504,1.0376921,1.0512307,1.0600901,1.0600901,1.1655353,0.97943395,0.97943395,0.97943395,0.97943395,0.9591514,1.0007291,1.0166464,1.0416768,1.0343864,1.0975698,0.9925881,0.9933171,1.0,1.001458,1.0032806,0.8,0.45,0.25,0.16666667,0.15,0.35301593,0.28644836,0.25498438,0.25498438,0.19792531,0.4,0.2,0.35,0.56666666,0.016666668,0.8,0.9,0.95,0.96666664,0.46666667,-0.4,-0.7,-0.6,-0.4,-0.45,-0.5931579,-0.08807795,0.443731,0.41880462,0.17319937,-0.3317933,-0.18029429,0.13986062,0.37320668,0.17106795,0.2,0.2,0.4,0.4,0.36666667,0.6,0.7,0.55,0.56666666,0.5833333,-0.4,-0.5,-0.15,-0.16666667,-0.21666667,0.29824626,0.25157258,0.47318628,0.5153508,0.38824505,0.70175374,0.7484274,0.52681375,0.48464918,0.61175495,-0.40350747,-0.49685484,-0.05362745,0.03070163,-0.2235099,0.93802196,0.87175417,0.9203677,0.9344234,0.89796317,0.42014673,0.326839,0.3314196,0.368048,0.3047037,0.95717746,0.8419124,0.8393245,1.3607569,1.1258609,0.59960085,0.4836222,0.53527766,0.5182589,0.47041592,0.40039915,0.5163778,0.46472234,0.48174107,0.5295841,0.19920169,-0.032755602,0.07055531,0.036517885,-0.059168167
SZ002938,0.02003688632916261,0.25,,2026-05-26,0.0,0.095258616,0.0,0.060086153,0.6307687,0.035172462,0.36923128,-0.024913693,-0.26153743,1.0,1.0600861,0.96482754,1.0029943,0.8114225,0.6836306,0.65020233,0.47931343,0.510718,0.8947534,0.8272598,0.7387048,0.6774696,0.5669502,0.09930518,0.09963994,0.1150911,0.13264385,0.14614613,0.061549995,0.029882852,0.017714538,0.014115386,0.007122627,0.96040016,0.82449615,0.82917124,0.8776331,0.72444534,-0.017853381,0.03826741,0.093007065,0.117857285,0.2229323,1.0600861,1.0600861,1.0600861,1.0600861,1.0600861,0.7551829,0.67241687,0.6051662,0.47469398,0.41381985,0.9884275,0.91388094,0.8120371,0.77093387,0.6690001,0.8071503,0.74970764,0.64678454,0.5613701,0.44760904,1.0,1.0,1.0,1.0,1.0,0.8029337,0.8450067,0.86791927,0.89735746,0.9070257,1.0,1.0,1.0,1.0,1.0,0.2,0.1,0.05,0.033333335,0.38333333,0.8,0.9,0.95,0.96666664,0.6166667,0.08380832,0.009009988,-0.0924321,-0.14138646,0.39445204,-0.33231455,-0.19339468,0.090176456,0.088871524,0.21858361,0.8,0.8,0.6,0.6666667,0.56666666,0.2,0.2,0.4,0.33333334,0.43333334,0.6,0.6,0.2,0.33333334,0.13333334,0.8684829,0.8624422,0.7719381,0.80889297,0.6892394,0.13151711,0.13755777,0.22806188,0.19110703,0.31076062,0.7369658,0.72488445,0.54387623,0.61778593,0.37847874,0.44841522,0.41417697,0.41679603,0.43124068,0.35806367,0.34102175,0.23034951,0.1714601,0.15003753,0.14176486,0.25180215,0.4783788,0.6868256,0.7231974,0.8020083,0.72460395,0.7128788,0.561442,0.597721,0.5644525,0.27539605,0.28712118,0.43855798,0.40227905,0.43554747,0.44920793,0.42575765,0.12288401,0.1954419,0.12890507
SH600011,0.01833631969961605,0.75,,2026-05-26,0.006702402,0.028150123,0.23809496,0.006702402,0.23809496,0.014745317,0.5238101,0.014745317,0.5238101,0.9933422,1.0066577,0.9786951,0.9957181,1.0412786,1.0173672,0.9307828,0.90938836,0.9292726,0.987415,1.0007299,0.9773848,0.9601896,0.97042954,0.011986824,0.020311503,0.035721403,0.038257502,0.04056638,0.0029197133,-0.003336156,0.004330547,0.0036278802,-0.00038065348,0.14832427,0.2472977,0.51439476,0.69690627,0.02685511,0.006745542,0.014282793,-0.018525025,-0.012793863,0.04079973,1.0426524,1.0517774,1.0517774,1.0517774,1.0652797,0.9625959,0.9625959,0.9106403,0.90282744,0.88680065,0.99577147,1.0070475,1.002517,0.9989932,1.002517,0.9745783,0.989479,0.9340045,0.9254971,0.9290209,1.0,0.6,0.75,0.8333333,0.73333335,0.46722198,0.4194157,0.633141,0.65238386,0.63424426,0.2,0.2,0.6,0.73333335,0.2,0.6,0.8,0.15,0.06666667,0.46666667,-0.4,-0.6,0.45,0.6666667,-0.26666668,0.44710824,0.66731095,0.74123055,0.7667522,0.6117107,0.49983564,0.5665617,0.5970728,0.5138707,0.3250905,0.4,0.4,0.45,0.5,0.46666667,0.4,0.4,0.45,0.43333334,0.48333332,0.0,0.0,0.0,0.06666667,-0.016666668,0.2759567,0.44858426,0.6202975,0.6306241,0.5444199,0.7240433,0.55141574,0.3797025,0.36937588,0.45558015,-0.44808665,-0.1028315,0.240595,0.26124823,0.08883971,1.0841041,1.340223,1.2099738,1.050546,1.0460738,0.2246978,0.42410225,0.39279717,0.4172608,0.3947967,1.0952406,1.040359,1.0392958,1.2243507,1.0299522,0.23241158,0.38343439,0.5031966,0.53375787,0.49322888,0.76758844,0.6165656,0.4968034,0.46624213,0.50677115,-0.5351769,-0.2331312,0.006393215,0.06751571,-0.013542254
SH600570,0.018069506363150127,0.875,,2026-05-26,0.0,0.036538463,0.0,0.0130769145,0.3578945,0.023461547,0.64210546,0.010384631,0.28421098,1.0,1.0130769,0.9765385,0.9944449,1.0346153,1.0538498,1.0176947,0.9988515,1.1596186,1.0042348,1.0166186,1.0269454,1.0265799,1.0293944,0.008154921,0.01820592,0.024708724,0.020415155,0.040128306,-0.0031544287,-0.004596664,-0.0011535352,-0.00033120505,-0.00082684925,0.3740605,0.5843482,0.07628325,0.020398121,0.12949438,0.0020740519,0.0040664123,-0.015986744,-0.021777337,-0.0050023254,1.0573113,1.0673091,1.0800047,1.0800047,1.1726985,0.9765385,0.9765385,0.9765385,0.9765385,0.9446156,1.0083114,1.030001,1.0535436,1.0390033,1.0587754,0.9986933,1.0033892,1.0053849,1.0063888,0.9979276,0.4,0.2,0.1,0.06666667,0.23333333,0.29046312,0.25847068,0.22675548,0.22675548,0.24282572,0.4,0.2,0.45,0.6333333,0.016666668,1.0,1.0,1.0,1.0,0.36666667,-0.6,-0.8,-0.55,-0.36666667,-0.35,-0.5951628,-0.24990349,0.44962308,0.42173767,0.35775647,-0.05989613,-0.20345792,0.24125424,0.47451398,0.1670207,0.2,0.3,0.45,0.46666667,0.46666667,0.8,0.7,0.5,0.5,0.51666665,-0.6,-0.4,-0.05,-0.033333335,-0.05,0.20781253,0.30661115,0.4672317,0.5014261,0.4125537,0.79218745,0.6933888,0.5327683,0.49857393,0.5874463,-0.5843749,-0.38677767,-0.0655366,0.0028521626,-0.1748926,0.96566933,0.9611668,0.9836436,0.9122453,0.8349645,0.25532225,0.18225762,0.28110033,0.28400806,0.282624,0.2791117,0.58304334,0.75946814,0.882048,1.0087423,0.55697036,0.49174768,0.54186213,0.52589595,0.5150866,0.44302964,0.5082523,0.45813787,0.47410402,0.4849134,0.113940686,-0.016504625,0.08372427,0.051791955,0.030173158
SH603296,0.017800534690630178,0.875,,2026-05-26,-0.009459477,0.047927964,-0.19736864,0.020270308,0.42293277,0.018198181,0.37969857,-0.011531604,-0.24060282,1.0095499,1.0300137,0.981628,1.0016327,0.990451,0.99709105,0.94460267,0.9008412,0.8032632,0.9922596,1.0108645,1.0014166,0.97169846,0.8890323,0.022625819,0.02992201,0.039439358,0.055121373,0.09566148,0.006355507,-0.006734775,0.0017815361,0.0047089285,0.004834645,0.1972567,0.46438274,0.07141636,0.5655954,0.7790311,-0.004970606,0.019441953,-0.018341204,-0.03997791,-0.031654306,1.0300137,1.1066751,1.1095926,1.1095926,1.1095926,0.9506238,0.94943225,0.8885749,0.86997133,0.72531146,1.0032758,1.0370202,1.0370202,1.0205528,0.99208254,0.983735,0.99075454,0.9735155,0.9122242,0.7906533,0.8,0.5,0.6,0.73333335,0.8666667,0.6219457,0.32158995,0.5041456,0.5426425,0.71481144,1.0,0.2,0.4,0.6,0.8,0.4,0.5,0.25,0.16666667,0.4,0.6,-0.3,0.15,0.43333334,0.4,-0.74358255,0.24048318,0.30255005,0.58632034,0.6296283,-0.41626552,-0.31180996,0.22292268,0.40463066,0.4748896,0.6,0.4,0.5,0.46666667,0.48333332,0.4,0.6,0.5,0.53333336,0.51666665,0.2,-0.2,0.0,-0.06666667,-0.033333335,0.5369914,0.50570714,0.54833364,0.56681436,0.56949466,0.46300858,0.49429286,0.45166638,0.43318567,0.4305053,0.07398285,0.011414273,0.09666723,0.13362868,0.13898937,1.0519499,1.2422363,1.3347579,1.2269486,1.048429,0.08832924,0.2979267,0.31464946,0.31780967,0.39115387,0.6027986,0.84516996,0.7808197,0.89823467,1.0171481,0.115922585,0.38517076,0.48766324,0.48795933,0.516732,0.8840774,0.61482924,0.51233673,0.5120407,0.48326802,-0.7681548,-0.22965845,-0.024673505,-0.024081334,0.03346398
SH600482,0.01690882278902259,0.875,,2026-05-26,-0.00937668,0.04522892,-0.20731601,0.012962016,0.2865869,0.022890225,0.5060971,0.0005515295,0.012194179,1.0094655,1.0225501,0.9768931,0.99642015,1.0350909,1.0475968,1.1764816,1.0233318,0.930378,1.0015492,1.0314978,1.0589734,1.0699332,0.9992005,0.015174984,0.05157349,0.048504077,0.049356572,0.09185741,0.00011199937,-0.012932874,-0.0066391374,-0.0034093997,0.0027752197,0.00013618042,0.5764326,0.6557448,0.3698006,0.27839804,-0.0017732151,0.026700046,0.0040984084,-0.020496823,-0.081069484,1.0464649,1.1666892,1.1987361,1.2068262,1.2068262,0.96379656,0.96379656,0.96379656,0.96379656,0.8101332,1.0147456,1.0454316,1.1007746,1.1052357,1.0859729,0.9938031,0.99949604,1.0116845,1.0256463,0.9009426,0.6,0.3,0.15,0.1,0.46666667,0.43793616,0.1784365,0.15409689,0.1489672,0.47862402,0.4,0.2,0.05,0.33333334,0.6666667,0.8,0.9,0.95,0.96666664,0.3,-0.4,-0.7,-0.9,-0.6333333,0.36666667,-0.54642206,0.6932861,0.6268335,0.68495077,0.3064726,-0.33407906,0.4558065,0.32181305,0.42118263,0.23521961,0.4,0.4,0.3,0.36666667,0.43333334,0.6,0.6,0.7,0.6333333,0.56666666,-0.2,-0.2,-0.4,-0.26666668,-0.13333334,0.33333334,0.43957344,0.35522887,0.48903123,0.5179759,0.6666667,0.5604266,0.64477116,0.51096874,0.4820241,-0.33333334,-0.12085315,-0.28954226,-0.021937529,0.0359518,1.2374449,1.695767,1.8041345,2.003283,2.0247502,0.2766211,0.5931913,0.5497609,0.74255264,0.63601756,0.6935989,1.0389037,1.0561734,0.99950963,0.9330817,0.3799264,0.46471295,0.36199602,0.47086015,0.46963605,0.62007356,0.5352871,0.63800395,0.5291399,0.5303639,-0.24014716,-0.07057411,-0.27600792,-0.058279704,-0.06072788
SH600926,0.015879305312380097,0.5,,2026-05-26,-0.0043369574,0.013011105,-0.33332735,0.004956623,0.38095322,0.0037175254,0.2857194,-0.005576055,-0.42856118,1.0043559,1.0093341,0.9962663,1.0020522,1.0168326,1.0336652,1.072309,1.065908,1.0075865,1.0029397,1.0140587,1.0382171,1.0493678,1.0445392,0.003550631,0.014078254,0.029282035,0.029013231,0.024622265,-0.00144616,-0.004303343,-0.0046692123,-0.0028311852,4.518531e-06,0.41472635,0.8564969,0.8899237,0.7379825,1.0271608e-05,-4.740932e-05,0.005306305,0.006140409,-0.008315551,-0.044672526,1.0194111,1.0478586,1.0945636,1.0945636,1.0945636,0.9901021,0.9901021,0.9901021,0.9901021,0.9901021,1.0051209,1.0289711,1.0657183,1.0753912,1.0680891,0.9997629,1.0030346,1.00697,1.0155997,1.0229019,0.4,0.2,0.1,0.06666667,0.033333335,0.33770758,0.17137249,0.0947514,0.0947514,0.0947514,0.2,0.1,0.25,0.5,0.75,0.6,0.8,0.9,0.93333334,0.96666664,-0.4,-0.7,-0.65,-0.43333334,-0.21666667,-0.32473037,-0.06313229,0.31754366,-0.053775985,-0.0002403459,0.1992598,-0.31800723,0.06951664,-0.025308987,0.0065107797,0.2,0.3,0.25,0.36666667,0.51666665,0.8,0.7,0.7,0.56666666,0.45,-0.6,-0.4,-0.45,-0.2,0.06666667,0.2016821,0.22900817,0.26574513,0.3505376,0.4919599,0.7983179,0.77099186,0.73425484,0.6494624,0.5080401,-0.5966358,-0.54198366,-0.46850973,-0.29892483,-0.016080184,1.182705,1.1783512,1.2709223,1.216205,1.3083922,0.1990415,0.15223654,0.19154727,0.30129945,0.42773053,0.29834396,0.7364947,0.8914497,0.9402037,1.0762134,0.45536837,0.33663297,0.36979264,0.43523845,0.48961788,0.5446316,0.66336703,0.63020736,0.5647616,0.5103821,-0.08926324,-0.32673404,-0.2604147,-0.12952311,-0.020764237
SH601018,0.01580388207830176,0.875,,2026-05-26,-0.016853867,0.028089946,-0.59999645,0.0028090614,0.10000237,0.008427017,0.30000117,-0.011235912,-0.39999762,1.0171428,1.02,0.9914285,1.0008066,1.0258963,1.0458167,1.0677291,1.0936254,1.1513944,1.010757,1.0203187,1.0355577,1.049668,1.1031208,0.008521605,0.017537924,0.021833813,0.027353082,0.061183862,-0.0019920317,-0.0043221056,-0.003182758,-0.0029133747,-0.0033887234,0.13661225,0.5567315,0.7437314,0.8791883,0.9356173,-0.0067728823,-0.00086922245,-0.005321541,-0.007424037,-0.0031534825,1.0378596,1.0649306,1.0820717,1.1015936,1.2131474,0.9914285,0.9914285,0.9914285,0.9914285,0.9914285,1.0171314,1.0286852,1.0577688,1.0737051,1.1649402,1.0047809,1.0059761,1.0147411,1.0215139,1.0446215,0.2,0.1,0.05,0.033333335,0.016666668,0.1846066,0.11661546,0.09456287,0.077805795,0.038659234,0.4,0.2,0.1,0.033333335,0.13333334,1.0,1.0,1.0,1.0,1.0,-0.6,-0.8,-0.9,-0.96666664,-0.8666667,-0.63785976,-0.07750427,-0.15396474,-0.6036484,0.10440666,-0.22075371,-0.42609257,-0.413334,-0.28168145,-0.21804938,0.2,0.3,0.35,0.3,0.35,0.8,0.7,0.55,0.53333336,0.48333332,-0.6,-0.4,-0.2,-0.23333333,-0.13333334,0.27586228,0.33802828,0.34821424,0.33333322,0.39017338,0.7241377,0.66197175,0.6517858,0.66666675,0.6098266,-0.44827545,-0.32394347,-0.30357155,-0.33333352,-0.21965326,0.7039003,0.79585004,0.82068485,0.706593,0.74643964,0.20187798,0.19918324,0.1942965,0.22949536,0.2700314,0.89333504,0.5862401,0.8305991,1.0252459,1.1207262,0.61540246,0.5165426,0.56316066,0.5485523,0.50345856,0.38459754,0.48345736,0.4368393,0.45144773,0.49654144,0.23080495,0.03308526,0.12632136,0.09710458,0.006917136
SZ000568,0.01578940484801723,0.625,,2026-05-26,-0.005368682,0.03286946,-0.16333346,0.02169383,0.6599996,0.0058069453,0.17666692,-0.021255566,-0.64666617,1.0053977,1.0272086,0.9941617,1.0054536,0.995042,1.0440623,1.1219436,1.1324097,1.2438872,1.005222,1.007513,1.0499177,1.0740514,1.1182811,0.009580351,0.015066609,0.04813847,0.05264719,0.060410675,-0.0026553099,-0.0022338496,-0.0076302094,-0.005585516,-0.0031039773,0.192047,0.20150617,0.87933916,0.8723242,0.80521077,8.862576e-05,0.0025393208,0.022569256,0.006938602,-0.02671382,1.0341502,1.0595962,1.1406704,1.1435353,1.2438881,0.9790701,0.9790701,0.9790701,0.9790701,0.9790701,1.0125581,1.0167451,1.1028858,1.1232214,1.1601676,0.9983255,0.9943592,1.0019392,1.0108396,1.0729908,0.4,0.4,0.2,0.13333334,0.06666667,0.37998936,0.25991425,0.12951618,0.12726012,0.079034865,0.4,0.2,0.05,0.13333334,0.016666668,0.8,0.9,0.95,0.96666664,0.98333335,-0.4,-0.7,-0.9,-0.8333333,-0.96666664,0.84141916,0.7950985,-0.08915912,-0.3996621,-0.36483264,0.9477375,0.7831892,0.3734494,0.2916874,0.07546557,0.4,0.4,0.35,0.3,0.35,0.6,0.6,0.65,0.7,0.65,-0.2,-0.2,-0.3,-0.4,-0.3,0.53237796,0.37030524,0.30613256,0.32468012,0.34769085,0.46762204,0.62969476,0.69386744,0.6753199,0.6523091,0.0647559,-0.25938952,-0.38773492,-0.3506398,-0.3046183,0.9946871,1.0277288,1.0041437,0.9016126,0.8015091,0.2070738,0.23074065,0.2886773,0.2946329,0.29162607,0.5091408,0.67188925,0.69254166,0.8981473,0.9860422,0.5589148,0.44976637,0.4957126,0.5201561,0.50685513,0.44108525,0.55023366,0.5042874,0.47984388,0.49314484,0.11782951,-0.10046728,-0.008574797,0.040312205,0.013710293
SH601628,0.015270306202582306,0.375,,2026-05-26,0.0,0.030177461,0.0,0.020710072,0.6862761,0.009467391,0.3137239,-0.011242679,-0.37255222,1.0,1.0207101,0.99053264,1.003528,1.0270509,1.1112822,1.091269,1.0932484,1.3580383,1.006202,1.0276667,1.061689,1.0777509,1.1378748,0.009333758,0.027999943,0.04109147,0.04083982,0.09078811,-0.005058287,-0.008831667,-0.0057276455,-0.003929299,-0.0046524485,0.73423314,0.9119741,0.6800127,0.7174046,0.80094934,0.0039146375,0.012075855,-0.0072764405,-0.02077612,-0.00062761473,1.0456463,1.1113487,1.1454773,1.1454773,1.3598101,0.99053264,0.99053264,0.99053264,0.99053264,0.99053264,1.0103805,1.0499231,1.091357,1.1117221,1.2498351,1.0005279,1.0008358,1.0190896,1.0279306,1.0757424,0.2,0.1,0.05,0.033333335,0.016666668,0.17177936,0.078361936,0.06110177,0.06110177,0.025637602,0.4,0.1,0.25,0.5,0.016666668,1.0,1.0,1.0,1.0,1.0,-0.6,-0.9,-0.75,-0.5,-0.98333335,-0.5708517,0.33775115,0.3067323,-0.13034639,-0.31095633,-0.27396035,-0.18626127,0.22887795,0.30581412,0.1106938,0.2,0.1,0.25,0.3,0.31666666,0.8,0.9,0.75,0.7,0.68333334,-0.6,-0.8,-0.5,-0.4,-0.36666667,0.008000743,0.001968691,0.24414334,0.3212478,0.2840848,0.99199927,0.9980313,0.7558567,0.67875224,0.7159152,-0.98399854,-0.99606264,-0.5117133,-0.35750446,-0.43183038,0.6368751,0.6595295,0.75574505,0.62031806,0.5281467,0.2604283,0.2750514,0.4033763,0.38372105,0.30671808,1.3218473,1.289737,1.4113888,1.5131567,1.4181298,0.7152969,0.5596484,0.54698,0.5416661,0.5188283,0.2847031,0.44035158,0.45301998,0.45833388,0.4811717,0.43059382,0.11929685,0.09396007,0.08333222,0.037656598
SH601838,0.01508848239717252,0.625,,2026-05-26,0.003260859,0.014130389,0.23076923,0.0016304295,0.115384616,0.009239101,0.65384614,0.01086953,0.7692308,0.99674976,1.0016252,0.98754066,0.99539983,1.0152788,1.026738,0.98395723,0.93468297,0.8701299,1.0052712,1.0093583,1.0157945,0.9927808,0.9572638,0.009097016,0.010297092,0.014072906,0.036049906,0.045293417,-0.0046982504,-0.0022987726,-0.0008503883,0.002956259,0.0022930037,0.6668289,0.45685065,0.12780121,0.52116877,0.7816984,0.0041252687,0.0009861529,-0.0077158464,-0.035646547,-0.024907466,1.0225188,1.0337188,1.0429925,1.0429925,1.0429925,0.98754066,0.98754066,0.9742834,0.9275772,0.8683382,1.012987,1.0160428,1.0272728,1.0255921,1.0143621,0.99870133,0.99923605,0.99984723,0.9460658,0.92360586,0.4,0.3,0.25,0.5,0.75,0.35620442,0.26981014,0.3742826,0.6274977,0.7538425,0.2,0.1,0.5,0.6666667,0.8333333,1.0,1.0,0.05,0.2,0.016666668,-0.8,-0.9,0.45,0.46666667,0.81666666,-0.55260146,-0.40123016,-0.03283089,0.22362213,-0.15135962,0.21951856,-0.2711226,-0.1655344,0.40397266,0.3971764,0.4,0.3,0.5,0.53333336,0.53333336,0.6,0.7,0.5,0.46666667,0.46666667,-0.2,-0.4,0.0,0.06666667,0.06666667,0.28723398,0.34374964,0.54687494,0.6212766,0.6353502,0.712766,0.65625036,0.45312506,0.3787234,0.36464977,-0.425532,-0.31250075,0.0937499,0.2425532,0.27070045,0.87333417,0.9541749,1.1086532,1.1121196,1.2266284,0.17110865,0.20385346,0.29288626,0.44894853,0.54198825,0.60775936,0.89809376,0.7926797,1.4087195,1.6549356,0.4199564,0.5189159,0.32348514,0.50622076,0.49422285,0.5800436,0.48108408,0.67651486,0.4937792,0.5057772,-0.16008724,0.037831817,-0.3530297,0.012441568,-0.011554319
SH600588,0.014696855256561382,0.625,,2026-05-26,-0.015639417,0.03863848,-0.40476274,0.002759876,0.07142817,0.020239187,0.5238091,0.0018398933,0.04761816,1.0158879,1.0186917,0.97943926,0.9966121,1.1000084,1.1121508,1.1411225,1.1074806,1.3084147,1.0241181,1.0609407,1.0933242,1.1107854,1.1473739,0.025981825,0.044290386,0.0483963,0.047211517,0.0761367,-0.012806271,-0.01353773,-0.0063588433,-0.0041209855,-0.0033967732,0.6073598,0.8564148,0.6042268,0.59048384,0.60707843,0.0014944369,-2.0939899e-05,-0.032915175,-0.05103105,-0.047169086,1.0934684,1.1869214,1.2037466,1.2037466,1.3532792,0.97943926,0.97943926,0.97943926,0.97943926,0.97943926,1.0315937,1.1011292,1.1282328,1.1553365,1.2259829,1.0112218,1.0155216,1.0590743,1.0824319,1.0910383,0.2,0.1,0.05,0.033333335,0.016666668,0.18031129,0.09909646,0.0916633,0.0916633,0.05499878,0.2,0.2,0.4,0.6,0.033333335,1.0,1.0,1.0,1.0,1.0,-0.8,-0.8,-0.6,-0.4,-0.96666664,-0.054914713,0.21019995,0.2945719,-0.1293325,0.21195902,-0.97877383,-0.61215115,-0.18793179,-0.0751023,0.10185215,0.4,0.5,0.5,0.56666666,0.51666665,0.6,0.5,0.5,0.43333334,0.48333332,-0.2,0.0,0.0,0.13333334,0.033333335,0.071959175,0.21964645,0.33184946,0.4052743,0.37613043,0.9280408,0.78035355,0.66815054,0.5947257,0.62386954,-0.85608166,-0.5607071,-0.33630106,-0.18945143,-0.24773914,1.2080797,1.3217591,1.3554939,1.1798339,1.1149279,0.3603767,0.47246012,0.45804462,0.4544887,0.41611782,1.1754801,0.99670887,0.81690294,0.9111067,0.9895754,0.5149938,0.43627635,0.51167667,0.5081822,0.49537867,0.48500624,0.5637236,0.4883233,0.49181774,0.5046213,0.02998754,-0.12744729,0.023353381,0.01636449,-0.009242666
SH601857,0.014174497717272142,0.75,,2026-05-26,0.021435196,0.026095094,0.8214263,0.0027959393,0.10714425,0.0018639596,0.0714295,0.020503215,0.78571147,0.97901464,1.0027373,0.9771898,0.99011904,1.0548223,1.0208122,1.0781726,1.1040609,1.0025381,1.0160406,1.027868,1.0481472,1.0550761,1.0826057,0.031181334,0.027133456,0.041207615,0.03682113,0.04971536,-0.017309655,-0.0043777907,-0.005045228,-0.002606732,-0.0016542103,0.7704198,0.23862241,0.5246561,0.38841882,0.33767593,0.018578691,-0.008167973,-0.00021755428,-0.01727854,-0.033806566,1.0718604,1.0719502,1.1278036,1.1278036,1.2486585,0.9759439,0.9759439,0.9759439,0.9759439,0.9759439,1.0361421,1.053198,1.0888325,1.0888325,1.1169543,0.99573606,1.0085279,1.0141118,1.0194924,1.0417259,0.4,0.2,0.1,0.06666667,0.06666667,0.25080237,0.25056782,0.15840997,0.15840997,0.08820974,0.2,0.4,0.2,0.46666667,0.083333336,0.8,0.9,0.95,0.96666664,0.98333335,-0.6,-0.5,-0.75,-0.5,-0.9,-0.25624275,-0.08023871,-0.035365544,0.0030290107,0.6669474,-0.27947265,-0.12600164,-0.3152353,0.031952307,0.49565056,0.4,0.6,0.55,0.43333334,0.46666667,0.6,0.4,0.45,0.56666666,0.53333336,-0.2,0.2,0.1,-0.13333334,-0.06666667,0.2500003,0.43365693,0.3729373,0.37575758,0.49901998,0.7499997,0.56634307,0.62706274,0.6242424,0.50098,-0.4999994,-0.13268614,-0.25412545,-0.24848488,-0.0019600298,0.98321635,1.0414771,1.1117642,1.0654657,1.7696797,0.19732714,0.22346902,0.21656851,0.23316944,1.3005221,0.5753751,0.79001236,1.1277647,1.1597515,2.0414357,0.5964499,0.42943096,0.43509814,0.48794812,0.4913375,0.4035501,0.57056904,0.5649019,0.5120519,0.50866246,0.19289981,-0.14113808,-0.12980373,-0.024103774,-0.017324956
SH600941,0.013980038589270598,0.625,,2026-05-26,0.0070458734,0.01191581,0.5913046,0.0030048145,0.25217038,0.0018651224,0.15652502,0.0059061814,0.49565923,0.9930034,1.0029838,0.99115133,0.9978623,1.0391741,1.0018694,0.9862339,0.9634602,0.9694935,0.9994561,1.0097892,1.0011727,0.99109733,0.9845003,0.012440061,0.016852308,0.015483445,0.020430865,0.019847767,-0.0041723237,-0.0026358024,0.0012355413,0.0018156543,0.00044762794,0.2812231,0.2242427,0.22286788,0.6120608,0.15513538,0.008888519,0.0020718838,-0.012910283,-0.01742429,0.0022946629,1.0307188,1.0634557,1.0634557,1.0634557,1.0634557,0.9841562,0.9841562,0.9784499,0.9589473,0.94957507,1.0040449,1.0226717,1.0091434,1.0054554,1.0024983,0.992811,0.9951563,0.9880013,0.96658736,0.9640381,0.8,0.4,0.6,0.73333335,0.78333336,0.34026906,0.19979711,0.25351354,0.39281726,0.44278765,0.2,0.5,0.75,0.8333333,0.9166667,0.8,0.9,0.15,0.23333333,0.38333333,-0.6,-0.4,0.6,0.6,0.53333336,0.35972387,0.8118853,0.86876917,0.81054115,0.6209197,0.06195038,0.52589357,0.54125357,0.74107444,0.5367313,0.4,0.6,0.65,0.56666666,0.55,0.6,0.4,0.35,0.43333334,0.43333334,-0.2,0.2,0.3,0.13333334,0.11666667,0.19470277,0.49172956,0.5432229,0.5841816,0.5380861,0.80529726,0.50827044,0.45677707,0.41581842,0.46191385,-0.61059445,-0.01654088,0.08644586,0.16836317,0.07617227,1.306536,1.7507888,1.4245318,1.3166353,1.3021673,0.35100427,0.73698074,0.6303122,0.65557384,0.56201845,0.891021,1.0333009,1.3126677,1.7494023,1.6662322,0.11828638,0.4830634,0.49196526,0.51354235,0.4964718,0.8817136,0.5169366,0.5080347,0.48645765,0.50352824,-0.76342726,-0.033873186,-0.016069455,0.027084732,-0.0070564193
SH600027,0.013645018802084305,0.625,,2026-05-26,-0.0019267842,0.021194536,-0.09090948,0.0057802624,0.27272418,0.013487489,0.63636637,0.005780443,0.2727327,1.0019305,1.0077219,0.9864865,0.9973948,1.0614477,1.0286195,0.9436027,0.8838383,0.94528615,0.99730635,1.0173401,0.9972222,0.9662738,0.9720819,0.008060649,0.024345215,0.03239789,0.05278067,0.052601628,-0.001094266,-0.0054382198,0.0034125731,0.00536024,-9.523792e-05,0.04607292,0.4574016,0.38832784,0.79931957,0.0009998188,0.004882168,0.007131956,-0.029641625,-0.04399729,0.03072763,1.0613625,1.0710973,1.0710973,1.0710973,1.0710973,0.9801105,0.9801105,0.9265344,0.8778049,0.8681952,1.0018518,1.0383838,1.0289562,1.0107744,1.016835,0.9898989,0.9959596,0.9676767,0.9037037,0.90824914,0.8,0.4,0.6,0.73333335,0.6166667,0.24478754,0.2185974,0.5081913,0.6321776,0.6495981,0.2,0.5,0.75,0.8333333,0.9166667,0.8,0.9,0.15,0.06666667,0.46666667,-0.6,-0.4,0.6,0.76666665,0.45,0.6785897,0.6559876,0.5588787,0.70945877,0.5802616,0.3148992,0.124012165,0.32267845,0.37585658,0.3530111,0.4,0.6,0.7,0.7,0.55,0.4,0.3,0.25,0.2,0.38333333,0.0,0.3,0.45,0.5,0.16666667,0.123712175,0.41145843,0.6077171,0.67692316,0.53347063,0.8762878,0.58854157,0.3922829,0.32307684,0.46652934,-0.75257564,-0.17708313,0.21543421,0.3538463,0.06694131,1.1611773,1.5756826,1.4692373,1.31022,1.5191342,0.3964186,0.61421126,0.503413,0.5060432,0.6416936,1.541022,1.0138136,1.0313859,1.1465781,1.2082914,0.091882296,0.3994776,0.45678493,0.51054245,0.47371012,0.9081177,0.6005224,0.5432151,0.48945752,0.5262899,-0.8162354,-0.20104478,-0.08643014,0.02108496,-0.052579753
SH600585,0.013641007878775204,0.75,,2026-05-26,0.010362622,0.013471524,0.7692242,0.0010363354,0.07692785,0.0020725662,0.15384795,0.011398853,0.8461443,0.98974365,1.0010257,0.98769236,0.99550986,1.0251487,1.0969068,1.1102356,1.1723531,1.3528377,1.0080141,1.0309918,1.0600595,1.0874397,1.1643838,0.012271546,0.03202259,0.037367176,0.050921235,0.0940179,-0.006924299,-0.009966549,-0.0055798194,-0.0055483645,-0.005252491,0.7959634,0.88794917,0.7804189,0.92009735,0.9519396,0.005834495,0.013857735,-0.0070512705,-0.006988329,-0.009435273,1.0323534,1.0984994,1.114352,1.183058,1.3533547,0.98769236,0.98769236,0.98769236,0.98769236,0.98769236,1.0138822,1.0556293,1.0898818,1.1337246,1.2725962,0.9987761,1.007377,1.0222819,1.027362,1.0857575,0.4,0.2,0.1,0.06666667,0.033333335,0.27557868,0.11107273,0.09717101,0.06299801,0.033658512,0.4,0.1,0.35,0.033333335,0.016666668,1.0,1.0,1.0,1.0,1.0,-0.6,-0.9,-0.65,-0.96666664,-0.98333335,-0.35102534,0.4652878,0.6385228,0.101257496,0.13359508,-0.8890943,-0.60961115,0.07342193,-0.06304535,0.011302384,0.4,0.2,0.35,0.23333333,0.31666666,0.6,0.8,0.65,0.76666665,0.68333334,-0.2,-0.6,-0.3,-0.53333336,-0.36666667,0.18085003,0.06410202,0.19546045,0.14551687,0.28175867,0.81915,0.935898,0.80453956,0.8544831,0.71824133,-0.63829994,-0.87179595,-0.60907906,-0.70896626,-0.43648264,1.1540394,1.3958616,1.8582484,1.7375122,1.6632118,0.28875884,0.46892256,0.85677546,0.772822,0.64321923,1.02077,1.0469049,1.1551564,1.19638,1.0385364,0.48704606,0.41037765,0.48715803,0.48845693,0.43488297,0.51295394,0.5896224,0.512842,0.51154304,0.565117,-0.025907869,-0.17924471,-0.02568395,-0.023086118,-0.13023405
SH601788,0.013377320139967851,0.625,,2026-05-26,0.027310982,0.056722686,0.4814825,0.025910323,0.45678943,0.003501381,0.061728053,0.0049020387,0.086421125,0.9734151,1.0252215,0.97000676,1.0021797,1.0224895,1.0648535,1.0172594,1.044456,1.1354603,0.99550205,1.0127091,1.0224895,1.0324616,1.0547333,0.01909391,0.025570095,0.026522903,0.027551547,0.037335522,-0.0068514613,-0.0072682877,-0.0014007299,-0.0019391603,-0.0017575922,0.32189682,0.74064654,0.09761908,0.38391683,0.6759143,0.018200846,0.01999811,-0.00918259,-0.0043438035,-0.0028842692,1.0500258,1.0645527,1.070989,1.0901252,1.142595,0.9613066,0.9613066,0.9613066,0.9613066,0.9613066,1.007113,1.0256276,1.0457113,1.0614016,1.0945606,0.97677827,0.9953975,1.0040795,1.005544,1.0221757,0.6,0.3,0.15,0.1,0.05,0.43613335,0.37476897,0.3527767,0.30037132,0.21343563,0.4,0.1,0.5,0.033333335,0.033333335,0.8,0.9,0.95,0.96666664,0.98333335,-0.4,-0.8,-0.45,-0.93333334,-0.95,-0.38135794,-0.52176553,0.016744941,-0.375279,-0.39557937,0.057290636,0.035114825,0.30695707,0.35003322,0.2546513,0.4,0.3,0.5,0.43333334,0.41666666,0.6,0.7,0.5,0.53333336,0.56666666,-0.2,-0.4,0.0,-0.1,-0.15,0.34074104,0.26335907,0.4592594,0.42369846,0.3918129,0.65925896,0.73664093,0.5407406,0.5763016,0.60818714,-0.31851792,-0.47328186,-0.08148123,-0.1526031,-0.21637425,0.72948664,0.60285825,0.6271318,0.5403664,0.40870067,0.28062427,0.23263931,0.26009312,0.2606234,0.23537783,0.89907736,0.91074973,1.2893362,1.3778434,1.4460438,0.68706405,0.5767907,0.5488487,0.5611443,0.51685804,0.31293592,0.4232093,0.45115134,0.4388557,0.48314196,0.37412816,0.15358138,0.097697325,0.12228858,0.03371608
SH688472,0.012338310637945696,0.75,,2026-05-26,-0.008733591,0.046579335,-0.18749925,0.008733591,0.18749925,0.029112153,0.6250015,0.011644972,0.25000298,1.0088105,1.017621,0.97063136,0.99247575,1.0753769,1.1363962,0.95620954,0.95190233,1.0897343,1.0423546,1.069921,1.058076,1.0300549,1.0365158,0.04192965,0.04365507,0.053175762,0.059311673,0.065368734,-0.022971984,-0.012608491,0.0025260572,0.0044123377,-0.00028375932,0.7504029,0.76465976,0.07898178,0.42890272,0.0057472484,0.0035893684,-0.013182779,-0.08207359,-0.094033875,-0.028144965,1.1136079,1.1638099,1.1638099,1.1638099,1.1919705,0.97063136,0.97063136,0.92653215,0.92653215,0.9114855,1.0693467,1.1085427,1.1059582,1.0792533,1.0989232,1.0109117,1.0285714,1.0129217,0.9697056,0.97214645,0.2,0.1,0.15,0.43333334,0.36666667,0.20540895,0.15202853,0.3096281,0.3096281,0.31557664,0.2,0.2,0.6,0.73333335,0.18333334,1.0,1.0,0.1,0.4,0.46666667,-0.8,-0.8,0.5,0.33333334,-0.28333333,0.3864194,0.45560032,0.3738687,0.61965096,0.6840246,0.19640791,0.0678464,0.43872824,0.3470197,0.41937333,0.4,0.4,0.6,0.53333336,0.45,0.6,0.6,0.4,0.46666667,0.55,-0.2,-0.2,0.2,0.06666667,-0.1,0.30337083,0.28009263,0.53915286,0.5351522,0.46943766,0.69662917,0.71990734,0.46084714,0.4648478,0.53056234,-0.39325836,-0.43981472,0.07830569,0.07030438,-0.061124656,1.1019961,1.2245135,1.3759422,1.1806742,1.1465769,0.15060529,0.29208526,0.48002604,0.48787552,0.51178324,0.5947402,0.7528905,1.1382256,1.3288925,1.1914473,0.5560292,0.36342537,0.49611112,0.5181741,0.50732535,0.4439708,0.6365746,0.50388885,0.48182592,0.49267465,0.11205843,-0.27314925,-0.0077777235,0.03634818,0.014650707
SZ300442,0.01229435002882164,0.875,,2026-05-26,-0.046287403,0.047787413,-0.96861076,0.0,0.0,0.0015000094,0.031389218,-0.044787392,-0.9372216,1.0485339,1.0485339,0.9984272,1.0130363,1.1046634,1.026631,1.0770439,0.98063725,0.97517157,1.0433888,1.0850623,1.0660048,1.0560744,1.0249234,0.03003139,0.049919803,0.049570225,0.046795692,0.06951789,-0.011989772,-0.015016195,0.0019949407,0.0022090545,0.00095111114,0.39848408,0.829441,0.056687366,0.17270418,0.057091203,-0.019409249,-0.01748937,-0.08495674,-0.08810568,-0.052981254,1.1121995,1.2467802,1.2467802,1.2467802,1.2467802,0.9984272,0.9984272,0.9732449,0.9549171,0.88189673,1.0654147,1.1241075,1.1070473,1.1003373,1.0827655,1.0230725,1.0447494,1.0153275,1.0122921,0.95669264,0.2,0.1,0.1,0.1,0.36666667,0.0138241965,0.0063329656,0.09781218,0.15446611,0.32367402,0.2,0.3,0.65,0.76666665,0.8833333,1.0,1.0,0.2,0.06666667,0.46666667,-0.8,-0.7,0.45,0.7,0.41666666,-0.3392381,0.8138514,0.81545246,0.7597893,0.86338925,-0.35994202,0.5017671,0.59215945,0.57263625,0.67179465,0.4,0.4,0.4,0.46666667,0.41666666,0.6,0.6,0.6,0.53333336,0.5833333,-0.2,-0.2,-0.2,-0.06666667,-0.16666667,0.19594596,0.46557423,0.44399357,0.5100976,0.5063939,0.804054,0.53442574,0.55600643,0.48990235,0.49360606,-0.60810804,-0.068851516,-0.11201284,0.020195285,0.012787849,0.9989801,1.3185334,1.1765538,1.1311306,1.076033,0.11082736,0.43894726,0.39325133,0.33589283,0.4348109,0.6372521,1.147995,1.1800444,1.1432633,1.6093976,0.41769868,0.44798136,0.4767338,0.51078504,0.48485875,0.5823013,0.55201864,0.5232662,0.48921496,0.51514125,-0.16460265,-0.10403729,-0.046532407,0.021570064,-0.030282477
SH601166,0.010568250663321552,0.625,,2026-05-26,0.009626283,0.014156262,0.68000174,0.003397536,0.24000232,0.0011324434,0.07999594,0.007361191,0.51999533,0.9904655,1.0033652,0.9893439,0.99802184,0.98152244,0.9954769,1.0207872,1.0432105,1.026369,0.9829468,0.98501587,0.9954528,1.0084304,1.0269239,0.011636621,0.009146869,0.014799248,0.022750083,0.026320122,0.007111929,-0.00018489304,-0.0020323396,-0.0024128002,-0.0011183505,0.9338153,0.0037454816,0.66005665,0.87172294,0.5506555,0.0028293575,0.015816133,0.023854427,0.02655523,0.0060674055,1.0033652,1.0033652,1.0325152,1.0538837,1.0706282,0.96911776,0.96911776,0.96911776,0.96911776,0.96911776,0.9914542,0.9921086,1.0079492,1.0321817,1.0523915,0.97376573,0.97775,0.9810605,0.99070346,0.9954769,1.0,1.0,0.75,0.5,0.25,0.9017401,0.9017401,0.4871209,0.36432353,0.3042271,1.0,1.0,0.1,0.16666667,0.41666666,0.6,0.8,0.9,0.93333334,0.96666664,0.4,0.2,-0.8,-0.76666665,-0.55,0.7021206,0.56379837,0.37291113,-0.34937525,-0.51597106,0.46494508,0.34887043,-0.017384395,-0.1372409,-0.25142714,0.8,0.5,0.35,0.33333334,0.41666666,0.2,0.4,0.55,0.6,0.51666665,0.6,0.1,-0.2,-0.26666668,-0.1,0.7461539,0.53949565,0.38336948,0.35562712,0.46709895,0.25384608,0.46050435,0.6166305,0.6443729,0.53290105,0.4923078,0.078991294,-0.23326103,-0.2887458,-0.065802075,0.91713375,0.9134262,1.002466,0.9445813,0.85636765,0.15136051,0.10536375,0.2082349,0.2498496,0.24090558,0.53358316,0.82231766,1.1938514,1.0806947,1.1327407,0.6090909,0.44483435,0.4962729,0.5479947,0.5046787,0.3909091,0.55516565,0.50372714,0.45200536,0.49532127,0.2181818,-0.110331275,-0.0074542314,0.09598931,0.009357428
SZ000651,0.010188511185130063,0.75,,2026-05-26,0.0072539146,0.013730584,0.52830344,0.0031087564,0.22641109,0.003367913,0.24528548,0.007513071,0.5471778,0.9927983,1.0030863,0.9894547,0.99492395,1.0174899,1.0375508,0.9506169,0.9598759,0.98996836,1.0011315,1.015149,1.0144287,0.9945213,0.9830629,0.0088139875,0.017003719,0.025077656,0.035213668,0.029146882,-0.0038323202,-0.0053326655,0.000514803,0.0027607922,0.0009544225,0.47262728,0.9015967,0.014749466,0.47637233,0.32703707,0.006533143,0.008847972,-0.019319378,-0.034552783,-0.0112183755,1.0216051,1.0462961,1.0514395,1.0514395,1.0514395,0.9876541,0.9876541,0.944187,0.9416146,0.9413573,1.0032408,1.0347737,1.036111,1.030967,1.016461,0.99583286,0.998868,0.99583286,0.9555038,0.95843625,0.8,0.4,0.35,0.56666666,0.75,0.36363876,0.21053031,0.5203887,0.5316223,0.532717,0.2,0.3,0.2,0.46666667,0.73333335,0.8,0.9,0.05,0.3,0.083333336,-0.6,-0.6,0.15,0.16666667,0.65,-0.102988295,0.4507526,0.37776768,0.6807538,0.53257245,-0.20374225,0.19148497,0.8391653,0.7078571,0.29922488,0.2,0.2,0.4,0.43333334,0.45,0.8,0.8,0.6,0.56666666,0.55,-0.6,-0.6,-0.2,-0.13333334,-0.1,0.21186677,0.14903831,0.63994455,0.5997468,0.51117575,0.7881332,0.8509617,0.36005542,0.40025318,0.48882425,-0.57626647,-0.7019234,0.27988914,0.19949362,0.022351488,1.0412138,1.115457,1.5736187,1.2853787,1.1471597,0.07179957,0.1442742,1.1092038,0.9942889,0.7755117,1.0427104,1.0673411,2.73301,3.248655,2.9834654,0.3174155,0.3823012,0.51255333,0.50831085,0.499896,0.68258446,0.6176988,0.48744664,0.49168918,0.500104,-0.36516896,-0.23539756,0.025106702,0.016621659,-0.00020801024
SZ000333,0.009970264304034613,0.75,,2026-05-26,-0.003132869,0.015914857,-0.19685185,0.011278204,0.7086588,0.0015037843,0.09448934,-0.012907288,-0.8110213,1.0031427,1.0144564,0.99849147,1.0030347,1.0182313,1.0067977,1.0037667,0.96191055,1.0018945,1.0122983,1.019778,1.0148759,1.0038469,0.98083043,0.011628802,0.014049743,0.012046306,0.021348443,0.030470088,-0.0070272856,-0.0027739285,0.00045599192,0.0018234481,0.001271935,0.9129465,0.35732648,0.050150413,0.5654005,0.53147423,0.0017562535,-0.0072953533,-0.01920779,-0.030286847,-0.01835253,1.045258,1.0489001,1.0489001,1.0489001,1.0489001,0.9904541,0.9904541,0.9904541,0.9490902,0.9021992,1.0245163,1.030329,1.0245163,1.0200099,1.0104841,1.002621,1.0080012,1.0032763,0.995226,0.9584916,0.2,0.1,0.1,0.33333334,0.6666667,0.17418313,0.16332889,0.16332889,0.51006746,0.6666677,0.4,0.4,0.7,0.8,0.9,0.8,0.9,0.95,0.1,0.38333333,-0.4,-0.5,-0.25,0.7,0.51666665,0.79495245,0.8516794,0.62208706,0.7171598,0.31415036,-0.04634925,0.4771332,0.309994,0.4124868,0.055589072,0.2,0.5,0.45,0.5,0.46666667,0.6,0.4,0.5,0.46666667,0.51666665,-0.4,0.1,-0.05,0.033333335,-0.05,0.20405337,0.46148023,0.48763716,0.58663684,0.49819875,0.7959466,0.5385198,0.51236284,0.41336316,0.50180125,-0.59189326,-0.07703954,-0.024725664,0.17327365,-0.0036025236,1.142651,1.329648,1.3334954,1.22758,1.1512158,0.1577383,0.24892619,0.24674246,0.27169782,0.37269604,1.0203167,0.90171623,0.8095094,0.8034054,1.8209983,0.1723403,0.34192944,0.47023275,0.50344425,0.49475157,0.8276597,0.65807056,0.5297673,0.49655575,0.5052484,-0.6553194,-0.31614116,-0.059534498,0.006888489,-0.010496846
SH600938,0.009968175997585456,0.5,,2026-05-26,0.015886795,0.019930732,0.7971004,0.0031773737,0.15942083,0.0008665631,0.043478742,0.013575984,0.68115836,0.98436165,1.0031277,0.98350865,0.9957233,1.0498896,1.029139,1.0816777,1.089404,1.0346578,1.0203091,1.0293819,1.0554415,1.0589184,1.1058793,0.0321592,0.024622556,0.044756174,0.037337143,0.06709709,-0.01827815,-0.004183556,-0.005876114,-0.002251852,-0.0027551313,0.8075957,0.26462832,0.60331285,0.28190273,0.5142533,0.016247239,-0.010555902,0.00038158192,-0.026266469,-0.024602951,1.0805968,1.0805968,1.1521562,1.1521562,1.2664437,0.98119915,0.98119915,0.98119915,0.98119915,0.98119915,1.0375718,1.0493598,1.0938631,1.0846357,1.1692716,0.99686533,1.0150111,1.0283885,1.0297571,1.037351,0.4,0.2,0.1,0.06666667,0.033333335,0.18914792,0.18914792,0.10997419,0.10997419,0.0659114,0.2,0.6,0.25,0.5,0.13333334,0.8,0.9,0.95,0.96666664,0.98333335,-0.6,-0.3,-0.7,-0.46666667,-0.85,-0.15354502,-0.16500469,0.34999183,0.3110964,0.7820661,-0.38445404,-0.29174048,-0.3822608,-0.22800094,0.3939271,0.4,0.6,0.55,0.53333336,0.5,0.6,0.4,0.45,0.46666667,0.5,-0.2,0.2,0.1,0.06666667,0.0,0.289963,0.40149257,0.36879438,0.39222986,0.4875179,0.710037,0.59850746,0.6312056,0.60777014,0.5124821,-0.420074,-0.19701488,-0.26241124,-0.21554029,-0.024964226,1.1636363,1.0823115,1.2143515,1.2379673,2.0193737,0.25745946,0.21270733,0.28739086,0.28664404,1.3334378,0.6439457,1.0084741,1.2731363,1.2609167,1.8578544,0.51428515,0.4981946,0.44078606,0.45084426,0.48442495,0.48571488,0.5018054,0.55921394,0.5491558,0.51557505,0.028570239,-0.003610802,-0.11842786,-0.098311506,-0.031150121
SH601009,0.009450200292446378,0.625,,2026-05-26,-0.0064635593,0.012003619,-0.5384676,0.0046167946,0.38461688,0.0009232649,0.07691555,-0.010157089,-0.84616894,1.0065056,1.0111524,0.9990707,1.0032979,1.026981,1.0417814,1.0957433,1.0240996,1.0297316,1.0102161,1.022947,1.047099,1.0460118,1.0452783,0.008577193,0.016176421,0.030183466,0.02889277,0.022466285,-0.005304535,-0.005108853,-0.0049735364,-0.001011238,-0.00011789638,0.9561903,0.9143098,0.9502994,0.09493581,0.008399206,0.0003929294,4.28461e-05,0.00014965978,-0.031348884,-0.041800424,1.0343727,1.0557903,1.1086664,1.1106135,1.1106135,0.996313,0.996313,0.996313,0.996313,0.996313,1.0182319,1.0404978,1.083222,1.0737394,1.0600394,1.0044008,1.0070727,1.0198822,1.0198822,1.0267714,0.2,0.1,0.05,0.033333335,0.016666668,0.09687525,0.061990622,0.032816432,0.03225743,0.03225743,0.2,0.2,0.1,0.33333334,0.6666667,0.6,0.8,0.9,0.93333334,0.96666664,-0.4,-0.6,-0.8,-0.6,-0.3,-0.12891605,0.0068600327,0.002499383,0.3085564,0.238329,-0.61297524,-0.38472405,-0.29760942,0.3244141,0.09923487,0.0,0.2,0.3,0.36666667,0.43333334,1.0,0.8,0.7,0.6,0.55,-1.0,-0.6,-0.4,-0.23333333,-0.11666667,0.0,0.17515197,0.15486258,0.45203337,0.47115618,1.0,0.824848,0.8451374,0.54796666,0.5288438,-1.0,-0.64969605,-0.69027483,-0.09593328,-0.057687633,1.0274397,1.0447825,1.0873094,1.0883183,1.1218681,0.22075567,0.1783455,0.20937999,0.29095557,0.29688165,0.816864,1.0155711,1.0801849,1.1637119,1.2484845,0.5206394,0.4330653,0.4138399,0.50536513,0.48419553,0.4793606,0.5669347,0.5861601,0.49463487,0.51580447,0.041278806,-0.13386942,-0.17232022,0.01073026,-0.031608958
SZ002648,0.009182891167036543,0.625,,2026-05-26,-0.0020859102,0.033375,-0.06249918,0.006675,0.2,0.024614088,0.73750085,0.01585318,0.47500163,1.0020902,1.0087792,0.97533447,0.9914428,1.1040943,1.1550792,1.1446183,1.2056779,0.9794966,1.0290009,1.0878654,1.1318833,1.1439359,1.1253943,0.027841154,0.067474596,0.07225961,0.06921175,0.07119057,-0.017139822,-0.020984273,-0.0100593055,-0.005162768,0.0009222272,0.94749767,0.8865815,0.67828596,0.43122828,0.05118359,0.005278739,0.0065638926,-0.036319885,-0.06907575,-0.1526,1.1086934,1.2069296,1.2625303,1.2692132,1.2692132,0.97533447,0.97533447,0.97533447,0.97533447,0.9615185,1.0448757,1.161272,1.1815952,1.2066758,1.1793164,1.004326,1.0264968,1.0629523,1.102839,1.0729625,0.2,0.1,0.05,0.033333335,0.083333336,0.18495603,0.10650287,0.085884035,0.08393099,0.12506388,0.2,0.2,0.25,0.06666667,0.53333336,1.0,1.0,1.0,1.0,0.033333335,-0.8,-0.8,-0.75,-0.93333334,0.5,0.10388804,0.22836976,0.031183282,0.0558971,0.041793834,-0.62430227,-0.11237581,-0.23941085,-0.13111687,0.1815844,0.0,0.2,0.45,0.43333334,0.5,1.0,0.8,0.55,0.56666666,0.5,-1.0,-0.6,-0.1,-0.13333334,0.0,0.0,0.19444406,0.3582381,0.37599936,0.5054312,1.0,0.80555594,0.6417619,0.62400067,0.49456882,-1.0,-0.6111119,-0.28352377,-0.2480013,0.0108623225,1.1159159,1.1414484,1.1699457,1.176895,1.4262098,0.22889414,0.2080135,0.25714618,0.28861514,0.59358674,0.71966606,0.69133943,1.1740369,1.0878441,1.0725185,0.4906018,0.451777,0.48159224,0.496457,0.4850598,0.50939816,0.548223,0.51840776,0.50354296,0.5149402,-0.018796358,-0.096445985,-0.03681551,-0.00708597,-0.029880403
SH601658,0.008927867203703246,0.625,,2026-05-26,0.00402419,0.012072372,0.3333388,0.004024091,0.3333306,0.004024091,0.3333306,0.00402419,0.3333388,0.99599195,1.0040079,0.99198395,0.99869996,0.9941176,1.0073528,1.0397058,1.0058824,1.0029411,0.99088234,0.9948529,1.0075735,1.0124019,1.0118628,0.0068504997,0.0072127176,0.016632846,0.017552497,0.015808297,0.0042647184,-0.001007129,-0.002515479,-0.0012147485,-1.8959716e-05,0.968894,0.17872435,0.8005277,0.3711903,0.00043872595,0.000588237,0.009679164,0.016323557,0.0052119275,-0.011303402,1.0040079,1.0094823,1.046896,1.056142,1.056142,0.97568166,0.97568166,0.97568166,0.97568166,0.97568166,0.9964706,1.0002941,1.0179411,1.0314705,1.0255882,0.98499995,0.9888235,0.9952941,0.99558824,0.9970588,1.0,0.8,0.4,0.28333333,0.26666668,0.85850734,0.71946406,0.34148082,0.30224013,0.30224013,1.0,0.1,0.1,0.26666668,0.6333333,0.6,0.8,0.9,0.93333334,0.96666664,0.4,-0.7,-0.8,-0.6666667,-0.33333334,-0.008714241,-0.12550144,0.0125635555,0.26350352,0.11143042,0.134503,-0.34199944,-0.2729746,0.36496186,0.11088157,0.8,0.5,0.35,0.4,0.46666667,0.2,0.4,0.6,0.53333336,0.5,0.6,0.1,-0.25,-0.13333334,-0.033333335,0.6111111,0.42857197,0.3246753,0.48507455,0.49691358,0.3888889,0.571428,0.67532474,0.5149254,0.50308645,0.22222222,-0.14285605,-0.35064945,-0.029850895,-0.00617286,0.9625416,0.9990473,1.0225252,1.0709882,1.1968181,0.1345916,0.17490798,0.20690316,0.292353,0.3380066,0.588916,0.8830528,0.96918625,1.1180853,1.1510695,0.49488202,0.54510796,0.51128477,0.51498485,0.47699517,0.50511795,0.454892,0.48871523,0.48501518,0.52300483,-0.010235936,0.09021596,0.022569552,0.029969644,-0.04600966
SZ000776,0.008469238364294775,0.625,,2026-05-26,0.015376416,0.043478224,0.35365787,0.025450705,0.58536667,0.0026511035,0.060975432,-0.007423184,-0.17073338,0.9848564,1.0250653,0.9822455,1.0030537,1.0187976,1.0981202,1.0610923,0.9472533,1.0918814,1.002058,1.0248826,1.0574421,1.0503646,1.0237671,0.009474059,0.031223161,0.044101413,0.03945228,0.051498298,-0.0045859814,-0.009597679,-0.0054056523,-0.00039356734,0.0006312003,0.5857772,0.86614406,0.52584684,0.0077125076,0.045819305,0.00711392,0.018307017,-0.0060884007,-0.044657916,-0.042387523,1.0600042,1.0991648,1.134681,1.134681,1.134681,0.9822455,0.9822455,0.9822455,0.9712959,0.92221636,1.0099822,1.0455194,1.1025766,1.0981202,1.073489,0.9942149,0.99894667,1.0134338,1.0139686,0.9734889,0.6,0.3,0.15,0.13333334,0.33333334,0.22832812,0.1518527,0.11647233,0.17568384,0.36610156,0.4,0.1,0.25,0.5,0.75,1.0,1.0,1.0,0.06666667,0.46666667,-0.6,-0.9,-0.75,0.43333334,0.28333333,-0.112072125,-0.3386635,0.37114784,0.19930996,0.42773876,0.41438964,0.3301929,0.36346838,0.44593963,0.29384744,0.2,0.1,0.25,0.43333334,0.38333333,0.8,0.9,0.7,0.53333336,0.6,-0.6,-0.8,-0.45,-0.1,-0.21666667,0.22769901,0.069038995,0.36864096,0.5694474,0.4428312,0.772301,0.930961,0.63135904,0.43055257,0.55716884,-0.544602,-0.861922,-0.2627181,0.13889484,-0.11433765,0.73456913,0.6647584,0.8501633,0.8499046,0.6788579,0.29338157,0.23607281,0.39873388,0.35080394,0.32632002,0.68794316,0.52952427,2.3093395,1.8729744,1.7077984,0.52645254,0.5550639,0.52009434,0.52540106,0.51009655,0.47354743,0.4449361,0.4799057,0.4745989,0.48990348,0.052905135,0.11012781,0.040188637,0.050802145,0.02019306
SH600674,0.008423546939134356,0.375,,2026-05-26,0.008666651,0.020666689,0.4193536,0.002666722,0.12903479,0.009333316,0.45161158,0.0153332455,0.7419304,0.9914078,1.0026438,0.98215467,0.994732,1.0264385,1.0224742,0.99140096,0.9689559,0.9253192,0.98823535,0.99656624,1.0026147,0.99343944,1.0013399,0.008478119,0.014880541,0.013908675,0.020129278,0.0270309,0.0028420605,-0.0019319848,-0.0008645319,0.0011457568,-0.00027834112,0.28093612,0.15451884,0.1352255,0.25109047,0.03233952,0.006080552,0.012127716,0.0055983327,-0.0100529315,0.0068711382,1.0270914,1.042962,1.042962,1.042962,1.0813023,0.96365416,0.96365416,0.96365416,0.941853,0.92598623,0.9931208,1.0034397,1.015216,1.0108436,1.0230048,0.9813677,0.98796713,0.99049145,0.9763482,0.9808313,1.0,0.8,0.5,0.6333333,0.5,0.57294166,0.458288,0.458288,0.5750924,0.47653633,0.2,0.5,0.75,0.8333333,0.2,0.6,0.8,0.9,0.1,0.016666668,-0.4,-0.3,-0.15,0.73333335,0.18333334,0.18851589,0.6776416,0.34242478,0.5357347,0.44969526,0.6383173,0.6736565,0.6224307,0.65418375,0.5528607,0.6,0.5,0.5,0.46666667,0.46666667,0.4,0.5,0.45,0.46666667,0.48333332,0.2,0.0,0.05,0.0,-0.016666668,0.31127736,0.4182396,0.5223586,0.5537391,0.5540643,0.68872267,0.5817604,0.4776414,0.4462609,0.4459357,-0.37744528,-0.16352083,0.044717185,0.107478194,0.1081286,0.9378398,1.0223236,0.9554267,0.9269455,1.0301831,0.1325257,0.23407823,0.2581983,0.32598692,0.4287191,0.91271,0.99995166,1.2226502,1.4458722,1.2190647,0.24437745,0.42266586,0.52582777,0.52446383,0.50535655,0.75562257,0.5773341,0.47417223,0.47553617,0.49464348,-0.5112451,-0.15466824,0.05165552,0.04892766,0.010713065
SH601021,0.008408218007818494,0.375,,2026-05-26,0.00083157106,0.024116414,0.03448154,0.016216246,0.67241526,0.007068598,0.2931032,-0.008316076,-0.34483054,0.9991691,1.0162028,0.9921064,1.0037404,0.946767,0.9655206,1.0012698,0.9883766,1.1499317,0.9818715,0.96342057,0.9735739,0.97984636,0.9911067,0.024995191,0.027963782,0.02340858,0.02242904,0.044230804,0.0117307985,0.006168936,-0.0009825551,-0.0009869667,-0.0012777668,0.5506584,0.44610813,0.061664008,0.15006705,0.25453842,-0.005333064,0.00881919,0.035760324,0.03446468,0.04658744,1.0251561,1.0251561,1.0251561,1.0251561,1.1670203,0.92951447,0.91006994,0.91006994,0.91006994,0.89486754,1.0009181,0.9946865,0.99529207,1.0002539,1.0096503,0.9609494,0.94543856,0.9529791,0.96436805,0.96214104,0.8,0.9,0.9,0.8,0.65833336,0.7369749,0.78141457,0.78141457,0.78141457,0.38629934,0.8,0.9,0.95,0.96666664,0.033333335,0.2,0.4,0.7,0.8,0.3,0.6,0.5,0.25,0.16666667,-0.26666668,0.8038076,0.75244075,0.3567415,0.13604198,-0.033823136,0.88223743,0.6943698,0.54109555,0.55590457,0.040291753,0.6,0.4,0.4,0.4,0.38333333,0.4,0.6,0.6,0.6,0.6166667,0.2,-0.2,-0.2,-0.2,-0.23333333,0.7213648,0.5890066,0.497736,0.515662,0.42022657,0.2786352,0.41099343,0.502264,0.48433796,0.5797734,0.4427296,0.17801318,-0.004527992,0.031324062,-0.15954685,1.2729458,0.96755415,0.8854747,0.81383806,0.9693768,0.6002205,0.51712096,0.41077313,0.35965732,0.48388788,1.0073152,1.2484735,1.5024219,1.5795851,1.607083,0.5332847,0.538138,0.5309069,0.5019217,0.51210177,0.4667153,0.461862,0.4690931,0.49807832,0.4878982,0.06656939,0.076276004,0.061813775,0.0038433832,0.024203574
SH603288,0.00796903431470275,0.75,,2026-05-26,-0.00084124936,0.019068992,-0.044116087,0.010936646,0.5735304,0.007291097,0.38235357,-0.004486798,-0.23529287,1.000842,1.0117878,0.9927028,1.0010035,1.0156889,1.0620207,1.1108447,1.154908,1.0069976,0.9979677,1.0167114,1.0536458,1.0813767,1.0778252,0.006824243,0.023645282,0.04345276,0.05392679,0.0567393,-0.0005303999,-0.0071291886,-0.00723074,-0.0060117412,0.00015858286,0.015102122,0.83330244,0.96916753,0.9631483,0.002382563,0.0030930534,0.015369992,0.01504624,0.005793554,-0.082503326,1.0213112,1.0729611,1.1391935,1.1731614,1.1913989,0.978939,0.978939,0.978939,0.978939,0.978939,1.001834,1.0361325,1.090184,1.1328028,1.1413854,0.9915707,0.9983704,1.0057068,1.0199578,1.0179384,0.6,0.3,0.15,0.1,0.06666667,0.49704725,0.2240003,0.13142204,0.10843748,0.09912922,0.2,0.1,0.15,0.033333335,0.43333334,0.6,0.8,0.9,0.93333334,0.96666664,-0.4,-0.7,-0.75,-0.9,-0.53333336,-0.25015745,-0.7167603,-0.035598446,-0.27206907,0.26469067,0.034993727,-0.042834315,0.0067835073,-0.13103159,0.40941715,0.2,0.1,0.2,0.26666668,0.4,0.8,0.9,0.8,0.73333335,0.5833333,-0.6,-0.8,-0.6,-0.46666667,-0.18333334,0.28138906,0.122813754,0.14551383,0.20206457,0.4949556,0.71861094,0.87718624,0.85448617,0.7979354,0.5050444,-0.43722188,-0.7543725,-0.70897233,-0.59587085,-0.010088818,1.0194789,0.9434903,1.0015905,0.9627819,1.1451173,0.11539222,0.1150381,0.19355364,0.18751763,0.51619273,0.88160884,0.69537556,0.8176596,0.79017144,2.0876973,0.602237,0.5435745,0.5142224,0.51630956,0.5046277,0.397763,0.45642546,0.48577765,0.48369044,0.4953723,0.20447396,0.08714907,0.02844472,0.03261915,0.009255417
SZ002459,0.007190509466567085,0.625,,2026-05-26,-0.008376976,0.032460783,-0.2580645,0.007329854,0.22580644,0.016753951,0.516129,0.001047122,0.032258064,1.0084478,1.0158396,0.9831045,0.99724394,1.0762349,1.1742513,1.1478024,1.1170751,1.2913264,1.0276935,1.0728899,1.1096267,1.1261766,1.1916051,0.02321765,0.059000067,0.056672193,0.052249715,0.09407443,-0.012602108,-0.01861792,-0.0072751897,-0.0043446864,-0.004523394,0.73652893,0.9127856,0.57678854,0.53585917,0.70515656,-0.002489305,0.010890694,-0.040512327,-0.06317866,-0.058164973,1.0825782,1.2027096,1.2027096,1.2124367,1.4138,0.9831045,0.9831045,0.9831045,0.9831045,0.9831045,1.0427849,1.1069623,1.1551926,1.1639829,1.2998055,1.0143135,1.0203812,1.0567873,1.082147,1.1257876,0.2,0.1,0.05,0.033333335,0.016666668,0.16984889,0.07693576,0.07693576,0.07367256,0.039228376,0.2,0.2,0.6,0.06666667,0.23333333,1.0,1.0,1.0,1.0,1.0,-0.8,-0.8,-0.4,-0.93333334,-0.76666665,0.2512411,0.5659579,0.24879697,0.05612911,0.69634324,-0.7746575,-0.5102165,-0.15030627,0.09665898,0.3465413,0.2,0.2,0.4,0.43333334,0.46666667,0.8,0.8,0.6,0.56666666,0.53333336,-0.6,-0.6,-0.2,-0.13333334,-0.06666667,0.15492958,0.10563384,0.2732697,0.37853104,0.38430643,0.8450704,0.89436615,0.7267303,0.62146896,0.61569357,-0.69014084,-0.7887323,-0.4534606,-0.24293791,-0.23138714,1.1175143,1.3514045,1.2902794,1.2080601,1.6536402,0.14990032,0.4045731,0.40061352,0.38004923,0.72007984,0.6270612,1.0978073,1.2314655,1.2062795,1.111195,0.2437216,0.3825539,0.49008074,0.49553043,0.49295333,0.7562784,0.6174461,0.5099192,0.5044696,0.5070467,-0.5125568,-0.23489222,-0.019838495,-0.008939177,-0.014093346
SZ300059,0.007025068430534062,0.5,,2026-05-26,0.01880086,0.03556911,0.52857274,0.0116869565,0.3285704,0.0050812913,0.14285687,0.012195196,0.3428592,0.9815461,1.0114713,0.97655857,0.9962738,0.9925192,1.0608513,0.99201965,0.94044614,1.1285379,0.98822933,0.99616027,1.009502,1.0043985,1.009644,0.0113107255,0.021715125,0.027116977,0.023508387,0.047230344,0.0032414754,-0.0036850467,-0.0014591934,0.00029678384,-0.001045739,0.20532632,0.26398104,0.101347074,0.01235198,0.14952172,0.005287733,0.020422425,0.00436031,-0.008701855,0.021205232,1.0488784,1.0593525,1.0773102,1.0773102,1.1265539,0.9655859,0.9655859,0.9655859,0.95384717,0.9106713,0.99720746,1.0012976,1.035111,1.0167587,1.0588593,0.9793523,0.9834412,0.98563784,0.9858523,0.9791574,1.0,0.8,0.5,0.6,0.51666665,0.41317165,0.36701876,0.30802706,0.3738188,0.41378388,0.4,0.1,0.5,0.6666667,0.016666668,0.6,0.8,0.9,0.033333335,0.46666667,-0.2,-0.7,-0.4,0.6333333,-0.45,0.42413312,0.21131402,0.39977774,0.35252467,0.11242271,0.56687576,0.39071354,0.5301307,0.58951175,0.4044249,0.6,0.5,0.55,0.56666666,0.48333332,0.4,0.5,0.45,0.43333334,0.51666665,0.2,0.0,0.1,0.13333334,-0.033333335,0.5477674,0.31401974,0.513842,0.57236123,0.42822152,0.4522326,0.68598026,0.486158,0.42763877,0.5717785,0.09553483,-0.3719605,0.02768398,0.14472248,-0.14355697,0.9926962,0.8800887,0.83675504,0.77882653,0.6568106,0.46380207,0.3515596,0.3149864,0.3128992,0.2889968,0.58777505,0.7966063,1.0438216,1.1925224,1.2472104,0.57063806,0.504541,0.5365759,0.5293854,0.51408815,0.4293619,0.49545902,0.46342412,0.47061464,0.48591182,0.14127615,0.009081963,0.0731518,0.058770727,0.02817634
SH601328,0.006880546073780527,0.5,,2026-05-26,0.0,0.012121216,0.0,0.009090868,0.7499963,0.003030349,0.2500037,-0.0060605183,-0.49999258,1.0,1.0090909,0.99696964,1.0032526,1.0105908,1.0105908,1.0590857,1.0367893,1.0033445,1.0018952,1.0080267,1.0199275,1.0304533,1.0325716,0.0044697435,0.0077958154,0.019349858,0.022706244,0.021443952,0.00044593043,-0.0019729044,-0.0028117925,-0.0021179216,-0.00014078591,0.02488336,0.5870842,0.7390589,0.6742653,0.01314645,-0.0027870652,0.00085132173,0.006784513,0.00025652986,-0.02841832,1.0197688,1.0274874,1.066677,1.0771803,1.0804578,0.99249417,0.99249417,0.99249417,0.99249417,0.9866043,1.0061315,1.0134894,1.0342251,1.054961,1.0532887,0.99910814,1.0013378,1.0061315,1.0103679,1.0105908,0.4,0.2,0.1,0.06666667,0.083333336,0.2751944,0.214494,0.101180315,0.08863122,0.14273001,0.6,0.3,0.1,0.26666668,0.4,0.4,0.7,0.85,0.9,0.05,0.2,-0.4,-0.75,-0.6333333,0.35,-0.040084098,0.1850022,-0.38021725,-0.5019939,-0.3140341,-0.08898792,0.22705194,-0.22875482,-0.058847114,0.08273974,0.2,0.4,0.3,0.4,0.5,0.6,0.5,0.6,0.53333336,0.45,-0.4,-0.1,-0.3,-0.13333334,0.05,0.33333334,0.4,0.2590909,0.4006024,0.49620253,0.6666667,0.6,0.7409091,0.5993976,0.5037975,-0.33333334,-0.2,-0.48181817,-0.19879518,-0.0075949365,1.0438508,1.0496402,1.0270143,0.9427288,0.99992895,0.18391532,0.1550911,0.2803378,0.26438063,0.31534398,1.103776,1.03756,1.2300417,1.1607752,1.362274,0.4283981,0.5198086,0.5119615,0.5221265,0.5023337,0.5716019,0.4801914,0.4880385,0.4778735,0.49766633,-0.14320381,0.039617207,0.023923004,0.04425298,0.0046673506
SZ000708,0.0065431887306047175,0.5,,2026-05-26,0.044508252,0.056712028,0.7848115,0.0064607845,0.11392265,0.0057429927,0.10126587,0.04379046,0.7721547,0.95738834,1.0061855,0.95189005,0.98793024,0.97653645,1.0339085,1.0464728,1.1264002,1.0944595,0.9752951,0.98231906,1.0057144,1.0401554,1.0808406,0.015925424,0.017362047,0.027474392,0.056094725,0.064795725,0.004450506,-0.0027908531,-0.0036454683,-0.00590854,-0.0032291408,0.19524358,0.23685554,0.61619544,0.85984075,0.7574973,0.015803857,0.030239781,0.02891749,0.045518458,0.0144190425,1.0061855,1.034486,1.0565878,1.1431781,1.2216792,0.95189005,0.95189005,0.95189005,0.95189005,0.95189005,0.98304564,1.0013019,1.0313351,1.1098697,1.1368452,0.9641234,0.97229785,0.97602177,0.97965485,1.0227975,1.0,0.8,0.4,0.26666668,0.13333334,0.88607734,0.58247346,0.45951256,0.25150526,0.17832422,1.0,0.1,0.45,0.1,0.033333335,1.0,1.0,1.0,1.0,1.0,0.0,-0.9,-0.55,-0.9,-0.96666664,0.91220176,0.66642654,0.43875453,-0.4080304,0.16623385,0.9133893,0.5149232,0.52898604,0.11281341,-0.012420754,0.4,0.3,0.4,0.4,0.46666667,0.6,0.7,0.6,0.6,0.53333336,-0.2,-0.4,-0.2,-0.2,-0.06666667,0.6352531,0.38641006,0.40890232,0.33997717,0.451189,0.3647469,0.61358994,0.5910977,0.6600228,0.548811,0.2705062,-0.22717988,-0.18219538,-0.32004565,-0.097622,0.58894706,0.62940705,0.65079576,0.5926212,0.6803512,0.23083721,0.19797812,0.18202236,0.19350013,0.27030054,1.3172833,1.1828126,1.0843296,1.1801385,1.3431753,0.89285415,0.57134837,0.51157635,0.5404549,0.51229906,0.10714583,0.4286516,0.48842368,0.45954505,0.48770097,0.78570837,0.1426968,0.023152653,0.08090988,0.024598077
SZ300413,0.005193245658753903,0.625,,2026-05-26,-0.0044943136,0.019662868,-0.22856855,0.0028089955,0.14285786,0.0123595605,0.6285736,0.0050562513,0.25714716,1.0045146,1.0073363,0.98758465,0.9967489,1.0938396,1.1235237,1.1851261,1.1812958,1.4130225,1.0271305,1.0621129,1.0952601,1.1272156,1.1783806,0.024731018,0.04232973,0.047009155,0.05977279,0.07995464,-0.015480373,-0.01353335,-0.0067803557,-0.0062919864,-0.004132491,0.97953254,0.9369816,0.7281287,0.8587569,0.81477255,0.003830223,-0.0012128779,-0.030846713,-0.035981823,-0.056472145,1.089257,1.1444582,1.1795433,1.2121261,1.4192557,0.98758465,0.98758465,0.98758465,0.98758465,0.98758465,1.0439833,1.0940312,1.1344397,1.1881902,1.2533673,1.0063837,1.0227896,1.0571976,1.0882221,1.1179061,0.2,0.1,0.05,0.033333335,0.016666668,0.12211148,0.079142466,0.06467726,0.055292033,0.028761154,0.2,0.2,0.05,0.033333335,0.016666668,1.0,1.0,1.0,1.0,1.0,-0.8,-0.8,-0.95,-0.96666664,-0.98333335,-0.20539121,-0.46251118,-0.030587945,-0.40070656,0.01771023,-0.66552997,-0.44780424,-0.5166643,-0.31373677,-0.065691225,0.0,0.2,0.3,0.33333334,0.35,1.0,0.8,0.65,0.6333333,0.6333333,-1.0,-0.6,-0.35,-0.3,-0.28333333,0.0,0.13001879,0.23394471,0.2988668,0.30322382,1.0,0.8699812,0.7660553,0.7011332,0.69677615,-1.0,-0.7399624,-0.5321106,-0.40226635,-0.39355233,1.2024108,1.114475,1.1849207,1.1000986,1.0694748,0.23678906,0.20755613,0.2634775,0.26020125,0.31835723,0.47775787,0.6788854,0.83048403,0.92596775,0.9836685,0.5178316,0.5019122,0.48344585,0.49764198,0.48730373,0.48216838,0.49808782,0.5165541,0.502358,0.51269627,0.03566324,0.003824352,-0.033108268,-0.004716059,-0.025392521
SZ002027,0.005159095797257287,0.5,,2026-05-26,0.00912407,0.016423326,0.5555556,0.001824814,0.11111111,0.005474442,0.33333334,0.012773698,0.7777778,0.99095845,1.0018083,0.9855335,0.9968432,1.0362025,1.0904517,1.1265448,1.1392323,1.305589,1.005075,1.0332932,1.0783058,1.0971673,1.1498159,0.011539682,0.034331024,0.05456622,0.052424815,0.07029672,-0.0059717805,-0.010962516,-0.008150119,-0.0050241156,-0.0037189047,0.6695145,0.9346703,0.7808151,0.7117823,0.8536107,0.006868636,0.016038096,-0.00087967265,-0.024317555,-0.0401082,1.0434372,1.1013019,1.1718189,1.175391,1.3038101,0.9801157,0.9801157,0.9801157,0.9801157,0.9801157,1.0119654,1.0705458,1.1315979,1.1377448,1.2137372,0.9963907,0.9992781,1.0206279,1.03909,1.1026796,0.6,0.3,0.15,0.1,0.05,0.31402096,0.16408044,0.10372436,0.10182698,0.061429214,0.4,0.1,0.35,0.033333335,0.016666668,0.8,0.9,0.95,0.96666664,0.98333335,-0.4,-0.8,-0.6,-0.93333334,-0.96666664,-0.019391382,-0.4869378,-0.07588584,-0.21474862,-0.3387508,-0.68177146,-0.8620597,0.3188944,0.1417829,0.0110416245,0.2,0.1,0.2,0.23333333,0.3,0.6,0.6,0.6,0.6,0.6,-0.4,-0.5,-0.4,-0.36666667,-0.3,0.0831232,0.03695397,0.2697971,0.3288518,0.32858893,0.9168768,0.963046,0.7302029,0.67114824,0.67141104,-0.8337536,-0.9260921,-0.46040583,-0.34229645,-0.34282213,1.1898301,1.1463792,1.1526879,1.0834439,0.9405435,0.20773096,0.3273823,0.39579135,0.35462466,0.35735807,0.78750664,1.256048,1.3997061,1.3866739,1.2921008,0.44144246,0.45268038,0.5063418,0.5105378,0.5103885,0.55855757,0.54731965,0.49365819,0.48946217,0.4896115,-0.1171151,-0.09463924,0.012683642,0.021075644,0.020776972
SH601336,0.0047772918525564294,0.625,,2026-05-26,0.011092459,0.045378134,0.24444503,0.025882352,0.57037055,0.008403323,0.1851844,-0.0063865697,-0.14074112,0.9890292,1.0255984,0.9807181,1.0049902,1.0045028,1.084803,1.044778,1.0162601,1.2796748,0.98711693,1.0058662,1.0361851,1.0401626,1.0879071,0.010106218,0.02742479,0.039646123,0.0342682,0.08365916,0.002001245,-0.0073523247,-0.0046090847,-0.0017496753,-0.0038479003,0.098030955,0.6588313,0.47303793,0.20203844,0.6452388,0.008880572,0.027219303,0.007601193,-0.014792304,0.025606038,1.0267501,1.0834488,1.1164246,1.1164246,1.2997826,0.96911705,0.96911705,0.96911705,0.96911705,0.96911705,0.9933959,1.0214884,1.0762227,1.0707942,1.1912946,0.98161346,0.9866666,0.99784863,1.0036023,1.0188367,1.0,0.6,0.3,0.2,0.13333334,0.5358552,0.27011722,0.20964964,0.20964964,0.09339637,0.4,0.1,0.25,0.5,0.06666667,0.6,0.8,0.9,0.93333334,0.96666664,-0.2,-0.7,-0.65,-0.43333334,-0.9,0.4123801,0.36127865,0.45750093,0.45239478,-0.047527183,0.3647218,0.42022845,0.55292076,0.57442015,0.26761487,0.4,0.3,0.45,0.46666667,0.4,0.6,0.7,0.55,0.53333336,0.6,-0.2,-0.4,-0.1,-0.06666667,-0.2,0.46202528,0.21702856,0.4086735,0.4784483,0.3615994,0.5379747,0.78297144,0.59132653,0.52155167,0.6384006,-0.075949416,-0.5659429,-0.18265302,-0.04310339,-0.2768012,0.6337168,0.6056163,0.648078,0.6439934,0.60642624,0.2338889,0.18719701,0.21693966,0.1988872,0.19204822,0.41590124,0.5118386,0.79102427,0.8727759,1.1122242,0.7585346,0.628306,0.55760056,0.5372866,0.5203491,0.24146539,0.37169403,0.44239947,0.4627134,0.4796509,0.5170692,0.2566119,0.11520107,0.074573204,0.040698178
SZ300803,0.0038491913304168606,0.375,,2026-05-26,0.022621239,0.04463382,0.50681835,0.008825323,0.19772726,0.013187258,0.29545438,0.026983174,0.6045455,0.97787917,1.0086302,0.96498364,0.9913196,1.0008179,1.0620186,0.9738295,0.9786002,1.167314,0.9933211,1.00214,1.0022013,1.0013676,1.0191122,0.012992915,0.023004556,0.03569298,0.030437345,0.052110005,-0.00048388782,-0.004306399,0.001252776,0.00032834435,-0.001675867,0.0034674983,0.3212271,0.04311708,0.00901877,0.3154545,0.007646682,0.017238794,-0.014102701,-0.0061285966,0.030325864,1.0842246,1.0842246,1.0898644,1.0898644,1.1744767,0.95885646,0.95885646,0.9471324,0.9471324,0.9352343,1.0018265,1.0089688,1.0245894,1.0219587,1.0607101,0.98711926,0.98962724,0.97234374,0.9756151,0.97606486,0.8,0.6,0.55,0.5,0.43333334,0.32818154,0.32818154,0.37039742,0.37039742,0.27071154,0.4,0.7,0.45,0.6333333,0.06666667,0.6,0.8,0.2,0.46666667,0.46666667,-0.2,-0.1,0.25,0.16666667,-0.4,0.21890788,-0.06715363,0.52176034,0.5086937,0.091870904,0.4810111,0.2684508,0.53686845,0.51625013,0.4912389,0.6,0.5,0.55,0.53333336,0.43333334,0.4,0.5,0.45,0.46666667,0.56666666,0.2,0.0,0.1,0.06666667,-0.13333334,0.49518424,0.32240462,0.5355555,0.51977825,0.42525727,0.50481576,0.6775954,0.4644445,0.48022175,0.57474273,-0.009631493,-0.35519078,0.07111102,0.0395565,-0.14948545,1.1592342,1.0022008,0.9321949,0.899347,0.7876315,0.53984636,0.4014417,0.39966536,0.35163203,0.30495688,0.8087451,0.91536283,1.1822656,1.1120566,1.1538302,0.54360825,0.50035304,0.5206769,0.5176636,0.5068875,0.45639178,0.49964696,0.4793231,0.4823364,0.4931125,0.08721644,0.0007060846,0.041353848,0.035327204,0.013774993
SH603369,0.003757812950284111,0.625,,2026-05-26,0.020592444,0.038656045,0.5327096,0.01553468,0.4018694,0.0025289182,0.06542103,0.0075866827,0.19626123,0.97982305,1.0152212,0.97734517,1.0030744,0.9897984,1.0195531,0.9295604,0.9210591,1.1352928,0.99018705,0.99203306,0.98252976,0.9627075,0.98293257,0.01820469,0.015014309,0.028521229,0.037259534,0.050938793,-0.0016274065,-0.0011806192,0.002598888,0.0033368252,-0.0013235667,0.01997862,0.056678772,0.29060742,0.6215753,0.20591795,0.013067763,0.013279732,-0.007219215,-0.0110914605,0.056112643,1.0184782,1.0438738,1.0438738,1.0438738,1.1345714,0.93917567,0.93917567,0.9133304,0.8970793,0.8970793,1.0007772,1.0007772,1.0007772,0.99625945,1.0301191,0.98362887,0.9868594,0.96886086,0.92382807,0.9327423,0.8,0.8,0.8,0.8666667,0.6666667,0.7669917,0.5809497,0.6639144,0.7011213,0.43336478,0.4,0.2,0.6,0.73333335,0.016666668,0.8,0.9,0.15,0.3,0.65,-0.4,-0.7,0.45,0.43333334,-0.6333333,0.30763993,0.45067844,0.38767368,0.60063905,-0.12570481,0.4185816,0.55940706,0.7761718,0.64765173,0.29627758,0.6,0.6,0.55,0.56666666,0.46666667,0.4,0.4,0.45,0.43333334,0.53333336,0.2,0.2,0.1,0.13333334,-0.06666667,0.5509707,0.4484964,0.5973153,0.5865282,0.42858973,0.44902936,0.5515036,0.40268466,0.41347182,0.5714103,0.10194131,-0.10300721,0.19463068,0.17305638,-0.14282057,0.9777816,0.93440217,0.9992531,0.86975724,0.6963571,0.15245752,0.25254548,0.37511134,0.39193946,0.3499693,0.73363805,0.7349827,1.4067284,1.5418437,1.523017,0.66181254,0.5156928,0.47954336,0.52240694,0.52547127,0.33818743,0.48430723,0.5204567,0.47759306,0.47452873,0.32362512,0.031385552,-0.040913314,0.04481385,0.050942514
SH601825,0.002935133908260153,0.375,,2026-05-26,-0.0011750114,0.015276165,-0.076917954,0.0058755088,0.38461936,0.008225645,0.5384627,0.0011751244,0.07692535,1.0011764,1.0070589,0.99176466,0.9999071,1.0354924,1.0133096,1.0461401,1.0638864,0.98402834,1.0099379,1.0193434,1.0309228,1.0459627,1.039367,0.009482174,0.0129856225,0.02099619,0.028396271,0.030975217,-0.0058562425,-0.0031943133,-0.0029668217,-0.002999291,0.0003820938,0.95359117,0.55467796,0.6988274,0.86460215,0.046409953,0.0017746182,-0.004968947,-0.0027379633,-0.0024729832,-0.050638784,1.0421793,1.0504962,1.0874804,1.1013267,1.1013267,0.99176466,0.99176466,0.99176466,0.99176466,0.97314847,1.0165039,1.0319432,1.0525287,1.075599,1.0724046,1.0007099,1.0094055,1.0129547,1.0165039,1.0108252,0.2,0.1,0.05,0.033333335,0.15,0.16335158,0.14021981,0.086039394,0.07516582,0.20948578,0.2,0.3,0.05,0.16666667,0.5833333,1.0,1.0,1.0,1.0,0.083333336,-0.8,-0.7,-0.95,-0.8333333,0.5,-0.5620794,0.45815733,0.35834566,-0.18428391,-0.041575946,0.39048907,0.33001402,-0.42639413,-0.27220407,-0.15950589,0.0,0.4,0.5,0.46666667,0.53333336,1.0,0.6,0.5,0.5,0.45,-1.0,-0.2,0.0,-0.033333335,0.083333336,0.0,0.419355,0.39256236,0.39411774,0.51331365,1.0,0.58064497,0.6074377,0.6058823,0.48668638,-1.0,-0.16128998,-0.2148753,-0.21176451,0.026627261,0.9352181,1.1164237,1.5022873,1.3803303,1.3076386,0.11443398,0.24854219,0.6045267,0.59345484,0.49256435,0.6473501,0.5913411,1.2168341,1.2582091,1.1009794,0.39781597,0.33437467,0.40514213,0.5090744,0.49495646,0.60218406,0.66562533,0.5948579,0.49092558,0.50504357,-0.20436808,-0.33125064,-0.18971573,0.018148823,-0.010087093
SZ002311,0.0027584854058460236,0.625,,2026-05-26,0.051339276,0.06205357,0.827338,0.008482102,0.13669,0.0022321907,0.035971995,0.045089364,0.72662,0.95116776,1.0080678,0.9490445,0.9867953,0.9724142,0.974747,0.9944886,1.0615869,1.1541421,0.9684542,0.97894615,0.99590874,1.0051439,1.0697688,0.01843643,0.021407457,0.031565353,0.030505324,0.07569007,0.008404068,-0.0023897435,-0.0033876568,-0.002375161,-0.0039720195,0.5194759,0.11423097,0.40313038,0.46982548,0.83993345,0.014737685,0.03180772,0.03627397,0.029295946,0.04740575,1.0080678,1.0284617,1.0849288,1.0849288,1.24735,0.94649357,0.94649357,0.94649357,0.94649357,0.94649357,0.9758785,1.0021229,1.0138104,1.029213,1.1529466,0.9572507,0.9580147,0.9695973,0.9742805,0.9980579,1.0,0.8,0.6,0.46666667,0.23333333,0.868973,0.65277106,0.3865089,0.3865089,0.17784713,1.0,0.2,0.25,0.5,0.21666667,0.6,0.8,0.9,0.93333334,0.96666664,0.4,-0.6,-0.65,-0.43333334,-0.75,0.85311943,0.68620616,0.29121944,0.07030061,-0.26176476,0.9033189,0.78892404,0.5509389,0.30658302,0.21690956,0.6,0.4,0.4,0.36666667,0.4,0.4,0.6,0.6,0.6333333,0.6,0.2,-0.2,-0.2,-0.26666668,-0.2,0.6649227,0.57389075,0.5078863,0.4388465,0.43095973,0.33507726,0.42610925,0.49211374,0.56115353,0.56904024,0.3298455,0.14778149,0.015772546,-0.122307,-0.13808051,0.7574073,0.89945585,0.90069824,0.8236545,0.69871485,0.17974468,0.3789392,0.3485805,0.3415297,0.29761818,1.1729935,1.3439897,1.2778794,1.2587911,1.2276863,0.67107743,0.50371915,0.550767,0.51956606,0.5187468,0.32892257,0.49628085,0.449233,0.4804339,0.48125324,0.3421549,0.007438319,0.101533994,0.03913216,0.037493538
SH600233,0.00271235271983878,0.625,,2026-05-26,0.021609925,0.03781739,0.57142824,0.0048622484,0.12857175,0.011345217,0.3,0.028092895,0.7428565,0.9788472,1.0047594,0.96774197,0.98825943,1.0290035,1.1136211,1.1834977,1.0534124,0.93385655,0.9964774,1.0302575,1.0835886,1.0936664,1.0695319,0.016474139,0.041076593,0.06389056,0.058501787,0.052574985,-0.005800713,-0.0128898835,-0.01055604,-0.0040633944,0.0009723836,0.30995405,0.9026525,0.9554253,0.37388784,0.10433183,0.015123979,0.027746994,0.016693799,-0.03474722,-0.09821723,1.0396073,1.1200149,1.2056628,1.2088809,1.2088809,0.96774197,0.96774197,0.96774197,0.96774197,0.9201038,1.0045372,1.0740691,1.1405953,1.1395425,1.1167034,0.98726904,0.99105966,1.0181488,1.0425577,1.0248301,0.8,0.4,0.2,0.13333334,0.1,0.4488679,0.21184354,0.13558309,0.13377368,0.27667087,0.2,0.1,0.1,0.33333334,0.6666667,1.0,1.0,1.0,1.0,0.016666668,-0.8,-0.9,-0.9,-0.6666667,0.65,0.5150514,-0.24819311,0.23083836,0.3888602,0.120319314,0.5435636,0.21221758,0.034061797,0.5586711,0.45835292,0.2,0.1,0.25,0.36666667,0.46666667,0.8,0.9,0.75,0.6333333,0.51666665,-0.6,-0.8,-0.5,-0.26666668,-0.05,0.29664448,0.13566616,0.17563434,0.45100102,0.5285231,0.7033555,0.8643338,0.8243657,0.54899895,0.4714769,-0.40671104,-0.7286677,-0.64873135,-0.09799793,0.057046205,0.80475414,0.80239624,0.8865356,0.98424643,0.972892,0.1523594,0.20295285,0.24622367,0.4162912,0.41621602,0.9122729,0.7584939,0.7667942,1.6256138,1.4298197,0.5413641,0.5461903,0.38622108,0.5274656,0.51363665,0.45863596,0.45380968,0.61377895,0.47253442,0.48636332,0.08272811,0.09238062,-0.22755785,0.054931186,0.02727334
SZ002352,0.0022545286122888394,0.25,,2026-05-26,0.012397791,0.02282327,0.54320836,0.0005635824,0.024693323,0.009861898,0.43209833,0.021696106,0.9506134,0.98775405,1.0005567,0.9780129,0.98982996,0.9821937,1.0165658,1.0094141,1.0322558,1.0341532,0.99023575,0.99069554,1.0059221,1.0102508,1.0164247,0.008112946,0.009226802,0.01823799,0.016998919,0.018973902,0.001554387,-0.0007514392,-0.0020995894,-0.0012752353,-0.00042075475,0.0917701,0.06079904,0.4638557,0.43615392,0.14998388,0.006655466,0.012685967,0.014023995,0.00824006,-0.004012414,1.0008416,1.0173959,1.0399516,1.0515094,1.0633316,0.9740611,0.9740611,0.9740611,0.9740611,0.9656957,0.99532956,0.9971977,1.0214114,1.0257171,1.0331169,0.98560905,0.98260236,0.98717076,0.9935927,1.0015763,1.0,0.9,0.45,0.3,0.2,0.96857274,0.5985704,0.3936675,0.3349195,0.35134932,0.2,0.1,0.35,0.13333334,0.41666666,0.8,0.9,0.95,0.96666664,0.3,-0.6,-0.8,-0.6,-0.8333333,0.11666667,0.033168707,0.62382776,0.54933596,0.2670802,0.22095539,0.28986964,0.19348511,0.16350606,-0.033355862,0.21081111,0.6,0.3,0.45,0.4,0.46666667,0.4,0.7,0.55,0.6,0.5,0.2,-0.4,-0.1,-0.2,-0.033333335,0.6794114,0.4013896,0.46918264,0.4283397,0.46996912,0.32058862,0.5986104,0.53081733,0.5716603,0.5300309,0.35882276,-0.1972208,-0.061634704,-0.14332059,-0.06006178,0.98538506,0.9778604,1.0901656,1.0215316,1.0978286,0.08771949,0.1577656,0.28684142,0.2867312,0.40938425,0.26358473,0.48191717,0.4383865,0.76484555,1.35656,0.62140507,0.5196213,0.52651507,0.5219999,0.4877459,0.3785949,0.4803787,0.47348493,0.4780001,0.5122541,0.24281017,0.03924263,0.05303016,0.043999776,-0.024508195
SH600436,0.0012802055808379237,0.625,,2026-05-26,-0.004451628,0.02468632,-0.18032773,0.014164276,0.5737703,0.0060704146,0.24590197,-0.01254549,-0.50819606,1.0044715,1.0186992,0.99390244,1.0026284,1.0446318,1.1343013,1.1579593,1.2267385,1.3485247,1.0156885,1.052605,1.0988117,1.1295398,1.1979014,0.014869836,0.04658525,0.057706308,0.06572543,0.0855074,-0.009063575,-0.0148800425,-0.008818409,-0.0069968253,-0.0046608686,0.9288096,0.9352396,0.8173385,0.8782879,0.9062042,0.0024386016,0.014355193,-0.015036806,-0.02808584,-0.060405776,1.0508089,1.1455206,1.194867,1.2340614,1.3484527,0.99390244,0.99390244,0.99390244,0.99390244,0.99390244,1.0275402,1.1042031,1.1478113,1.1815053,1.276417,1.006242,1.0085851,1.0343192,1.0570492,1.1339768,0.2,0.1,0.05,0.033333335,0.016666668,0.107150435,0.04021656,0.030341467,0.025389686,0.01719801,0.4,0.2,0.25,0.033333335,0.016666668,1.0,1.0,1.0,1.0,1.0,-0.6,-0.8,-0.75,-0.96666664,-0.98333335,0.19650796,-0.062030602,-0.106539294,-0.4810823,-0.61818314,-0.37170625,-0.2623191,0.48584574,0.33487126,0.17531127,0.0,0.1,0.15,0.16666667,0.26666668,1.0,0.9,0.85,0.8333333,0.73333335,-1.0,-0.8,-0.7,-0.6666667,-0.46666667,0.0,0.009498437,0.15731426,0.1393601,0.2427574,1.0,0.9905016,0.84268576,0.8606399,0.7572426,-1.0,-0.9810031,-0.6853715,-0.7212798,-0.5144852,1.1182923,1.1980399,1.1590494,1.0386996,0.8023991,0.13470028,0.25081885,0.435623,0.4169239,0.4094252,0.7063605,0.9324226,1.3686398,1.4419911,1.4782169,0.20962031,0.5329794,0.49662396,0.5297747,0.5128122,0.7903797,0.4670206,0.503376,0.47022527,0.48718783,-0.58075935,0.06595881,-0.0067520654,0.059549432,0.025624359
SZ300014,0.0008700228892358748,0.25,,2026-05-26,0.0044388366,0.028852297,0.1538469,0.017121136,0.5934064,0.0072923237,0.25274673,-0.0053899754,-0.1868127,0.9955808,1.0170455,0.9883207,1.0013839,1.0337721,1.0710447,1.130501,1.0241694,1.0296726,1.0147088,1.0281543,1.0778008,1.0893058,1.0596727,0.021333197,0.024259273,0.05861403,0.05140457,0.06459711,-0.011269062,-0.0065326234,-0.008969544,-0.0040825023,0.0011832636,0.6975954,0.6647084,0.81960684,0.4888225,0.10233796,0.007829361,0.0012425341,0.0074098683,-0.03010951,-0.09457903,1.0662869,1.0894836,1.1982956,1.1982956,1.1982956,0.9864235,0.9864235,0.9864235,0.9864235,0.91798717,1.0229797,1.0406516,1.1320125,1.1308467,1.1169716,0.99952585,1.0074494,1.0255679,1.0331404,0.9890279,0.4,0.2,0.1,0.06666667,0.26666668,0.16999663,0.1317338,0.06407879,0.06407879,0.29258063,0.2,0.2,0.3,0.53333336,0.76666665,0.8,0.9,0.95,0.96666664,0.13333334,-0.6,-0.7,-0.65,-0.43333334,0.6333333,0.60578996,0.38609806,0.6433757,0.60257506,0.6642289,0.091041915,-0.20242037,0.34096548,0.51099735,0.44265088,0.6,0.6,0.5,0.53333336,0.53333336,0.4,0.4,0.5,0.46666667,0.46666667,0.2,0.2,0.0,0.06666667,0.06666667,0.30262095,0.2814489,0.359631,0.48281732,0.48973694,0.69737905,0.7185511,0.640369,0.51718265,0.510263,-0.3947581,-0.4371022,-0.28073803,-0.03436533,-0.02052611,1.2499557,1.2937938,1.5903722,1.6163256,1.5237647,0.31963146,0.26324064,0.49671263,0.44266242,0.5177034,0.9839637,1.0604395,1.0011965,1.0042247,1.2339419,0.4661327,0.37634766,0.46541518,0.4858452,0.49956793,0.5338673,0.62365234,0.5345848,0.5141548,0.5004321,-0.067734584,-0.24730465,-0.06916965,-0.028309582,-0.000864135
SH601689,0.0008195014011076734,0.625,,2026-05-26,-0.010990589,0.06983858,-0.1573713,0.041318815,0.591633,0.017529182,0.25099567,-0.03478022,-0.49800867,1.0111127,1.0528907,0.982276,1.0186793,0.99493057,0.93681353,0.8099578,0.8149668,0.9778516,1.0039952,0.9836391,0.92310506,0.89444584,0.8745645,0.014189883,0.03483186,0.07850315,0.07609814,0.06741779,0.0035123667,0.009063111,0.01257327,0.007490372,0.001278458,0.15317294,0.62060136,0.8978225,0.7508624,0.10967906,-0.0110199405,-0.02442314,-0.042551115,-0.003056211,0.087720975,1.0528907,1.0528907,1.0528907,1.0528907,1.0528907,0.95957184,0.9039373,0.7824409,0.7824409,0.7726153,1.0136633,1.0116718,0.998262,0.9836331,0.93579966,0.99616176,0.9690767,0.836536,0.830163,0.8120821,0.4,0.7,0.85,0.9,0.95,0.4332259,0.6449178,0.8044343,0.8044343,0.8112902,1.0,1.0,1.0,1.0,1.0,0.2,0.3,0.05,0.36666667,0.31666666,0.8,0.7,0.95,0.6333333,0.68333334,0.46614066,0.4945982,0.7227938,0.7651112,0.54712653,0.64090604,0.734335,0.699163,0.63858885,0.5498284,0.2,0.4,0.6,0.5,0.38333333,0.8,0.6,0.4,0.5,0.6166667,-0.6,-0.2,0.2,0.0,-0.23333333,0.54069763,0.67328686,0.73595077,0.67201525,0.5116574,0.45930237,0.32671314,0.26404926,0.32798475,0.48834258,0.081395246,0.34657368,0.4719015,0.3440305,0.023314819,0.9487279,0.97156864,0.83243984,0.7283947,0.5586247,0.2671812,0.34781748,0.33403006,0.31533578,0.28938442,1.3369884,1.5274905,1.2755319,1.3447355,1.496737,0.5682892,0.5499801,0.52991337,0.5433911,0.53166604,0.43171078,0.45001993,0.47008663,0.45660892,0.46833396,0.13657846,0.099960156,0.05982674,0.08678218,0.063332096
SZ300760,0.00047028521563763923,0.375,,2026-05-26,0.0042622555,0.020262213,0.21035488,0.015999958,0.78964514,0.0,0.0,-0.011737702,-0.5792902,0.99575585,1.0159321,0.99575585,1.0041511,1.032659,1.0864263,1.0514805,1.0205804,1.2207563,1.0092524,1.0283142,1.0581619,1.0518694,1.0886856,0.014248466,0.027295,0.042159192,0.035674687,0.059702832,-0.0051832357,-0.008025726,-0.0045759515,-0.00048645865,-0.0026534717,0.33083063,0.7925267,0.41233128,0.014410307,0.6024748,0.0011140432,0.0078014904,-0.01469029,-0.04481579,-0.010408207,1.0831829,1.0920482,1.1528494,1.1528494,1.2405624,0.9882859,0.9882859,0.9882859,0.9882859,0.9882859,1.0153035,1.048279,1.1006156,1.089053,1.151885,0.9998006,1.0024861,1.0187628,1.0297039,1.0327997,0.4,0.2,0.1,0.06666667,0.033333335,0.12344028,0.112893775,0.07118294,0.07118294,0.046433624,0.4,0.1,0.35,0.56666666,0.016666668,0.8,0.9,0.95,0.96666664,0.98333335,-0.4,-0.8,-0.6,-0.4,-0.96666664,0.57137483,-0.18954308,0.27661827,0.3039821,-0.35664558,0.35202482,-0.011951399,0.3033756,0.20604162,0.11862897,0.4,0.3,0.35,0.46666667,0.45,0.6,0.7,0.6,0.5,0.53333336,-0.2,-0.4,-0.25,-0.033333335,-0.083333336,0.31015682,0.23584208,0.4199781,0.47467172,0.3794892,0.6898432,0.7641579,0.5800219,0.5253283,0.6205108,-0.37968636,-0.52831584,-0.16004378,-0.050656583,-0.24102159,1.4691753,1.2874118,1.437172,1.3391536,1.1697152,0.57529026,0.44153953,0.4961592,0.44361314,0.40473214,0.9400513,0.9396753,1.1695641,1.2645005,1.1389327,0.5118197,0.47714382,0.47528684,0.47194713,0.5068676,0.48818025,0.5228562,0.52471316,0.52805287,0.4931324,0.02363949,-0.045712337,-0.0494263,-0.056105733,0.013735167
SZ000617,7.569016234426369e-05,0.375,,2026-05-26,0.0,0.020151088,0.0,0.0062972493,0.31250173,0.013853838,0.6874983,0.0075565884,0.37499657,1.0,1.0062972,0.98614615,0.9972394,1.0817938,1.1574295,1.1875889,1.3085426,1.1372178,1.030949,1.075904,1.1274673,1.1575873,1.1985184,0.034149975,0.055859216,0.06588221,0.07267557,0.09141598,-0.020385284,-0.017957885,-0.010086208,-0.007486748,-0.0019646096,0.89082575,0.9473974,0.82032794,0.8224532,0.14086664,0.009821547,0.00490646,-0.031648308,-0.049029443,-0.1405624,1.0981772,1.1699216,1.2014458,1.3286426,1.4823018,0.98614615,0.98614615,0.98614615,0.98614615,0.98614615,1.0483184,1.1250908,1.178241,1.1956735,1.2845414,1.0050529,1.0203379,1.0732355,1.105795,1.1281226,0.2,0.1,0.05,0.033333335,0.016666668,0.123660654,0.0753846,0.06434677,0.04044958,0.027922364,0.2,0.2,0.25,0.033333335,0.46666667,1.0,1.0,1.0,1.0,1.0,-0.8,-0.8,-0.75,-0.96666664,-0.53333336,0.30224445,-0.059967525,0.26644143,0.66216606,0.83422834,-0.89032257,-0.8183004,-0.36046112,-0.25902492,0.5452858,0.2,0.3,0.3,0.3,0.38333333,0.8,0.7,0.7,0.7,0.6,-0.6,-0.4,-0.4,-0.4,-0.21666667,0.042402573,0.11145737,0.18802506,0.19430523,0.4624557,0.95759743,0.88854265,0.81197494,0.80569476,0.5375443,-0.91519487,-0.77708524,-0.6239499,-0.6113895,-0.0750886,1.3351021,1.3710651,1.457873,1.8957237,3.0854435,0.22045095,0.2576001,0.27165788,0.9601098,2.357607,1.049258,0.93484885,1.0069947,0.91632617,1.8005028,0.24143668,0.43268237,0.39404345,0.34747654,0.50065696,0.75856334,0.5673176,0.60595655,0.65252346,0.49934304,-0.5171267,-0.13463524,-0.21191312,-0.30504695,0.0013139528
SH600066,-0.0001777579600583906,0.375,,2026-05-26,0.018023593,0.045059066,0.39999926,0.01615917,0.35862193,0.010876304,0.2413788,0.0127407275,0.28275615,0.9822955,1.0158731,0.97161174,0.9979344,0.9856495,1.0312126,1.064022,1.0815798,0.89622957,0.976373,0.9879811,1.0101438,1.0242947,0.97742593,0.01426333,0.02297794,0.029653838,0.032035254,0.07699904,0.006165782,-0.004470752,-0.0042721215,-0.0031861938,0.0029493077,0.4671695,0.34701675,0.72642934,0.76663697,0.44747564,0.011295448,0.032137297,0.03044139,0.021905039,-0.064430535,1.0158731,1.047044,1.0856074,1.0856074,1.1080583,0.96001095,0.958791,0.958791,0.958791,0.84039587,0.98168325,1.0021971,1.0342658,1.0514157,1.0492291,0.9669716,0.9679486,0.97643304,0.9971299,0.8951945,1.0,0.7,0.35,0.23333333,0.5,0.7158527,0.46694127,0.32494983,0.32494983,0.59628886,1.0,0.1,0.05,0.36666667,0.43333334,0.6,0.4,0.7,0.8,0.033333335,0.4,-0.3,-0.65,-0.43333334,0.4,0.765741,0.57367957,0.636711,0.60416067,0.29551512,0.6283488,0.07759009,0.0044613383,0.057369187,0.28995726,0.4,0.4,0.45,0.4,0.46666667,0.6,0.6,0.5,0.53333336,0.48333332,-0.2,-0.2,-0.05,-0.13333334,-0.016666668,0.6205463,0.39614975,0.3848789,0.38431793,0.55235887,0.3794537,0.60385025,0.61512107,0.61568207,0.44764116,0.2410926,-0.20770049,-0.2302422,-0.23136412,0.10471767,0.66738814,0.8154518,0.9806199,1.0152813,1.2333627,0.22288886,0.26302704,0.30509326,0.27749792,0.6987345,0.9304555,0.9037682,0.8457174,0.8695508,1.4828624,0.5516382,0.4981221,0.46176982,0.46492195,0.50181973,0.44836178,0.5018779,0.5382302,0.53507805,0.49818027,0.10327643,-0.0037557965,-0.07646034,-0.07015611,0.0036394643
SH600039,-0.0005516353747130063,0.25,,2026-05-26,0.038787894,0.043636326,0.88889,0.0024242161,0.055555,0.0024242161,0.055555,0.038787894,0.88889,0.96266043,1.0023336,0.96032673,0.9930804,0.9416808,0.9335113,1.1715603,1.0980344,1.1330583,0.9603332,0.94621044,0.97048044,1.0233412,1.0872024,0.024817843,0.022564337,0.061843485,0.09289688,0.0945645,0.013880127,0.0061895377,-0.005745802,-0.008367301,-0.0045353067,0.7819857,0.6897357,0.30212137,0.6287389,0.7015472,0.0119065065,0.025936637,0.084104665,0.097984724,0.04658914,1.0023336,1.0023336,1.1820382,1.1995289,1.2404053,0.92298853,0.9043158,0.9043158,0.9043158,0.9043158,0.97573406,0.95006067,1.0039635,1.1227372,1.1670953,0.9437839,0.92881984,0.9332686,0.93538785,0.9451589,1.0,1.0,0.8,0.53333336,0.26666668,0.970588,0.9761911,0.3445317,0.32411903,0.28469846,1.0,1.0,0.05,0.26666668,0.11666667,0.6,0.4,0.7,0.8,0.9,0.4,0.6,-0.65,-0.53333336,-0.78333336,0.18692692,0.21795428,-0.3181572,-0.74614614,-0.7079692,-0.12661885,0.09236792,-0.56912875,-0.5006787,-0.3990831,0.8,0.5,0.35,0.5,0.5,0.2,0.3,0.5,0.36666667,0.4,0.6,0.2,-0.15,0.13333334,0.1,0.98002595,0.9245858,0.2439025,0.3906137,0.4360768,0.01997404,0.07541417,0.7560975,0.60938627,0.5639232,0.9600519,0.84917164,-0.512195,-0.21877256,-0.1278464,0.9534429,0.9459787,1.1069883,0.8872186,0.7032262,0.22248533,0.2182119,0.34357867,0.42389724,0.3640435,1.1785122,1.4086663,1.7290663,1.9609969,1.8232436,0.40235925,0.42261216,0.54252064,0.5369509,0.5133225,0.59764075,0.5773878,0.45747936,0.4630491,0.4866775,-0.1952815,-0.15477566,0.08504129,0.07390177,0.026644994
SZ000630,-0.001265013228006569,0.5,,2026-05-26,0.019402988,0.05671644,0.34210518,0.0074627046,0.13157922,0.029850746,0.52631557,0.04179103,0.73684156,0.9809663,1.0073206,0.95168376,0.98352355,0.881369,1.0087732,0.922391,0.8930827,1.1317426,0.9261894,0.9314582,0.9400217,0.93648434,0.95290595,0.06904843,0.06177349,0.050954618,0.043037683,0.0923433,0.04070378,-0.0011525246,-3.3598717e-05,0.00063811,-0.0023022734,0.8687643,0.0031908583,1.5217606e-05,0.017037075,0.1895845,-0.007597013,0.07372817,0.060297485,0.054263096,0.115011126,1.0073206,1.054143,1.054143,1.054143,1.2708459,0.8418544,0.8418544,0.8418544,0.8418544,0.8110938,0.9894336,0.9894336,0.9894336,0.97715116,1.0184237,0.86265606,0.87844783,0.8983659,0.9086238,0.8714293,1.0,0.9,0.85,0.9,0.75,0.9557574,0.74495596,0.74495596,0.74495596,0.41088715,1.0,0.1,0.55,0.7,0.05,0.6,0.8,0.9,0.93333334,0.3,0.4,-0.7,-0.35,-0.23333333,-0.25,0.91995656,0.72911614,0.6537797,0.6072964,0.5582891,0.79106015,0.5970632,0.59227085,0.4824087,0.34646657,0.6,0.4,0.5,0.53333336,0.43333334,0.4,0.6,0.45,0.43333334,0.55,0.2,-0.2,0.05,0.1,-0.11666667,0.81398314,0.48719752,0.57771766,0.5835594,0.4544667,0.18601683,0.5128025,0.42228234,0.4164406,0.5455333,0.62796634,-0.025604986,0.15543534,0.16711877,-0.09106662,0.86631083,0.76962143,0.69961894,0.6397221,0.66225076,0.3562782,0.27845424,0.25214005,0.22741283,0.2695258,1.0102773,1.0257769,1.2150799,1.318731,1.2407354,0.7168455,0.54649025,0.5612558,0.5602834,0.48482704,0.28315452,0.45350972,0.43874422,0.43971658,0.51517296,0.43369097,0.092980556,0.12251157,0.120566815,-0.030345945
SH600196,-0.0015791859079475733,0.5,,2026-05-26,-0.0030120949,0.012048149,-0.2500048,0.005163459,0.4285687,0.0038725943,0.3214265,-0.0043029594,-0.35714698,1.0030212,1.0082003,0.9961157,1.0009038,1.0440102,1.092797,1.1035738,1.1463025,1.1428363,1.0150992,1.0334431,1.0589055,1.0822834,1.0994675,0.014812581,0.024247391,0.03211472,0.043963857,0.04264799,-0.009104949,-0.007708814,-0.0049334606,-0.0047818585,-0.0013088498,0.9445688,0.92652375,0.82596755,0.91686106,0.2872647,0.0031106987,0.0012465941,-0.012037583,-0.012946407,-0.06085644,1.0522177,1.0901965,1.117387,1.1691877,1.1804013,0.99609745,0.99609745,0.99609745,0.99609745,0.99609745,1.025975,1.0466897,1.092098,1.1189468,1.1428363,1.0044738,1.0090642,1.0339965,1.0408179,1.0687095,0.2,0.1,0.05,0.033333335,0.016666668,0.06953889,0.041472718,0.032175425,0.0225463,0.021174511,0.4,0.1,0.15,0.13333334,0.43333334,0.8,0.9,0.95,0.96666664,0.98333335,-0.4,-0.8,-0.8,-0.8333333,-0.55,-0.13717076,0.23697054,0.4353578,0.15855224,0.19722767,-0.8268735,-0.43734974,0.25739563,0.31024587,0.1854519,0.0,0.1,0.15,0.16666667,0.3,1.0,0.9,0.85,0.8333333,0.7,-1.0,-0.8,-0.7,-0.6666667,-0.4,0.0,0.053781778,0.19843958,0.2112223,0.39626876,1.0,0.94621825,0.8015604,0.7887777,0.6037313,-1.0,-0.89243644,-0.6031208,-0.57755536,-0.20746252,1.3570409,1.410057,1.7228297,1.6484169,1.5816369,0.4053368,0.38002682,0.6463792,0.5908489,0.5801445,0.73726493,0.73730123,1.1831238,1.1600004,1.1529676,0.527009,0.28738403,0.48007703,0.47914958,0.4711412,0.47299102,0.71261597,0.519923,0.5208504,0.5288588,0.054017983,-0.42523193,-0.039845955,-0.041700833,-0.057717603
SH600406,-0.0021850303587719016,0.25,,2026-05-26,-0.030072339,0.039208278,-0.7669895,0.001142025,0.02912714,0.007993914,0.20388332,-0.02322045,-0.59223336,1.0310047,1.0321821,0.9917582,1.0047295,1.0584751,1.0557247,1.0576915,1.0188386,1.058867,1.0185221,1.03999,1.0378906,1.0414681,1.0678807,0.017013844,0.03033825,0.02280271,0.021356357,0.053602077,-0.005885945,-0.008588915,-0.0005332492,-0.000473535,-0.001994364,0.2992041,0.7346948,0.019140596,0.03810233,0.42222646,-0.006750282,-0.0013398214,-0.03282469,-0.034601882,-0.009047042,1.0690688,1.1177335,1.1177335,1.1177335,1.2582358,0.9917582,0.9917582,0.9917582,0.9917582,0.9917582,1.032728,1.0608293,1.0541574,1.0578482,1.1001568,1.0056486,1.0124019,1.0223713,1.0234699,1.026448,0.2,0.1,0.05,0.033333335,0.016666668,0.10660598,0.065423645,0.065423645,0.065423645,0.030928547,0.2,0.2,0.6,0.73333335,0.13333334,1.0,1.0,1.0,1.0,1.0,-0.8,-0.8,-0.4,-0.26666668,-0.8666667,-0.30062553,0.7048908,0.6038436,0.47149226,0.5943306,-0.29961118,0.24039982,0.4156409,0.43331617,0.4818799,0.4,0.5,0.5,0.5,0.43333334,0.6,0.5,0.5,0.5,0.56666666,-0.2,0.0,0.0,0.0,-0.13333334,0.22305492,0.3784397,0.42319736,0.4803267,0.47362876,0.7769451,0.62156034,0.5768026,0.5196733,0.52637124,-0.55389017,-0.24312064,-0.15360528,-0.039346557,-0.052742463,0.87142503,1.166567,1.1290747,1.0183952,0.99352455,0.21156251,0.5375213,0.53380567,0.4763867,0.44434482,0.6922334,0.94182366,1.0519826,1.1900837,1.081297,0.49035394,0.4117948,0.5038534,0.5197455,0.50075114,0.50964606,0.5882052,0.49614662,0.48025447,0.49924883,-0.019292109,-0.17641038,0.007706744,0.039491065,0.00150233
SH601985,-0.00239187263229401,0.5,,2026-05-26,0.003440393,0.01032107,0.33333683,0.0034402844,0.33332634,0.003440393,0.33333683,0.0034405014,0.33334735,0.9965714,1.0034285,0.9931428,0.9987442,1.0539033,1.0548327,1.0390334,0.99442375,0.97026014,1.0046468,1.0244423,1.0300186,1.022026,1.0206164,0.014155708,0.023992373,0.018960493,0.021081757,0.022678114,-0.005762072,-0.0067196107,-0.001440868,0.0008011813,0.00029466575,0.41422293,0.71904033,0.2021237,0.11193082,0.05149265,0.0068773283,0.005795901,-0.016330296,-0.033643097,-0.02930907,1.0548832,1.0649029,1.0649029,1.0649029,1.078553,0.9896393,0.9896393,0.9896393,0.98735374,0.9680495,1.005948,1.0464684,1.0457249,1.0390334,1.0401486,0.9975836,0.99962825,1.0156133,0.99962825,0.9975836,0.7,0.35,0.175,0.25,0.24166666,0.1587999,0.1376592,0.1376592,0.16307436,0.28913563,0.2,0.1,0.55,0.7,0.33333334,0.6,0.8,0.9,0.033333335,0.016666668,-0.4,-0.7,-0.35,0.6666667,0.31666666,0.30423835,0.32440287,0.2960628,0.56288224,0.46083882,-0.72916985,0.020137435,0.23631714,0.3031974,0.41626763,0.2,0.4,0.45,0.53333336,0.51666665,0.6,0.5,0.45,0.4,0.45,-0.4,-0.1,0.0,0.13333334,0.06666667,0.073530294,0.28777006,0.4027779,0.5103449,0.5260587,0.9264697,0.71222997,0.5972221,0.48965505,0.47394133,-0.8529394,-0.4244599,-0.19444416,0.020689905,0.052117378,1.6414677,1.6758077,1.7182395,1.644927,2.0882838,0.50254965,0.3723773,0.31292176,0.38664192,0.9449021,1.2340802,0.99347585,1.0271739,1.0329216,1.0561352,0.30582356,0.3793153,0.4053275,0.49614465,0.47602728,0.69417644,0.62068474,0.5946725,0.50385535,0.5239727,-0.3883529,-0.24136944,-0.18934502,-0.0077106985,-0.04794542
SZ300418,-0.0029546515969941507,0.625,,2026-05-26,-0.025592666,0.048877664,-0.5236066,0.0044052363,0.0901278,0.01887976,0.3862656,-0.011118143,-0.22746879,1.0262649,1.0307858,0.9806244,1.0023271,1.0747182,1.1330568,1.127207,1.0863115,1.2615402,1.0113593,1.0450543,1.0803713,1.0933418,1.1058552,0.019441724,0.046588987,0.056959137,0.0543421,0.06409902,-0.0017177168,-0.012271409,-0.0056237434,-0.0030121633,-0.0017315166,0.019515226,0.6359658,0.34118682,0.23811455,0.22256163,-0.007923878,0.010167056,-0.026945671,-0.049665514,-0.054775443,1.0643555,1.176723,1.1984607,1.239626,1.3431838,0.9795612,0.9795612,0.9795612,0.9795612,0.9795612,1.0296959,1.0624655,1.1365029,1.1511381,1.1554031,0.9971389,0.99956393,1.034865,1.0534354,1.0546693,0.6,0.3,0.15,0.1,0.06666667,0.2410394,0.10366495,0.093370594,0.07859105,0.056208752,0.2,0.2,0.4,0.26666668,0.033333335,0.6,0.8,0.9,0.93333334,0.96666664,-0.4,-0.6,-0.5,-0.6666667,-0.93333334,0.39620444,0.2524697,0.3951401,0.4948995,0.623702,0.3773274,-0.19243546,0.24579482,0.37609074,0.56764215,0.2,0.4,0.45,0.43333334,0.43333334,0.8,0.6,0.55,0.56666666,0.56666666,-0.6,-0.2,-0.1,-0.13333334,-0.13333334,0.26512858,0.27928722,0.39468122,0.44709563,0.4374077,0.73487145,0.7207128,0.6053188,0.55290437,0.56259227,-0.46974286,-0.44142556,-0.21063757,-0.10580875,-0.12518458,0.8354702,0.90320486,0.89716333,0.91427857,1.0151178,0.14187925,0.20939144,0.23045795,0.24634027,0.37953803,0.5598494,1.1416104,1.0425911,1.0311238,1.2005247,0.63501126,0.5522857,0.5185852,0.51198757,0.4680526,0.3649887,0.4477143,0.4814148,0.48801246,0.53194743,0.27002257,0.10457138,0.037170414,0.02397509,-0.06389483
SZ000983,-0.003195513221521045,0.625,,2026-05-26,-0.0075643263,0.036308605,-0.20833425,0.012102868,0.33333334,0.01664141,0.45833242,-0.0030257842,-0.083335176,1.007622,1.0198171,0.9832317,0.99584,1.0214231,1.0427188,0.9908187,0.9848254,1.0975517,0.99393016,1.0067458,1.0273145,1.0120208,1.0450056,0.016448554,0.017971367,0.035264086,0.0363955,0.055345476,0.0022825785,-0.003677947,-0.0027471136,0.0011883753,-0.0020775632,0.048143316,0.3839372,0.2124007,0.08262538,0.42977786,0.0015047014,0.009805003,-0.0012169131,-0.029252218,0.01628255,1.0564451,1.0564451,1.1174331,1.1174331,1.173855,0.9680275,0.9680275,0.9680275,0.9557804,0.9557804,1.0070391,1.0214231,1.0600357,1.0439429,1.1027545,0.97686815,0.9954348,1.0024483,0.98145884,0.9875797,0.6,0.3,0.2,0.46666667,0.3,0.3616078,0.3616078,0.21399824,0.2735471,0.20277295,0.8,0.9,0.3,0.53333336,0.06666667,0.6,0.8,0.9,0.23333333,0.6166667,0.2,0.1,-0.6,0.3,-0.55,0.49220657,-0.001523388,0.582616,0.6758824,0.76683104,0.60526323,0.52631503,0.5498047,0.5319588,0.6419972,0.4,0.4,0.5,0.46666667,0.4,0.6,0.5,0.45,0.46666667,0.55,-0.2,-0.1,0.05,0.0,-0.15,0.38300836,0.33722043,0.5126582,0.517661,0.45492044,0.61699164,0.66277957,0.48734182,0.48233902,0.5450796,-0.2339833,-0.3255591,0.025316369,0.035321932,-0.09015913,0.92228705,0.7835327,0.91379434,0.78470653,1.0840241,0.51929456,0.37916377,0.41018724,0.38664678,0.6707179,1.14757,1.4239879,1.176541,1.4009414,1.972165,0.5797768,0.56902564,0.5239804,0.53863525,0.5040606,0.42022318,0.43097436,0.47601962,0.46136478,0.49593937,0.15955363,0.1380513,0.04796073,0.07727046,0.008121281
SZ300251,-0.003517542889600146,0.375,,2026-05-26,0.013157871,0.04876157,0.26984102,0.0208978,0.42857113,0.014705897,0.30158785,0.0069659674,0.14285773,0.987013,1.0206264,0.9724981,0.9966954,1.062639,1.1061625,1.1726303,1.2322289,1.5752372,1.0045719,1.0348274,1.0808902,1.1349756,1.1922591,0.016341219,0.03968163,0.05532891,0.09275414,0.115909934,-0.007254873,-0.011788335,-0.008626179,-0.009966674,-0.0054772478,0.49275473,0.80897915,0.8507476,0.8948199,0.6810568,0.009937801,0.01822021,0.0010585217,0.0095412275,-0.030680228,1.0542233,1.1229873,1.1688281,1.3155004,1.5744826,0.9724981,0.9724981,0.9724981,0.9724981,0.9724981,1.0111483,1.0640129,1.1298668,1.2346612,1.2782241,0.99570394,0.9995383,1.0238339,1.0472059,1.1129023,0.6,0.3,0.15,0.1,0.05,0.33651677,0.18275006,0.14007999,0.080179945,0.0456854,0.2,0.1,0.05,0.26666668,0.016666668,1.0,1.0,1.0,1.0,1.0,-0.8,-0.9,-0.95,-0.73333335,-0.98333335,-0.15525727,0.19487949,0.39720643,0.8120685,0.7599019,0.10917994,-0.02955826,-0.07062169,0.097259715,0.26807564,0.4,0.4,0.4,0.46666667,0.43333334,0.6,0.6,0.6,0.53333336,0.56666666,-0.2,-0.2,-0.2,-0.06666667,-0.13333334,0.19875501,0.27076024,0.26663125,0.33799443,0.31318232,0.801245,0.72923976,0.73336875,0.6620056,0.6868177,-0.60249,-0.45847952,-0.46673754,-0.32401115,-0.37363538,0.80851734,0.91057235,0.98510176,1.4041662,1.5079682,0.1466779,0.23038523,0.23116171,0.7163459,0.7781782,0.5591477,0.7079984,0.7547492,1.4756546,1.2538279,0.39541125,0.5225631,0.46476278,0.42569456,0.40645516,0.60458875,0.47743693,0.5352372,0.5743055,0.59354484,-0.20917751,0.045126148,-0.07047443,-0.1486109,-0.18708971
SH600016,-0.0047213678215992545,0.25,,2026-05-26,0.00284899,0.008546971,0.33333334,0.00569798,0.6666667,0.0,0.0,-0.00284899,-0.33333334,0.9971591,1.0056818,0.9971591,1.0001044,1.0170305,1.0454406,1.0624709,1.0511689,1.1051246,1.0028487,1.0141972,1.0340881,1.0419466,1.0680846,0.004927467,0.014098891,0.023189448,0.022024974,0.034698,-0.0025623217,-0.004472968,-0.0038320953,-0.002152087,-0.0018240325,0.67602056,0.92264193,0.955784,0.73992985,0.84286135,0.002275896,0.00593111,0.002316805,-0.010741376,-0.014275631,1.0170691,1.0482888,1.0709935,1.0709935,1.142065,0.9943182,0.9943182,0.9943182,0.9943182,0.9943182,1.0045673,1.0272487,1.052872,1.0602416,1.1022605,1.0,1.0,1.0096765,1.0164577,1.0483047,0.4,0.2,0.1,0.06666667,0.033333335,0.24973953,0.10527572,0.07410201,0.07410201,0.03845626,0.4,0.1,0.1,0.3,0.2,0.6,0.8,0.9,0.93333334,0.96666664,-0.2,-0.7,-0.8,-0.6333333,-0.76666665,-0.1529015,0.6154528,0.026736049,-0.0032223137,0.63182515,-0.59243846,-0.629863,-0.36348972,-0.056391403,-0.12814325,0.0,0.1,0.15,0.23333333,0.26666668,0.6,0.7,0.6,0.5,0.55,-0.6,-0.6,-0.45,-0.26666668,-0.28333333,0.0,0.055976413,0.10710851,0.27470988,0.37743682,1.0,0.9440236,0.89289147,0.7252901,0.6225632,-1.0,-0.88804716,-0.785783,-0.45058027,-0.24512638,1.1231602,1.3747509,1.3139639,1.2876959,1.7158093,0.16254416,0.3553345,0.31883508,0.33010525,0.65201414,1.1502451,0.9149034,1.1138589,1.1122427,1.3038542,0.35605457,0.5028431,0.4865547,0.4927735,0.47364074,0.6439454,0.49715695,0.5134453,0.5072265,0.52635926,-0.28789085,0.005686126,-0.026890576,-0.014453016,-0.05271854
SH600085,-0.004780992577476109,0.5,,2026-05-26,-0.0019777876,0.01621842,-0.12194699,0.007911455,0.4878067,0.006329179,0.3902463,-0.0035600634,-0.2195074,1.0019817,1.0099088,0.9936583,1.0013107,1.0356723,1.1125376,1.0974782,1.0950934,1.2247157,1.007755,1.0391872,1.0672841,1.0788721,1.1194564,0.011673444,0.039364908,0.040143497,0.036677077,0.056039087,-0.006415767,-0.012483121,-0.005452086,-0.0031925577,-0.002953909,0.75516033,0.92180556,0.64559937,0.587205,0.84744585,0.005076437,0.016986826,-0.01548923,-0.032580007,-0.032316078,1.0348487,1.111348,1.1275986,1.1275986,1.2243279,0.9912716,0.9912716,0.9912716,0.9912716,0.9912716,1.0148177,1.0840912,1.0990788,1.1015419,1.1842022,0.99991506,1.0006272,1.0235986,1.0410558,1.0926629,0.4,0.2,0.1,0.06666667,0.033333335,0.20029795,0.07269035,0.064025454,0.064025454,0.037451897,0.2,0.1,0.5,0.6666667,0.016666668,0.8,0.9,0.95,0.96666664,0.98333335,-0.6,-0.8,-0.45,-0.3,-0.96666664,0.71432257,0.066607624,0.06344573,-0.15327395,-0.05477633,-0.4814278,-0.7940763,-0.10515947,-0.09252004,-0.12849297,0.2,0.1,0.3,0.36666667,0.33333334,0.8,0.9,0.65,0.56666666,0.6,-0.6,-0.8,-0.35,-0.2,-0.26666668,0.031732425,0.010514343,0.21923217,0.28957647,0.29706773,0.96826756,0.9894857,0.78076786,0.7104235,0.70293224,-0.9365351,-0.9789713,-0.56153566,-0.42084706,-0.40586454,1.1233073,1.2957596,1.2766026,1.13486,1.1974926,0.09652816,0.53918886,0.53969276,0.49239987,0.4619483,0.8364339,1.6249193,1.663946,1.801044,1.5341552,0.2703912,0.3980807,0.51105857,0.48876435,0.500246,0.72960883,0.6019193,0.4889414,0.51123565,0.499754,-0.45921764,-0.20383857,0.022117192,-0.022471288,0.0004919497
SH600760,-0.0049460687197490985,0.375,,2026-05-26,-0.008181864,0.023409087,-0.34951657,0.0063636224,0.27184412,0.008863601,0.3786393,-0.0056818854,-0.24272135,1.0082494,1.0146655,0.9910633,0.9990905,1.0792853,1.1436732,1.1303753,1.0953252,1.2889458,1.0318512,1.0612736,1.0856087,1.1085386,1.1411873,0.02392322,0.037718162,0.039237052,0.047280967,0.07237076,-0.014296483,-0.01209587,-0.0046253703,-0.0045004697,-0.003206776,0.8928103,0.94272417,0.48637173,0.7021738,0.59884006,-0.0032582565,-0.0068421904,-0.041667707,-0.043281816,-0.046587363,1.0767529,1.1384126,1.1679628,1.195687,1.3368397,0.9910633,0.9910633,0.9910633,0.9910633,0.9910633,1.0518713,1.0864233,1.1150756,1.1471096,1.1838642,1.0106384,1.0356532,1.0528446,1.0747567,1.0921218,0.2,0.1,0.05,0.033333335,0.016666668,0.104291774,0.060649883,0.050518632,0.043673903,0.025845377,0.2,0.1,0.5,0.06666667,0.05,1.0,1.0,1.0,1.0,1.0,-0.8,-0.9,-0.5,-0.93333334,-0.95,-0.50397474,0.04640634,0.44588852,0.43478376,0.37017113,-0.839182,-0.6067483,0.3018602,0.51223993,0.45520446,0.2,0.2,0.3,0.3,0.31666666,0.8,0.8,0.7,0.7,0.68333334,-0.6,-0.6,-0.4,-0.4,-0.36666667,0.01965676,0.07352157,0.29719907,0.4015015,0.36488742,0.9803432,0.92647845,0.7028009,0.5984985,0.6351126,-0.9606865,-0.8529569,-0.4056019,-0.19699702,-0.2702252,1.0350256,1.02219,1.1815952,1.2144963,1.1639905,0.18736266,0.22826329,0.47129905,0.46400425,0.5362774,0.7882017,0.64924246,0.9381138,1.401452,1.4073902,0.6307908,0.28879625,0.48428193,0.5030295,0.50100976,0.36920917,0.71120375,0.5157181,0.49697047,0.49899027,0.26158166,-0.42240748,-0.031436153,0.0060590236,0.0020194848
SZ001979,-0.005677898983482595,0.125,,2026-05-26,0.012805546,0.027939532,0.45833072,0.0023283234,0.08333438,0.012805662,0.4583349,0.023282886,0.8333312,0.98735636,1.0022988,0.9747126,0.99143064,1.0391992,1.1117598,0.99082565,0.9190992,1.2010008,0.99566305,1.0220183,1.0290241,1.0118988,1.0280094,0.020253317,0.038887963,0.047608968,0.048750494,0.06639515,-0.0044203354,-0.010685677,-0.0001229078,0.002528248,-0.0015447481,0.11908529,0.6921259,0.00023326492,0.20844091,0.16509824,0.013177624,0.026067192,-0.027856557,-0.04855839,0.017560627,1.0424645,1.1162909,1.153149,1.153149,1.2125021,0.9634817,0.9634817,0.954925,0.908299,0.89615494,1.0055046,1.0467056,1.0682235,1.0467056,1.0994161,0.98098415,0.9911593,0.9911593,0.9789825,0.9746455,0.8,0.45,0.4,0.55,0.44166666,0.4623575,0.2389795,0.2273942,0.37451908,0.32826295,0.2,0.1,0.5,0.6666667,0.016666668,0.6,0.8,0.1,0.06666667,0.46666667,-0.4,-0.7,0.4,0.6,-0.45,0.22154431,0.29128027,0.7162128,0.56391937,0.19919728,0.04824211,-0.033718936,0.13295224,0.3830845,0.25494292,0.4,0.3,0.5,0.5,0.4,0.6,0.7,0.5,0.5,0.5833333,-0.2,-0.4,0.0,0.0,-0.18333334,0.28037405,0.26736102,0.5099458,0.56708163,0.4090566,0.71962595,0.732639,0.49005422,0.43291837,0.5909434,-0.4392519,-0.465278,0.019891562,0.13416329,-0.1818868,1.2505187,1.4283236,1.5924878,1.5050234,1.4019438,0.20237604,0.331496,0.53180575,0.5517943,0.47026214,0.9905483,0.7662001,0.7297341,0.9017359,0.93452233,0.19744967,0.29434305,0.51706934,0.49653673,0.47658247,0.8025503,0.70565695,0.48293066,0.50346327,0.52341753,-0.6051007,-0.41131392,0.03413867,-0.0069265366,-0.046835087
SH600362,-0.006250243342206729,0.375,,2026-05-26,0.041629393,0.064905934,0.64138037,0.005819108,0.08965448,0.017457431,0.26896513,0.053267717,0.82069105,0.9600344,1.0055865,0.9432746,0.97900456,0.9480061,1.0558758,0.95953417,0.9678861,1.2384425,0.96812135,0.9876838,0.9948947,0.99351054,1.0191448,0.02340384,0.042612415,0.040030174,0.034022216,0.08745161,0.010128213,-0.008564409,-0.0006755501,-1.9862304e-05,-0.0027793043,0.46819997,0.37028316,0.009968005,2.6414098e-05,0.3080608,0.011622195,0.05085606,0.011523035,0.006777466,0.0628447,1.0055865,1.1146457,1.1146457,1.1146457,1.2956159,0.9185202,0.9185202,0.9185202,0.9185202,0.9067562,0.97826135,1.0079756,1.0377132,1.0162098,1.0785553,0.9596518,0.96240443,0.96235734,0.9642394,0.95602864,1.0,0.8,0.65,0.6333333,0.56666666,0.9358358,0.41544718,0.41544718,0.41544718,0.23978779,1.0,0.2,0.6,0.73333335,0.05,0.2,0.6,0.8,0.8666667,0.3,0.8,-0.4,-0.2,-0.13333334,-0.25,0.6268299,0.8778403,0.8090472,0.6978906,0.40995196,0.7709695,0.72203374,0.74476004,0.5999793,0.4305771,0.6,0.4,0.5,0.46666667,0.38333333,0.4,0.6,0.45,0.5,0.6,0.2,-0.2,0.05,-0.033333335,-0.21666667,0.7061567,0.39784947,0.544745,0.52865845,0.40736684,0.29384336,0.6021505,0.45525494,0.47134158,0.5926332,0.41231328,-0.20430106,0.08949009,0.057316847,-0.18526633,0.8322799,0.8993834,0.8777254,0.8112129,0.727937,0.14043702,0.20877467,0.27427495,0.2690435,0.2711902,0.55483335,0.4728915,0.6331999,0.7823791,0.89985436,0.66416126,0.3929089,0.53010803,0.54893434,0.49429134,0.33583874,0.60709107,0.46989197,0.4510657,0.5057087,0.32832253,-0.21418217,0.06021608,0.097868636,-0.011417346
SH601288,-0.006495935582031374,0.25,,2026-05-26,-0.003105576,0.01086956,-0.28571314,0.0077639837,0.71428686,0.0,0.0,-0.01086956,-1.0,1.0031153,1.0109035,1.0,1.00434,1.0313352,1.0361035,1.0742507,1.0081744,0.9945504,1.0059946,1.0218664,1.0382153,1.0459355,1.0299046,0.0052853385,0.018276943,0.022463698,0.027983068,0.028951857,-0.002316078,-0.00554455,-0.0035780866,-0.0017535379,0.0006490979,0.48006576,0.84360063,0.8879884,0.30432767,0.1533089,-0.0013623927,0.0030839778,-0.0042234412,-0.02050922,-0.049053025,1.0326079,1.0640388,1.0801374,1.1135325,1.1135325,0.9924922,0.9924922,0.9924922,0.9924922,0.9668704,1.0077657,1.0377384,1.0572207,1.070436,1.0572207,1.0027248,1.0055858,1.0126703,1.0143052,1.0059946,0.2,0.1,0.05,0.033333335,0.15,0.18715335,0.104935676,0.085661165,0.062027175,0.22589046,0.2,0.2,0.1,0.26666668,0.6333333,0.4,0.7,0.85,0.9,0.05,-0.2,-0.5,-0.75,-0.6333333,0.5833333,0.5524812,0.63070416,0.15920414,0.21567553,0.15219489,-0.55925256,0.0960493,-0.10677586,0.07573153,0.36618826,0.2,0.4,0.4,0.46666667,0.45,0.8,0.6,0.6,0.53333336,0.55,-0.6,-0.2,-0.2,-0.06666667,-0.1,0.17142873,0.30656952,0.27385914,0.48550722,0.5042644,0.82857126,0.6934305,0.72614086,0.5144928,0.4957356,-0.6571425,-0.38686097,-0.45228174,-0.028985566,0.008528806,1.1273327,1.2660881,1.267135,1.3138394,1.4544615,0.31201598,0.35176712,0.3175664,0.351293,0.53161,1.1596212,0.9456619,0.9262764,1.0230635,1.3834252,0.48792157,0.47023383,0.4946304,0.49668047,0.49934158,0.5120784,0.5297662,0.5053696,0.5033195,0.5006584,-0.024156857,-0.05953236,-0.010739192,-0.0066390485,-0.0013168316
SH688009,-0.006869992733802562,0.5,,2026-05-26,0.0020618744,0.0144329965,0.14285837,0.008247435,0.5714292,0.004123687,0.28571245,-0.0020618744,-0.14285837,0.9979424,1.0082304,0.99382716,0.9995861,1.0237288,1.0457628,1.1050847,1.1237288,1.1830509,1.0013559,1.0140678,1.0388136,1.0616385,1.1216667,0.002209895,0.01750592,0.031353638,0.04178904,0.07698323,-0.0008474537,-0.0049409335,-0.0050618066,-0.0046254783,-0.0040697274,0.367645,0.7302299,0.91222775,0.9494896,0.85238975,0.00033897406,0.008166406,0.009273605,0.00543102,-0.0016097074,1.027694,1.0554422,1.1110122,1.1370381,1.3105319,0.98318315,0.98318315,0.98318315,0.98318315,0.98318315,1.0023729,1.0267797,1.06,1.1023729,1.1867797,1.0,1.0,1.0044068,1.0159322,1.0457628,0.4,0.2,0.1,0.06666667,0.033333335,0.37781483,0.23273027,0.1315575,0.10930344,0.051372956,0.2,0.2,0.05,0.033333335,0.16666667,0.8,0.9,0.95,0.96666664,0.98333335,-0.6,-0.7,-0.9,-0.93333334,-0.81666666,-0.16989611,0.34642425,-0.01974123,-0.3855803,0.46219102,0.2830122,-0.11386522,-0.5142646,-0.4277135,0.1478361,0.2,0.3,0.25,0.3,0.33333334,0.6,0.6,0.6,0.6,0.5833333,-0.4,-0.3,-0.35,-0.3,-0.25,0.06250057,0.2452828,0.2129627,0.24113512,0.39925376,0.9374994,0.75471723,0.7870373,0.7588649,0.6007462,-0.87499887,-0.5094344,-0.57407457,-0.51772976,-0.20149247,0.9782294,1.065733,1.1460797,1.0539993,1.2705603,0.14062442,0.20248106,0.30820423,0.30149224,0.46967477,1.3024633,0.9650375,1.0863748,1.1589817,1.2223344,0.55849487,0.4234181,0.51237077,0.506696,0.48843214,0.44150513,0.5765819,0.48762923,0.493304,0.51156783,0.116989754,-0.15316382,0.024741545,0.013391983,-0.023135714
SZ000661,-0.00689918488259709,0.375,,2026-05-26,-0.023115572,0.028894426,-0.8000011,0.0,0.0,0.005778854,0.19999892,-0.017336719,-0.60000217,1.0236626,1.0236626,0.9940844,1.0048871,1.0700939,1.1402999,1.0988532,1.0926939,1.2482316,1.0228952,1.0538007,1.0818125,1.0918555,1.1152608,0.0162351,0.037527025,0.041598357,0.03715316,0.046391364,-0.00896143,-0.012040141,-0.0049661077,-0.0027583418,-0.0020111322,0.76170135,0.9435966,0.49882466,0.42717552,0.5732008,-0.0049723377,0.00037998534,-0.03463449,-0.051859595,-0.05593239,1.0698422,1.1435121,1.1550566,1.1550566,1.3604149,0.9940844,0.9940844,0.9940844,0.9940844,0.9940844,1.0356276,1.082916,1.1127372,1.1175619,1.1550566,1.0111125,1.0233475,1.0392462,1.0681435,1.089178,0.2,0.1,0.05,0.033333335,0.016666668,0.07808564,0.03958833,0.036749184,0.036749184,0.016148249,0.2,0.1,0.45,0.6333333,0.016666668,1.0,1.0,1.0,1.0,1.0,-0.8,-0.9,-0.55,-0.36666667,-0.98333335,0.07022321,0.32863286,0.3687574,0.33336794,0.556844,-0.47865117,-0.50077695,0.48826036,0.5139365,0.40267414,0.2,0.2,0.3,0.4,0.4,0.8,0.8,0.7,0.6,0.6,-0.6,-0.6,-0.4,-0.2,-0.2,0.12611173,0.11760049,0.33860573,0.38840607,0.36565506,0.87388825,0.8823995,0.66139424,0.6115939,0.63434494,-0.74777657,-0.764799,-0.32278854,-0.22318785,-0.2686899,1.0132878,1.0417968,1.070522,1.0478873,1.1903309,0.09974426,0.20386423,0.46007663,0.39530662,0.95544827,0.5525526,0.48934248,1.1965382,1.1851101,1.3079238,0.67793596,0.3386235,0.494111,0.50657463,0.444205,0.32206404,0.66137654,0.505889,0.4934254,0.555795,0.35587192,-0.32275304,-0.01177798,0.01314921,-0.111590035
SZ002142,-0.006908090846935354,0.5,,2026-05-26,0.00032339996,0.012289752,0.026314605,0.004851207,0.39473596,0.007115145,0.57894945,0.002587338,0.21052809,0.9996767,1.0048497,0.99256384,0.99864185,1.0161248,1.0317252,1.0352648,0.97312534,1.0009177,1.0072889,1.0154955,1.0363791,1.0297937,1.0133827,0.008499329,0.013464833,0.02619028,0.026952913,0.02989859,-0.00444415,-0.0038407135,-0.003964814,-3.3655906e-05,0.0005566678,0.6835151,0.74581885,0.802109,0.00012084059,0.10572815,0.0015993647,0.0017876701,0.0012866106,-0.029305724,-0.029804409,1.0303948,1.0458815,1.0953703,1.0953703,1.0953703,0.99256384,0.99256384,0.99256384,0.96858495,0.9473179,1.0137389,1.02989,1.0599632,1.0508653,1.0367593,0.9999213,1.0038804,1.010881,1.0050603,0.9843209,0.4,0.2,0.1,0.16666667,0.35,0.1965623,0.1394686,0.07233143,0.24778135,0.35583392,0.4,0.1,0.1,0.4,0.7,1.0,1.0,1.0,0.06666667,0.3,-0.6,-0.9,-0.9,0.33333334,0.4,-0.16553222,-0.2885057,0.45453405,0.59505206,0.47840253,0.8875185,-0.16382389,0.06870277,0.39933357,0.112577975,0.4,0.4,0.45,0.5,0.48333332,0.6,0.6,0.55,0.5,0.5,-0.2,-0.2,-0.1,0.0,-0.016666668,0.24050732,0.29698008,0.42036718,0.53986776,0.49927792,0.7594927,0.7030199,0.5796328,0.46013227,0.5007221,-0.5189854,-0.40603983,-0.15926562,0.07973547,-0.0014441792,0.9032416,0.89528155,1.0969516,1.0333271,0.95512843,0.11099768,0.09965105,0.44510275,0.39905128,0.35812697,0.8327397,1.0105687,0.86630094,1.0245005,1.1045232,0.68215567,0.46606067,0.5093555,0.5166319,0.5078564,0.31784436,0.5339393,0.49064454,0.4833681,0.49214354,0.3643113,-0.06787866,0.018710932,0.03326381,0.015712906
SH601878,-0.007123636912215978,0.5,,2026-05-26,0.010570827,0.024312902,0.4347826,0.0126849925,0.5217391,0.0010570827,0.04347826,-0.0010570827,-0.04347826,0.98953974,1.0125523,0.98849374,1.0017112,1.0075543,1.0443815,0.9896128,0.9886685,1.115203,0.99527854,1.0041548,1.0127951,1.0109853,1.0292729,0.006369574,0.014958332,0.02058705,0.017513014,0.036304977,-0.0003777089,-0.0037199182,-0.0010103161,-0.00013801963,-0.0014823653,0.008790907,0.56690705,0.08429356,0.0048135067,0.50848484,0.0054768682,0.012584779,-0.0031970798,-0.008983918,0.014456884,1.0304396,1.044992,1.0558811,1.0558811,1.1171933,0.9818875,0.9818875,0.9747376,0.9747376,0.96853364,0.9992446,1.0098206,1.0315392,1.0302172,1.0730878,0.9916903,0.99792254,0.99792254,0.9990557,0.9998111,1.0,0.6,0.4,0.33333334,0.23333333,0.37305167,0.2870235,0.31132996,0.31132996,0.21166718,0.4,0.1,0.5,0.6666667,0.033333335,0.8,0.9,0.1,0.4,0.46666667,-0.4,-0.8,0.4,0.26666668,-0.43333334,0.01886533,0.06980738,0.582845,0.4769775,0.05911803,0.29592675,0.20047058,0.6409462,0.62532693,0.4141149,0.4,0.3,0.45,0.46666667,0.43333334,0.4,0.5,0.4,0.43333334,0.5,0.0,-0.2,0.05,0.033333335,-0.06666667,0.4,0.2526318,0.5282051,0.5225564,0.39661026,0.6,0.74736816,0.47179487,0.47744358,0.60338974,-0.2,-0.49473637,0.056410253,0.045112837,-0.20677945,0.9620938,0.9007772,1.06709,0.937706,0.8282272,0.38585934,0.28526634,0.47414666,0.4527121,0.3666361,0.81416076,0.8334318,1.8656237,1.9117777,1.6582012,0.5639554,0.43164566,0.51300925,0.5188895,0.5031225,0.43604457,0.56835437,0.48699072,0.48111054,0.49687752,0.12791084,-0.1367087,0.026018549,0.037778918,0.006244979
SH600918,-0.007351462587790465,0.5,,2026-05-26,-0.0053380756,0.030249095,-0.1764706,0.010676151,0.3529412,0.014234868,0.47058824,-0.0017793585,-0.05882353,1.0053667,1.0161002,0.98568875,1.0017844,1.0467128,1.0813149,1.0726644,1.0709343,1.1470588,1.0131488,1.033218,1.0536332,1.0637832,1.0846885,0.010776761,0.024355635,0.027355345,0.026920743,0.03253678,-0.006574399,-0.007822163,-0.0037646024,-0.0025572432,-0.0016224709,0.9304127,0.9455104,0.6628601,0.6993131,0.75841093,-1.30140245e-08,0.0019817308,-0.017869515,-0.026703151,-0.0368257,1.0510925,1.083275,1.0902513,1.1097137,1.1470588,0.98568875,0.98568875,0.98568875,0.98568875,0.98568875,1.0231833,1.049135,1.0764706,1.083737,1.114533,1.0069205,1.0086505,1.0252595,1.0439446,1.0636678,0.2,0.1,0.05,0.033333335,0.016666668,0.21881393,0.14665255,0.13686788,0.11539018,0.088685945,0.4,0.1,0.5,0.033333335,0.033333335,1.0,1.0,1.0,1.0,1.0,-0.6,-0.9,-0.5,-0.96666664,-0.96666664,-0.30969968,-0.20292147,0.06376001,-0.09524556,0.1558845,0.09684227,-0.117908575,0.14491446,0.2212411,0.1380782,0.0,0.1,0.3,0.36666667,0.43333334,0.8,0.8,0.65,0.6,0.53333336,-0.8,-0.7,-0.35,-0.23333333,-0.1,0.0,0.07272716,0.25000012,0.32173926,0.36593053,1.0,0.92727286,0.7499999,0.67826074,0.6340695,-1.0,-0.85454565,-0.49999976,-0.35652146,-0.26813895,0.7374311,0.67888427,0.68710333,0.659041,0.69132423,0.21407896,0.17965555,0.18582083,0.20408805,0.21998009,0.72087985,0.667429,0.7444894,0.9931067,1.475272,0.7119749,0.5171145,0.56392026,0.53727156,0.5076302,0.28802508,0.48288548,0.4360797,0.46272847,0.49236974,0.4239498,0.03422907,0.12784056,0.07454307,0.015260499
SZ300999,-0.008488331994242836,0.5,,2026-05-26,0.01576926,0.061153837,0.25786218,0.041538473,0.6792456,0.0038461015,0.062892236,-0.021923112,-0.35849118,0.98447555,1.0408936,0.98068917,1.0073767,1.0226094,1.0633802,1.0492958,1.0548555,1.1056337,0.9917717,1.014937,1.0366012,1.0447986,1.0750185,0.012752009,0.028785458,0.03196717,0.028665408,0.047133088,-0.0025203812,-0.008709033,-0.00379089,-0.0022707065,-0.002090915,0.09765968,0.8390832,0.49220046,0.48630354,0.6002343,0.013269083,0.024253655,-0.00058773364,-0.011873383,-0.013336542,1.0408936,1.0704883,1.0966856,1.0966856,1.2613729,0.9724646,0.9724646,0.9724646,0.9724646,0.9724646,1.0020015,1.0378058,1.0664937,1.066049,1.1012602,0.98139364,0.9853225,1.0080059,1.0219423,1.0467012,0.8,0.4,0.2,0.13333334,0.06666667,0.40239337,0.28090513,0.22166438,0.22166438,0.09530834,1.0,0.1,0.25,0.5,0.13333334,0.8,0.9,0.95,0.96666664,0.98333335,0.2,-0.8,-0.7,-0.46666667,-0.85,0.21161808,0.25058,0.33118317,0.11816529,0.7283019,0.54807276,0.39899144,0.49720082,0.4821177,0.59602463,0.2,0.3,0.4,0.4,0.41666666,0.8,0.7,0.6,0.6,0.5833333,-0.6,-0.4,-0.2,-0.2,-0.16666667,0.31288332,0.2159472,0.3788707,0.39722225,0.43472293,0.6871167,0.7840528,0.62112933,0.6027777,0.56527704,-0.37423337,-0.5681056,-0.24225862,-0.2055555,-0.13055414,0.56784177,0.5768629,0.5956579,0.55670893,0.8036126,0.2526786,0.17732911,0.19686788,0.17324226,0.58477163,1.0058752,0.8945523,0.9088715,0.9809167,2.967017,0.7358389,0.6480638,0.5608422,0.56683856,0.5167887,0.2641611,0.3519362,0.43915778,0.43316144,0.48321125,0.47167778,0.2961276,0.121684425,0.1336771,0.033577483
SZ002714,-0.00877898399329088,0.375,,2026-05-26,0.0072860154,0.020036455,0.36363792,0.0039031731,0.19480357,0.008847267,0.4415585,0.012230109,0.61039287,0.9927667,1.0038749,0.9839834,0.99518514,1.041073,1.109012,1.1234794,1.1314807,1.1570586,1.00759,1.0417417,1.0859529,1.1114545,1.1549184,0.012622794,0.042148538,0.055891898,0.060453657,0.079011686,-0.007000755,-0.013188988,-0.008053915,-0.0057665254,-0.0035269645,0.7689867,0.89757216,0.7267489,0.7051556,0.60774213,0.0064114165,0.01760869,-0.009440696,-0.027839914,-0.050872993,1.0503641,1.125541,1.1725525,1.2056215,1.3298876,0.9837137,0.9837137,0.9837137,0.9837137,0.9837137,1.0203999,1.0954243,1.1397473,1.1583493,1.2127577,0.9986027,1.0026853,1.0211805,1.0437583,1.1005868,0.4,0.2,0.1,0.06666667,0.033333335,0.244354,0.11483197,0.086244516,0.07339225,0.04704661,0.4,0.2,0.2,0.16666667,0.23333333,0.8,0.9,0.95,0.96666664,0.98333335,-0.4,-0.7,-0.75,-0.8,-0.75,-0.13703325,0.3925957,0.26062042,0.11846999,0.15103287,0.041168276,-0.38649258,0.18324839,0.07939417,0.14739446,0.2,0.2,0.3,0.36666667,0.43333334,0.8,0.8,0.7,0.6333333,0.56666666,-0.6,-0.6,-0.4,-0.26666668,-0.13333334,0.12692069,0.098899156,0.3060291,0.3715426,0.4385411,0.8730793,0.9011008,0.69397086,0.6284574,0.5614589,-0.74615866,-0.8022017,-0.38794175,-0.25691482,-0.12291776,1.0826881,1.2681046,1.2873168,1.2822572,1.3502649,0.10334032,0.339449,0.33873308,0.3288244,0.4563391,0.6898372,1.5372076,1.1549968,1.0402938,1.2851511,0.3446751,0.43063265,0.47809562,0.5157499,0.50385666,0.6553249,0.56936735,0.5219044,0.48425013,0.49614334,-0.3106498,-0.1387347,-0.043808777,0.031499743,0.0077133235
SH601298,-0.01045716017123013,0.25,,2026-05-26,-0.0067567425,0.02364863,-0.28571388,0.00900899,0.38095185,0.0078829,0.33333427,-0.007882833,-0.33333147,1.0068027,1.015873,0.99206346,1.000976,1.0245347,1.0287648,1.0355331,0.98815566,1.0448393,1.0104907,1.014467,1.0168358,1.0120982,1.0135927,0.007698349,0.008529978,0.008601105,0.013750116,0.023438897,-0.0038917123,-0.0018099757,-0.00061575184,0.00065065705,-0.00037475134,0.6388902,0.41272533,0.17937876,0.17353745,0.07796719,-0.002707274,-0.0063221124,-0.010986221,-0.02153266,-0.0025376063,1.0381697,1.0381697,1.0433092,1.0433092,1.0798903,0.99206346,0.99206346,0.988344,0.96862286,0.9604891,1.0143824,1.0231811,1.0247039,1.0231811,1.0319797,1.0060914,1.008291,1.0104907,1.0033841,0.99560064,0.2,0.1,0.05,0.18333334,0.29166666,0.17213537,0.17213537,0.21206143,0.4201185,0.33090913,0.4,0.7,0.1,0.4,0.06666667,1.0,1.0,0.25,0.06666667,0.3,-0.6,-0.3,-0.15,0.33333334,-0.23333333,0.180091,-0.13507721,-0.31864387,-0.04261665,0.2571564,0.99967086,0.51392275,-0.087035105,-0.09465436,-0.08263875,0.2,0.4,0.45,0.56666666,0.5,0.8,0.6,0.55,0.43333334,0.46666667,-0.6,-0.2,-0.1,0.13333334,0.033333335,0.20408118,0.32653058,0.40094328,0.52272725,0.46423748,0.7959188,0.6734694,0.5990567,0.47727275,0.53576255,-0.59183764,-0.34693885,-0.19811343,0.0454545,-0.07152504,1.0104374,0.96103984,0.99855506,0.9506755,1.1178802,0.18207404,0.15837336,0.22918935,0.21615367,0.38110742,0.3290321,0.63792956,0.80758506,0.7828104,1.0909427,0.5159073,0.50718623,0.49574593,0.5206803,0.49719447,0.48409268,0.49281377,0.5042541,0.4793197,0.50280553,0.03181462,0.014372472,-0.0085081505,0.04136064,-0.005611034
SZ000166,-0.012376739481799254,0.5,,2026-05-26,0.011235891,0.026966304,0.4166641,0.011235974,0.4166672,0.0044944393,0.16666873,0.004494356,0.16666564,0.988889,1.0111111,0.98444444,0.999739,1.0042194,1.0618846,1.0337553,1.0309423,1.11955,0.9912799,1.005626,1.0277075,1.0353492,1.0537038,0.006701039,0.023544079,0.029247519,0.026492793,0.032816995,0.0009845261,-0.006035036,-0.003612406,-0.0021614889,-0.0015177293,0.053964756,0.6022929,0.5339285,0.5158841,0.6523652,0.0067510363,0.021531757,0.006610384,-0.0040077046,-0.008930715,1.0262887,1.06293,1.0707707,1.0707707,1.1222223,0.97727376,0.97727376,0.97727376,0.97727376,0.97727376,0.99437416,1.014346,1.0562588,1.0562588,1.0874825,0.9873418,0.9921238,0.99296767,1.0033755,1.0309423,1.0,0.6,0.3,0.2,0.1,0.46365952,0.26531938,0.24306922,0.24306922,0.15678844,0.4,0.1,0.5,0.6666667,0.016666668,0.6,0.8,0.9,0.93333334,0.96666664,-0.2,-0.7,-0.4,-0.26666668,-0.95,0.17158784,0.053398635,-0.12679896,-0.2778593,-0.031108104,0.45515588,0.08986899,0.16781422,0.19774345,0.049095824,0.4,0.3,0.4,0.36666667,0.4,0.4,0.6,0.5,0.5,0.53333336,0.0,-0.3,-0.1,-0.13333334,-0.13333334,0.44827586,0.24418572,0.4062499,0.43452376,0.39759028,0.55172414,0.7558143,0.5937501,0.56547624,0.6024097,-0.10344828,-0.51162857,-0.1875002,-0.1309525,-0.20481944,0.90291053,0.93569833,0.8610027,0.80521935,0.7851787,0.27064335,0.21142247,0.20434213,0.23483108,0.2215135,0.6809048,0.8454618,1.0064167,1.1261677,1.2106801,0.52926207,0.49322814,0.52571505,0.5218973,0.49893,0.47073796,0.50677186,0.47428492,0.47810265,0.50107,0.0585241,-0.013543738,0.05143014,0.04379466,-0.002140011
SH601919,-0.013036061380294154,0.25,,2026-05-26,-0.0020562133,0.021247424,-0.096774705,0.008910146,0.4193518,0.010281066,0.48387352,-0.0006852926,-0.03225297,1.0020604,1.010989,0.98969775,0.99714,0.9629842,0.96786225,0.99253935,1.0439024,1.0166427,1.0024676,0.9860258,0.9796126,0.9925203,1.030043,0.0050178193,0.018524637,0.015567094,0.025097677,0.04715596,0.00086083484,0.004718051,0.0012562969,-0.001588118,-0.002278458,0.07357828,0.59461683,0.2279489,0.31031314,0.7120471,-0.0041893465,-0.007257025,0.008452585,0.030507423,0.037171517,1.0234853,1.0234853,1.0234853,1.0576379,1.1662536,0.9635307,0.95954984,0.9567508,0.9567508,0.9567508,1.0065422,1.0040171,0.9960975,1.0081491,1.0691534,0.9990244,0.96688664,0.9661406,0.96786225,0.98123384,0.4,0.7,0.85,0.6333333,0.31666666,0.60828155,0.6326712,0.648078,0.42868885,0.20643725,0.8,0.9,0.95,0.033333335,0.06666667,0.2,0.5,0.45,0.6333333,0.81666666,0.6,0.4,0.5,-0.6,-0.75,-0.16172351,0.5612219,0.3947474,-0.26844242,0.481571,0.93450296,0.86844367,0.7546566,0.5786469,0.41963974,0.6,0.5,0.5,0.4,0.46666667,0.4,0.4,0.45,0.53333336,0.48333332,0.2,0.1,0.05,-0.13333334,-0.016666668,0.82089627,0.6707319,0.52452856,0.39867562,0.4886453,0.17910372,0.3292681,0.4754714,0.6013244,0.51135474,0.64179254,0.34146383,0.049057167,-0.20264877,-0.022709444,1.5803716,1.3737017,1.3009323,1.1498932,1.4849507,0.54741555,0.5365989,0.40925083,0.4068675,1.0719147,1.3108672,1.3265648,1.4026965,1.4381391,3.205033,0.5545808,0.49143744,0.5179175,0.5133078,0.4744875,0.44541922,0.50856256,0.48208246,0.48669216,0.52551246,0.109161556,-0.017125139,0.03583506,0.026615659,-0.051024966
SH601898,-0.013236429278152386,0.375,,2026-05-26,0.0039113616,0.035202075,0.11111167,0.017601067,0.50000083,0.013689647,0.3888875,-5.8985997e-08,-1.6756397e-06,0.9961039,1.0175325,0.9824676,0.9942815,1.1201068,1.0511566,1.1427937,1.1272242,0.9604093,1.0372776,1.0617437,1.1017127,1.0996442,1.1226275,0.046027917,0.048384655,0.068791375,0.057931524,0.06433706,-0.026734874,-0.0077698696,-0.008544606,-0.002320293,-0.0010780477,0.84343886,0.236387,0.539988,0.12432473,0.0856354,0.01619217,-0.026779367,-0.020538894,-0.065999895,-0.09082513,1.1405908,1.1405908,1.2349863,1.2349863,1.2836583,0.9824676,0.9824676,0.9824676,0.9824676,0.94332504,1.0674378,1.1115658,1.1494662,1.1314057,1.1819395,1.0067616,1.010943,1.0450177,1.0511566,1.0739324,0.2,0.1,0.05,0.033333335,0.05,0.11087833,0.11087833,0.069430225,0.069430225,0.1665279,0.2,0.6,0.2,0.46666667,0.2,1.0,1.0,1.0,1.0,0.033333335,-0.8,-0.4,-0.8,-0.53333336,0.16666667,-0.8832964,-0.21620925,0.015025348,0.11107464,0.3668502,-0.61979735,0.0669642,0.058257166,0.17333552,0.30584928,0.0,0.3,0.35,0.36666667,0.43333334,1.0,0.7,0.65,0.6333333,0.56666666,-1.0,-0.4,-0.3,-0.26666668,-0.13333334,0.0,0.3861386,0.35475117,0.40786088,0.5111111,1.0,0.61386144,0.64524883,0.5921391,0.4888889,-1.0,-0.22772284,-0.2904977,-0.18427828,0.022222217,1.0019673,0.9977042,1.0020956,0.9734214,1.2766654,0.27981594,0.30299166,0.27289483,0.24835275,0.6001534,0.9918908,1.0197446,1.2202301,1.186983,1.3188701,0.6462499,0.5367409,0.47442487,0.49981695,0.50612,0.3537501,0.46325907,0.5255751,0.50018305,0.49387997,0.29249978,0.07348184,-0.051150244,-0.00036610544,0.012240081
SH600958,-0.014028678987602529,0.125,,2026-05-26,0.01052631,0.027368406,0.3846154,0.014736834,0.53846157,0.002105262,0.07692308,-0.002105262,-0.07692308,0.9895833,1.0145833,0.9875,1.0011904,1.0317194,1.0283806,,0.9440734,1.0609349,1.0033389,1.0111853,1.0072144,0.9959098,0.99126875,0.008326351,0.017492516,0.019506378,0.024019044,0.034978524,-0.0043405625,-0.0036019613,0.00019262938,0.0016733527,-0.00020477518,0.6793955,0.38867354,0.0017065925,0.4917458,0.0115132695,0.0053422474,0.0050235423,-0.00846647,-0.016826726,0.015222619,1.047536,1.0569435,1.0569435,1.0569435,1.0636328,0.98124313,0.98124313,0.96060973,0.9532743,0.92238,1.0080134,1.0310518,1.0293822,1.0190316,1.0233723,0.9978297,0.9978297,0.99465775,0.97128546,0.9542571,0.6,0.4,0.5,0.65,0.55,0.2829396,0.24777779,0.40889344,0.4507189,0.5495111,0.4,0.2,0.05,0.23333333,0.6166667,0.8,0.9,0.05,0.23333333,0.6166667,-0.4,-0.7,0.0,0.0,0.0,-0.19997683,0.8174427,0.22861634,0.55228823,0.37477502,0.30216402,0.64887476,0.70141166,0.651129,0.3922036,0.2,0.3,0.25,0.3,0.31666666,0.8,0.7,0.4,0.3,0.46666667,-0.6,-0.4,-0.15,0.0,-0.15,0.104167,0.40116283,0.5131086,0.5664557,0.43360436,0.895833,0.59883714,0.4868914,0.4335443,0.56639564,-0.791666,-0.19767433,0.026217233,0.13291141,-0.1327913,0.9461232,1.2284902,1.6286815,1.3559315,0.88240314,0.23283033,0.50868547,0.89738786,0.86994827,0.6813949,0.6489771,1.0234324,0.9712591,1.1790099,1.4102105,0.3670147,0.31585136,0.32284257,0.3753759,0.38973522,0.6329853,0.68414867,0.67715746,0.6246241,0.6102648,-0.26597056,-0.3682973,-0.3543149,-0.24924819,-0.22052959
SH601088,-0.01472180985269018,0.25,,2026-05-26,0.0011173234,0.016759781,0.06666694,0.00670394,0.40000165,0.008938518,0.5333314,0.0033519012,0.19999672,0.9988839,1.0066965,0.98995537,1.0000508,1.0283482,1.0088952,1.0486325,1.0443927,0.9414748,1.008097,1.0120542,1.0271926,1.0265524,1.0393729,0.01128577,0.011578685,0.026360922,0.022278663,0.035233498,-0.006426144,-0.0011064166,-0.0032776669,-0.00087412,-0.00046126128,0.8105476,0.08370093,0.54109865,0.119306915,0.052273594,0.0047551817,-0.0070753335,0.003945216,-0.013877758,-0.025765695,1.0486058,1.0486058,1.0870668,1.0870668,1.124556,0.98995537,0.98995537,0.98995537,0.98995537,0.9303573,1.013534,1.0241084,1.0557818,1.0450411,1.0681354,0.9999002,1.0,1.0073822,1.0084296,1.0100923,0.4,0.25,0.125,0.083333336,0.09166667,0.1712625,0.1712625,0.10343403,0.10343403,0.35861576,0.8,0.9,0.2,0.46666667,0.3,1.0,1.0,1.0,1.0,0.033333335,-0.2,-0.1,-0.8,-0.53333336,0.26666668,-0.4654795,0.041293137,0.0566683,0.13996851,0.34660065,-0.008653815,0.15677455,-0.00072827836,0.030156862,0.4130671,0.2,0.5,0.45,0.43333334,0.45,0.8,0.5,0.55,0.56666666,0.55,-0.6,0.0,-0.1,-0.13333334,-0.1,0.016997466,0.43320858,0.3642692,0.41666666,0.53657526,0.98300254,0.5667914,0.6357308,0.5833334,0.46342477,-0.9660051,-0.13358286,-0.27146158,-0.16666672,0.07315046,0.95457613,0.95017827,0.9285164,0.8799835,1.0447952,0.32070214,0.24027705,0.21802895,0.21289125,0.44046098,0.89152575,0.67379206,1.5813376,1.4668635,1.5121834,0.5047637,0.5775035,0.4835238,0.5338403,0.5094208,0.49523628,0.4224965,0.5164762,0.46615973,0.4905792,0.009527429,0.155007,-0.032952428,0.06768055,0.01884164
SH688981,-0.015024022142639079,0.25,,2026-05-26,-0.010283297,0.059311364,-0.17337818,0.024613518,0.41498825,0.02441455,0.41163358,-0.010482266,-0.17673284,1.0103902,1.0352594,0.9753318,0.99799556,0.79648745,0.8176699,0.710417,0.6684542,0.77845556,0.9351656,0.86657727,0.83079165,0.7875296,0.73942107,0.08317751,0.09142456,0.07628579,0.08829126,0.084256366,0.03989811,0.025103701,0.009580745,0.008815638,0.0029640426,0.5752185,0.69113225,0.5520513,0.7726339,0.37745336,-0.0149617875,0.020456066,0.078191265,0.084643655,0.17313969,1.0564419,1.0564419,1.0564419,1.0564419,1.0564419,0.7876391,0.75532913,0.7012334,0.6684542,0.611342,1.0091434,0.9175761,0.8583054,0.82818073,0.79675555,0.8748357,0.79525405,0.7870492,0.70941144,0.6737498,0.8,0.9,0.95,0.96666664,0.98333335,0.79002494,0.8125556,0.8411021,0.8545266,0.8731928,0.8,0.9,0.95,0.96666664,0.98333335,0.2,0.5,0.05,0.06666667,0.46666667,0.6,0.4,0.9,0.9,0.51666665,0.64416325,0.836597,0.81432676,0.88878185,0.84709644,0.8962109,0.82533723,0.77981365,0.72816056,0.60441077,0.6,0.5,0.55,0.6,0.5,0.4,0.5,0.45,0.4,0.5,0.2,0.0,0.1,0.2,0.0,0.7654774,0.7092951,0.7152681,0.7205673,0.59771746,0.23452258,0.29070488,0.28473192,0.2794327,0.4022825,0.53095484,0.41859025,0.43053618,0.44113457,0.19543496,1.035558,0.77694035,0.62513083,0.49953708,0.34618795,0.2950381,0.34717396,0.29716876,0.3027603,0.26440617,0.9747947,1.5439271,1.7747587,2.156759,2.715503,0.60648775,0.58162737,0.5801709,0.57688713,0.5633472,0.39351225,0.41837266,0.41982907,0.42311284,0.43665275,0.21297547,0.16325468,0.16034187,0.1537743,0.12669449
SH688111,-0.016596197261935636,0.125,,2026-05-26,-0.0013168694,0.030288057,-0.043478172,0.013909449,0.4592387,0.01506174,0.49728313,-0.00016457814,-0.0054337634,1.0013186,1.0152464,0.9849184,0.99795276,1.051965,1.0775414,1.0362537,0.96090454,1.2180498,1.0075998,1.0309881,1.0495819,1.0375866,1.0572264,0.010697654,0.028904995,0.040519424,0.03982018,0.076875076,-0.004287108,-0.008594632,-0.0024696772,0.0011024927,-0.0021799188,0.40150565,0.81043875,0.13002352,0.05940824,0.24525023,0.0009743399,0.0076877004,-0.026119914,-0.053572763,0.0070812195,1.0608282,1.1202623,1.1627713,1.1627713,1.2526077,0.9849184,0.9849184,0.9849184,0.9518872,0.9278974,1.0136489,1.0522573,1.0795631,1.0578353,1.1336067,0.99952096,1.0040272,1.0183339,1.0101169,0.99752355,0.4,0.2,0.1,0.13333334,0.25,0.19867794,0.11143169,0.08479813,0.22814792,0.22205216,0.4,0.2,0.4,0.6,0.033333335,1.0,1.0,1.0,0.06666667,0.46666667,-0.6,-0.8,-0.6,0.53333336,-0.43333334,0.48572877,-0.10264409,0.704292,0.5200963,0.13010634,-0.22790939,-0.5709687,0.097559266,0.5235637,0.36315277,0.2,0.4,0.5,0.53333336,0.43333334,0.8,0.6,0.5,0.46666667,0.56666666,-0.6,-0.2,0.0,0.06666667,-0.13333334,0.1697625,0.25361222,0.45291567,0.5340692,0.40937468,0.8302375,0.7463878,0.54708433,0.46593082,0.5906253,-0.660475,-0.49277556,-0.094168656,0.06813835,-0.1812506,1.1154754,1.1003611,1.2776749,1.2677919,1.0114669,0.15579087,0.14480102,0.3174736,0.45949817,0.43367407,0.5710706,0.66540056,0.93359673,1.3139191,1.3002424,0.5198804,0.38792774,0.47715375,0.5027178,0.5068509,0.4801196,0.6120722,0.5228463,0.4972822,0.49314907,0.03976084,-0.2241445,-0.04569252,0.0054356074,0.013701841
SH600415,-0.016631065580827546,0.375,,2026-05-26,-0.019259293,0.027407441,-0.70270306,0.001481461,0.05405324,0.0066666873,0.2432437,-0.014074068,-0.5135126,1.0196375,1.0211481,0.9932024,1.0029906,1.0740199,0.97734123,1.0294427,0.98111194,1.13368,1.0259784,1.0267342,1.0163846,0.993172,1.0124557,0.027222479,0.027988095,0.027295368,0.044574272,0.04810252,-0.013442049,0.00017415998,0.0008600925,0.0034629789,-0.0010797898,0.6095588,0.0003549454,0.034752052,0.46777055,0.15368894,0.0009056739,-0.02751801,-0.02455548,-0.04338516,0.019398045,1.0845822,1.0845822,1.0845822,1.0845822,1.1336774,0.9932024,0.96223366,0.96223366,0.9101157,0.9101157,1.0370082,1.0448596,1.0389676,1.0288503,1.0598083,1.0066392,1.0066392,0.9954545,0.93473375,0.9785396,0.2,0.2,0.3,0.5,0.41666666,0.07438843,0.30867824,0.30867824,0.515195,0.402056,0.2,0.6,0.8,0.8666667,0.016666668,1.0,0.2,0.6,0.2,0.6,-0.8,0.4,0.2,0.6666667,-0.5833333,0.63749063,0.66297096,0.69014424,0.6880524,-0.041586723,-0.21289001,0.6227822,0.6132506,0.70094556,0.49687424,0.2,0.5,0.4,0.43333334,0.4,0.8,0.5,0.6,0.56666666,0.6,-0.6,0.0,-0.2,-0.13333334,-0.2,0.17768769,0.54411364,0.4662162,0.51469445,0.44526842,0.8223123,0.45588636,0.5337838,0.48530552,0.5547316,-0.64462465,0.08822728,-0.067567594,0.029388936,-0.10946317,1.3652765,1.6838422,1.5994637,1.5344291,1.0599809,0.34041435,0.63832736,0.536485,0.713716,0.71648145,0.9337916,0.94362414,0.9977257,1.5746753,1.8100994,0.100509614,0.49402693,0.33560616,0.48417696,0.5109762,0.89949036,0.50597304,0.66439384,0.51582307,0.4890238,-0.7989808,-0.011946142,-0.32878768,-0.031646095,0.021952385
SH601868,-0.016847367835778573,0.125,,2026-05-26,-0.01655632,0.033112537,-0.50000155,0.003311223,0.09999907,0.013244994,0.39999938,-0.0066225487,-0.20000124,1.0168351,1.020202,0.98653203,0.9976597,1.0734825,1.1182109,1.0063897,0.9616614,0.8370607,1.0140575,1.0565495,1.0321087,1.0144836,1.0182109,0.015421734,0.057232227,0.06714848,0.06116057,0.09366721,-0.0047923275,-0.01651661,0.0040860907,0.0037983265,0.00062495173,0.2414163,0.7634348,0.12960202,0.29891196,0.0135774305,-0.004472839,0.017775213,-0.07092651,-0.06955925,-0.03664696,1.0620307,1.2041554,1.2041554,1.2041554,1.3261007,0.98653203,0.98653203,0.9361023,0.9361023,0.8335335,1.027476,1.0843451,1.0843451,1.0753994,1.0900959,1.002556,1.0057508,0.9578275,0.9584665,0.9552716,0.2,0.1,0.35,0.46666667,0.48333332,0.17838697,0.061886616,0.23837703,0.23837703,0.33795685,0.2,0.2,0.6,0.73333335,0.2,1.0,1.0,0.15,0.43333334,0.016666668,-0.8,-0.8,0.45,0.3,0.18333334,0.0912742,0.8147347,0.84288657,0.8134248,0.77132046,-0.29518172,-0.013030606,0.520331,0.5064686,0.51223755,0.4,0.5,0.55,0.56666666,0.56666666,0.6,0.5,0.45,0.43333334,0.43333334,-0.2,0.0,0.1,0.13333334,0.13333334,0.18918902,0.3271028,0.49473685,0.5275229,0.546789,0.810811,0.6728972,0.50526315,0.47247708,0.453211,-0.62162197,-0.34579438,-0.010526309,0.05504584,0.093578,1.0695853,1.6106654,1.635852,1.512603,2.1211028,0.16093375,0.8591966,0.966995,0.8352892,1.5754821,0.62455004,1.4011288,1.324799,1.5409747,1.7011677,0.39694002,0.28196165,0.4648723,0.5010113,0.4971471,0.60305995,0.7180383,0.5351277,0.4989887,0.50285286,-0.20611995,-0.43607667,-0.0702554,0.002022628,-0.0057057627
SH600183,-0.017205025513235796,0.25,,2026-05-26,0.107970305,0.10866188,0.99363554,0.0,0.0,0.000691577,0.0063644852,0.10866188,1.0,0.9025513,1.0,0.90192705,0.9599072,0.7863005,0.6680165,0.5847725,0.4618888,0.5399091,0.8604981,0.8025517,0.7112238,0.65321124,0.56356186,0.09593685,0.09133815,0.114855394,0.12659252,0.13011433,0.057384886,0.026295973,0.01822207,0.013569874,0.0056432765,0.89446664,0.7597759,0.8809691,0.8905069,0.5737362,0.02473215,0.079116434,0.11566656,0.1500256,0.2699615,1.0,1.0,1.0,1.0,1.0,0.761957,0.66333914,0.5582421,0.46188876,0.39946848,0.9272839,0.8559902,0.78492564,0.7672775,0.6423667,0.78088397,0.7334649,0.60649073,0.54373074,0.46154508,1.0,1.0,1.0,1.0,1.0,1.0,1.0,1.0,1.0,1.0,1.0,1.0,1.0,1.0,1.0,0.4,0.1,0.05,0.033333335,0.43333334,0.6,0.9,0.95,0.96666664,0.56666666,0.62555546,0.18821244,0.5545452,0.2460066,0.54090506,-0.08448502,0.3005208,0.40889055,0.3703282,0.18084465,0.6,0.6,0.6,0.7,0.5833333,0.4,0.4,0.35,0.26666668,0.4,0.2,0.2,0.25,0.43333334,0.18333334,0.9204759,0.8786241,0.85679483,0.8730929,0.7028792,0.07952411,0.1213759,0.14320517,0.1269071,0.2971208,0.8409518,0.75724816,0.71358967,0.74618584,0.40575838,0.8934078,0.9344975,0.8117815,0.83133364,0.7200173,0.14229894,0.14835799,0.18548538,0.17619392,0.19439888,0.7496846,0.7519656,0.9882193,0.96873474,1.0017079,0.4785753,0.5818172,0.51012886,0.5453448,0.52308977,0.5214247,0.4181828,0.48987114,0.45465517,0.47691023,-0.04284944,0.16363442,0.020257687,0.090689674,0.04617954
SH600000,-0.017590809714112355,0.375,,2026-05-26,0.018681379,0.02527475,0.7391321,0.005494476,0.21738991,0.0010988951,0.043477982,0.014285798,0.5652202,0.9816612,1.0053937,0.9805825,0.99938756,0.96548134,0.97412723,1.029188,1.0712475,1.0561008,0.97326916,0.9737047,0.9846551,1.0103512,1.0463097,0.017187003,0.012052588,0.018093484,0.0412744,0.049291875,0.009484511,0.00088606734,-0.0021959112,-0.004263913,-0.0021574264,0.7613241,0.04954322,0.51552916,0.8270976,0.5842801,0.007761812,0.02230799,0.036206048,0.05147551,0.017334327,1.0053937,1.0053937,1.037776,1.0971277,1.128435,0.9439321,0.9439321,0.9439321,0.9439321,0.9439321,0.98361826,0.9795228,1.0019501,1.0567899,1.0897874,0.96271205,0.9652733,0.97178704,0.97412723,0.98062795,1.0,1.0,0.775,0.51666665,0.25833333,0.9122426,0.9122426,0.5974589,0.3659891,0.30388635,1.0,1.0,0.05,0.16666667,0.28333333,0.6,0.8,0.9,0.93333334,0.96666664,0.4,0.2,-0.85,-0.76666665,-0.68333334,0.90770596,0.5716207,-0.3455215,-0.78022516,-0.5288423,0.79376256,0.44269633,0.32568508,0.22206,0.0038802056,0.6,0.5,0.4,0.33333334,0.41666666,0.4,0.4,0.55,0.6333333,0.56666666,0.2,0.1,-0.15,-0.3,-0.15,0.82026553,0.6715522,0.3950446,0.34836754,0.447538,0.1797345,0.32844785,0.60495543,0.6516324,0.552462,0.640531,0.34310433,-0.20991081,-0.30326492,-0.10492401,0.7033081,0.7801409,0.67301804,0.5789997,0.5410514,0.17085162,0.19922736,0.19872232,0.21718186,0.21248908,0.88196445,1.0354464,1.0095991,0.94649184,1.027054,0.57804114,0.6269922,0.5714799,0.594879,0.5255005,0.42195883,0.37300777,0.42852005,0.40512106,0.47449952,0.15608232,0.25398445,0.1429599,0.18975788,0.05100097
SH600875,-0.017639174549903817,0.375,,2026-05-26,-0.022191714,0.03643834,-0.609021,0.0008219544,0.022557408,0.013424669,0.36842155,-0.009589,-0.2631569,1.0226954,1.023536,0.98627067,1.0028899,1.0924335,1.0787212,1.2277383,1.0734346,0.9512638,1.0203866,1.063167,1.0854658,1.1072112,1.0892504,0.018483406,0.04993072,0.047328066,0.05710851,0.064404145,-0.0059887664,-0.01444663,-0.0061932257,-0.0042106565,-2.2286495e-05,0.2624525,0.7673772,0.5993277,0.42130795,3.6522106e-05,-0.008409015,0.0018428478,-0.026630202,-0.04615675,-0.08859303,1.0840071,1.1571647,1.2383921,1.2678037,1.2714736,0.98627067,0.98627067,0.98627067,0.98627067,0.94984066,1.0383115,1.0997192,1.1253593,1.1633074,1.1458449,1.0080621,1.0116636,1.0414835,1.0644969,1.0365769,0.2,0.1,0.05,0.033333335,0.083333336,0.14047304,0.08033834,0.0544553,0.048766382,0.15595208,0.2,0.1,0.05,0.33333334,0.11666667,1.0,1.0,1.0,1.0,0.016666668,-0.8,-0.9,-0.95,-0.6666667,0.1,0.80889934,0.867268,0.44415787,0.48237765,0.37317437,0.11346042,0.6388687,0.27445558,0.48856515,0.42222846,0.2,0.4,0.4,0.46666667,0.43333334,0.8,0.6,0.6,0.53333336,0.56666666,-0.6,-0.2,-0.2,-0.06666667,-0.13333334,0.18514347,0.38700506,0.32640725,0.46095052,0.51106364,0.8148565,0.6129949,0.67359275,0.53904945,0.4889364,-0.62971306,-0.22598988,-0.3471855,-0.07809893,0.022127232,1.3759975,1.7801578,1.7893983,1.9130477,2.0998042,0.3602949,0.59561104,0.5110716,0.55913734,0.6715442,0.7606403,0.8529408,0.86097723,1.0751786,1.0079808,0.34286448,0.39709458,0.39992014,0.46489736,0.4813355,0.6571355,0.60290545,0.6000799,0.5351026,0.5186645,-0.31427103,-0.20581086,-0.20015973,-0.07020526,-0.03732899
SH600010,-0.01795498936602924,0.25,,2026-05-26,-0.015873028,0.023809543,-0.6666667,0.0,0.0,0.007936514,0.33333334,-0.007936514,-0.33333334,1.016129,1.016129,0.9919355,1.0001584,1.0523283,1.1171387,1.1171387,1.1574652,1.1814691,1.0226597,1.0488718,1.0825732,1.1068171,1.1195151,0.017294079,0.037276555,0.045668554,0.052294526,0.07825501,-0.010129609,-0.011469473,-0.005909637,-0.005063822,-0.0022837063,0.85769016,0.86781436,0.5860776,0.7266848,0.2597503,-0.002400384,0.002740823,-0.02643164,-0.03339165,-0.052145764,1.0646183,1.137206,1.1693704,1.2379231,1.3752307,0.9919355,0.9919355,0.9919355,0.9919355,0.9840602,1.0292846,1.0710514,1.1195391,1.1540086,1.1734998,1.0161306,1.0201632,1.0406145,1.0515602,1.0437831,0.2,0.1,0.05,0.033333335,0.033333335,0.11095501,0.055513844,0.045450587,0.03278425,0.040748887,0.2,0.1,0.45,0.06666667,0.05,1.0,1.0,1.0,1.0,0.3,-0.8,-0.9,-0.55,-0.93333334,-0.25,-0.679259,0.4847665,0.6992527,0.700498,0.7484165,-0.81707925,-0.39103797,0.47739992,0.44855198,0.32005695,0.0,0.2,0.3,0.33333334,0.4,0.8,0.7,0.65,0.6333333,0.5833333,-0.8,-0.5,-0.35,-0.3,-0.18333334,0.0,0.12576668,0.34975365,0.37687683,0.43895346,1.0,0.8742333,0.6502464,0.62312317,0.56104654,-1.0,-0.7484666,-0.3004927,-0.24624634,-0.122093074,0.79640955,0.8835256,1.098189,1.2805046,1.6148759,0.1323324,0.19950037,0.39767727,0.56829935,1.0006071,1.0945561,1.0202634,1.0346612,1.2360629,1.759632,0.742343,0.35732812,0.45298496,0.47413975,0.4636039,0.257657,0.6426719,0.5470151,0.52586025,0.5363961,0.48468602,-0.28534377,-0.09403008,-0.05172051,-0.07279214
SH601916,-0.01826220565282591,0.375,,2026-05-26,0.0,0.006734051,0.0,0.006734051,1.0,0.0,0.0,-0.006734051,-1.0,1.0,1.006734,1.0,1.0019605,1.0145986,1.0145986,1.0024331,1.0,0.9975669,1.0019464,1.0055962,1.0054744,1.0061638,1.0140713,0.0031723639,0.0048729377,0.006830699,0.0070208246,0.01701745,-0.0017031644,-0.0011944269,0.00018476864,-3.355989e-05,-0.0004116448,0.7205882,0.55074286,0.025609098,0.0017707878,0.17846629,0.0014598551,-0.00022119017,-0.007229759,-0.0056772144,-0.0019278597,1.017406,1.0179693,1.0213401,1.0213401,1.0602598,0.996633,0.996633,0.9941968,0.9941968,0.98689944,1.0034063,1.0077859,1.0145986,1.0145986,1.0335767,1.0,1.0,0.9995134,1.0,1.0,0.4,0.2,0.325,0.28333333,0.21666667,0.16208546,0.15780585,0.21380015,0.21380015,0.17857835,0.2,0.5,0.4,0.6,0.23333333,0.8,0.9,0.1,0.4,0.46666667,-0.6,-0.4,0.3,0.2,-0.23333333,0.24325688,0.36684808,0.5054595,0.4611729,0.5304204,0.02633943,0.42659572,0.43647042,0.48167095,-0.1319007,0.0,0.1,0.2,0.23333333,0.33333334,0.6,0.5,0.35,0.36666667,0.41666666,-0.6,-0.4,-0.15,-0.13333334,-0.083333336,0.0,0.25,0.47826087,0.5,0.50344825,1.0,0.75,0.5217391,0.5,0.49655172,-1.0,-0.5,-0.04347826,0.0,0.0068965517,1.261154,1.3239712,1.3777163,1.3424358,1.9955164,0.25367606,0.27798143,0.3487819,0.34836444,0.9127045,1.0835732,1.0923448,1.6431892,1.4142244,2.0036774,0.30209157,0.48137313,0.44451946,0.487368,0.482753,0.69790846,0.51862687,0.55548054,0.512632,0.51724696,-0.3958169,-0.03725374,-0.11096106,-0.025264043,-0.03449398
SH600030,-0.018643521621823495,0.25,,2026-05-26,0.0011459221,0.030175656,0.037975054,0.017952634,0.5949376,0.0110771,0.3670873,-0.0057296106,-0.18987526,0.9988554,1.017932,0.98779094,1.0020918,1.0022995,1.0385743,1.0103478,0.9214142,1.0584077,0.9963553,1.0040586,1.0191349,1.0133371,0.99040145,0.0056136106,0.013529803,0.020492997,0.019205734,0.03976028,0.00087381754,-0.0032736685,-0.0023554869,0.00016963674,0.0006100383,0.060575485,0.53665835,0.46240065,0.0060461615,0.07179846,0.0018970782,0.010672854,0.0032422978,-0.015796917,-0.008397603,1.0335966,1.0477,1.0622187,1.0622187,1.0622187,0.98477596,0.98477596,0.98477596,0.95425713,0.90689564,1.0000805,1.0077149,1.0394597,1.0385743,1.0236735,0.99345785,0.9974935,0.9998505,0.9990227,0.9420983,0.8,0.5,0.25,0.3,0.55833334,0.31183624,0.24194287,0.1965846,0.4236961,0.59942406,0.4,0.1,0.3,0.53333336,0.76666665,0.6,0.8,0.9,0.033333335,0.46666667,-0.2,-0.7,-0.6,0.5,0.3,0.434811,-0.019096682,0.43404686,0.17650013,0.35332692,0.47571135,0.35758296,0.5272195,0.76076925,0.44863865,0.6,0.4,0.45,0.5,0.41666666,0.4,0.6,0.55,0.46666667,0.56666666,0.2,-0.2,-0.1,0.033333335,-0.15,0.47041377,0.2690988,0.47249374,0.625898,0.45573366,0.5295862,0.73090124,0.5275063,0.37410203,0.54426634,-0.059172433,-0.46180242,-0.05501254,0.25179598,-0.08853267,0.81660247,0.71852833,0.7820969,0.8037238,0.69207007,0.27615008,0.22323531,0.22782767,0.34664944,0.2980613,0.629157,0.71507776,0.84868926,2.4004474,2.1115782,0.6618266,0.5854043,0.5413169,0.526298,0.5160709,0.3381734,0.4145957,0.4586831,0.47370204,0.4839291,0.32365322,0.17080858,0.0826338,0.052595932,0.03214183
SZ002460,-0.019068276837979875,0.125,,2026-05-26,0.006576278,0.039994583,0.1644292,0.010199936,0.25503296,0.02321837,0.58053786,0.01959471,0.48993412,0.9934667,1.0101333,0.97040004,0.9903964,1.0142626,1.115336,1.0650681,1.0801325,0.9510621,1.009331,1.0333047,1.0898719,1.098421,1.030361,0.011902769,0.034875534,0.06776318,0.058637444,0.094895616,-0.006092706,-0.010337137,-0.009639909,-0.0042204633,0.0035997268,0.65503496,0.8053231,0.7083148,0.40148738,0.43888086,0.0028544033,0.013212407,0.0017072373,-0.0372242,-0.13655296,1.0526621,1.1240019,1.2222669,1.2222669,1.2222669,0.97040004,0.97040004,0.97040004,0.97040004,0.8401306,1.015385,1.0599989,1.1403162,1.1368506,1.1199448,1.0010641,1.0037826,1.0138098,1.0384239,0.9258952,0.2,0.1,0.05,0.033333335,0.36666667,0.359825,0.19270599,0.11752233,0.11752233,0.41835693,0.4,0.1,0.3,0.53333336,0.76666665,1.0,1.0,1.0,1.0,0.13333334,-0.6,-0.9,-0.7,-0.46666667,0.6333333,0.5419252,0.4279274,0.77452636,0.72173095,0.6575811,-0.0716453,-0.38484594,0.4548589,0.27170372,0.3971004,0.4,0.3,0.4,0.43333334,0.5,0.6,0.7,0.6,0.56666666,0.5,-0.2,-0.4,-0.2,-0.13333334,0.0,0.37872943,0.20439048,0.43990028,0.45336053,0.51605994,0.6212706,0.79560953,0.5600997,0.54663944,0.48394006,-0.24254115,-0.591219,-0.12019942,-0.09327893,0.032119893,1.0811354,1.178897,1.4421395,1.5879492,1.4540124,0.28081205,0.23164423,0.43100408,0.46469823,0.51969427,0.8716021,0.8050736,0.9024706,0.9125679,1.1813236,0.31792825,0.46072686,0.46885568,0.47852227,0.49565083,0.68207175,0.53927314,0.5311443,0.52147776,0.5043492,-0.3641435,-0.0785463,-0.06228866,-0.042955488,-0.008698352
SZ000768,-0.01943752642983661,0.25,,2026-05-26,0.02904561,0.04472112,0.6494831,0.0004611062,0.010310703,0.015214404,0.34020624,0.04379891,0.9793786,0.9717742,1.0004481,0.9569893,0.976268,1.0492613,1.144663,1.0878069,1.0779234,1.366469,0.9954224,1.0343478,1.054276,1.069963,1.1327724,0.021002565,0.04985798,0.045576293,0.043680876,0.10164067,-0.0075218603,-0.015265959,-0.00396137,-0.003345385,-0.0049671885,0.3206608,0.8593899,0.26441178,0.45458087,0.728427,0.019621305,0.0343491,-0.016642917,-0.02145484,0.01375962,1.0425338,1.142463,1.1554152,1.1554152,1.4134996,0.9569893,0.9569893,0.9569893,0.9569893,0.9569893,1.0051914,1.0654702,1.0875365,1.1078756,1.2046297,0.97624844,0.99533916,1.0207658,1.0472846,1.0590096,0.7,0.35,0.175,0.11666667,0.058333334,0.50278777,0.23189665,0.21675968,0.21675968,0.09421636,0.2,0.1,0.5,0.6666667,0.033333335,1.0,1.0,1.0,1.0,1.0,-0.8,-0.9,-0.5,-0.33333334,-0.96666664,-0.18090212,0.6738493,0.57524264,0.2050483,0.4259784,0.048005108,0.0038046106,0.49231595,0.45158988,0.21174577,0.4,0.3,0.35,0.43333334,0.43333334,0.6,0.7,0.6,0.53333336,0.55,-0.2,-0.4,-0.25,-0.1,-0.11666667,0.2545359,0.16437335,0.37338722,0.40978077,0.34096354,0.7454641,0.83562666,0.6266128,0.59021926,0.65903646,-0.4909282,-0.6712533,-0.25322556,-0.18043846,-0.3180729,0.90139896,1.0316672,1.0898067,0.959893,0.92906946,0.13580212,0.28469643,0.57526505,0.5098287,0.4877536,0.53853834,0.689265,1.1653811,1.3487113,1.4400383,0.652201,0.20763645,0.5027731,0.524502,0.49535543,0.34779903,0.7923635,0.4972269,0.475498,0.5046446,0.30440196,-0.5847271,0.005546196,0.049003992,-0.009289171
SH600048,-0.01994212939161737,0.125,,2026-05-26,0.0,0.020512838,0.0,0.005128194,0.24999924,0.015384644,0.7500008,0.010256451,0.50000155,1.0,1.0051281,0.9846154,0.99385554,1.0546819,1.1316248,1.0034298,0.95211285,1.1897366,1.0082055,1.038452,1.0518734,1.0372592,1.0473694,0.017719753,0.039332896,0.048300058,0.046224643,0.058694713,-0.007856079,-0.012085912,-0.0013348259,0.0017091122,-0.0012291315,0.49140143,0.86548275,0.026731417,0.105948724,0.13375147,0.007506638,0.015934542,-0.039192554,-0.062041316,-0.011110034,1.052955,1.1264685,1.1726619,1.1726619,1.1880198,0.9846154,0.9846154,0.9726219,0.9470076,0.935013,1.0105999,1.0652947,1.0950495,1.0830518,1.1042516,0.99897754,1.0027438,1.0027438,1.0027438,0.99965054,0.4,0.2,0.2,0.2,0.21666667,0.22512014,0.108454734,0.13686304,0.23483893,0.25685865,0.2,0.1,0.45,0.6333333,0.016666668,1.0,1.0,0.05,0.06666667,0.46666667,-0.8,-0.9,0.4,0.56666666,-0.45,-0.41558594,0.5607247,0.72519815,0.636697,0.5253826,-0.54039645,-0.38025013,0.4322113,0.43816411,0.25102392,0.2,0.2,0.4,0.46666667,0.38333333,0.8,0.8,0.5,0.46666667,0.53333336,-0.6,-0.6,-0.1,0.0,-0.15,0.11902637,0.15313773,0.4953566,0.5476436,0.3977685,0.88097364,0.84686226,0.50464344,0.4523564,0.6022315,-0.7619473,-0.6937246,-0.009286832,0.09528721,-0.20446302,0.91987157,1.055531,1.318123,1.213826,1.1591733,0.19816345,0.25623938,0.5860263,0.54379743,0.46247894,1.1307443,0.6765089,1.1344159,1.1779242,1.1475981,0.5014342,0.33520627,0.5187765,0.49962023,0.47428682,0.49856582,0.6647937,0.4812235,0.50037974,0.52571315,0.002868363,-0.32958746,0.037552986,-0.0007595293,-0.05142634
SH601888,-0.020849190864730683,0.375,,2026-05-26,-0.00035365138,0.03589745,-0.009851714,0.01821401,0.5073901,0.017329788,0.4827582,-0.001237873,-0.034483593,1.0003538,1.0185742,0.9826641,0.9969343,1.0323516,1.0888143,1.17244,1.2009003,1.4523119,1.00792,1.0304822,1.0814551,1.1210743,1.2090353,0.009059347,0.030078996,0.059471764,0.07533024,0.11122752,-0.0050663864,-0.009323052,-0.009832551,-0.008408549,-0.006243021,0.78188485,0.8806453,0.95670676,0.96561754,0.9608706,0.0022127405,0.011471512,0.011954174,0.0008496496,-0.024866179,1.0433279,1.1087947,1.1851771,1.2414173,1.4505178,0.9826641,0.9826641,0.9826641,0.9826641,0.9826641,1.0125897,1.050023,1.145048,1.1914696,1.317122,1.0017091,1.0042118,1.0201435,1.0314665,1.1089272,0.2,0.1,0.05,0.033333335,0.016666668,0.28577003,0.13744418,0.08560397,0.06699788,0.03705414,0.4,0.2,0.25,0.1,0.016666668,1.0,1.0,1.0,1.0,1.0,-0.6,-0.8,-0.75,-0.9,-0.98333335,-0.40437606,0.5195488,-0.27784443,-0.47735813,-0.18697499,-0.09427099,0.16160306,-0.03151876,-0.18359482,-0.08622767,0.2,0.2,0.3,0.33333334,0.35,0.8,0.8,0.7,0.6666667,0.65,-0.6,-0.6,-0.4,-0.33333334,-0.3,0.06910634,0.06824906,0.1462123,0.21706463,0.25621003,0.93089366,0.93175095,0.8537877,0.7829354,0.74379,-0.8617873,-0.8635019,-0.7075754,-0.56587076,-0.48757997,0.81182116,0.9051307,0.85662425,0.7871342,0.726771,0.13985057,0.20295884,0.24553771,0.24713,0.2673123,0.57523674,1.0182682,1.2594717,1.2560807,1.1152719,0.603942,0.50645655,0.5500311,0.5312779,0.46204385,0.39605802,0.49354342,0.44996887,0.46872208,0.5379561,0.20788397,0.012913157,0.100062266,0.06255584,-0.07591229
SZ000301,-0.02196041074212891,0.375,,2026-05-26,0.0056588994,0.026677424,0.21212316,0.011317692,0.42424232,0.009700833,0.36363456,0.0040420406,0.1515154,0.99437296,1.011254,0.9847267,0.9935053,1.014532,1.0412301,1.0027035,0.90030414,1.0790807,1.0043933,1.0174383,1.0302467,1.0075701,0.9726484,0.011062438,0.01976768,0.024225214,0.0471499,0.079046026,-0.0055762026,-0.005526028,-0.0023997133,0.002864059,0.0011401351,0.6352073,0.71635157,0.3434405,0.2859592,0.06345303,0.006759036,0.0074288095,-0.007449415,-0.049098965,-0.006282383,1.0371141,1.0829806,1.0837985,1.0837985,1.1820037,0.9847267,0.9847267,0.98171717,0.885975,0.80966413,1.0099357,1.0344712,1.0500169,1.0423115,1.0417032,0.9962825,0.9992565,1.00561,0.9913484,0.8969247,0.6,0.3,0.15,0.33333334,0.55,0.29154527,0.15544717,0.17910072,0.5763975,0.5111888,0.2,0.2,0.25,0.5,0.083333336,1.0,1.0,0.05,0.1,0.31666666,-0.8,-0.8,0.2,0.4,-0.23333333,-0.38259298,0.3990133,0.59736466,0.4017611,0.42256755,-0.6365705,-0.1358165,0.06857354,0.41369778,0.2933925,0.4,0.4,0.6,0.6666667,0.55,0.4,0.5,0.35,0.3,0.43333334,0.0,-0.1,0.25,0.36666667,0.11666667,0.3097348,0.31515166,0.49425295,0.6064982,0.46713486,0.69026524,0.68484837,0.5057471,0.39350182,0.53286517,-0.38053042,-0.3696967,-0.011494118,0.2129964,-0.06573029,1.4941847,1.6823499,1.8493726,1.8541235,2.2033594,0.3854979,0.47514287,0.58526814,0.61068344,1.0520649,0.9676219,1.1387801,1.1589347,1.183376,1.6444321,0.466723,0.47490907,0.4488326,0.49230796,0.4784694,0.533277,0.52509093,0.5511674,0.50769204,0.5215306,-0.066554,-0.050181836,-0.102334805,-0.0153841,-0.04306122
SH688008,-0.022213949666675586,0.25,,2026-05-26,-0.047937106,0.071503535,-0.6704159,0.0,0.0,0.02356643,0.32958412,-0.024370676,-0.34083176,1.0503508,1.0503508,0.97524697,1.0002755,0.90752625,0.88400686,0.58652276,0.51111823,0.6160288,0.98987955,0.9602416,0.8414065,0.7487599,0.6388907,0.03800654,0.04486954,0.14736174,0.17925636,0.16980347,0.019057795,0.009489591,0.023249406,0.019466676,0.0074347453,0.62859166,0.41001832,0.87120885,0.91397893,0.5847078,-0.027995162,-0.0029447952,-0.062275905,-0.03102672,0.14178433,1.0552704,1.0552704,1.0552704,1.0552704,1.0552704,0.9075202,0.85571396,0.5927439,0.5226013,0.4590601,1.0086594,0.99866015,0.96497047,0.9460481,0.79457635,0.95925456,0.9107619,0.65075904,0.5670373,0.51947117,0.8,0.9,0.95,0.96666664,0.98333335,0.62592,0.7230337,0.8805033,0.8962388,0.90729713,0.4,0.7,0.85,0.9,0.95,0.2,0.1,0.05,0.033333335,0.4,0.2,0.6,0.8,0.8666667,0.55,-0.016885055,0.05404724,0.5467827,0.78496116,0.806284,0.15912719,0.04635887,0.6696845,0.63855743,0.42460236,0.8,0.7,0.7,0.7,0.51666665,0.2,0.3,0.3,0.3,0.48333332,0.6,0.4,0.4,0.4,0.033333335,0.7582089,0.6733042,0.7738753,0.77036774,0.64377785,0.24179116,0.3266958,0.22612472,0.22963224,0.35622215,0.5164177,0.34660837,0.5477506,0.5407355,0.2875557,1.0990263,1.1261317,1.065871,0.9216715,0.66609675,0.19180146,0.20941065,0.24459463,0.29330096,0.33835202,0.22327943,0.72773737,1.1710668,1.3199399,1.5718566,0.55055547,0.45015165,0.5208001,0.5435602,0.5292659,0.44944453,0.5498483,0.4791999,0.45643976,0.47073412,0.10111092,-0.09969669,0.04160023,0.08712044,0.058531787
SH605499,-0.022556266815384345,0.125,,2026-05-26,-0.016527805,0.04444441,-0.3718759,0.0069444054,0.15624924,0.020972198,0.47187483,-0.0025000123,-0.056250323,1.0168055,1.0238667,0.97867537,0.99791,1.0281897,1.0434397,1.094158,1.0803713,1.3958871,1.0273732,1.0236608,1.0479705,1.0529454,1.1318077,0.019779587,0.018276224,0.031403977,0.02986367,0.09755444,-0.011972895,-0.0008481586,-0.003978299,-0.001632131,-0.005084083,0.91601765,0.019742068,0.5616859,0.23148637,0.8283827,-0.003427429,-0.019844089,-0.010176657,-0.029279506,0.018172754,1.0872201,1.0872201,1.1316508,1.1316508,1.4112856,0.97867537,0.97862923,0.97862923,0.97862923,0.97862923,1.0421305,1.0374706,1.0723456,1.0789464,1.2388263,1.0167289,1.0032965,1.0235299,1.0275041,1.0407056,0.2,0.2,0.1,0.06666667,0.033333335,0.19645962,0.19680095,0.13965857,0.13965857,0.04939434,0.4,0.7,0.2,0.46666667,0.016666668,1.0,0.4,0.7,0.8,0.9,-0.6,0.3,-0.5,-0.33333334,-0.8833333,0.6810298,0.25834373,-0.03426021,-0.2133008,-0.62486905,-0.36808997,0.22562617,0.51324296,0.367772,-0.25117362,0.4,0.5,0.35,0.43333334,0.41666666,0.6,0.5,0.65,0.56666666,0.5833333,-0.2,0.0,-0.3,-0.13333334,-0.16666667,0.32945022,0.3700462,0.3664079,0.42009336,0.35735694,0.6705498,0.6299538,0.63359207,0.57990664,0.6426431,-0.34109956,-0.2599076,-0.26718417,-0.15981326,-0.28528616,1.0755398,1.1101565,0.9892915,0.9393058,0.74858934,0.21531628,0.2788763,0.37996104,0.35061938,0.40081882,0.6442715,0.8217872,0.99549794,0.97600305,1.5768019,0.1122098,0.57216954,0.5272867,0.52415675,0.52218115,0.8877902,0.42783046,0.4727133,0.47584328,0.47781885,-0.7755804,0.1443391,0.054573406,0.048313443,0.044362314
SH601808,-0.02317217510900608,0.25,,2026-05-26,-0.010324461,0.016961671,-0.60869366,0.0,0.0,0.00663721,0.39130637,-0.0036872516,-0.21738727,1.0104321,1.0104321,0.9932935,0.9987154,1.0638298,1.0662614,1.1355623,1.1702127,1.2699088,1.0206687,1.0392097,1.0698177,1.0956839,1.1923708,0.021867612,0.024745034,0.03966685,0.051126324,0.12743507,-0.012522794,-0.0070258803,-0.006341843,-0.00559568,-0.0067200526,0.8198602,0.738987,0.8946303,0.928364,0.8481394,0.004376903,-0.007593252,-0.009570112,-0.01454652,0.0058707497,1.0714366,1.0722417,1.1438175,1.2089558,1.6275773,0.9932935,0.9932935,0.9932935,0.9932935,0.9932935,1.0283283,1.0603039,1.1145289,1.1356839,1.2999392,1.0053495,1.0164133,1.04462,1.0555623,1.0741642,0.2,0.1,0.05,0.033333335,0.016666668,0.08582265,0.08494757,0.044554044,0.03109702,0.010573266,0.2,0.4,0.05,0.06666667,0.083333336,1.0,1.0,1.0,1.0,1.0,-0.8,-0.6,-0.95,-0.93333334,-0.9166667,0.27594578,0.46476057,0.4440229,0.4228336,0.8987168,-0.97563106,-0.15386146,-0.06605589,0.097584575,0.49125642,0.2,0.3,0.25,0.3,0.36666667,0.8,0.7,0.7,0.6666667,0.6166667,-0.6,-0.4,-0.45,-0.36666667,-0.25,0.035398707,0.16149095,0.15479887,0.24074072,0.40124553,0.9646013,0.838509,0.84520113,0.7592593,0.59875447,-0.9292026,-0.6770181,-0.69040227,-0.51851857,-0.19750892,1.2317799,1.3294619,1.4090003,1.4802026,2.5886736,0.27242813,0.297432,0.29705366,0.3943398,2.2396781,1.2694827,1.2991539,1.22787,1.0947232,2.3240523,0.31799436,0.4920936,0.3827133,0.46170673,0.4668066,0.68200564,0.5079064,0.61728674,0.53829324,0.5331934,-0.3640113,-0.01581279,-0.23457344,-0.076586545,-0.06638683
SH600600,-0.023832765757371772,0.125,,2026-05-26,0.0051562926,0.024783773,0.20805115,0.0013307102,0.053692803,0.01829677,0.73825604,0.022122353,0.8926144,0.9948702,1.0013239,0.9766672,0.9870252,1.0209019,1.0386019,1.0258827,1.0349551,1.0237482,1.0079516,1.0160723,1.0265855,1.0265944,1.0316509,0.010333372,0.011294507,0.014740026,0.012024859,0.013121448,-0.006146058,-0.0034785364,-0.0018928412,-0.0005839654,-0.0002766022,0.88440084,0.8695007,0.57716495,0.18277466,0.13553376,0.0043404857,-0.00041884638,-0.008603475,-0.018126862,-0.023491077,1.0276577,1.0456722,1.0563146,1.0563146,1.0683787,0.9766672,0.9766672,0.9766672,0.9766672,0.9766672,1.0149604,1.0239794,1.0393133,1.0346172,1.0440986,0.99944854,1.0053366,1.0191764,1.0210443,1.0235703,0.4,0.2,0.1,0.06666667,0.033333335,0.45758986,0.3381317,0.2929508,0.2929508,0.2544148,0.2,0.2,0.25,0.5,0.45,1.0,1.0,1.0,1.0,1.0,-0.8,-0.8,-0.75,-0.5,-0.55,-0.5974645,-0.21644267,0.39851272,0.2940597,0.30592707,-0.06514708,-0.06857634,0.51569307,0.4225842,0.18974109,0.4,0.2,0.4,0.4,0.43333334,0.6,0.7,0.55,0.56666666,0.55,-0.2,-0.5,-0.15,-0.16666667,-0.11666667,0.15542516,0.09814816,0.37510732,0.36034077,0.46898946,0.84457487,0.90185183,0.6248927,0.6396592,0.53101057,-0.6891497,-0.80370367,-0.2497854,-0.27931845,-0.062021077,0.7926878,0.7764202,0.8390886,0.7334748,0.75704193,0.17911157,0.17068438,0.23259263,0.2520288,0.22228155,0.67097694,0.88776255,1.2164743,1.4054991,1.288534,0.7813595,0.55436426,0.5442755,0.5288243,0.5184727,0.21864048,0.4456357,0.4557245,0.4711757,0.48152733,0.56271905,0.108728565,0.088550985,0.057648614,0.036945336
SH601390,-0.025950402186560827,0.0,,2026-05-26,0.016949132,0.027542366,0.61538404,0.0042373366,0.15384795,0.0063558975,0.23076802,0.019067694,0.6923041,0.98333335,1.0041667,0.9770834,0.99258536,1.0277373,1.0686132,1.0919708,1.0934306,1.2890512,0.99357665,1.0170803,1.0441606,1.0627737,1.1212165,0.009093377,0.028148668,0.034849923,0.03899902,0.07943691,-0.0017518278,-0.008591024,-0.005383899,-0.00407655,-0.0043112547,0.092783876,0.85385805,0.83533025,0.8467979,0.8983849,0.009927003,0.0215793,0.006986433,-0.0036637764,0.0059654354,1.0266643,1.0725642,1.0923855,1.114691,1.3249079,0.9729017,0.9729017,0.9729017,0.9729017,0.9729017,1.0011679,1.0437957,1.0732847,1.0972264,1.1988322,0.98540145,0.990073,1.0046716,1.0259854,1.0633577,0.8,0.4,0.2,0.13333334,0.06666667,0.5040367,0.27190074,0.22679484,0.19111674,0.076982506,0.2,0.1,0.05,0.13333334,0.033333335,0.6,0.8,0.9,0.93333334,0.96666664,-0.4,-0.7,-0.85,-0.8,-0.93333334,0.10322609,0.29717156,0.037782323,-0.023528513,0.80243224,-0.022405483,-0.42530802,-0.4356769,-0.40796122,-0.21348143,0.2,0.2,0.3,0.36666667,0.36666667,0.6,0.7,0.65,0.56666666,0.56666666,-0.4,-0.5,-0.35,-0.2,-0.2,0.25641018,0.2025315,0.29139063,0.31818178,0.31106868,0.7435898,0.7974685,0.7086094,0.6818182,0.6889313,-0.4871796,-0.594937,-0.41721874,-0.3636364,-0.37786263,0.8861616,0.9897633,1.0368558,1.0045848,1.6230142,0.1441567,0.26976323,0.42959887,0.3568765,0.92741436,0.69341755,0.8144795,1.3225076,1.5118619,1.3215817,0.68327624,0.48724893,0.506734,0.49874917,0.36955637,0.31672373,0.5127511,0.49326602,0.5012508,0.63044363,0.3665525,-0.02550217,0.013467984,-0.0025016565,-0.2608873
SH601766,-0.02597654766452011,0.25,,2026-05-26,0.003460133,0.017301053,0.1999955,0.005190345,0.30000168,0.008650576,0.5000028,0.0069203633,0.39999664,0.9965518,1.0051725,0.9879311,0.9960496,1.0188236,1.0411766,1.0294119,1.064706,1.1035295,0.99458826,1.0117648,1.0173529,1.0313725,1.0575099,0.0045259814,0.020422308,0.016363554,0.026050223,0.03382665,0.0009411647,-0.0060463496,-0.0013560391,-0.0024822347,-0.0016758576,0.10810498,0.8035045,0.24035722,0.70366263,0.74861085,0.003529411,0.015443832,-0.00447062,0.0046198107,-0.008072049,1.0166007,1.0548837,1.0687573,1.0916039,1.1243027,0.9751657,0.9751657,0.9751657,0.9751657,0.9751657,0.9981177,1.0310589,1.0296471,1.0515294,1.0851765,0.99200004,0.99388236,0.9995294,1.0127059,1.0225884,1.0,0.5,0.25,0.16666667,0.083333336,0.5993554,0.3115264,0.26534706,0.21328272,0.1665197,0.2,0.2,0.5,0.033333335,0.2,0.6,0.8,0.9,0.93333334,0.96666664,-0.4,-0.6,-0.4,-0.9,-0.76666665,0.18692866,0.6550234,0.54215413,-0.32323065,-0.23769745,0.09876706,0.016848441,0.48921326,0.41147608,0.23444636,0.4,0.4,0.4,0.33333334,0.36666667,0.6,0.6,0.5,0.53333336,0.55,-0.2,-0.2,-0.1,-0.2,-0.18333334,0.28947294,0.26666588,0.41258723,0.36842084,0.42057756,0.71052706,0.7333341,0.5874128,0.63157916,0.5794224,-0.42105412,-0.46666828,-0.17482556,-0.26315835,-0.15884487,0.8316409,0.93246734,1.0110451,0.8626309,0.7905255,0.21058044,0.22684854,0.49367505,0.46514785,0.39340073,0.86651975,0.6333008,0.84903175,0.9187693,1.2170345,0.5719645,0.23390299,0.512376,0.5299517,0.4886693,0.42803553,0.766097,0.48762402,0.47004834,0.5113307,0.14392895,-0.532194,0.024751985,0.059903324,-0.02266141
SH600547,-0.026611009343888964,0.125,,2026-05-26,0.050066695,0.065754324,0.7614206,0.0030040601,0.045686122,0.012683567,0.19289327,0.059746202,0.90862775,0.95232046,1.0028608,0.94024163,0.9763615,0.98062,1.1071287,1.1392305,1.3118378,1.5003259,0.9638947,0.99800396,1.0622288,1.1156359,1.2477612,0.022334833,0.0522893,0.076334946,0.10113211,0.17548214,0.007882348,-0.013283485,-0.011290938,-0.010934842,-0.009459135,0.31137648,0.591575,0.76573986,0.90604246,0.8862105,0.02034055,0.061771724,0.04503514,0.042919338,0.03128324,1.0028608,1.1182469,1.1745154,1.3223248,1.7005765,0.9377081,0.9377081,0.9377081,0.9377081,0.9377081,0.9743186,1.0247408,1.1329348,1.2137418,1.4241656,0.95232904,0.95544004,0.9780757,0.99873066,1.1068738,1.0,0.7,0.35,0.23333333,0.11666667,0.95609045,0.34503353,0.26304907,0.16195847,0.08165489,1.0,0.1,0.4,0.033333335,0.06666667,0.6,0.8,0.9,0.93333334,0.96666664,0.4,-0.7,-0.5,-0.9,-0.9,0.89244,0.15401249,0.23923533,-0.17315093,0.12930357,0.73705125,0.25379103,0.10514096,-0.0065479833,0.28443268,0.6,0.3,0.35,0.26666668,0.33333334,0.4,0.7,0.6,0.7,0.65,0.2,-0.4,-0.25,-0.43333334,-0.31666666,0.598022,0.2623207,0.3384933,0.25387985,0.3651436,0.40197802,0.7376793,0.6615067,0.74612015,0.6348564,0.19604397,-0.47535858,-0.32301345,-0.4922403,-0.2697128,0.6557916,0.6595266,0.70500344,0.66215163,0.69762534,0.1934829,0.16295119,0.20836304,0.1907251,0.26425853,1.157581,0.99597615,0.8958004,0.9066776,1.3688145,0.93355477,0.6320116,0.53018636,0.5568446,0.51235044,0.06644523,0.36798838,0.46981367,0.44315538,0.48764956,0.86710954,0.2640232,0.06037265,0.11368923,0.024700899
SH600028,-0.026790423269375883,0.75,,2026-05-26,-0.010162649,0.018292675,-0.5555584,0.0040650596,0.22222336,0.0040649665,0.22221828,-0.010162742,-0.55556345,1.010267,1.0143738,0.9958933,1.0018,1.0532491,1.0676897,1.1191336,1.1990073,1.3384477,1.0217509,1.0389441,1.0651851,1.0950963,1.1976384,0.018522149,0.022045864,0.033064336,0.05345573,0.13286032,-0.011642598,-0.006840062,-0.0053720716,-0.0059452346,-0.0071196323,0.98777264,0.88242394,0.923915,0.95863026,0.8758392,0.0015342644,-0.008163792,-0.014150367,-0.0088904025,0.012390731,1.0571954,1.0695837,1.1292412,1.2033627,1.665185,0.9958933,0.9958933,0.9958933,0.9958933,0.9958933,1.0357401,1.0558665,1.0991877,1.1366427,1.299639,1.0083033,1.0168773,1.0441335,1.0532491,1.0712997,0.2,0.1,0.05,0.033333335,0.016666668,0.06699111,0.0557292,0.030796885,0.019794248,0.006135892,0.2,0.1,0.2,0.06666667,0.083333336,1.0,1.0,1.0,1.0,1.0,-0.8,-0.9,-0.8,-0.93333334,-0.9166667,-0.6700723,-0.2380579,0.42538634,-0.35440773,0.5594393,-0.37143153,-0.5558976,0.31871122,0.19949333,0.64904517,0.0,0.1,0.15,0.16666667,0.23333333,1.0,0.9,0.85,0.8333333,0.75,-1.0,-0.8,-0.7,-0.6666667,-0.51666665,0.0,0.031250082,0.11849747,0.10126553,0.3528257,1.0,0.96874994,0.8815025,0.89873445,0.6471743,-1.0,-0.9374998,-0.7630051,-0.79746896,-0.29434863,0.75156814,0.7512293,0.9192702,0.8198165,1.0728027,0.17457041,0.179082,0.39352924,0.3670345,0.8582627,0.45194346,0.70216876,1.0166049,0.9875997,2.664252,0.780802,0.54826176,0.4923466,0.53343266,0.50627595,0.219198,0.4517382,0.50765336,0.46656737,0.49372405,0.56160396,0.096523575,-0.015306748,0.06686527,0.012551913
SZ000792,-0.027248118449553594,0.25,,2026-05-26,0.022956006,0.04496857,0.51049,0.003144637,0.06992967,0.018867927,0.4195803,0.038679294,0.8601407,0.97755915,1.003074,0.9591146,0.98336333,0.99628663,1.138941,1.0971335,1.1497059,1.1128218,0.99907374,1.0257229,1.101329,1.1191514,1.1293598,0.011442381,0.044294722,0.08691649,0.0766451,0.062766336,-0.0029206958,-0.012171031,-0.012872618,-0.0064220014,-0.0014441755,0.16288455,0.69208944,0.7677104,0.5440938,0.1614679,0.00676765,0.029046748,0.020960938,-0.026032325,-0.08675665,1.0289047,1.1580102,1.2787958,1.2787958,1.2787958,0.9591146,0.9591146,0.9591146,0.9591146,0.9591146,1.0096383,1.0475821,1.1750407,1.1841365,1.180131,0.990537,0.9954938,1.0076104,1.0221889,1.0896399,0.6,0.4,0.2,0.13333334,0.06666667,0.5858337,0.2055619,0.1278942,0.1278942,0.1278942,0.4,0.1,0.25,0.5,0.75,1.0,1.0,1.0,1.0,1.0,-0.6,-0.9,-0.75,-0.5,-0.25,0.06263752,0.4985837,0.5252062,0.36650386,0.27733004,-0.4147706,-0.41394886,0.28976512,0.30431342,0.34569716,0.6,0.3,0.35,0.36666667,0.45,0.4,0.7,0.65,0.6333333,0.55,0.2,-0.4,-0.3,-0.26666668,-0.1,0.5202731,0.20341992,0.4092044,0.40272206,0.4653582,0.4797269,0.7965801,0.5907956,0.59727794,0.5346418,0.040546197,-0.59316015,-0.18159121,-0.19455588,-0.0692836,0.9676575,1.1206454,1.2731588,1.1873335,1.1480886,0.14922336,0.26207414,0.4563982,0.4040748,0.37664935,0.20298366,0.8331491,0.878393,0.89126927,1.0593915,0.30052212,0.5166494,0.50471526,0.506923,0.49385476,0.6994779,0.48335057,0.49528474,0.493077,0.50614524,-0.39895576,0.033298876,0.009430524,0.013845993,-0.012290477
SH603392,-0.027411969525274776,0.25,,2026-05-26,-0.01685238,0.03456161,-0.48760405,0.009711492,0.28099072,0.007997737,0.23140523,-0.018566135,-0.53718954,1.0171412,1.0270193,0.99186516,1.0060949,1.1374284,1.2583693,1.1203377,1.1261687,1.1929225,1.060762,1.1134111,1.1510957,1.1471164,1.150573,0.047203258,0.06728731,0.077159025,0.0634764,0.047556095,-0.029385734,-0.021570696,-0.006003472,-0.0012259651,-0.00033011017,0.96887815,0.94204885,0.21188466,0.028909018,0.014696206,-0.0019905472,-0.016342951,-0.09406282,-0.12933989,-0.1408348,1.1371824,1.2493328,1.3649542,1.3649542,1.3649542,0.99186516,0.99186516,0.99186516,0.99186516,0.99186516,1.1035488,1.1604906,1.1894441,1.1660802,1.1734996,1.0218759,1.057344,1.1080728,1.1192923,1.1260481,0.2,0.1,0.05,0.033333335,0.016666668,0.05597982,0.031595543,0.021803984,0.021803984,0.021803984,0.2,0.1,0.45,0.6333333,0.81666666,1.0,1.0,1.0,1.0,1.0,-0.8,-0.9,-0.55,-0.36666667,-0.18333334,0.3102985,0.50023055,0.68363386,0.6109086,0.44021815,-0.58552575,-0.35359502,0.6514647,0.4853382,0.36781755,0.0,0.1,0.4,0.43333334,0.46666667,1.0,0.9,0.6,0.56666666,0.53333336,-1.0,-0.8,-0.2,-0.13333334,-0.06666667,0.0,0.037436955,0.40385544,0.4190427,0.42563745,1.0,0.96256304,0.59614456,0.5809573,0.5743625,-1.0,-0.9251261,-0.19228911,-0.16191459,-0.14872508,1.1305208,1.2615476,1.4731188,1.2213057,0.94692326,0.12859778,0.38588843,1.0477835,0.93142265,0.71683264,0.48082837,0.7481641,1.6107562,1.8676685,2.1721215,0.48776513,0.1728987,0.5239495,0.5035337,0.5173152,0.51223487,0.8271013,0.47605047,0.49646628,0.4826848,-0.024469705,-0.6542026,0.04789906,0.0070674308,0.034630425
SH600660,-0.027493666547610016,0.25,,2026-05-26,-0.0063161408,0.020434659,-0.3090896,0.0070592593,0.3454552,0.0070592593,0.3454552,-0.0063161408,-0.3090896,1.0063562,1.0134604,0.99289584,1.0018878,1.0297244,1.0889889,1.0979632,1.0565649,1.132401,1.0140964,1.0311462,1.059371,1.0671061,1.0672274,0.012554889,0.022551913,0.033062544,0.031095356,0.028999591,-0.003944501,-0.0068729604,-0.005003604,-0.0022882035,-0.00055075996,0.24677339,0.85139745,0.80160683,0.41966227,0.11001218,-0.006207371,-0.00021786646,-0.011836745,-0.033927165,-0.050979927,1.036643,1.0884275,1.1188468,1.1192116,1.14046,0.99289584,0.99289584,0.99289584,0.99289584,0.99289584,1.0193689,1.0495795,1.0884384,1.0889889,1.0892086,1.0050856,1.0132356,1.0269578,1.0353718,1.042241,0.2,0.1,0.05,0.033333335,0.016666668,0.16239047,0.074364126,0.056403965,0.0562411,0.048142668,0.6,0.1,0.1,0.26666668,0.016666668,1.0,1.0,1.0,1.0,1.0,-0.4,-0.9,-0.9,-0.73333335,-0.98333335,0.4384479,0.21065325,0.17459634,0.16460797,-0.018096559,0.7559952,0.06696154,0.17116962,0.33473834,0.07697647,0.4,0.2,0.35,0.43333334,0.45,0.6,0.8,0.65,0.56666666,0.55,-0.2,-0.6,-0.3,-0.13333334,-0.1,0.27607083,0.14584216,0.2460336,0.39740187,0.39718008,0.72392917,0.85415787,0.7539664,0.60259813,0.6028199,-0.4478583,-0.7083157,-0.50793284,-0.20519623,-0.20563984,1.014693,1.0275065,1.1040763,1.043322,1.0266784,0.14858203,0.20729442,0.4276647,0.40276504,0.4174421,0.80207753,0.6921895,0.7928837,0.9178721,1.0516169,0.69675106,0.5199055,0.51118654,0.5181058,0.49817666,0.30324894,0.4800945,0.48881346,0.4818942,0.5018233,0.39350215,0.039811037,0.02237309,0.036211625,-0.0036466632
SH688396,-0.027740772732093653,0.5,,2026-05-26,-0.017699158,0.052029338,-0.3401765,0.0,0.0,0.03433018,0.65982354,0.016631024,0.31964704,1.018018,1.018018,0.96505123,0.9869032,0.996933,0.9461739,0.8184328,0.76936054,0.92899865,0.98908144,0.9840515,0.9336298,0.8818484,0.8213311,0.040560544,0.030053623,0.060467497,0.09017746,0.09760024,0.0061033564,0.0020837088,0.009155382,0.009881518,0.0035631733,0.056606974,0.044064794,0.8023745,0.9305785,0.40651074,-0.0012881596,0.006571765,-0.020605968,-0.02513041,0.07355528,1.0431273,1.0431273,1.0431273,1.0431273,1.0431273,0.92667073,0.91321343,0.8155244,0.74693,0.679019,1.0209785,1.0038338,0.996565,0.9712928,0.92485815,0.9611103,0.96276647,0.8765527,0.794142,0.7394878,0.6,0.8,0.9,0.93333334,0.96666664,0.62967086,0.6680318,0.81051534,0.8543969,0.88155377,0.8,0.9,0.95,0.96666664,0.98333335,0.4,0.1,0.2,0.13333334,0.45,0.4,0.8,0.75,0.8333333,0.53333336,-0.28369987,0.08514899,0.356592,0.791115,0.8137834,-0.16163638,0.17953332,0.2285865,0.3317587,0.46922532,0.6,0.6,0.75,0.7,0.51666665,0.4,0.4,0.25,0.3,0.46666667,0.2,0.2,0.5,0.4,0.05,0.5063856,0.57315546,0.670802,0.6820822,0.53067446,0.49361435,0.42684457,0.329198,0.31791782,0.46932557,0.012771306,0.14631087,0.34160396,0.36416438,0.061348867,1.0695273,0.9926883,0.9270921,0.7881242,0.58475846,0.14479017,0.16396813,0.16006973,0.25372872,0.30335495,0.68869936,0.7997076,0.9413384,1.1351742,1.5579658,0.552911,0.55311584,0.5355817,0.5225166,0.5361522,0.447089,0.44688416,0.46441832,0.47748336,0.46384782,0.10582202,0.106231704,0.071163364,0.045033257,0.07230435
SH603799,-0.02794349038910671,0.25,,2026-05-26,0.0265017,0.05229682,0.5067555,0.008480566,0.16216215,0.017314555,0.33108237,0.03533569,0.6756757,0.9741825,1.0082616,0.95731497,0.98502296,0.99139714,1.0728244,1.061754,1.0153384,1.321974,0.9935179,1.0055553,1.0658753,1.0753585,1.0830388,0.016342876,0.027985748,0.0678292,0.059020203,0.09200549,0.0011203634,-0.0058706463,-0.010033019,-0.004088452,-0.00231434,0.011748996,0.40337548,0.7657693,0.37189314,0.1929864,0.0042413874,0.020862678,0.02943834,-0.016075945,-0.014765806,1.0211891,1.0835688,1.2090085,1.2090085,1.3668511,0.95731497,0.9555967,0.9555967,0.9555967,0.92026293,1.0026809,1.0165522,1.1323642,1.1269623,1.1523975,0.9804335,0.98963654,0.9988397,1.0006403,0.99996,0.8,0.6,0.3,0.2,0.21666667,0.6682678,0.34697643,0.17522189,0.17522189,0.17854725,0.4,0.1,0.35,0.56666666,0.016666668,1.0,0.5,0.75,0.8333333,0.31666666,-0.6,-0.4,-0.4,-0.26666668,-0.3,0.65809476,0.42858917,0.823773,0.68625915,-0.0386297,0.74154174,0.038071845,0.4617365,0.41675243,0.16329077,0.6,0.3,0.4,0.43333334,0.38333333,0.4,0.7,0.6,0.56666666,0.6166667,0.2,-0.4,-0.2,-0.13333334,-0.23333333,0.5340729,0.32466263,0.43695524,0.48943013,0.39503434,0.46592712,0.6753374,0.5630448,0.5105699,0.6049657,0.068145774,-0.35067475,-0.12608953,-0.021139733,-0.20993133,0.9294899,0.9640193,1.1715734,1.2286221,1.0220927,0.0472792,0.16166724,0.28284726,0.3121639,0.34325442,0.50635344,0.82136047,0.6869248,0.71135765,0.87350696,0.7175478,0.42160627,0.46956167,0.5126244,0.4987346,0.28245223,0.5783937,0.5304383,0.48737562,0.5012654,0.43509552,-0.15678743,-0.06087665,0.025248762,-0.0025307974
SZ002493,-0.02806640058525322,0.125,,2026-05-26,0.020869594,0.06000001,0.3478265,0.0017390979,0.02898496,0.037391316,0.62318856,0.056521814,0.9420301,0.97955704,1.0017035,0.9429301,0.9751091,1.0298157,1.1448271,1.0128093,1.07751,1.290472,0.9940477,1.0407227,1.0790962,1.0634961,1.092586,0.023835931,0.06032476,0.06642508,0.059662465,0.10105172,-0.0067317053,-0.018386962,-0.007202651,-0.0001987141,-0.0029205556,0.19940038,0.8516089,0.41151783,0.0008597193,0.25476712,0.019415686,0.04201859,-0.01067104,-0.06061474,-0.0064295963,1.0459845,1.1720508,1.2018988,1.2018988,1.3952323,0.9429301,0.9429301,0.9429301,0.9429301,0.9327198,1.00665,1.1102257,1.1400305,1.1117518,1.1669574,0.97940695,0.9810857,1.0238526,1.0148588,1.0148588,0.8,0.4,0.2,0.16666667,0.15,0.5537843,0.24908222,0.2203737,0.2203737,0.14546666,0.4,0.1,0.25,0.5,0.06666667,1.0,1.0,1.0,1.0,0.3,-0.6,-0.9,-0.75,-0.5,-0.23333333,0.0016716445,0.32986534,0.56733,0.4986636,0.37503496,-0.04707805,-0.12577266,0.1320655,0.0057446314,-0.16689156,0.6,0.3,0.5,0.43333334,0.4,0.4,0.7,0.5,0.56666666,0.6,0.2,-0.4,0.0,-0.13333334,-0.2,0.32678977,0.13987572,0.48749074,0.44537497,0.41197267,0.6732102,0.8601243,0.5125092,0.55462503,0.5880273,-0.34642044,-0.7202486,-0.02501849,-0.10925006,-0.17605464,0.94644874,0.98865056,1.1242671,1.0667536,1.2076011,0.15483646,0.17321974,0.30751392,0.2903121,0.42351612,1.2710508,1.1928183,0.9721847,0.98194754,1.2760726,0.610647,0.49845272,0.52476895,0.51479465,0.49273086,0.38935295,0.5015473,0.47523105,0.48520535,0.50726914,0.22129409,-0.003094577,0.049537912,0.02958929,-0.014538291
SH600009,-0.028376147405527758,0.125,,2026-05-26,0.008267688,0.020866094,0.39622593,0.00984251,0.47169876,0.002755896,0.13207531,0.0011810731,0.056602504,0.9918001,1.0097618,0.9890668,0.9976796,1.0038543,1.0545816,1.0627875,1.0839239,1.1955738,0.99731445,1.0089768,1.0355589,1.0469725,1.0846534,0.008014601,0.019288365,0.030519724,0.029777352,0.050868697,-0.0012806228,-0.0051993276,-0.0046337415,-0.002923773,-0.0027338676,0.063829094,0.6660625,0.8068084,0.7471655,0.88095474,0.005246785,0.014420196,0.008461638,-0.004577848,-0.0040042577,1.0221477,1.0565999,1.084708,1.0886054,1.1982852,0.9816185,0.9816185,0.9816185,0.9816185,0.9816185,1.0010941,1.02141,1.0632352,1.069576,1.1452194,0.99490243,0.9982345,0.9999005,1.0051473,1.0589085,0.8,0.5,0.25,0.16666667,0.083333336,0.45353717,0.2451477,0.17830622,0.1718108,0.08483768,0.4,0.1,0.35,0.033333335,0.016666668,0.6,0.8,0.9,0.93333334,0.96666664,-0.2,-0.7,-0.55,-0.9,-0.95,0.3867227,0.25692576,-0.2079407,-0.422179,-0.076643616,0.21206324,-0.048265044,0.05410755,-0.0717839,-0.19297816,0.6,0.4,0.45,0.4,0.41666666,0.4,0.6,0.55,0.6,0.5833333,0.2,-0.2,-0.1,-0.2,-0.16666667,0.4507931,0.22934592,0.2911493,0.29754007,0.3167093,0.5492069,0.7706541,0.70885074,0.70245993,0.68329066,-0.09841384,-0.54130816,-0.41770142,-0.40491986,-0.36658135,1.086319,1.0954632,1.028272,0.9266235,0.9002383,0.07922743,0.1748232,0.21828085,0.2534054,0.30751494,0.79958934,0.70394486,0.8541228,0.8996403,1.4387151,0.7349771,0.50320655,0.537824,0.5325355,0.49523252,0.2650229,0.49679345,0.46217602,0.46746448,0.5047675,0.4699542,0.0064130747,0.07564792,0.06507103,-0.009534981
SH600036,-0.02845667045246556,0.25,,2026-05-26,0.0016242536,0.010557606,0.15384677,0.007850517,0.7435887,0.0010828357,0.10256451,-0.0051434273,-0.48717743,0.9983784,1.0078378,0.9972973,1.0016736,1.0099636,1.0243047,1.075916,1.0610747,1.0481093,1.0015091,1.0093384,1.0247822,1.0398827,1.0516119,0.0026894433,0.0093089575,0.021406237,0.028305847,0.024442496,-0.001484141,-0.0029985926,-0.0033736639,-0.0029300258,-0.00088299316,0.761317,0.9511396,0.8693427,0.83040935,0.39803693,0.001459161,0.004155312,0.0072676623,0.0026026918,-0.025563655,1.011883,1.0294384,1.0808129,1.0851123,1.0907819,0.997293,0.997293,0.997293,0.997293,0.997293,1.0041522,1.0184183,1.0355526,1.0710051,1.0743486,0.9996748,1.0004336,1.0044774,1.0121316,1.0255889,0.4,0.2,0.1,0.06666667,0.033333335,0.1855385,0.084211856,0.032411672,0.030824916,0.028955521,0.2,0.1,0.1,0.16666667,0.23333333,0.8,0.9,0.95,0.96666664,0.98333335,-0.6,-0.8,-0.85,-0.8,-0.75,-0.21439703,0.44859514,0.1934387,-0.29104078,-0.34060284,0.049738105,0.028528191,-0.7434996,-0.2979892,-0.17772241,0.2,0.1,0.15,0.26666668,0.38333333,0.8,0.9,0.8,0.6666667,0.56666666,-0.6,-0.8,-0.65,-0.4,-0.18333334,0.12303252,0.059003565,0.090049975,0.29737222,0.4372008,0.8769675,0.9409964,0.90995,0.7026278,0.5627992,-0.753935,-0.8819929,-0.81990004,-0.4052556,-0.12559837,1.0288509,1.057553,1.3013555,1.1527371,1.0611268,0.058517873,0.08471639,0.6014291,0.54676217,0.44002014,0.6900018,0.6119181,2.5156744,2.3916492,1.8163298,0.46915108,0.33547387,0.5119585,0.5123113,0.49926597,0.5308489,0.66452616,0.48804152,0.48768872,0.50073403,-0.061697867,-0.32905227,0.023916936,0.024622535,-0.0014680541
SH601877,-0.028641030061879964,0.125,,2026-05-26,-0.006706927,0.02380952,-0.28169096,0.005700865,0.23943634,0.01140173,0.4788727,-0.001006062,-0.04225461,1.0067523,1.0124916,0.9885213,0.99887365,1.1300977,1.1172903,1.0979103,1.1056623,1.0810583,1.0383552,1.0797439,1.091633,1.100455,1.1358162,0.040025186,0.056096222,0.04213489,0.038168814,0.07820743,-0.02349173,-0.016870424,-0.0033216262,-0.0023377286,-0.0025214474,0.8611986,0.8290795,0.21751334,0.29071838,0.3170323,0.008628219,-0.0038269486,-0.060077526,-0.06655795,-0.06143352,1.1242336,1.1868159,1.1868159,1.1868159,1.4223677,0.9885213,0.9885213,0.9885213,0.9885213,0.9885213,1.0535557,1.1307719,1.1190428,1.1295584,1.1730367,1.0111898,1.0290866,1.0662959,1.0850354,1.0930569,0.2,0.1,0.05,0.033333335,0.016666668,0.08458126,0.0578872,0.0578872,0.0578872,0.02645802,0.2,0.2,0.6,0.73333335,0.16666667,1.0,1.0,1.0,1.0,1.0,-0.8,-0.8,-0.4,-0.26666668,-0.8333333,-0.20296712,0.42686805,0.19863182,0.17415087,0.73939246,-0.7606815,0.12355335,0.15081438,0.20901658,0.3215391,0.0,0.3,0.4,0.43333334,0.5,1.0,0.7,0.6,0.56666666,0.5,-1.0,-0.4,-0.2,-0.13333334,0.0,0.0,0.30858094,0.3761195,0.40809152,0.4731914,1.0,0.69141906,0.6238805,0.5919085,0.5268086,-1.0,-0.38283816,-0.24776103,-0.18381698,-0.053617198,1.3422279,1.5476317,1.3028978,1.2719585,1.5289602,0.40404627,0.47764513,0.43745613,0.4013548,0.7278132,1.0889376,0.7936083,1.194032,1.122474,1.3841745,0.41575274,0.46610367,0.49327803,0.5046059,0.5001788,0.58424723,0.5338963,0.506722,0.4953941,0.4998212,-0.1684945,-0.067792684,-0.013443944,0.0092117535,0.00035764498
SH601607,-0.028697577477384703,0.25,,2026-05-26,-0.0024420747,0.007936485,-0.30770227,0.0018314702,0.23076591,0.0036629403,0.46153182,-0.0006106044,-0.07693637,1.0024481,1.004284,0.9963281,0.9997388,1.0238634,1.0496005,1.0385782,1.045908,1.0581428,1.0071094,1.017024,1.0292423,1.0340075,1.0389547,0.006724214,0.014123402,0.017199297,0.015912252,0.017377531,-0.004160945,-0.0042736595,-0.002041285,-0.0012906053,-0.00045568537,0.95728415,0.83932996,0.493008,0.5098299,0.20972678,0.0012124629,0.0022074557,-0.009850044,-0.015293794,-0.02551204,1.0275437,1.0520512,1.0563326,1.0575625,1.0643065,0.9963281,0.9963281,0.9963281,0.9963281,0.9932911,1.0112759,1.0258254,1.046404,1.0485092,1.0534142,1.001984,1.0053899,1.0098099,1.0200938,1.0233784,0.2,0.1,0.05,0.033333335,0.033333335,0.117630646,0.06589556,0.061193854,0.05996485,0.094471164,0.2,0.1,0.5,0.16666667,0.23333333,1.0,1.0,1.0,1.0,0.3,-0.8,-0.9,-0.5,-0.8333333,-0.06666667,-0.0628639,0.38030553,0.4751735,0.46959686,0.38000855,-0.38947344,-0.57261,-0.073516324,0.114128694,0.07901379,0.0,0.1,0.25,0.3,0.41666666,1.0,0.9,0.65,0.6333333,0.53333336,-1.0,-0.8,-0.4,-0.33333334,-0.11666667,0.0,0.18085164,0.35737565,0.37931022,0.42613077,1.0,0.81914836,0.6426244,0.6206898,0.5738692,-1.0,-0.6382967,-0.2852487,-0.24137956,-0.14773847,1.1696866,1.3327326,1.4521974,1.4782724,1.7374462,0.14724913,0.23978636,0.31764042,0.3545294,0.61819893,0.4552809,0.6442017,0.7687762,0.8413574,1.3539406,0.3359011,0.34433213,0.47557515,0.4608315,0.48593372,0.66409886,0.6556679,0.52442485,0.5391685,0.5140663,-0.32819778,-0.31133577,-0.048849676,-0.078337,-0.028132532
SZ002001,-0.02906192101889072,0.125,,2026-05-26,0.02598245,0.04124716,0.62992096,0.00032475992,0.00787351,0.01493995,0.36220554,0.04059764,0.984253,0.97467554,1.0003165,0.96011394,0.9840605,1.0012649,1.0604585,1.0997112,1.1680906,0.9512504,0.9853731,1.0060127,1.0398831,1.074968,1.0946262,0.015347609,0.028032772,0.047195215,0.06890722,0.0684564,0.0023113296,-0.007428454,-0.0071801986,-0.0072928434,-0.0016065179,0.056699894,0.6436892,0.8101118,0.8680925,0.16797432,0.010004254,0.027415326,0.028328767,0.03077829,-0.04723391,1.0085471,1.0879982,1.1269332,1.2282332,1.2722327,0.96011394,0.96011394,0.96011394,0.96011394,0.9531453,1.0,1.0421004,1.0947719,1.1253529,1.1490966,0.9697356,0.98435843,1.0,1.0040518,1.033867,0.9,0.45,0.225,0.15,0.108333334,0.82352895,0.3118921,0.23909745,0.14876238,0.1468397,0.6,0.2,0.1,0.06666667,0.18333334,1.0,1.0,1.0,1.0,0.016666668,-0.4,-0.8,-0.9,-0.93333334,0.16666667,0.19750555,0.15823376,0.12248517,0.37198395,0.37668237,-0.035003148,-0.19842456,-0.15301505,-0.17581722,0.12168156,0.4,0.3,0.4,0.4,0.46666667,0.6,0.7,0.6,0.6,0.53333336,-0.2,-0.4,-0.2,-0.2,-0.06666667,0.49487752,0.33620426,0.36197308,0.37725475,0.515995,0.5051225,0.66379577,0.63802695,0.6227452,0.48400497,-0.010244964,-0.32759148,-0.27605385,-0.24549046,0.031990025,0.791423,0.8055307,0.9246089,1.0087392,1.311896,0.17109783,0.14663267,0.34024456,0.33302522,0.5355438,0.5008449,0.8390507,1.1836619,1.0072237,1.1221054,0.8739857,0.48282295,0.5082375,0.48141894,0.48736858,0.12601429,0.51717705,0.49176252,0.51858103,0.5126314,0.7479714,-0.034354113,0.01647495,-0.0371621,-0.02526286
SZ000963,-0.029158202356335986,0.25,,2026-05-26,0.005856014,0.01653464,0.35416642,0.006200515,0.37500152,0.0044781105,0.27083206,0.0041336096,0.24999696,0.99417806,1.0061644,0.98972607,0.9965616,1.0318723,1.1493295,1.1674877,1.2311814,1.2342544,1.0056938,1.0426148,1.0981638,1.129534,1.1669595,0.008648757,0.051744103,0.06866128,0.07279762,0.06741753,-0.0047643105,-0.015488898,-0.010873882,-0.0076503693,-0.0026405053,0.75863475,0.82135475,0.87783617,0.85591793,0.46787325,0.0038348287,0.027085276,0.0051380345,-0.0186037,-0.08906465,1.031524,1.1503587,1.2188616,1.2500211,1.2726173,0.98972607,0.98972607,0.98972607,0.98972607,0.98972607,1.0150852,1.0821973,1.148781,1.1830912,1.2207689,0.99952257,1.0005486,1.0150852,1.0317351,1.1404154,0.4,0.2,0.1,0.06666667,0.033333335,0.24580081,0.063959375,0.044837914,0.03947044,0.03631769,0.4,0.1,0.05,0.033333335,0.43333334,1.0,1.0,1.0,1.0,1.0,-0.6,-0.9,-0.95,-0.96666664,-0.56666666,0.74035895,0.09693676,0.3298404,-0.026428757,-0.089433774,-0.1821505,-0.52032346,0.1815033,0.17598072,0.17217442,0.2,0.2,0.25,0.3,0.38333333,0.6,0.7,0.65,0.6333333,0.5833333,-0.4,-0.5,-0.4,-0.33333334,-0.2,0.065142915,0.019765591,0.18853341,0.20829354,0.37811205,0.9348571,0.9802344,0.8114666,0.79170644,0.6218879,-0.8697142,-0.9604688,-0.62293315,-0.5834129,-0.24377589,1.155802,1.2805358,1.4004613,1.2680097,1.1587491,0.25928345,0.39966285,0.44457483,0.43251422,0.43403018,1.1361469,1.372695,1.3501085,1.3572509,1.3094584,0.5238568,0.38464072,0.49697363,0.48883992,0.5076631,0.47614318,0.6153593,0.50302637,0.5111601,0.4923369,0.047713637,-0.23071855,-0.0060527576,-0.02232018,0.015326191
SH600015,-0.030266644329521263,0.25,,2026-05-26,0.0,0.017777745,0.0,0.008888872,0.5,0.008888872,0.5,0.0,0.0,1.0,1.0088888,0.9911111,0.9992297,0.98516744,0.9748804,1.0636363,1.0844498,0.98516744,0.9961244,0.9869617,1.00311,1.0248485,1.037496,0.0055448688,0.010771892,0.031894445,0.040896602,0.039797336,0.0031339678,0.0034754227,-0.003409002,-0.0040018945,-0.000677554,0.7986316,0.9542072,0.39984572,0.7420933,0.08840557,-0.0023923449,-0.002601136,0.029275453,0.033178974,-0.017508185,1.0088888,1.0088888,1.0725341,1.0859689,1.1140136,0.98211306,0.9659909,0.9659909,0.9659909,0.9659909,1.0,1.0,1.0261244,1.0670335,1.07311,0.99167466,0.9771771,0.97775126,0.9848804,0.9922967,0.8,0.9,0.7,0.46666667,0.275,0.66802627,0.7927905,0.31920508,0.28346124,0.22975603,0.8,0.9,0.2,0.033333335,0.43333334,0.2,0.2,0.6,0.73333335,0.8666667,0.6,0.7,-0.4,-0.7,-0.43333334,0.3131897,-0.17361173,-0.24135982,-0.6392257,-0.28565353,0.14969036,0.32688007,-0.6315399,-0.51905566,-0.17599909,0.6,0.6,0.45,0.4,0.51666665,0.0,0.1,0.4,0.46666667,0.41666666,0.6,0.5,0.05,-0.06666667,0.1,1.0,0.9487165,0.30945575,0.32679093,0.51328194,0.0,0.05128347,0.69054425,0.6732091,0.48671806,1.0,0.89743304,-0.38108847,-0.34641814,0.026563866,0.9484733,0.98382425,1.178321,1.0015432,1.0297484,0.16295883,0.118729636,0.4667841,0.46071655,0.38589507,1.1304672,1.0626016,1.9670019,2.0618787,1.5464975,0.47113016,0.3808735,0.5100588,0.5093668,0.49625713,0.5288698,0.6191265,0.48994118,0.49063322,0.5037429,-0.057739656,-0.238253,0.02011762,0.018733563,-0.007485756
SH601318,-0.03045032635939279,0.25,,2026-05-26,0.0022160902,0.022345308,0.099174745,0.015327766,0.6859501,0.004801452,0.21487518,-0.008310223,-0.37190014,0.9977888,1.0152938,0.992998,1.0015038,1.0038815,1.0945659,1.0665138,1.0823923,1.1986592,0.99517757,1.013191,1.0508438,1.0587509,1.082261,0.0050014183,0.026496442,0.044649836,0.038157944,0.046830256,0.0014408334,-0.0073234085,-0.005927706,-0.0028598383,-0.0020681077,0.20748238,0.7002657,0.61688125,0.43532607,0.5948303,0.0019407447,0.019764349,0.0054693194,-0.017283194,-0.02125183,1.0195194,1.0986279,1.1260443,1.1260443,1.2074833,0.98525065,0.98525065,0.98525065,0.98525065,0.98525065,0.9992942,1.0278523,1.0946717,1.0938368,1.1321219,0.9902964,0.9957657,0.9998236,1.0099505,1.0480945,1.0,0.5,0.25,0.16666667,0.083333336,0.43040174,0.13009097,0.104758725,0.104758725,0.06636901,0.4,0.1,0.35,0.56666666,0.016666668,0.6,0.8,0.9,0.93333334,0.96666664,-0.2,-0.7,-0.55,-0.36666667,-0.95,0.2033415,0.4731309,0.19636334,-0.045848906,-0.06845984,0.2409149,-0.17558849,0.41476148,0.34065023,-0.03648394,0.4,0.2,0.35,0.33333334,0.38333333,0.6,0.8,0.65,0.6333333,0.6,-0.2,-0.6,-0.3,-0.3,-0.21666667,0.42431262,0.0935291,0.3200764,0.34821242,0.36694506,0.5756874,0.9064709,0.6799236,0.6517876,0.6330549,-0.15137479,-0.8129418,-0.35984722,-0.30357516,-0.26610988,0.92910737,0.9890364,0.99420357,0.88573533,0.84554076,0.15749401,0.16636887,0.2813732,0.27851322,0.27099204,0.7867069,0.88392043,1.3487445,1.3572623,1.2025224,0.5356687,0.55140454,0.52249336,0.52766085,0.50802106,0.46433133,0.44859543,0.47750664,0.47233915,0.49197897,0.071337365,0.10280912,0.044986732,0.055321686,0.016042076
SZ300476,-0.030699620717145756,0.25,,2026-05-26,0.034078978,0.061421115,0.5548414,0.018552635,0.3020563,0.008789503,0.1431023,0.024315845,0.39588737,0.9670441,1.0179412,0.9585443,0.993,0.85756457,0.9554152,0.84476304,0.7029785,0.7397942,0.9250812,0.91186774,0.88661534,0.8596564,0.78018385,0.0730979,0.061303757,0.06511437,0.071702994,0.09836627,0.043160602,0.0058589145,0.0068250075,0.006185351,0.004347186,0.87157583,0.083728164,0.3845215,0.5767077,0.5956949,-0.011402415,0.06176716,0.048547097,0.050655995,0.09157416,1.0179412,1.0179412,1.0179412,1.0179412,1.0179412,0.83980125,0.82814604,0.7736371,0.7054289,0.6341505,0.980764,0.97793925,0.9569895,0.9212725,0.8614152,0.8490668,0.85615015,0.83465105,0.8018428,0.69744587,1.0,1.0,1.0,1.0,1.0,0.89928585,0.90547067,0.92656195,0.94259036,0.9532526,1.0,1.0,1.0,1.0,1.0,0.4,0.5,0.2,0.033333335,0.4,0.6,0.5,0.8,0.96666664,0.6,0.8445444,0.63982344,0.60274583,0.45027265,0.7322105,0.55384004,0.16762447,0.29341912,0.34277427,0.38569173,0.6,0.5,0.5,0.56666666,0.5,0.4,0.5,0.5,0.43333334,0.5,0.2,0.0,0.0,0.13333334,0.0,0.9168764,0.56191474,0.62304217,0.6557845,0.5845227,0.08312361,0.43808526,0.37695783,0.3442155,0.41547728,0.8337528,0.123829484,0.24608433,0.31156898,0.16904546,0.8589212,0.78773814,0.74223876,0.73761237,0.61815464,0.29949448,0.25999376,0.2220306,0.18986326,0.21759644,1.5060744,1.2653133,1.1702566,0.9948688,1.129004,0.730538,0.5803711,0.534695,0.5472445,0.5060728,0.269462,0.4196289,0.46530497,0.45275548,0.49392718,0.46107605,0.16074222,0.069390066,0.094489016,0.012145644
SH600438,-0.03088917800106372,0.125,,2026-05-26,-0.011627898,0.028423736,-0.4090911,0.006459897,0.22727121,0.010335942,0.3636377,-0.0077518523,-0.27272463,1.0117646,1.0183005,0.9895425,1.0003134,1.0529326,1.1104525,1.1980208,1.047057,,1.0292753,1.0543758,1.0947685,1.1161186,1.1256157,0.023856644,0.038384423,0.050317742,0.05613096,0.06629452,-0.011050394,-0.011378393,-0.007982977,-0.0047687255,-0.002465926,0.5363853,0.80549574,0.88095856,0.55937284,0.30577156,-0.0071745412,-0.0031730554,-0.018930292,-0.046972085,-0.063967556,1.0764765,1.1660298,1.1921744,1.2307001,1.2986695,0.9895425,0.9895425,0.9895425,0.9895425,0.9895425,1.0529224,1.0711267,1.1347593,1.1516339,1.1921451,1.0151737,1.019462,1.051871,1.0550355,1.0594784,0.2,0.1,0.05,0.033333335,0.019607844,0.12029291,0.059253786,0.051608544,0.04336392,0.033829264,0.2,0.2,0.05,0.33333334,0.016666668,1.0,1.0,1.0,1.0,0.016666668,-0.8,-0.8,-0.95,-0.6666667,0.0,0.45156372,0.4599482,0.31133336,0.46662876,0.66092676,0.030813143,-0.12639862,0.095158055,0.6419363,0.53334975,0.4,0.4,0.35,0.46666667,0.35,0.6,0.6,0.6,0.46666667,0.45,-0.2,-0.2,-0.25,0.0,-0.1,0.2878975,0.24469866,0.20814352,0.45684028,0.39586428,0.71210253,0.75530136,0.79185647,0.5431597,0.60413575,-0.424205,-0.5106027,-0.583713,-0.086319424,-0.20827144,1.1171862,1.2424227,1.2756553,1.4039773,1.4439981,0.07492205,0.34314322,0.28892696,0.49326754,0.68161947,0.58064735,0.82305896,0.9076387,1.6843855,1.4593431,0.52478814,0.39105392,0.4303499,0.51129365,0.44020763,0.47521186,0.6089461,0.5696501,0.48870638,0.5597924,0.04957628,-0.21789214,-0.13930026,0.022587264,-0.11958475
SZ002594,-0.031169141824821483,0.25,,2026-05-26,0.007828877,0.025156599,0.3112057,0.0038621891,0.15352589,0.013465533,0.5352684,0.01743222,0.6929482,0.99223197,1.0038322,0.978871,0.9968238,0.99430823,1.0277348,1.0354992,1.0256621,0.94716233,0.9800625,0.9914657,1.0200987,1.0350177,1.036064,0.015625104,0.020226825,0.035160813,0.036864646,0.04341299,0.009149533,-0.003528886,-0.0050529665,-0.0035952646,-4.2835265e-05,0.85721946,0.2790174,0.7228415,0.7371287,0.0002969363,0.0016384457,0.02441432,0.027904522,0.017113555,-0.034800373,1.0068271,1.0357232,1.0941455,1.097561,1.1581527,0.9591749,0.9591749,0.9591749,0.9591749,0.9085282,0.99510443,1.0042441,1.0450073,1.0666951,1.069564,0.9681987,0.9704885,0.99087346,0.99678236,0.99678236,1.0,0.8,0.4,0.26666668,0.23333333,0.85673153,0.5333252,0.30247408,0.29500887,0.36643752,0.8,0.2,0.2,0.16666667,0.3,0.6,0.8,0.9,0.93333334,0.05,0.2,-0.6,-0.7,-0.76666665,0.25,0.3097674,0.27592748,0.7006469,0.64311033,0.5296465,-0.043364305,-0.18513685,0.5387102,0.5370606,0.745615,0.8,0.6,0.45,0.43333334,0.41666666,0.2,0.4,0.55,0.56666666,0.5833333,0.6,0.2,-0.1,-0.13333334,-0.16666667,0.547088,0.39122593,0.43766606,0.47063696,0.52566975,0.45291197,0.60877407,0.56233394,0.52936304,0.47433028,0.094176054,-0.21754816,-0.12466789,-0.058726072,0.051339466,0.95729524,0.97341835,1.1744128,1.2122834,1.516159,0.15247817,0.16549604,0.4555263,0.40571985,0.72344375,1.047777,0.8727156,1.2486366,1.0940385,1.5732515,0.6070046,0.5176123,0.48416463,0.5008074,0.5022489,0.39299545,0.48238772,0.51583534,0.49919257,0.4977511,0.21400912,0.035224564,-0.03167074,0.0016148633,0.004497819
SH600176,-0.03215676954835529,0.375,,2026-05-26,0.05873304,0.10182101,0.57682633,0.042831507,0.4206549,0.00025646493,0.002518782,0.016157998,0.15869021,0.9445252,1.0404555,0.94428295,0.9944312,0.84544176,0.9161859,0.81201327,0.67829955,0.66909206,0.91899425,0.8922004,0.88202673,0.8469003,0.7352483,0.06337724,0.06016486,0.054242894,0.069119126,0.12516521,0.039340407,0.00998674,0.0046277684,0.0062664747,0.006198027,0.96327686,0.25256494,0.2547567,0.63701814,0.74789315,0.0023249218,0.062859245,0.074009456,0.06223582,0.08190989,1.0404555,1.0404555,1.0404555,1.0404555,1.0404555,0.83576035,0.79238963,0.7705894,0.6807131,0.5230122,0.96395755,0.93420464,0.92121947,0.9191911,0.8525236,0.8584817,0.84176123,0.8340165,0.7855172,0.6192397,1.0,1.0,1.0,1.0,1.0,0.80236244,0.8369165,0.8500907,0.88754326,0.92181665,1.0,1.0,1.0,1.0,1.0,0.2,0.5,0.05,0.033333335,0.3,0.8,0.5,0.95,0.96666664,0.7,0.6215272,0.27035257,0.14531387,0.2696432,0.73864,-0.18272637,-0.2869337,-0.20708752,0.00048801283,0.0041049486,1.0,0.8,0.75,0.76666665,0.6166667,0.0,0.2,0.25,0.23333333,0.36666667,1.0,0.6,0.5,0.53333336,0.25,1.0,0.6448848,0.6934261,0.708152,0.62491184,0.0,0.35511518,0.3065739,0.291848,0.37508816,1.0,0.28976965,0.3868522,0.416304,0.2498237,0.8319823,0.8085247,0.7841868,0.76921844,0.6116743,0.17354555,0.16242091,0.13999082,0.13724086,0.21167855,0.89459133,1.166838,1.1372849,0.98329955,1.0041386,0.7066724,0.59393466,0.5323839,0.5590376,0.5125439,0.29332763,0.40606537,0.46761608,0.44096237,0.48745608,0.41334474,0.18786928,0.06476782,0.11807525,0.02508782
SH603259,-0.032412553794625175,0.125,,2026-05-26,0.020686211,0.036666695,0.56416893,0.0023529776,0.064172074,0.013627506,0.37165898,0.031960737,0.8716559,0.97973305,1.0023053,0.9663817,0.98783094,0.9777333,1.0597427,0.9623354,1.0199646,0.95908976,0.99504846,0.99594295,1.0157075,1.0063479,0.96169126,0.0070514907,0.019372432,0.03673318,0.037945833,0.06078961,0.00032456513,-0.0020029761,-0.0022775745,0.00021651661,0.002621937,0.005296413,0.09799291,0.13455386,0.0025232248,0.56739515,0.0043023797,0.0130704455,0.0059295036,-0.009487394,-0.039038416,1.0338283,1.0697323,1.0997834,1.0997834,1.0997834,0.9663817,0.9663817,0.9440855,0.9375688,0.836504,1.000234,1.000234,1.0537646,1.0463524,1.0202363,0.98924404,0.98405856,0.98405856,0.96487147,0.89762616,0.8,0.8,0.5,0.5,0.73333335,0.4984433,0.3252837,0.35912174,0.384868,0.620998,0.4,0.2,0.2,0.46666667,0.73333335,1.0,1.0,0.05,0.26666668,0.3,-0.6,-0.8,0.15,0.2,0.43333334,0.6860602,0.1747085,0.72420424,0.496801,0.49737623,0.6016207,-0.11771562,0.2967637,0.05299119,0.13668983,0.6,0.4,0.5,0.53333336,0.51666665,0.4,0.6,0.5,0.46666667,0.46666667,0.2,-0.2,0.0,0.06666667,0.05,0.7040108,0.28497693,0.55141145,0.47949138,0.5205833,0.29598925,0.7150231,0.44858858,0.52050865,0.4794167,0.40802154,-0.43004617,0.102822855,-0.04101726,0.04116659,0.9943387,0.9847497,1.1935323,1.1091617,1.0261031,0.28866607,0.29705924,0.46465853,0.449066,0.41176218,0.50897104,1.5124137,1.408813,1.5773473,1.4708914,0.5822106,0.415593,0.5056067,0.49035588,0.507652,0.4177894,0.584407,0.49439332,0.5096441,0.49234805,0.16442119,-0.16881399,0.01121339,-0.019288216,0.015303923
SH603195,-0.032592140094894285,0.375,,2026-05-26,-0.025971007,0.03696772,-0.70253205,0.010996712,0.29746798,0.0,0.0,-0.03696772,-1.0,1.0266635,1.0379534,1.0,1.0195174,1.0388834,1.0483054,0.99732804,0.99732804,1.0561806,1.0363803,1.0341865,1.0337049,1.0197605,1.0195495,0.023431828,0.016119255,0.02903678,0.031017844,0.026941689,-0.010891584,-0.00055994885,0.0012344004,0.0022596866,4.7951668e-05,0.5401442,0.011061608,0.06325331,0.41131535,0.0009661791,-0.014597105,-0.031666707,-0.045431633,-0.052525926,-0.020964101,1.0708983,1.0708983,1.0881544,1.0881544,1.0881544,1.0,1.0,0.98319536,0.98007226,0.97595584,1.0551821,1.0439882,1.0572634,1.0495571,1.0462241,1.0226691,1.0282379,0.9987062,0.99192804,0.99244833,0.2,0.1,0.25,0.5,0.4,0.0,0.0,0.16010663,0.18437569,0.21429996,0.4,0.7,0.25,0.5,0.75,1.0,1.0,0.15,0.06666667,0.31666666,-0.6,-0.3,0.1,0.43333334,0.43333334,0.44262004,0.37097213,0.8381977,0.89794904,0.7293984,0.0962393,0.28989848,0.80725795,0.78540224,0.6149248,0.6,0.5,0.45,0.43333334,0.41666666,0.4,0.5,0.5,0.53333336,0.56666666,0.2,0.0,-0.05,-0.1,-0.15,0.2456305,0.2762215,0.504431,0.503755,0.4570753,0.7543695,0.7237785,0.49556902,0.49624503,0.5429247,-0.508739,-0.447557,0.008861989,0.007509926,-0.08584943,1.0320923,1.025616,1.1800351,0.89378035,0.6745228,0.21810317,0.30985564,0.9206805,0.852096,0.64816105,0.78805304,0.91106623,2.461793,2.9741569,3.449831,0.32429647,0.5351102,0.5334821,0.53228015,0.5060088,0.6757035,0.46488985,0.46651793,0.46771988,0.4939912,-0.35140702,0.0702203,0.06696415,0.06456025,0.012017617
SZ002074,-0.034157445794313665,0.0,,2026-05-26,-0.00839372,0.025180891,-0.3333369,0.0063675754,0.25287333,0.010419596,0.4137898,-0.0043416996,-0.17242041,1.0084648,1.0148863,0.9894922,1.0006405,1.0414559,1.0706735,1.160569,1.0297945,1.121484,1.022208,1.0422888,1.0768629,1.1048825,1.0904274,0.021177506,0.028535513,0.0464878,0.056068234,0.05094191,-0.01174473,-0.00893772,-0.0074073174,-0.005783336,-0.0003427583,0.7689118,0.8992772,0.88861156,0.82456475,0.013807828,0.001281445,-0.002069026,-0.0064934758,-0.021024106,-0.08031605,1.067179,1.1202662,1.1743095,1.2110592,1.2110592,0.9894922,0.9894922,0.9894922,0.9894922,0.97638524,1.0351638,1.0579227,1.1159865,1.1617352,1.1373614,1.0070225,1.0158007,1.0392389,1.054104,1.0484399,0.2,0.1,0.05,0.033333335,0.05,0.1352586,0.08035077,0.05685503,0.047424916,0.10062788,0.4,0.1,0.05,0.3,0.65,1.0,1.0,1.0,1.0,0.45,-0.6,-0.9,-0.95,-0.7,0.2,0.102984875,0.7522101,0.5745448,0.7040059,0.68604755,-0.6959111,-0.057625957,-0.082895376,0.55367744,0.4968521,0.4,0.3,0.3,0.4,0.43333334,0.6,0.7,0.7,0.6,0.56666666,-0.2,-0.4,-0.4,-0.2,-0.13333334,0.27674174,0.2838099,0.2827669,0.47650796,0.4463558,0.72325826,0.7161901,0.7172331,0.52349204,0.55364424,-0.44651654,-0.43238023,-0.43446618,-0.046984076,-0.107288435,1.1211522,1.3453342,1.5768555,1.9607394,1.633153,0.17983045,0.36066508,0.52378076,0.835198,0.73864394,0.7464549,0.6698992,1.0068206,1.464044,1.4874282,0.4301574,0.44748247,0.45203507,0.5040336,0.49266198,0.5698426,0.55251753,0.54796493,0.49596637,0.507338,-0.1396852,-0.10503507,-0.09592988,0.008067242,-0.014676012
SZ002463,-0.0347138039618834,0.125,,2026-05-26,0.08510991,0.09959311,0.8545763,0.01163542,0.116829574,0.0028477788,0.028594136,0.076322265,0.76634085,0.92156565,1.0107228,0.9189412,0.9815303,0.76934594,0.8149377,0.79579324,0.64068,0.5791923,0.8657083,0.8298661,0.8082809,0.77945644,0.6894928,0.09572933,0.07697284,0.059701506,0.06818866,0.104919255,0.05879006,0.015922027,0.006048972,0.006130862,0.0052951616,0.9428831,0.39222303,0.3593028,0.62649924,0.7768691,0.016711602,0.09848476,0.13425387,0.13164607,0.1542999,1.0107228,1.0107228,1.0107228,1.0107228,1.0107228,0.76259774,0.7371024,0.7371024,0.63472116,0.5187306,0.9351072,0.868072,0.8209736,0.8149377,0.7818739,0.7774138,0.7758103,0.7685903,0.730942,0.58707577,1.0,1.0,1.0,1.0,1.0,0.95678467,0.9608114,0.9608114,0.97148204,0.9782053,1.0,1.0,1.0,1.0,1.0,0.2,0.5,0.75,0.033333335,0.13333334,0.8,0.5,0.25,0.96666664,0.8666667,0.7933962,0.82358956,0.7147753,0.11113007,0.0044489102,-0.042928185,0.22355364,0.2661737,0.18783128,0.3072324,1.0,0.7,0.65,0.73333335,0.6333333,0.0,0.3,0.3,0.23333333,0.35,1.0,0.4,0.35,0.5,0.28333333,1.0,0.76150787,0.7115715,0.7534861,0.6637501,0.0,0.23849212,0.28842846,0.24651389,0.33624986,1.0,0.5230158,0.4231431,0.50697225,0.32750025,0.76065105,0.6523654,0.60415417,0.6582198,0.7083605,0.23534907,0.2019761,0.16674978,0.17993326,0.24035092,0.8934261,1.0339465,1.2687246,1.1285108,1.0857882,0.8304818,0.70231503,0.5330871,0.5154627,0.49646112,0.16951819,0.297685,0.46691293,0.4845373,0.5035389,0.6609636,0.40463004,0.06617417,0.030925417,-0.0070777535
SH600845,-0.03728533413393532,0.125,,2026-05-26,-0.030247493,0.0444546,-0.6804131,0.0,0.0,0.014207107,0.31958687,-0.016040387,-0.36082622,1.031191,1.031191,0.9853498,0.99773663,1.1445872,1.1086844,1.08904,1.0642407,1.0998079,1.0630265,1.091642,1.0936873,1.0848377,1.0741543,0.048083995,0.04591743,0.038835563,0.03544708,0.043007616,-0.028542237,-0.011679191,-0.0007075231,0.0010853794,0.00039535682,0.88087636,0.5930371,0.011616895,0.07266142,0.025774343,-0.005942107,-0.039085675,-0.08696583,-0.100575686,-0.08581734,1.1814569,1.1814569,1.1814569,1.1814569,1.1814569,0.9853498,0.9853498,0.9853498,0.9853498,0.9519265,1.0894854,1.130281,1.130281,1.1224476,1.1215997,1.0321143,1.060568,1.0621663,1.0570357,1.0482262,0.2,0.1,0.05,0.033333335,0.06666667,0.07470527,0.07470527,0.07470527,0.07470527,0.20944281,0.2,0.6,0.8,0.8666667,0.93333334,1.0,1.0,1.0,1.0,0.31666666,-0.8,-0.4,-0.2,-0.13333334,0.6166667,0.13703525,-0.15223062,0.3167717,0.47471383,0.47394195,-0.70871025,0.05517463,0.5017125,0.596415,0.5245805,0.2,0.4,0.4,0.43333334,0.43333334,0.8,0.6,0.6,0.56666666,0.55,-0.6,-0.2,-0.2,-0.13333334,-0.11666667,0.07963819,0.30866715,0.399324,0.44930673,0.46679926,0.9203618,0.6913328,0.600676,0.5506933,0.53320074,-0.84072363,-0.3826657,-0.20135202,-0.10138655,-0.06640151,1.1049932,1.0247259,0.9101456,0.83393556,0.801083,0.16976494,0.16712128,0.3152932,0.3118904,0.30150363,0.7183762,0.7197212,1.1627182,1.1780032,1.1485673,0.49399295,0.5649679,0.5095933,0.53065634,0.50346035,0.5060071,0.43503213,0.4904067,0.46934363,0.49653968,-0.012014117,0.12993573,0.019186588,0.061312713,0.006920659
SH601127,-0.037381219777263594,0.125,,2026-05-26,0.050194446,0.06003886,0.83603257,0.009844417,0.1639674,0.0,0.0,0.040350027,0.6720652,0.95220464,1.0093739,0.95220464,0.99215895,0.9268024,1.0039625,1.0702256,1.0250963,1.2630711,0.95469457,0.9606934,0.99717665,1.0122546,1.0716162,0.0327128,0.03166778,0.044524387,0.042577308,0.08197303,0.016653838,-0.0023261753,-0.0061669033,-0.0037619253,-0.0043070116,0.64793766,0.049460795,0.6714389,0.6050144,0.8419959,0.011997771,0.04977434,0.06140892,0.04229328,0.05544063,1.0093739,1.0351797,1.0751084,1.1102666,1.2602628,0.90004814,0.90004814,0.90004814,0.90004814,0.90004814,0.9719978,0.98740786,1.0347165,1.0432581,1.159978,0.94133186,0.9426527,0.9498074,0.964711,1.0105668,1.0,0.9,0.45,0.3,0.16666667,0.91425717,0.7396632,0.57095695,0.47546685,0.27747858,1.0,0.2,0.4,0.33333334,0.016666668,0.2,0.6,0.8,0.8666667,0.93333334,0.8,-0.4,-0.4,-0.53333336,-0.9166667,0.620256,0.33355743,-0.22162727,-0.33820236,-0.28860143,0.9286502,0.85482436,0.7277382,0.68177515,0.38620093,0.6,0.4,0.35,0.43333334,0.36666667,0.4,0.6,0.65,0.56666666,0.6333333,0.2,-0.2,-0.3,-0.13333334,-0.26666668,0.7620174,0.49150944,0.40901312,0.4741496,0.37520885,0.23798259,0.50849056,0.5909869,0.52585036,0.62479115,0.52403486,-0.016981125,-0.18197377,-0.051700763,-0.2495823,0.8331192,0.67048866,0.57486284,0.5081069,0.4576204,0.4340079,0.33831143,0.26084593,0.2528308,0.20138389,1.1666234,1.3466511,1.5018308,1.6610092,1.4818006,0.5935159,0.5782887,0.5156217,0.56616217,0.5388814,0.40648413,0.4217113,0.48437828,0.43383786,0.46111858,0.18703175,0.1565774,0.031243432,0.1323243,0.07776283
SH600803,-0.03747002488835724,0.125,,2026-05-26,0.015487824,0.023231834,0.6666638,0.00051630224,0.022223912,0.0072277077,0.31111223,0.022199228,0.95555216,0.98474836,1.0005084,0.9776309,0.9932818,1.0518801,1.0503842,1.066091,1.0676548,1.0040797,1.0161964,1.0384715,1.044931,1.0505519,1.086681,0.029849822,0.03114265,0.028442498,0.024623843,0.051938724,-0.016685933,-0.009087405,-0.0028187693,-0.0015817459,-0.0019204263,0.7811914,0.7805129,0.3437571,0.31978896,0.41697747,0.017175488,0.002421841,-0.018152686,-0.027616587,-0.030028382,1.0742781,1.092071,1.0971049,1.0971049,1.2481083,0.97713697,0.97713697,0.97713697,0.97713697,0.97713697,1.0341878,1.0610594,1.0717345,1.0682396,1.1340178,0.99654585,1.0077786,1.0254437,1.0308697,1.0515809,0.4,0.2,0.1,0.06666667,0.033333335,0.2353586,0.1989228,0.19057597,0.19057597,0.08437429,0.2,0.2,0.05,0.36666667,0.083333336,0.8,0.9,0.95,0.96666664,0.98333335,-0.6,-0.7,-0.9,-0.6,-0.9,0.5515541,0.2224479,0.049992044,0.04198607,0.6320339,0.16808614,0.10758388,-0.3929456,-0.43799558,0.23938438,0.4,0.4,0.55,0.53333336,0.51666665,0.6,0.6,0.45,0.46666667,0.48333332,-0.2,-0.2,0.1,0.06666667,0.033333335,0.2524334,0.32743353,0.38676614,0.41047332,0.49845916,0.7475666,0.6725665,0.61323386,0.58952665,0.50154084,-0.49513322,-0.34513292,-0.22646773,-0.17905335,-0.0030816968,1.553931,1.5010786,2.0105124,2.007848,3.238092,0.37602007,0.33735433,1.0076145,0.85734177,2.2746813,0.58972096,0.7915682,1.7715582,1.766352,1.9813364,0.51087934,0.34856766,0.4698209,0.44799778,0.49725062,0.48912066,0.65143234,0.53017914,0.5520022,0.5027494,0.021758685,-0.30286467,-0.060358237,-0.10400441,-0.0054987385
SZ000001,-0.03767179920474081,0.0,,2026-05-26,0.007469653,0.015873013,0.47058824,0.0037348266,0.23529412,0.0046685333,0.29411766,0.00840336,0.5294118,0.9925857,1.0037072,0.9879518,0.9971026,1.0064871,1.0426345,1.0194614,1.0287306,1.0064871,0.99388474,1.0057468,1.028407,1.0277739,1.0204057,0.0048414012,0.014948076,0.02715246,0.022310013,0.02027092,0.00018524619,-0.004414602,-0.0039433,-0.001132158,0.00035879234,0.0036601294,0.79951006,0.738192,0.1995796,0.09555189,0.005744759,0.014118907,0.009054419,-0.011357538,-0.030990075,1.0083421,1.0454105,1.0750726,1.0750726,1.0750726,0.9861008,0.9861008,0.9861008,0.9861008,0.9666336,0.99851805,1.01965,1.0539408,1.0483806,1.0359601,0.9898079,0.99128985,0.9996295,1.0064871,1.0050079,1.0,0.5,0.25,0.16666667,0.15,0.62492615,0.2343497,0.15622035,0.15622035,0.30769697,0.2,0.1,0.25,0.5,0.75,0.8,0.9,0.95,0.96666664,0.3,-0.6,-0.8,-0.7,-0.46666667,0.45,-0.17691137,0.22285585,0.5511446,0.3947749,0.22187847,0.07396344,0.17612803,0.70835334,0.6169108,0.27025378,0.2,0.1,0.25,0.33333334,0.43333334,0.6,0.7,0.6,0.56666666,0.5,-0.4,-0.6,-0.35,-0.23333333,-0.06666667,0.37929305,0.16173112,0.42953318,0.42439288,0.4927541,0.6207069,0.8382689,0.5704668,0.5756071,0.5072459,-0.24141388,-0.67653775,-0.14093365,-0.15121424,-0.014491823,1.0300198,1.0448972,1.3040226,1.1167479,1.071131,0.20971167,0.16316639,0.7149582,0.6456787,0.50504065,0.77518237,0.68256414,2.3213956,2.4939184,2.0278442,0.52127415,0.4410578,0.5126237,0.5138189,0.49285945,0.47872588,0.5589422,0.48737627,0.48618105,0.5071405,0.042548265,-0.1178844,0.025247434,0.027637891,-0.014281073
SH601211,-0.03880602884786065,0.0,,2026-05-26,0.013916442,0.023856876,0.5833304,0.007952348,0.33333567,0.001988087,0.08333392,0.007952181,0.33332866,0.98627454,1.0078433,0.9843138,0.9989939,1.0111977,1.0520935,1.097371,1.074002,1.2658228,0.9937683,1.0073029,1.0340312,1.0592828,1.1039517,0.0075376183,0.018681819,0.031421017,0.04473582,0.06704355,-0.0006329177,-0.0052580335,-0.004927118,-0.004946641,-0.0036076645,0.017626503,0.7261392,0.8606241,0.9475709,0.8831573,0.0074975532,0.016358303,0.012776437,0.012443571,0.002474428,1.0309193,1.0550693,1.0962578,1.1387233,1.2700884,0.98111194,0.98111194,0.98111194,0.98111194,0.98111194,1.0000974,1.0143136,1.0577409,1.104187,1.1723467,0.988705,0.9945473,1.0003895,1.0096397,1.053554,0.8,0.4,0.2,0.13333334,0.06666667,0.37922174,0.25539097,0.16403583,0.11983938,0.06536187,0.4,0.1,0.05,0.16666667,0.016666668,0.8,0.9,0.95,0.96666664,0.98333335,-0.4,-0.8,-0.9,-0.8,-0.96666664,-0.03512365,0.41515556,0.32418397,-0.08778778,-0.35776606,0.15861686,0.17634799,-0.117589615,0.25194657,0.04140007,0.4,0.4,0.35,0.36666667,0.38333333,0.6,0.6,0.55,0.56666666,0.5833333,-0.2,-0.2,-0.2,-0.2,-0.2,0.37894717,0.21390404,0.19696993,0.3515625,0.3035972,0.62105286,0.786096,0.8030301,0.6484375,0.6964028,-0.24210568,-0.5721919,-0.60606015,-0.29687497,-0.3928056,1.0356339,1.0813547,1.1989785,1.1257931,0.9221163,0.40122145,0.34922746,0.37904394,0.38699266,0.36924934,0.3308035,0.742535,1.2411263,1.6321645,1.3645475,0.53782696,0.46040887,0.5076518,0.50715166,0.5039038,0.462173,0.53959113,0.49234816,0.4928483,0.4960962,0.07565395,-0.07918227,0.015303643,0.014303379,0.007807592
SZ002920,-0.03944855779368549,0.125,,2026-05-26,0.023705086,0.059356004,0.39937133,0.030704595,0.51729554,0.0049463236,0.083333164,-0.0020531863,-0.034591045,0.97684383,1.0299937,0.97201204,0.99877256,0.93582845,0.9473639,0.9959839,0.96402633,1.1256943,0.96835,0.95896775,0.96109545,0.96514,0.98876214,0.051955253,0.036989722,0.032739058,0.028077746,0.050814837,0.026121512,0.0052946783,-0.0004161897,-0.00059547584,-0.0019966029,0.6319427,0.1878142,0.005656116,0.034858245,0.47087124,-0.020592999,0.017206175,0.042858373,0.043494422,0.07013765,1.0299937,1.0299937,1.0301305,1.0301305,1.1434375,0.8788856,0.8788856,0.8788856,0.8788856,0.8788856,1.0014697,0.9900196,0.9900196,0.9876442,1.0408956,0.9498419,0.9406135,0.942425,0.9470392,0.9477057,0.8,0.9,0.85,0.9,0.68333334,0.80150884,0.80150884,0.8007832,0.8007832,0.4578095,1.0,1.0,0.05,0.36666667,0.033333335,0.2,0.6,0.8,0.8666667,0.93333334,0.8,0.4,-0.75,-0.5,-0.9,0.60382295,0.466463,0.30984312,0.1830842,0.0017673292,-0.06743483,0.15129805,-0.014612268,0.041107543,0.048411764,0.6,0.5,0.5,0.5,0.43333334,0.4,0.5,0.5,0.5,0.56666666,0.2,0.0,0.0,0.0,-0.13333334,0.6481262,0.58805037,0.50449246,0.53105175,0.44142708,0.35187382,0.41194966,0.49550754,0.46894822,0.5585729,0.29625237,0.17610067,0.008984925,0.06210356,-0.117145814,1.152765,0.8137912,0.61542743,0.5246206,0.40845934,0.26665112,0.40226084,0.35724595,0.3225641,0.26271608,0.87878525,1.2899866,1.6153275,1.8054872,1.9954536,0.68987685,0.65228385,0.56713533,0.59387887,0.5544054,0.31012318,0.34771618,0.43286467,0.40612113,0.4455946,0.37975365,0.30456764,0.13427067,0.18775772,0.10881076
SH600905,-0.03954192606478324,0.0,,2026-05-26,0.0,0.00973235,0.0,0.0024330874,0.25,0.0072992626,0.75,0.004866175,0.5,1.0,1.0024331,0.99270076,0.9966928,1.0229886,1.0229886,1.0091954,0.9977012,1.0,1.0,1.008046,1.0063219,1.0042146,1.0246744,0.0028155004,0.012925029,0.011209434,0.009829209,0.031760506,0.00022987767,-0.0028282902,0.0002402547,0.0003605544,-0.0010175243,0.016665654,0.43893114,0.016078461,0.10428125,0.31305066,-0.0004597763,0.004681284,-0.008604307,-0.009442641,0.0053425888,1.021761,1.0440829,1.0440829,1.0440829,1.1371295,0.99270076,0.99270076,0.9905348,0.9905348,0.9905348,1.0022988,1.0156323,1.0142529,1.010115,1.0551724,0.9990805,1.0,0.9977012,0.9977012,0.9977012,0.5,0.3,0.4,0.45,0.29166666,0.25117707,0.1420582,0.1767605,0.1767605,0.06456708,0.2,0.1,0.55,0.7,0.33333334,0.6,0.8,0.25,0.5,0.46666667,-0.4,-0.7,0.3,0.2,-0.13333334,-0.33265537,0.713981,0.7721121,0.7576926,0.8810995,-0.29506198,0.44690222,0.39940965,0.4730365,0.46393603,0.4,0.5,0.5,0.46666667,0.45,0.6,0.5,0.4,0.4,0.43333334,-0.2,0.0,0.1,0.06666667,0.016666668,0.18749928,0.3958331,0.46969697,0.5060239,0.5,0.8125007,0.6041669,0.53030306,0.49397612,0.5,-0.62500143,-0.2083338,-0.06060608,0.0120477965,0.0,1.1042576,1.4335406,1.3582854,1.2384473,1.9029813,0.25898346,0.49413168,0.4468508,0.4417322,1.1107136,1.2177625,0.8363202,1.0567932,1.2011398,1.4368585,0.1859505,0.3572105,0.43076652,0.49947664,0.4970704,0.8140495,0.64278954,0.5692335,0.5005234,0.5029296,-0.628099,-0.28557903,-0.13846697,-0.001046731,-0.0058592106
SH601456,-0.04005331653159133,0.125,,2026-05-26,0.0044150692,0.026490103,0.16666862,0.015452548,0.58333284,0.006622487,0.24999854,-0.0044149915,-0.16666569,0.99560434,1.0153847,0.989011,1.0010325,1.0201057,1.0624338,1.0253968,1.0010582,1.079365,1.0048677,1.0189418,1.0338624,1.0305467,1.0279012,0.009687024,0.020522,0.024438903,0.020445248,0.02387606,-0.0047619017,-0.0061632176,-0.0023757792,-0.00024153781,-0.0002378674,0.6041156,0.8267744,0.3307629,0.010816511,0.030272223,0.004656096,0.008792702,-0.011292501,-0.027044408,-0.020884119,1.0488203,1.064336,1.0702884,1.0702884,1.0828196,0.989011,0.989011,0.989011,0.989011,0.9850254,1.0150265,1.0277249,1.0596825,1.0582011,1.0471957,0.9974603,0.9995767,1.0143915,1.0167196,1.0035979,0.6,0.3,0.15,0.1,0.16666667,0.18373479,0.14588842,0.13520399,0.13520399,0.15312363,0.4,0.2,0.25,0.5,0.016666668,1.0,1.0,1.0,1.0,0.46666667,-0.6,-0.8,-0.75,-0.5,-0.45,-0.12949125,-0.3076904,0.1798408,0.18512249,0.38565135,0.39297512,0.25490323,0.34800673,0.37045875,0.32989126,0.6,0.4,0.5,0.53333336,0.45,0.4,0.5,0.45,0.4,0.48333332,0.2,-0.1,0.05,0.13333334,-0.033333335,0.1724151,0.10666673,0.4154929,0.49746192,0.4179431,0.8275849,0.89333326,0.5845071,0.5025381,0.5820569,-0.6551698,-0.7866665,-0.16901419,-0.0050761946,-0.16411382,0.860742,0.746158,0.8259899,0.7664047,0.7146297,0.2855676,0.23576543,0.31380463,0.30828372,0.26692155,1.4831003,1.1620327,1.5576817,1.5484904,1.3347043,0.6260887,0.56644124,0.5438999,0.53231883,0.5016118,0.3739113,0.43355876,0.4561001,0.46768114,0.49838817,0.2521774,0.13288248,0.08779977,0.06463769,0.0032236634
SZ002371,-0.0409360218865082,0.625,,2026-05-26,-0.028623275,0.06426094,-0.4454226,0.015942015,0.2480825,0.01969565,0.3064949,-0.02486964,-0.38701022,1.0294667,1.0458785,0.979724,1.003148,0.92458034,0.8675118,0.7086924,0.70546937,0.74002326,1.0015461,0.9416641,0.86969686,0.81473553,0.74757916,0.02397156,0.06823049,0.09345625,0.10964293,0.10343482,0.009503685,0.021304864,0.015291357,0.011811015,0.0047080917,0.39294475,0.8937417,0.9370082,0.89932144,0.6319113,-0.020553503,-0.037535988,-0.014964763,0.0140047725,0.11353215,1.076614,1.076614,1.076614,1.076614,1.076614,0.9160768,0.8213364,0.6919805,0.6639319,0.6299901,1.0083373,0.9985084,0.98082584,0.898645,0.8274417,0.98708326,0.87997025,0.7952767,0.7082626,0.6747008,0.8,0.9,0.95,0.96666664,0.98333335,0.5227647,0.6998795,0.80081284,0.8143509,0.82845956,0.4,0.7,0.85,0.9,0.95,0.2,0.1,0.05,0.23333333,0.46666667,0.2,0.6,0.8,0.6666667,0.48333332,0.23419489,0.5129321,0.50033915,0.56068707,0.7258658,0.5551828,0.5234708,0.6393616,0.5183047,0.49615213,0.8,0.7,0.7,0.6,0.5,0.2,0.3,0.3,0.4,0.5,0.6,0.4,0.4,0.2,0.0,0.73747987,0.7483521,0.7998916,0.74222493,0.6211567,0.26252016,0.2516479,0.20010844,0.25777507,0.37884328,0.47495967,0.49670425,0.5997831,0.48444983,0.24231343,1.2748892,1.171898,1.0329597,0.92606694,0.7042762,0.22312094,0.28626508,0.30006775,0.3407233,0.33937916,0.62312484,0.76787233,1.0202523,1.152305,1.2862355,0.5109076,0.53942096,0.5274904,0.5227407,0.5188091,0.4890924,0.46057907,0.47250965,0.47725925,0.48119095,0.02181519,0.07884187,0.0549807,0.045481484,0.037618123
SH601186,-0.041880593975769216,0.125,,2026-05-26,0.0,0.009463702,0.0,0.0015772589,0.16666405,0.007886443,0.83333594,0.0063091842,0.6666719,1.0,1.0015773,0.99211353,0.9960708,1.0395721,1.0663102,1.082353,1.0994651,1.1497326,1.0083423,1.0259893,1.0462031,1.0615686,1.0956684,0.009872075,0.022023028,0.025835842,0.030642692,0.044994574,-0.005882354,-0.006968076,-0.0039419406,-0.0032889787,-0.0024213796,0.88761646,0.9176628,0.8147849,0.8928325,0.8832941,0.0034224798,0.0053670597,-0.008754756,-0.013878421,-0.024237733,1.0377232,1.066037,1.0816808,1.1074064,1.1965692,0.99211353,0.99211353,0.99211353,0.99211353,0.99211353,1.0149733,1.0417112,1.0663102,1.08877,1.139893,1.0008556,1.0036364,1.0213903,1.0365775,1.0641711,0.2,0.1,0.05,0.033333335,0.016666668,0.17291185,0.10668377,0.0880506,0.06840363,0.038572874,0.2,0.2,0.05,0.033333335,0.2,1.0,1.0,1.0,1.0,1.0,-0.8,-0.8,-0.95,-0.96666664,-0.8,-0.8817474,0.28001377,-0.009926805,-0.3948544,0.5853753,0.5976413,0.13010962,-0.08362164,-0.18025735,-0.1060823,0.0,0.1,0.25,0.23333333,0.33333334,1.0,0.9,0.75,0.7,0.5833333,-1.0,-0.8,-0.5,-0.46666667,-0.25,0.0,0.15555562,0.22695054,0.22807063,0.3516949,1.0,0.8444444,0.7730495,0.7719294,0.64830506,-1.0,-0.6888887,-0.5460989,-0.54385877,-0.29661015,0.91885614,1.0097294,1.0007617,0.9389534,1.2420912,0.093461744,0.13311248,0.17009905,0.1915211,0.5829713,0.6913344,0.625397,0.6853996,0.84807545,1.2902626,0.3470852,0.5064338,0.52755594,0.53703284,0.39702496,0.6529148,0.49356622,0.47244406,0.4629672,0.602975,-0.3058296,0.012867575,0.055111904,0.07406563,-0.20595007
SZ002736,-0.04189462620501844,0.0,,2026-05-26,0.012858586,0.020771498,0.61904955,0.006923808,0.33333212,0.0009891046,0.047618356,0.006923883,0.33333576,0.9873047,1.0068359,0.9863281,0.99966145,1.0089285,1.0565476,1.0877975,1.109375,1.2113094,0.99434525,1.0077381,1.034375,1.0718998,1.1140252,0.006149083,0.020316718,0.03179865,0.0636811,0.070830144,-0.00022319704,-0.005519478,-0.0049655386,-0.006822229,-0.0035396942,0.0032937918,0.67655075,0.85346043,0.8894736,0.7617196,0.006101176,0.017099576,0.012797633,0.02702254,-0.009604291,1.0251039,1.0566875,1.0890558,1.205727,1.298731,0.9831664,0.9831664,0.9831664,0.9831664,0.9831664,0.99821424,1.015625,1.056994,1.1258928,1.1885417,0.989881,0.99642855,0.99955356,1.0071428,1.0546131,1.0,0.55,0.275,0.18333334,0.09166667,0.40139747,0.22896321,0.15897365,0.075636104,0.05334445,0.4,0.1,0.05,0.16666667,0.23333333,0.6,0.8,0.9,0.93333334,0.96666664,-0.2,-0.7,-0.85,-0.76666665,-0.73333335,0.08712387,0.28524423,0.55060685,0.16045585,0.12812278,0.252378,0.122862495,-0.23332024,-0.1867115,0.2281662,0.4,0.3,0.4,0.43333334,0.41666666,0.4,0.6,0.5,0.5,0.55,0.0,-0.3,-0.1,-0.06666667,-0.13333334,0.3846157,0.22857147,0.30067587,0.36944944,0.3904321,0.61538434,0.7714285,0.69932413,0.63055056,0.6095679,-0.23076864,-0.54285705,-0.39864823,-0.2611011,-0.2191358,1.0516868,1.0562332,1.2879429,1.3599912,1.3222431,0.32803932,0.28547928,0.43045253,0.5923982,0.7812737,0.71419334,0.8600529,1.3009214,1.674012,1.6856513,0.57426685,0.42859057,0.47580296,0.5105841,0.49816093,0.42573318,0.5714094,0.52419704,0.48941585,0.50183904,0.14853366,-0.14281885,-0.048394084,0.021168264,-0.0036781156
SH601669,-0.04258755379048246,0.0,,2026-05-26,-0.018083237,0.027124813,-0.6666677,0.0,0.0,0.009041577,0.3333323,-0.00904166,-0.3333354,1.0184163,1.0184163,0.9907919,0.9985748,1.0698631,1.0958905,1.0931507,1.0479453,1.0342466,1.0158905,1.0467124,1.0538356,1.0564841,1.0749544,0.016569132,0.038009167,0.03261463,0.028895477,0.05229443,-0.007260282,-0.01154837,-0.0017983323,-0.00066588493,-0.0011397764,0.48000693,0.8462061,0.106410146,0.04115668,0.14488663,-0.0013698577,0.005255301,-0.036751494,-0.046828724,-0.041330975,1.0664093,1.1315879,1.1315879,1.1315879,1.3232877,0.9907919,0.9907919,0.9907919,0.9907919,0.9907919,1.0249316,1.070411,1.0783563,1.0816439,1.0961645,1.0065753,1.0082191,1.0271233,1.0364383,1.0424658,0.2,0.1,0.05,0.033333335,0.016666668,0.121771954,0.06540023,0.06540023,0.06540023,0.027693845,0.2,0.1,0.55,0.7,0.2,1.0,1.0,1.0,1.0,1.0,-0.8,-0.9,-0.45,-0.3,-0.8,-0.3818137,0.56141883,0.69728976,0.6921673,0.8594239,-0.80878866,-0.17647956,0.46782783,0.47705603,0.45120722,0.2,0.4,0.45,0.5,0.5,0.6,0.5,0.5,0.46666667,0.48333332,-0.4,-0.1,-0.05,0.033333335,0.016666668,0.13043478,0.24637662,0.37857136,0.44927526,0.48717946,0.8695652,0.75362337,0.6214286,0.55072474,0.51282054,-0.73913044,-0.50724673,-0.24285726,-0.10144947,-0.025641056,0.9304375,1.1729127,1.23056,1.1901603,1.889718,0.2099825,0.5463143,0.56157047,0.4983144,1.6764789,0.8451991,1.0834697,1.2846063,1.3787849,2.401413,0.57971877,0.412901,0.47611672,0.50362986,0.48682356,0.4202812,0.587099,0.5238833,0.49637017,0.51317644,0.15943758,-0.17419799,-0.047766585,0.0072596767,-0.026352908
SH601818,-0.04371252221558334,0.25,,2026-05-26,-0.0032257922,0.009677445,-0.333331,0.0064516524,0.666669,0.0,0.0,-0.009677445,-1.0,1.0032362,1.0097088,1.0,1.0032157,1.0109375,1.0203125,1.0296875,1.0328125,1.05,1.00625,1.008125,1.0129688,1.0194792,1.0366666,0.0051822234,0.005929272,0.008112656,0.011596767,0.022247262,-0.0031250007,-0.0012310618,-0.0010267865,-0.0011985542,-0.0010769484,0.90909237,0.39515582,0.56066346,0.82783383,0.71472085,0.0,-0.0025852283,-0.0032142878,-0.0021001392,-0.0048966985,1.0237819,1.0237819,1.029915,1.0392878,1.0878378,1.0,0.99676377,0.99676377,0.99676377,0.99676377,1.0090625,1.0140625,1.0203125,1.0296875,1.056875,1.00375,1.00375,1.0071875,1.0078125,1.0140625,0.2,0.15,0.075,0.05,0.025,0.0,0.11977977,0.09762031,0.07610349,0.035534047,0.2,0.6,0.1,0.033333335,0.2,1.0,0.4,0.7,0.8,0.9,-0.8,0.2,-0.6,-0.76666665,-0.7,0.8786316,0.26620156,-0.01275083,-0.23706983,0.5557291,0.7507895,-0.07413314,-0.0522257,-0.09453529,-0.19600452,0.2,0.3,0.3,0.26666668,0.3,0.6,0.6,0.5,0.4,0.41666666,-0.4,-0.3,-0.2,-0.13333334,-0.11666667,0.1818171,0.3142859,0.34426242,0.3521127,0.43103454,0.8181829,0.6857141,0.6557376,0.6478873,0.56896544,-0.6363658,-0.37142822,-0.31147513,-0.2957746,-0.13793091,1.2459629,1.2949951,1.3357673,1.2609357,1.8465697,0.49699005,0.384109,0.42602614,0.39969018,0.9072025,0.6679225,0.677487,0.95198673,1.161011,1.6482201,0.4663442,0.48720577,0.49737486,0.49927843,0.44297913,0.53365576,0.5127942,0.50262517,0.5007216,0.55702084,-0.06731158,-0.025588429,-0.0052502756,-0.0014431751,-0.114041716
SZ000858,-0.0450366507051249,0.25,,2026-05-26,-0.004537867,0.020420296,-0.22222336,0.010150382,0.4970732,0.005732048,0.28070346,-0.008956201,-0.4385931,1.0045586,1.0147552,0.99424183,1.0018048,1.0290323,1.08637,1.2137725,1.2308048,1.2616378,1.013315,1.0301216,1.0887468,1.1340166,1.1838067,0.010911587,0.023554735,0.071154736,0.087201044,0.07973807,-0.006514394,-0.0073597482,-0.011690739,-0.0096038645,-0.0036472792,0.89107096,0.8949132,0.94480956,0.9400489,0.638126,-0.00028621964,0.002997315,0.022315193,0.005239452,-0.076211885,1.0460639,1.0950083,1.2226491,1.247599,1.2694367,0.99424183,0.99424183,0.99424183,0.99424183,0.99424183,1.0241597,1.0471921,1.1676104,1.217037,1.2392529,1.0064282,1.0090909,1.0250252,1.028528,1.1044405,0.2,0.1,0.05,0.033333335,0.016666668,0.11111425,0.057143837,0.025210127,0.022727508,0.020924,0.4,0.2,0.05,0.16666667,0.23333333,1.0,1.0,1.0,1.0,1.0,-0.6,-0.8,-0.95,-0.8333333,-0.76666665,0.7874824,0.92589664,-0.4293283,-0.7483411,-0.76353353,0.9858259,0.25039855,-0.7035676,-0.641599,-0.45153314,0.2,0.2,0.2,0.26666668,0.4,0.8,0.8,0.75,0.7,0.5833333,-0.6,-0.6,-0.55,-0.43333334,-0.18333334,0.041665014,0.040845424,0.038842663,0.111805774,0.28788525,0.958335,0.9591546,0.9611573,0.8881942,0.71211475,-0.91666996,-0.91830915,-0.9223147,-0.77638847,-0.42422947,1.05368,1.2589259,1.232711,0.97599596,0.7340347,0.091489285,0.29573107,0.59352845,0.6082008,0.5029303,0.91671515,0.96306664,1.9582824,2.279431,2.4320536,0.3976206,0.4094469,0.5220099,0.53432626,0.5153994,0.60237944,0.5905531,0.4779901,0.4656737,0.4846006,-0.20475885,-0.18110618,0.044019822,0.06865257,0.030798815
SH600219,-0.04580060643362476,0.375,,2026-05-26,0.07169811,0.09622646,0.7450976,0.011320817,0.117647655,0.013207539,0.13725476,0.073584825,0.7647047,0.9330986,1.0105635,0.92077464,0.9726619,0.904924,0.9409528,1.0318254,1.0832666,1.2083666,0.9306245,0.9234388,0.936299,0.9800707,1.0633173,0.04153879,0.034503773,0.035254557,0.0701227,0.12592512,0.019875897,0.002779192,-0.0020965645,-0.0065839984,-0.006276607,0.5723818,0.059472393,0.12378098,0.68322533,0.7577483,0.029623693,0.06405487,0.083618306,0.115397245,0.12184259,1.0105635,1.0105635,1.0248567,1.1004184,1.3712001,0.8837707,0.86380315,0.86380315,0.86380315,0.86380315,0.9436349,0.9398719,0.9536429,1.0572058,1.2066454,0.9102482,0.89367497,0.9063651,0.9182546,0.94059247,1.0,1.0,0.9,0.6,0.31666666,0.91668737,0.9280225,0.84566206,0.57560456,0.26842266,1.0,1.0,0.05,0.2,0.1,0.6,0.4,0.7,0.8,0.9,0.4,0.6,-0.65,-0.6,-0.8,0.9028992,0.7618427,0.2835923,-0.010033233,0.45843455,0.76878154,0.66843015,-0.07445722,0.013770331,0.27076015,0.6,0.5,0.45,0.36666667,0.4,0.4,0.5,0.55,0.56666666,0.53333336,0.2,0.0,-0.1,-0.2,-0.13333334,0.781065,0.6106526,0.46568838,0.4365079,0.43744743,0.218935,0.38934737,0.53431165,0.56349206,0.5625526,0.56213,0.22130525,-0.06862325,-0.12698415,-0.12510516,0.4362622,0.3807888,0.40151227,0.38256362,0.43791443,0.31944633,0.2242009,0.19223036,0.16943064,0.1818872,1.5173305,1.6649325,1.7518511,1.7441034,1.4409417,0.8622216,0.76682955,0.61628735,0.57664883,0.5295098,0.13777842,0.23317046,0.38371268,0.42335117,0.47049022,0.72444314,0.53365904,0.23257466,0.15329766,0.05901959
SZ300122,-0.04580989334629119,0.25,,2026-05-26,-0.01762114,0.032305423,-0.54545456,0.0022026172,0.06818104,0.012481667,0.38636443,-0.0073420913,-0.22727115,1.0179372,1.0201794,0.98729444,1.0019526,1.115786,1.1808594,1.1151128,1.1688545,1.3139235,1.0516998,1.0898238,1.1180298,1.1311007,1.158151,0.041713513,0.051181912,0.052247737,0.04783672,0.05464487,-0.026309885,-0.0162201,-0.0049278373,-0.003422006,-0.0022076832,0.99454474,0.9206308,0.3113478,0.3965888,0.49782246,0.0009200317,-0.016833393,-0.07121538,-0.081481546,-0.09302436,1.1278077,1.1853389,1.2526089,1.2526089,1.3131938,0.98729444,0.98729444,0.98729444,0.98729444,0.98729444,1.0866599,1.1248288,1.1525861,1.1672838,1.2071581,1.0184898,1.0452821,1.0979019,1.1061372,1.115786,0.2,0.1,0.05,0.033333335,0.016666668,0.0904224,0.06415507,0.047888655,0.047888655,0.03898613,0.2,0.2,0.45,0.6333333,0.016666668,1.0,1.0,1.0,1.0,1.0,-0.8,-0.8,-0.55,-0.36666667,-0.98333335,-0.84108347,-0.2925797,0.41932994,0.20517135,0.05720881,0.17697364,-0.58105487,0.56613386,0.5096111,0.32740286,0.0,0.1,0.35,0.33333334,0.38333333,1.0,0.9,0.6,0.6333333,0.6,-1.0,-0.8,-0.25,-0.3,-0.21666667,0.0,0.048206072,0.3506984,0.33666155,0.3700297,1.0,0.9517939,0.6493016,0.6633384,0.6299703,-1.0,-0.9035879,-0.29860318,-0.3266769,-0.25994065,0.9157068,0.88119125,1.0128243,0.90666026,0.8949713,0.17873685,0.20101346,0.55729127,0.48317906,0.4176107,0.4610824,0.6895904,1.8009511,1.9108462,1.5834457,0.8911934,0.31732804,0.5197277,0.5042522,0.4981092,0.10880659,0.68267196,0.4802723,0.49574777,0.50189084,0.78238684,-0.36534393,0.0394554,0.008504448,-0.0037816328
SH688223,-0.04741321491662576,0.0,,2026-05-26,-0.01577283,0.044163965,-0.35714254,0.0063091516,0.14285745,0.022081982,0.5,0.0,0.0,1.0160255,1.0224359,0.97756416,0.99581915,1.0820434,1.1888545,1.0789473,1.0325078,1.2182662,1.0343653,1.0828173,1.0838236,1.0852941,1.126806,0.03175073,0.070199154,0.06649859,0.056271076,0.085038036,-0.010835911,-0.020574164,-0.00029679423,-0.00013189657,-0.0028175614,0.29118127,0.7873939,0.0006971946,0.00042579274,0.3348268,-0.012693508,0.009766389,-0.08100399,-0.083381616,-0.04368793,1.0887667,1.254834,1.254834,1.254834,1.4093707,0.97756416,0.97756416,0.97182757,0.97182757,0.97182757,1.0640867,1.1117647,1.1526315,1.1191951,1.1944273,1.0086688,1.0232198,1.0275542,1.0427245,1.0606811,0.2,0.1,0.1,0.06666667,0.05,0.20175667,0.080917045,0.09954691,0.09954691,0.064387746,0.6,0.2,0.6,0.73333335,0.16666667,1.0,1.0,0.2,0.46666667,0.73333335,-0.4,-0.8,0.4,0.26666668,-0.56666666,0.5590538,0.6122005,0.72177,0.62101465,0.7666945,0.8750022,0.22564465,0.4340477,0.5244945,0.53537905,0.2,0.3,0.5,0.46666667,0.41666666,0.8,0.7,0.5,0.5,0.55,-0.6,-0.4,0.0,-0.033333335,-0.13333334,0.3007518,0.2520327,0.43971634,0.48073396,0.44663134,0.6992482,0.7479673,0.56028366,0.51926607,0.5533687,-0.3984964,-0.4959346,-0.1205673,-0.038532097,-0.10673732,1.0450722,1.2062671,1.139877,1.0548825,1.2699963,0.15616213,0.33031416,0.33983213,0.3285479,0.5007139,0.57234013,0.8712225,0.9241308,1.071108,1.0749854,0.54640317,0.43662414,0.50796014,0.52058065,0.4898775,0.45359686,0.56337583,0.49203986,0.47941932,0.51012254,0.09280629,-0.1267517,0.01592027,0.041161343,-0.020245032
SH600019,-0.048232212879419936,0.0,,2026-05-26,0.016835036,0.02525259,0.66666573,0.001683525,0.06666742,0.0067340285,0.26666686,0.02188554,0.8666652,0.9834437,1.0016557,0.9768211,0.99226487,1.0,1.0647969,1.0565764,1.0599613,1.1624758,0.9869439,1.0076885,1.0320116,1.0392811,1.0778369,0.008361511,0.02762777,0.03245466,0.028901514,0.05888748,0.0025145113,-0.007757455,-0.0043803896,-0.0023429212,-0.002939297,0.2260881,0.7227004,0.63758695,0.5093026,0.7598726,0.008027072,0.027219972,0.009602105,-0.005308741,0.00887239,1.0034288,1.0666473,1.0846686,1.0846686,1.215569,0.97230357,0.97230357,0.97230357,0.97230357,0.97230357,0.9907157,1.0343326,1.0559961,1.0617988,1.1432302,0.9823017,0.98510635,0.99767894,1.0069633,1.0445842,1.0,0.55,0.275,0.18333334,0.09166667,0.88983756,0.2935694,0.24648616,0.24648616,0.11385278,0.4,0.1,0.5,0.6666667,0.06666667,0.6,0.8,0.9,0.93333334,0.96666664,-0.2,-0.7,-0.4,-0.26666668,-0.9,0.71560436,0.4316261,0.23236246,0.051302847,0.6572188,0.700521,0.14880969,0.11347656,0.013383901,-0.09648749,0.4,0.2,0.35,0.43333334,0.43333334,0.6,0.7,0.6,0.5,0.53333336,-0.2,-0.5,-0.25,-0.06666667,-0.1,0.5,0.20614018,0.3778706,0.39935058,0.38663968,0.5,0.79385984,0.6221294,0.6006494,0.61336035,0.0,-0.5877197,-0.2442588,-0.20129885,-0.22672066,0.79162425,0.90008193,0.9298611,0.9017501,1.1142744,0.13297485,0.19368584,0.26664728,0.23931587,0.5408133,0.5815895,0.81379294,0.86796534,0.9293403,1.2296083,0.59070814,0.5458967,0.50090015,0.515911,0.3931887,0.40929186,0.45410332,0.49909985,0.48408905,0.60681134,0.18141627,0.09179337,0.0018003108,0.03182191,-0.21362264
SZ300015,-0.051342229668934036,0.125,,2026-05-26,-0.0205184,0.02915762,-0.70370626,0.0010798518,0.037034977,0.007559368,0.25925875,-0.014038884,-0.4814825,1.0209482,1.0220507,0.9922823,1.0010753,1.0893008,1.164273,1.1477352,1.0474038,1.1797061,1.0235914,1.0886412,1.1386395,1.1160942,1.108046,0.017445067,0.07613897,0.07478612,0.07056342,0.057720333,-0.009042223,-0.024296194,-0.011274672,-9.952668e-05,-0.00013821466,0.6716533,0.933413,0.7954885,0.0001541777,0.0017488411,-0.005506995,0.020691708,-0.03153011,-0.11465108,-0.103968665,1.0782851,1.2116883,1.2447526,1.2447526,1.2447526,0.99117285,0.99117285,0.99117285,0.99117285,0.99117285,1.034398,1.1708915,1.199779,1.1885273,1.1647149,1.009695,1.0262328,1.0416793,1.0538014,1.0579927,0.2,0.1,0.05,0.033333335,0.016666668,0.10133082,0.040029652,0.034810163,0.034810163,0.034810163,0.2,0.1,0.05,0.36666667,0.68333334,0.8,0.9,0.95,0.96666664,0.98333335,-0.6,-0.8,-0.9,-0.6,-0.3,0.81864583,-0.3165256,0.1280272,0.43674174,0.34205285,0.012862706,0.39925724,0.45979178,0.5841524,0.351239,0.2,0.2,0.3,0.4,0.4,0.8,0.8,0.7,0.53333336,0.56666666,-0.6,-0.6,-0.4,-0.13333334,-0.16666667,0.14160961,0.19840196,0.3412362,0.4605549,0.4113196,0.8583904,0.801598,0.65876377,0.5394451,0.5886804,-0.7167808,-0.6031961,-0.31752756,-0.07889018,-0.17736076,1.1110743,1.0456067,1.1500692,1.0024563,0.74488455,0.20931117,0.19695096,0.56435055,0.5562228,0.47494885,0.68282074,0.57564944,1.3709978,1.5263697,1.7927258,0.41174647,0.5843001,0.4470981,0.52548933,0.51329404,0.58825356,0.41569987,0.55290186,0.47451064,0.48670596,-0.17650706,0.16860025,-0.10580377,0.050978705,0.026588093
SH688303,-0.05171812282932068,0.125,,2026-05-26,-0.011645562,0.037974734,-0.30666605,0.01012658,0.26666623,0.016202593,0.42666772,-0.005569548,-0.14666456,1.0117828,1.0220287,0.9836065,0.9974231,1.0869163,1.1423948,1.1955618,1.046232,1.2487286,1.0440129,1.0815533,1.1198567,1.1309601,1.1384882,0.038665872,0.05529636,0.05584489,0.053317986,0.05828,-0.022515018,-0.01703022,-0.007898038,-0.0033789019,-0.0016298381,0.8476742,0.8694786,0.70006704,0.31124714,0.23853369,0.0010171214,-0.0049173823,-0.04482529,-0.08196598,-0.09040796,1.1362847,1.204066,1.2093897,1.2720312,1.2720312,0.9836065,0.9836065,0.9836065,0.9836065,0.9836065,1.0663892,1.1096624,1.1732779,1.1762366,1.1901063,1.015164,1.0378178,1.0799814,1.0866389,1.0837725,0.2,0.1,0.05,0.033333335,0.016666668,0.10737294,0.0743606,0.072607286,0.056838088,0.056838088,0.4,0.2,0.35,0.26666668,0.6333333,1.0,1.0,1.0,1.0,1.0,-0.6,-0.8,-0.65,-0.73333335,-0.36666667,0.6099327,0.40127963,0.29044554,0.4427495,0.20485297,0.21747187,-0.15989669,0.08658408,0.53917855,0.53837734,0.4,0.4,0.4,0.46666667,0.45,0.6,0.6,0.6,0.53333336,0.55,-0.2,-0.2,-0.2,-0.06666667,-0.1,0.20063661,0.26307693,0.3129974,0.46995196,0.39940166,0.7993634,0.7369231,0.6870026,0.530048,0.60059834,-0.59872675,-0.47384617,-0.3740052,-0.060096078,-0.20119667,1.1136544,1.1839584,1.2198845,1.2651447,1.0285023,0.13866654,0.2583642,0.28257933,0.35732606,0.3761723,0.6924969,0.7844988,0.7746931,1.0613452,1.2444701,0.56804717,0.45733908,0.4288603,0.52157277,0.5023585,0.43195286,0.5426609,0.5711397,0.47842726,0.4976415,0.13609427,-0.08532183,-0.14227936,0.043145493,0.0047169654
SH688271,-0.0526398828636293,0.125,,2026-05-26,0.012114415,0.038749058,0.31263766,0.023111967,0.59645236,0.0035226753,0.09090996,-0.0074748774,-0.19290476,0.9880306,1.0228354,0.98455006,1.0042996,0.95940244,0.9721472,0.99037814,0.95746124,1.0819548,0.994919,0.9738268,0.9678343,0.97005403,0.9866546,0.03453157,0.033510443,0.027745502,0.023661524,0.042437218,0.0043889154,0.0063833795,0.001827534,0.00035694914,-0.0014337273,0.040385157,0.33262312,0.15184967,0.017637175,0.34812817,-0.0036968337,-0.0025520436,0.01480416,0.024770185,0.055640355,1.1100909,1.1100909,1.1100909,1.1100909,1.1335642,0.93975747,0.92654234,0.92654234,0.92654234,0.9254436,1.0093518,0.993788,0.98575294,0.98811615,1.0174206,0.97800475,0.95050645,0.9491898,0.9507428,0.9531567,0.8,0.9,0.95,0.96666664,0.73333335,0.35367426,0.4002084,0.4002084,0.4002084,0.3582366,0.4,0.7,0.85,0.9,0.016666668,0.2,0.4,0.7,0.8,0.46666667,0.2,0.3,0.15,0.1,-0.45,0.8552218,0.8670214,0.6680387,0.4339977,0.12762095,0.89299977,0.8337933,0.72186166,0.7016487,0.555433,0.6,0.4,0.5,0.53333336,0.43333334,0.4,0.6,0.5,0.46666667,0.55,0.2,-0.2,0.0,0.06666667,-0.11666667,0.6117045,0.55555546,0.512544,0.54425704,0.4578083,0.3882955,0.44444457,0.48745602,0.45574293,0.5421917,0.22340901,0.111110866,0.025087941,0.088514134,-0.08438343,1.5261444,1.0663803,0.85758287,0.7027035,0.5467539,0.9601441,0.803437,0.6109368,0.5439615,0.42333862,1.4649091,1.965,2.3450282,2.7207253,2.9248195,0.53804976,0.5419524,0.5454565,0.54604644,0.5301955,0.46195024,0.45804766,0.45454347,0.45395356,0.46980456,0.076099485,0.08390469,0.090913065,0.09209285,0.060390905
SH600276,-0.05274835579723168,0.125,,2026-05-26,0.002444985,0.027913623,0.087591104,0.01976365,0.70802885,0.005704987,0.20438004,-0.011613679,-0.41605774,0.997561,1.0197154,0.9918699,1.0040938,1.0485761,1.1404451,1.1463392,1.1577218,1.1760145,1.0223565,1.0562797,1.081879,1.1032983,1.1145447,0.019655794,0.04431174,0.043315135,0.047608968,0.0411653,-0.011219717,-0.0142093105,-0.0060228086,-0.0046941307,-0.0010326462,0.8145592,0.9425835,0.67668545,0.7534155,0.19192886,8.289038e-05,0.0076622088,-0.02466229,-0.03523336,-0.08408172,1.0729661,1.16382,1.1965426,1.1965426,1.1965426,0.9918699,0.9918699,0.9918699,0.9918699,0.9918699,1.0376017,1.0986993,1.1192681,1.1424793,1.1460149,1.0037378,1.021583,1.0436982,1.0622354,1.0892684,0.2,0.1,0.05,0.033333335,0.016666668,0.10025244,0.047281705,0.039722417,0.039722417,0.039722417,0.4,0.1,0.5,0.6666667,0.8333333,1.0,1.0,1.0,1.0,1.0,-0.6,-0.9,-0.5,-0.33333334,-0.16666667,0.5620154,0.64464337,0.1709882,-0.08986268,-0.15455204,0.25727597,0.1000577,0.47572306,0.40118286,0.25417322,0.2,0.1,0.25,0.33333334,0.36666667,0.8,0.9,0.75,0.6666667,0.6333333,-0.6,-0.8,-0.5,-0.33333334,-0.26666668,0.14747785,0.0632028,0.26347324,0.33115783,0.42037585,0.85252213,0.9367972,0.7365267,0.66884214,0.5796242,-0.70504427,-0.8735944,-0.4730535,-0.33768433,-0.15924832,1.1350814,1.1975569,1.2152818,1.1161011,0.9211803,0.17407738,0.270756,0.5915303,0.52530247,0.45966664,0.47567958,0.60103154,1.6529077,1.5623064,1.4257563,0.5081691,0.17612642,0.47923285,0.51411164,0.5113045,0.4918309,0.8238736,0.52076715,0.48588836,0.4886955,0.016338225,-0.64774716,-0.041534282,0.02822328,0.022608994
SH601169,-0.05394043916639832,0.0,,2026-05-26,-0.0019608338,0.007843119,-0.25000685,0.0039215595,0.5,0.001960726,0.24999315,-0.0039216676,-0.5000137,1.0019647,1.005894,0.99803543,1.0008769,1.0135567,1.0334929,1.076555,1.0610049,1.0530304,1.0035088,1.0137161,1.029386,1.0420787,1.0548711,0.00417618,0.012547243,0.021669049,0.025529878,0.023417208,-0.0025119847,-0.004025905,-0.0034068439,-0.0026531338,-0.0009206768,0.90451455,0.9437171,0.86515284,0.83699435,0.4714591,0.001515153,0.0044004223,0.002979,-0.0036082892,-0.027711157,1.017426,1.0354288,1.0844716,1.0844716,1.0904237,0.99803543,0.99803543,0.99803543,0.99803543,0.99803543,1.0066986,1.0283095,1.0410687,1.0669857,1.0745615,1.0,1.0015949,1.0088518,1.0151516,1.0334929,0.3,0.15,0.075,0.05,0.025,0.10131593,0.05253811,0.022728661,0.022728661,0.021264356,0.2,0.1,0.1,0.4,0.23333333,0.8,0.9,0.95,0.96666664,0.98333335,-0.6,-0.8,-0.85,-0.56666666,-0.75,-0.63085496,0.104506455,0.4766734,0.057444446,0.18139355,0.37711456,-0.0550065,-0.75552917,-0.2998124,-0.24747008,0.0,0.0,0.05,0.2,0.36666667,0.8,0.8,0.65,0.56666666,0.5,-0.8,-0.8,-0.6,-0.36666667,-0.13333334,0.0,0.0,0.08620724,0.28808853,0.43137246,1.0,1.0,0.9137928,0.7119115,0.56862754,-1.0,-1.0,-0.8275855,-0.42382294,-0.13725506,0.92433906,0.96214896,1.3505057,1.2204857,1.3361412,0.06176518,0.09835972,0.8895249,0.778514,0.6460393,0.62525564,1.1433471,3.304949,3.3102906,2.2901702,0.5746537,0.48250967,0.4497489,0.5098547,0.4891586,0.42534634,0.5174903,0.5502511,0.49014533,0.51084137,0.14930734,-0.03498066,-0.10050219,0.019709328,-0.021682777
SH601117,-0.054107055863970695,0.125,,2026-05-26,0.015286613,0.029299386,0.52173835,0.0,0.0,0.0140127735,0.47826165,0.029299386,1.0,0.98494357,1.0,0.97114176,0.98610556,1.0162059,1.0533842,1.0762631,1.1363204,1.108675,0.99370825,1.0100095,1.0377502,1.0557991,1.1031617,0.008077675,0.02398742,0.034363516,0.04020818,0.062922716,-0.0010486065,-0.0066036917,-0.0052581388,-0.0042194957,-0.0031247162,0.04213009,0.6947331,0.8194774,0.85348123,0.7521528,0.00838893,0.019707086,0.012202096,0.0053835316,-0.010982603,1.0139602,1.0739069,1.0917689,1.1563877,1.3143277,0.97114176,0.97114176,0.97114176,0.97114176,0.97114176,1.0007626,1.0196377,1.0692087,1.0806482,1.149285,0.9870353,0.9914204,1.0015253,1.0137273,1.0587225,0.8,0.4,0.2,0.13333334,0.06666667,0.67396784,0.28081757,0.2392351,0.15578337,0.084089234,0.4,0.1,0.2,0.033333335,0.2,1.0,1.0,1.0,1.0,1.0,-0.6,-0.9,-0.8,-0.96666664,-0.8,0.24990918,0.3738525,0.6128877,0.40704426,0.7937699,0.29456085,0.051811006,0.095461324,0.16177548,0.5409747,0.4,0.4,0.35,0.3,0.35,0.6,0.6,0.65,0.6666667,0.6166667,-0.2,-0.2,-0.3,-0.36666667,-0.26666668,0.35593235,0.31333348,0.36111116,0.30831093,0.45185807,0.64406765,0.6866665,0.63888884,0.6916891,0.5481419,-0.2881353,-0.37333304,-0.27777764,-0.38337818,-0.09628384,0.6876919,0.7285191,0.85605234,0.8366732,1.1139157,0.1903318,0.16724126,0.20319875,0.18388619,0.47609955,0.6399759,0.6202522,0.65801936,0.7542842,1.372435,0.7594986,0.57654214,0.5271377,0.5278669,0.48112193,0.24050143,0.4234579,0.47286233,0.47213307,0.51887804,0.51899713,0.15308423,0.054275338,0.05573386,-0.037756134
SH601728,-0.05582752323379036,0.25,,2026-05-26,-0.0032787335,0.024590155,-0.1333352,0.014754054,0.5999984,0.006557368,0.2666664,-0.01147542,-0.4666672,1.0032895,1.0180922,0.9934211,1.0039023,1.1709634,1.0067843,0.9810041,0.944369,0.94301224,1.0320218,1.0545454,1.0223881,1.0032564,0.9843283,0.0390976,0.05642069,0.051585745,0.050462224,0.044024788,-0.022659434,-0.004835327,0.0046112575,0.0040485216,0.0012842781,0.83972657,0.067326546,0.27967092,0.49884066,0.25955144,0.013297147,-0.03278649,-0.06619501,-0.061960008,-0.022214562,1.1443031,1.2153679,1.2153679,1.2153679,1.2153679,0.9900505,0.9900505,0.94817096,0.9439994,0.9192888,1.0548168,1.1004071,1.0415196,1.0233378,1.0056988,1.0065129,1.0113976,0.98507464,0.96526456,0.9525102,0.2,0.1,0.45,0.6333333,0.75,0.06450133,0.044157702,0.19397314,0.20636366,0.27260005,0.2,0.5,0.75,0.8333333,0.9166667,0.8,0.9,0.05,0.06666667,0.38333333,-0.6,-0.4,0.7,0.76666665,0.53333336,0.92651373,0.88734585,0.9061077,0.91630244,0.81095564,0.5298669,0.88708985,0.74054444,0.70650095,0.56448984,0.0,0.5,0.5,0.56666666,0.53333336,1.0,0.5,0.5,0.43333334,0.45,-1.0,0.0,0.0,0.13333334,0.083333336,0.0,0.48987848,0.5228758,0.5571031,0.5379061,1.0,0.5101215,0.4771242,0.4428969,0.46209386,-1.0,-0.02024305,0.045751564,0.114206195,0.07581226,1.813736,1.9832757,1.3237176,1.0793912,0.94510174,0.7982703,1.1784106,1.0604113,0.93139935,0.7100847,1.08831,1.1453147,1.7272056,2.0737014,2.3680434,0.0,0.52398586,0.52078056,0.52551967,0.50908995,1.0,0.47601417,0.4792194,0.4744803,0.49091005,-1.0,0.047971673,0.041561175,0.051039383,0.018179867
SH600690,-0.05757879550040828,0.125,,2026-05-26,-0.0024666798,0.009866816,-0.24999754,0.003946746,0.40000197,0.0034533907,0.3500005,-0.002960035,-0.29999903,1.0024728,1.0064293,0.99653804,0.9996352,1.0375844,1.0494561,1.0153291,1.0262164,1.2912993,1.0111758,1.0289799,1.0402799,1.0369586,1.1040957,0.012663925,0.021328488,0.023537496,0.020151492,0.09081906,-0.0071699996,-0.0064981384,-0.0020164226,-0.00021017298,-0.004476757,0.8013857,0.85088164,0.25686836,0.008430262,0.74109316,0.0031642898,0.0002616677,-0.021123873,-0.033911068,0.027968567,1.0405518,1.0786399,1.0806088,1.0806088,1.3031689,0.9955467,0.9955467,0.9955467,0.9955467,0.9955467,1.0152284,1.0449021,1.0608265,1.0579599,1.2199817,1.0035627,1.0072192,1.0124602,1.0152307,1.029573,0.2,0.1,0.05,0.033333335,0.016666668,0.098951444,0.053594243,0.05235368,0.05235368,0.014476586,0.2,0.3,0.35,0.56666666,0.016666668,0.6,0.8,0.9,0.93333334,0.96666664,-0.4,-0.5,-0.55,-0.36666667,-0.95,-0.044196017,0.6886597,0.56537545,0.53736126,-0.36216956,-0.89678955,0.05070225,0.48470345,0.48007554,-0.1725669,0.0,0.2,0.35,0.4,0.35,1.0,0.8,0.65,0.6,0.65,-1.0,-0.6,-0.3,-0.2,-0.3,0.0,0.1951735,0.45659083,0.44489884,0.30483064,1.0,0.8048265,0.54340917,0.55510116,0.6951693,-1.0,-0.609653,-0.086818345,-0.1102023,-0.39033872,1.2361251,1.6177397,1.873171,1.7744131,1.708817,0.32261166,0.6357263,0.80343795,0.6845084,0.7240272,1.3155934,0.87190515,1.7624054,1.7902135,1.4326894,0.46462774,0.4300466,0.4726354,0.47839615,0.48236033,0.53537226,0.5699534,0.5273646,0.5216038,0.51763964,-0.070744514,-0.13990681,-0.05472922,-0.043207683,-0.03527931
SZ000338,-0.057598143997636984,0.375,,2026-05-26,-0.005989704,0.03308611,-0.18103378,0.014261232,0.4310338,0.012835176,0.38793245,-0.007415759,-0.2241351,1.0060258,1.020373,0.9870875,1.001516,0.95122004,0.9383092,0.8461953,0.7454781,0.81836647,0.969009,0.9716205,0.9439025,0.88878036,0.8099471,0.036741573,0.028033027,0.05289797,0.09146346,0.10759513,0.02094623,0.0006068476,0.0061344444,0.009378695,0.004654483,0.8125242,0.0042956676,0.47069597,0.8148755,0.57076514,-0.010901434,0.025648672,-0.002179712,-0.02477143,0.052745692,1.020373,1.0226632,1.028698,1.028698,1.028698,0.9024414,0.9024414,0.83041966,0.74461794,0.6140573,1.0014343,0.9981594,0.9878307,0.9820373,0.940375,0.93383265,0.9481214,0.88924295,0.7743496,0.71288395,0.8,0.9,0.9,0.93333334,0.96666664,0.82724756,0.8114882,0.8552642,0.89897925,0.93078834,1.0,0.3,0.35,0.56666666,0.78333336,0.2,0.6,0.05,0.1,0.36666667,0.8,-0.3,0.3,0.46666667,0.41666666,-0.7071087,-0.28954154,0.075802006,-0.04749473,-0.15286693,-0.003047343,0.12570246,0.118830495,0.17577063,0.006736681,0.4,0.4,0.6,0.6,0.51666665,0.6,0.6,0.4,0.4,0.48333332,-0.2,-0.2,0.2,0.2,0.033333335,0.7157396,0.63591266,0.66087246,0.6856433,0.5666158,0.28426042,0.36408734,0.33912754,0.31435665,0.43338418,0.4314792,0.2718253,0.32174492,0.3712867,0.13323162,1.4829698,1.6603456,1.8008703,1.8491405,2.0186965,0.3244097,0.33653286,0.44613916,0.46255478,0.61328614,0.83310753,0.89627624,1.0286232,0.94511014,0.8220965,0.3214456,0.35954675,0.38489014,0.45778608,0.46513307,0.67855436,0.6404532,0.61510986,0.5422139,0.5348669,-0.35710877,-0.28090647,-0.23021975,-0.08442783,-0.069733866
SH600893,-0.059668019267257295,0.0,,2026-05-26,0.0022321062,0.036160734,0.061727345,0.0049107755,0.13580409,0.029017853,0.8024686,0.026339184,0.7283918,0.9977729,1.0048999,0.9688196,0.98622525,1.0608517,1.0846343,1.1216369,1.1033682,1.2897762,1.0176177,1.0459045,1.0566167,1.0780864,1.1317235,0.020105256,0.043383487,0.042115502,0.047912534,0.10061699,-0.011346578,-0.012538327,-0.0024429492,-0.0038243074,-0.0045219203,0.79625213,0.7656702,0.1177641,0.49375215,0.61603165,0.0050753946,0.010517983,-0.033408634,-0.022633888,0.0016731542,1.0855696,1.180438,1.180438,1.180438,1.4204865,0.9688196,0.9688196,0.9688196,0.9688196,0.9688196,1.0262406,1.0649837,1.0864679,1.1253304,1.210669,1.001807,1.0127815,1.0155717,1.0281273,1.0500232,0.2,0.1,0.05,0.033333335,0.016666668,0.2670694,0.14734241,0.14734241,0.14734241,0.06903399,0.2,0.1,0.55,0.7,0.15,1.0,1.0,1.0,1.0,1.0,-0.8,-0.9,-0.45,-0.3,-0.85,0.081842825,0.83724767,0.6623473,0.28484157,0.5288393,-0.39801234,0.6164193,0.32076237,0.42767295,0.28197846,0.2,0.3,0.4,0.36666667,0.41666666,0.8,0.7,0.6,0.6333333,0.5833333,-0.6,-0.4,-0.2,-0.26666668,-0.16666667,0.06873757,0.34090889,0.38471216,0.42462683,0.42426553,0.93126243,0.6590911,0.61528784,0.5753732,0.57573444,-0.86252487,-0.3181822,-0.23057568,-0.15074632,-0.15146893,0.98820436,1.2002411,1.2041619,1.1702024,1.2912717,0.121902935,0.45581385,0.38072363,0.39055237,0.4554642,0.9273222,1.1413845,1.0021038,1.0960569,1.0548882,0.5254495,0.4339394,0.4153817,0.5003101,0.48707354,0.47455046,0.5660606,0.5846183,0.49968988,0.51292646,0.05089908,-0.13212119,-0.16923659,0.0006202687,-0.02585292
SH601229,-0.06020720996841146,0.125,,2026-05-26,0.0022123794,0.008849607,0.24999747,0.0033186139,0.37500128,0.0033186139,0.37500128,0.0022123794,0.24999747,0.9977925,1.0033113,0.9944812,0.9979788,1.0108632,1.0240752,1.0892543,1.0616559,1.0760423,1.0009983,1.0172343,1.0285525,1.044637,1.063349,0.002202965,0.020539392,0.023528855,0.030611504,0.030077586,-0.00096888153,-0.0060054413,-0.003269993,-0.0030340366,-0.0012875793,0.48357758,0.7836572,0.6760208,0.7613318,0.5589357,0.00093949545,0.009790178,0.0025123588,-0.00064340996,-0.025365422,1.0175054,1.0616157,1.0949477,1.1003835,1.1125301,0.9944812,0.9944812,0.9944812,0.9944812,0.9944812,1.0022901,1.038579,1.0512037,1.0785673,1.0892543,0.99953026,1.0016441,1.0029948,1.0172049,1.0334704,0.4,0.2,0.1,0.06666667,0.033333335,0.23969534,0.0822049,0.054931566,0.052112035,0.046749968,0.2,0.3,0.05,0.16666667,0.23333333,1.0,1.0,1.0,1.0,1.0,-0.8,-0.7,-0.95,-0.8333333,-0.76666665,0.32091752,0.86265045,0.7659794,0.13692217,-0.04171471,0.2708489,0.19885275,0.011409819,0.40070018,0.1476048,0.4,0.4,0.25,0.3,0.35,0.6,0.6,0.75,0.7,0.6166667,-0.2,-0.2,-0.5,-0.4,-0.26666668,0.19671836,0.35763836,0.22161143,0.3722627,0.42484036,0.80328166,0.64236164,0.77838856,0.6277373,0.57515967,-0.60656327,-0.2847233,-0.5567771,-0.2554746,-0.15031928,1.0797862,1.4538531,1.6844687,1.582374,1.4732679,0.14950097,0.45031878,0.4494705,0.52278024,0.44668126,1.046716,0.975204,0.87551624,0.9521556,0.93526465,0.17158443,0.23847102,0.3220332,0.5051047,0.4858338,0.8284156,0.76152897,0.6779668,0.49489528,0.5141662,-0.65683115,-0.52305794,-0.35593358,0.010209427,-0.028332394
SZ300759,-0.06465567721116494,0.0,,2026-05-26,-0.0062353252,0.022992993,-0.27118373,0.005845716,0.25423902,0.010911951,0.47457725,-0.0011690905,-0.050845515,1.0062745,1.0121568,0.9890196,0.99827594,1.0324533,1.0756683,1.1614258,1.1979148,1.169329,1.0240121,1.0342021,1.0804607,1.121658,1.1070791,0.020958181,0.02050201,0.058619637,0.07700554,0.07126147,-0.012645031,-0.00567844,-0.009143928,-0.00841886,-7.182075e-05,0.9100654,0.7031964,0.85162306,0.9263268,0.00030980623,0.0012779725,-0.0086491145,0.0064066104,0.0004155184,-0.10496046,1.0732998,1.0802985,1.2333283,1.2591567,1.2591567,0.9890196,0.9890196,0.9890196,0.9890196,0.9755673,1.0458382,1.0458382,1.146494,1.2002017,1.1914915,1.0090129,1.0157053,1.0327224,1.0429796,1.0429796,0.2,0.1,0.05,0.033333335,0.033333335,0.13028468,0.12029517,0.044944834,0.040647574,0.08615529,0.4,0.2,0.15,0.033333335,0.51666665,1.0,1.0,1.0,1.0,0.3,-0.6,-0.8,-0.85,-0.96666664,0.21666667,0.5693768,0.3159216,0.6102472,0.3593393,0.5064813,0.44767693,0.16622186,0.4738051,0.30147824,0.33387965,0.4,0.2,0.25,0.33333334,0.45,0.6,0.8,0.75,0.6666667,0.55,-0.2,-0.6,-0.5,-0.33333334,-0.1,0.22969194,0.13355057,0.28965822,0.32479906,0.43080938,0.7703081,0.8664494,0.71034175,0.67520094,0.5691906,-0.5406161,-0.7328989,-0.42068353,-0.35040188,-0.13838123,1.3014411,1.2230599,1.6153429,1.6001363,1.5189781,0.3220282,0.2713282,0.6409149,0.59605604,0.74121416,1.1210712,1.2094045,1.239874,1.1860787,1.5325701,0.5322453,0.35491198,0.47776797,0.45337933,0.5002153,0.4677547,0.645088,0.522232,0.54662067,0.49978468,0.06449061,-0.29017603,-0.044464037,-0.09324134,0.00043062234
SZ001965,-0.06514715967107772,0.0,,2026-05-26,0.0049309973,0.022682486,0.21739227,0.0049309973,0.21739227,0.0128204925,0.56521547,0.0128204925,0.56521547,0.9950932,1.0049068,0.9823356,0.9972189,0.9867354,0.9528371,0.9277818,0.85703754,0.9454679,0.98776716,0.9805453,0.9553795,0.93497914,0.94976664,0.0105330665,0.011791754,0.028272599,0.039797742,0.043464426,0.0051584383,0.0033496395,0.0046071317,0.00437086,-0.0003896111,0.59960717,0.73969173,0.9293896,0.9347997,0.024507249,0.0019159893,0.004381316,0.00085273763,0.0016434179,0.06172689,1.0049068,1.0049068,1.0049068,1.0049068,1.0201397,0.9648815,0.95088947,0.9020116,0.85016805,0.85016805,0.9946942,0.9910096,0.9831982,0.9733235,0.99056745,0.98039794,0.9697863,0.9291083,0.9065586,0.913633,1.0,1.0,1.0,1.0,0.875,0.8774076,0.90916246,0.95231265,0.9682898,0.8815117,1.0,1.0,1.0,1.0,0.26666668,0.2,0.1,0.25,0.06666667,0.53333336,0.8,0.9,0.75,0.93333334,-0.26666668,0.8720493,0.27284202,0.25478223,0.01235667,0.01796092,0.94734,0.91151506,0.7732688,0.6997176,-0.083787516,0.6,0.7,0.65,0.7,0.6,0.4,0.3,0.3,0.26666668,0.35,0.2,0.4,0.35,0.43333334,0.25,0.60465133,0.716216,0.6884617,0.74619323,0.53838176,0.39534864,0.28378397,0.31153825,0.25380674,0.4616182,0.2093027,0.43243206,0.37692347,0.4923865,0.07676354,0.88770735,0.921554,0.87921053,0.9176151,1.1624516,0.24005611,0.20226626,0.19792084,0.30980694,0.55526465,0.6589635,0.60277975,0.6231831,1.2946782,2.3370008,0.5445301,0.55033344,0.534701,0.4802159,0.5009857,0.45546988,0.44966656,0.46529898,0.5197841,0.4990143,0.08906022,0.10066688,0.06940201,-0.03956818,0.0019714076
SH601058,-0.0660233990985804,0.0,,2026-05-26,0.014492733,0.030511038,0.47499967,0.0030510777,0.099999145,0.012967227,0.42500117,0.024408884,0.8000017,0.9857143,1.0030075,0.97293234,0.99309236,0.95491856,0.9985197,1.0226079,1.0331045,1.1993003,0.96557665,0.9652806,1.000767,1.0080608,1.0297941,0.02679669,0.02077424,0.043756425,0.03836999,0.055812255,0.016821433,0.0010276379,-0.005620835,-0.0025322477,-0.0021241414,0.985153,0.022430627,0.57754534,0.33754417,0.44178155,0.000780501,0.030095058,0.052630883,0.028656771,0.032868076,1.0030075,1.0030075,1.105336,1.105336,1.2000179,0.92638254,0.92638254,0.92638254,0.92638254,0.92638254,0.9879424,0.98538554,1.0360651,1.0363612,1.0758983,0.94380295,0.9459023,0.96030146,0.9706634,0.98449737,1.0,1.0,0.55,0.4,0.325,0.9607505,0.9607505,0.4113777,0.4113777,0.2690349,1.0,1.0,0.15,0.43333334,0.016666668,0.2,0.6,0.8,0.8666667,0.93333334,0.8,0.4,-0.65,-0.43333334,-0.9166667,-0.39423558,-0.16320395,0.45007855,0.18883568,-0.19444276,-0.24076797,-0.23900406,0.6353204,0.38906845,0.12219312,0.8,0.5,0.35,0.4,0.38333333,0.2,0.5,0.65,0.6,0.6166667,0.6,0.0,-0.3,-0.2,-0.23333333,0.7680001,0.50507855,0.46582592,0.46675676,0.41773134,0.2319999,0.49492145,0.5341741,0.53324324,0.58226866,0.5360002,0.0101571325,-0.06834815,-0.0664865,-0.1645373,1.1120356,1.1708021,1.3576874,1.2643193,1.1235921,0.18411514,0.18537085,0.6495774,0.60414195,0.5316631,0.301269,0.37500465,1.964885,1.8257121,1.504053,0.51948625,0.45096865,0.5103594,0.5036448,0.5067346,0.48051372,0.5490313,0.48964056,0.49635515,0.4932654,0.03897254,-0.09806268,0.02071885,0.007289679,0.013469223
SH601668,-0.06948302855575372,0.125,,2026-05-26,-0.002096479,0.0062892996,-0.33334062,0.0020964104,0.33332968,0.0020964104,0.33332968,-0.002096479,-0.33334062,1.0021008,1.0042017,0.9978992,1.0009674,1.0274336,1.0486726,1.019469,1.042478,1.0566372,1.0065486,1.0206195,1.025354,1.0281711,1.040944,0.0065808855,0.016205674,0.015174578,0.014519158,0.019402692,-0.0039823027,-0.005282917,-0.00087364536,-0.00074989937,-0.00080956635,0.9154611,0.97414786,0.116012596,0.20674016,0.53098315,0.0014159281,0.0031536554,-0.017054362,-0.01729756,-0.017061759,1.0294193,1.0547533,1.0591804,1.0591804,1.0928087,0.9978992,0.9978992,0.9978992,0.9978992,0.9978992,1.0104425,1.0366372,1.0366372,1.0442477,1.0566372,1.002124,1.0040708,1.0102655,1.0164602,1.0244248,0.2,0.1,0.05,0.033333335,0.016666668,0.066649914,0.036950964,0.034281578,0.034281578,0.02213493,0.2,0.1,0.5,0.6666667,0.2,1.0,1.0,1.0,1.0,1.0,-0.8,-0.9,-0.5,-0.33333334,-0.8,0.41396102,0.6935799,0.7089892,0.24019377,0.45400944,-0.804033,-0.4900904,0.6560084,0.27875116,0.13518971,0.0,0.0,0.25,0.26666668,0.38333333,1.0,0.9,0.65,0.56666666,0.46666667,-1.0,-0.9,-0.4,-0.3,-0.083333336,0.0,0.0,0.40517232,0.3636362,0.4282511,1.0,1.0,0.5948277,0.6363638,0.5717489,-1.0,-1.0,-0.18965538,-0.2727276,-0.14349784,1.2388402,1.3901141,1.4807408,1.4943538,1.7899549,0.18976496,0.27274877,0.43209705,0.4818608,0.70291805,0.70084715,0.72303015,1.3367648,1.2318515,1.3978095,0.38028413,0.26440355,0.4750261,0.49304584,0.43800598,0.61971587,0.7355964,0.52497387,0.50695413,0.561994,-0.23943174,-0.4711929,-0.04994778,-0.013908307,-0.123988
SH601800,-0.07012695237084253,0.125,,2026-05-26,0.0063897506,0.01597442,0.39999893,0.0,0.0,0.009584668,0.6000011,0.01597442,1.0,0.9936508,1.0,0.984127,0.9934679,1.0491452,1.0929487,1.142094,1.1997863,1.2852565,1.007265,1.0365385,1.0727564,1.1103632,1.1837429,0.011442081,0.034157585,0.04486228,0.06640024,0.09233707,-0.0065170857,-0.011046356,-0.0073260064,-0.007440128,-0.0050775325,0.8110299,0.9586833,0.9333401,0.97302336,0.9222594,0.005769202,0.013170143,-0.0031593454,-0.0024813882,-0.03395567,1.0488936,1.0964831,1.1403759,1.2136106,1.3562218,0.984127,0.984127,0.984127,0.984127,0.984127,1.0166667,1.0647435,1.1134615,1.1799145,1.282265,0.999359,1.0008547,1.0217949,1.0491452,1.0959402,0.4,0.2,0.1,0.06666667,0.033333335,0.24508026,0.14127393,0.10158788,0.069168314,0.042658474,0.2,0.2,0.05,0.13333334,0.2,1.0,1.0,1.0,1.0,1.0,-0.8,-0.8,-0.95,-0.8666667,-0.8,-0.13941498,-0.592977,-0.26522002,-0.7212568,-0.16183218,0.058760535,-0.06841069,0.047271144,-0.088892125,0.11837061,0.2,0.1,0.2,0.23333333,0.35,0.8,0.7,0.7,0.7,0.6,-0.6,-0.6,-0.5,-0.46666667,-0.25,0.057691634,0.03225765,0.047619253,0.095238045,0.28775835,0.94230837,0.9677423,0.9523808,0.90476197,0.71224165,-0.88461673,-0.9354847,-0.9047615,-0.8095239,-0.42448333,0.84052277,0.76344156,0.7952095,0.658966,0.6359979,0.1366771,0.13390772,0.3131573,0.3311326,0.3566857,0.84711677,0.8791138,0.9553542,0.95893234,1.5258892,0.6908216,0.57639575,0.5450316,0.5602464,0.4852301,0.30917844,0.42360425,0.45496842,0.43975356,0.5147699,0.38164315,0.15279151,0.09006316,0.120492846,-0.029539807
SZ300274,-0.07254626669665504,0.25,,2026-05-26,0.07308152,0.108333394,0.67459834,0.016666707,0.15384644,0.018585162,0.17155525,0.07499998,0.6923071,0.9318957,1.0155317,0.91457623,0.9826023,0.8792692,0.78132606,0.747835,0.6883412,0.85681534,0.9423084,0.88473064,0.8246222,0.79955906,0.8268593,0.03291573,0.07280463,0.08128203,0.07538077,0.087991595,0.014213751,0.022331938,0.012672071,0.0071428106,-0.0009647684,0.46617654,0.8624746,0.85069555,0.69585514,0.036666002,0.029264068,0.014775646,0.054993138,0.09687016,0.2016014,1.0155317,1.0155317,1.0155317,1.0155317,1.0155317,0.8721129,0.73199654,0.6939604,0.6939604,0.6768882,0.94748294,0.9341725,0.920072,0.8594677,0.924299,0.92298925,0.8398791,0.762094,0.74448985,0.7460136,1.0,1.0,1.0,1.0,1.0,0.8917043,0.9452215,0.9517008,0.9517008,0.9541357,1.0,1.0,1.0,1.0,1.0,0.2,0.3,0.15,0.43333334,0.46666667,0.8,0.7,0.85,0.56666666,0.53333336,0.39877516,0.42139295,0.5132069,0.47270632,0.24807376,0.8999786,0.57550436,0.3698951,0.41360125,0.28118452,0.6,0.6,0.5,0.56666666,0.48333332,0.4,0.4,0.5,0.43333334,0.51666665,0.2,0.2,0.0,0.13333334,-0.033333335,0.90033805,0.81998765,0.76031595,0.74145335,0.5528459,0.099661924,0.18001238,0.23968408,0.25854665,0.44715413,0.80067617,0.63997525,0.52063185,0.4829067,0.10569176,0.9237499,0.90911967,0.77602655,0.7410022,0.7139866,0.12222811,0.27098423,0.28255802,0.2532502,0.25844917,0.98179084,1.3504902,1.5681201,1.539911,1.4774892,0.5889057,0.60833585,0.5474918,0.54029125,0.5236265,0.41109434,0.39166415,0.45250818,0.45970875,0.47637346,0.17781135,0.21667168,0.09498362,0.08058251,0.04725307
SZ000999,-0.07259532066183123,0.25,,2026-05-26,-0.006972973,0.0172272,-0.40476528,0.0053322166,0.3095231,0.004922012,0.28571165,-0.0073831775,-0.42857674,1.0070219,1.0123916,0.9950434,1.0006479,1.0302004,1.0574336,1.1268412,1.1437957,1.192858,1.0110841,1.0228145,1.04778,1.0779803,1.136606,0.008108853,0.016487747,0.030772246,0.05038648,0.0719534,-0.0050015934,-0.005040763,-0.004967648,-0.0055573964,-0.0039454317,0.95112556,0.85680366,0.91211855,0.94279313,0.9170355,-0.0010808767,-0.0001310509,-0.00058738765,0.0026019337,-0.020215712,1.0317941,1.0573881,1.1272196,1.1598114,1.2593739,0.9950434,0.9950434,0.9950434,0.9950434,0.9950434,1.0185441,1.0332521,1.0709124,1.1330719,1.205913,1.0062733,1.0091978,1.0177175,1.0277842,1.0619053,0.2,0.1,0.05,0.033333335,0.016666668,0.13487048,0.07950287,0.037499752,0.030082153,0.018751424,0.2,0.1,0.05,0.16666667,0.13333334,1.0,1.0,1.0,1.0,1.0,-0.8,-0.9,-0.95,-0.8333333,-0.8666667,-0.8466156,0.25100106,0.5432905,0.46249375,0.47552222,0.07167235,-0.20852552,-0.77103037,-0.29396507,0.049271733,0.0,0.1,0.15,0.23333333,0.31666666,1.0,0.9,0.85,0.76666665,0.68333334,-1.0,-0.8,-0.7,-0.53333336,-0.36666667,0.0,0.16789204,0.13394502,0.22362551,0.34618,1.0,0.83210796,0.86605495,0.77637446,0.65382,-1.0,-0.6642159,-0.73210996,-0.552749,-0.30764,0.6673692,0.7474148,1.0879632,1.1502823,1.27375,0.19377294,0.19004278,0.6269258,0.59376377,0.5216797,0.7402371,0.68573666,2.4451432,2.1312773,1.4901791,0.78008276,0.5339438,0.50618273,0.48312137,0.49858835,0.21991725,0.46605626,0.4938173,0.5168786,0.5014116,0.5601655,0.06788749,0.0123654045,-0.033757262,-0.002823292
SZ002466,-0.07302838192379268,0.0,,2026-05-26,0.006060628,0.04015151,0.15094396,0.006818162,0.16981085,0.02727272,0.6792452,0.026515186,0.6603783,0.9939759,1.006777,0.96686745,0.98964345,1.0027037,1.1257497,1.023653,0.86821604,0.8180809,1.0046089,1.0296227,1.090391,1.0563799,0.9347066,0.01325574,0.039914526,0.07503624,0.08397938,0.13874972,-0.0039606644,-0.011146936,-0.0097805485,0.0022579913,0.0065702284,0.22318661,0.71492493,0.5946375,0.05602746,0.68390614,0.0033125028,0.02053851,0.0025241878,-0.08912085,-0.12852839,1.045024,1.1475908,1.242315,1.242315,1.242315,0.96686745,0.96686745,0.96686745,0.87168384,0.7271091,1.0085516,1.0488316,1.1493132,1.1280704,1.064968,0.99813426,1.0014467,1.0037924,0.99813426,0.8065641,0.4,0.2,0.1,0.23333333,0.6166667,0.42392537,0.18333296,0.12028621,0.34620988,0.52967346,0.2,0.1,0.3,0.53333336,0.76666665,1.0,1.0,1.0,0.033333335,0.31666666,-0.8,-0.9,-0.7,0.5,0.45,0.5832869,0.60786945,0.84013975,0.6252773,0.79567355,0.49589008,-0.28236184,0.4554507,0.4949419,0.4367443,0.6,0.4,0.45,0.56666666,0.55,0.4,0.6,0.55,0.43333334,0.45,0.2,-0.2,-0.1,0.13333334,0.1,0.48246226,0.1981432,0.48012403,0.57195085,0.56217563,0.5175378,0.8018568,0.51987594,0.42804912,0.43782434,-0.035075486,-0.6037136,-0.039751947,0.14390175,0.12435131,1.1844132,1.3101692,1.7310567,1.7191775,1.3088324,0.22469118,0.2423212,0.54566586,0.49833763,0.596637,0.98414135,0.970417,1.0513991,0.9399825,1.1314491,0.24372117,0.3065653,0.44413316,0.49984273,0.49520376,0.7562788,0.69343466,0.55586684,0.5001573,0.50479627,-0.5125577,-0.38686934,-0.11173365,-0.00031455662,-0.00959249
SZ000100,-0.07553183635499794,0.0,,2026-05-26,0.06164382,0.08219187,0.749999,0.018264946,0.22222327,0.0022831045,0.02777774,0.045661982,0.5555535,0.9419355,1.0172044,0.93978494,0.986273,0.92461455,0.9183324,0.91604805,0.9229012,1.0451171,0.94928616,0.9338093,0.9271274,0.9288407,0.9537122,0.03281575,0.029275063,0.021999933,0.01844592,0.050830055,0.019531682,0.0065244045,0.0018781961,0.000290951,-0.0019899402,0.88563454,0.45529985,0.2550981,0.019281497,0.4674538,0.011650478,0.03683088,0.055029735,0.0669405,0.10499102,1.0172044,1.0172044,1.0172044,1.0172044,1.0923191,0.88799495,0.8859772,0.8859772,0.8859772,0.88389665,0.96390635,0.9443747,0.94003433,0.94003433,1.0057111,0.93398064,0.909309,0.9097659,0.91604805,0.9183324,1.0,1.0,1.0,1.0,0.78333336,0.86684877,0.86889607,0.86889607,0.86889607,0.5570578,1.0,1.0,1.0,1.0,0.1,0.6,0.4,0.7,0.8,0.46666667,0.4,0.6,0.3,0.2,-0.36666667,0.5316265,0.6567756,0.64873683,0.4306624,0.2326869,0.5057497,0.37493363,0.41578546,0.43444905,0.34844345,0.8,0.7,0.6,0.53333336,0.43333334,0.2,0.3,0.4,0.46666667,0.55,0.6,0.4,0.2,0.06666667,-0.11666667,0.8586959,0.71091443,0.63486236,0.59768444,0.4759586,0.14130409,0.28908557,0.36513764,0.40231556,0.5240414,0.7173918,0.42182887,0.2697247,0.1953689,-0.04808285,0.9204123,0.6157918,0.4712121,0.37871066,0.3113199,0.44221666,0.43762368,0.34566137,0.31021696,0.23603733,1.0351247,1.2402279,1.4359024,1.6778588,1.5004233,0.6671456,0.63661957,0.61340475,0.6120453,0.56218004,0.33285442,0.36338046,0.38659525,0.3879547,0.43781996,0.3342912,0.2732391,0.22680953,0.22409056,0.1243601
SH603501,-0.0768353864672219,0.0,,2026-05-26,-0.026344758,0.042316865,-0.62255925,9.1779686e-05,0.0021688677,0.01588033,0.37527186,-0.010556207,-0.24945626,1.0270575,1.0271518,0.98368996,0.99777466,0.96752536,0.97396547,0.8715401,0.8884626,1.1109892,0.98657167,0.97204715,0.96145177,0.93548685,0.967571,0.028180448,0.026046053,0.027937816,0.04400462,0.07786773,0.014908202,0.005924413,0.0025128417,0.0041340506,-0.0023409568,0.6996724,0.4742619,0.28314793,0.6840011,0.2756586,-0.016388053,0.0012930182,0.01467625,0.0045693885,0.10148721,1.0284764,1.0284764,1.0284764,1.0284764,1.1709462,0.94638246,0.91633004,0.8689411,0.86378056,0.84486765,1.0054125,0.9862976,0.98013157,0.9743491,1.0425733,0.9653055,0.9535489,0.9443683,0.8873253,0.8937517,0.8,0.9,0.95,0.96666664,0.73333335,0.6531247,0.74607855,0.82150435,0.8270973,0.47575146,0.8,0.9,0.95,0.96666664,0.033333335,0.2,0.5,0.05,0.26666668,0.45,0.6,0.4,0.9,0.7,-0.41666666,0.48139712,0.6003136,0.48719195,0.8245234,-0.12477752,0.38619694,0.47199187,0.48415205,0.42783025,0.1258782,0.6,0.6,0.55,0.5,0.45,0.4,0.4,0.45,0.5,0.55,0.2,0.2,0.1,0.0,-0.1,0.64557725,0.56780875,0.64394283,0.60142034,0.45166492,0.35442275,0.43219125,0.35605714,0.3985797,0.5483351,0.2911545,0.13561751,0.28788573,0.20284064,-0.09667017,1.0276299,0.9081217,0.90153885,0.7319686,0.5206438,0.3521093,0.2782083,0.24712233,0.3176035,0.31904924,0.7566454,0.80587,1.1264852,1.3448253,1.4476248,0.5423019,0.51822114,0.55552953,0.55501837,0.53871995,0.4576981,0.48177886,0.44447044,0.44498163,0.46128008,0.08460379,0.036442295,0.111059114,0.11003672,0.07743985
SH600489,-0.08317708149391648,0.0,,2026-05-26,0.049361672,0.06680848,0.73885345,0.005106332,0.07643239,0.012340472,0.18471417,0.056595813,0.8471352,0.9529603,1.0048661,0.9412003,0.981084,0.9561906,1.0879844,1.0474348,1.1265233,1.2769619,0.9555569,0.98292714,1.0296825,1.0504062,1.1104684,0.028688354,0.0519372,0.06583522,0.061849106,0.113179214,0.015004266,-0.010756723,-0.00709063,-0.004951163,-0.005002023,0.6838459,0.39320073,0.40599534,0.49664876,0.59574157,0.014434554,0.06547813,0.037678443,0.021385677,0.037091244,1.0048661,1.108675,1.1549195,1.1549195,1.4395602,0.91726184,0.91726184,0.91726184,0.91726184,0.91726184,0.9714599,1.0110285,1.0896904,1.0970753,1.2023458,0.94029975,0.945089,0.96269804,0.98321956,1.0328541,1.0,0.8,0.4,0.26666668,0.16666667,0.9444533,0.43224898,0.34814006,0.34814006,0.1584117,1.0,0.1,0.4,0.6,0.06666667,0.6,0.8,0.9,0.93333334,0.96666664,0.4,-0.7,-0.5,-0.33333334,-0.9,0.79597104,0.043359894,0.36307898,0.016953249,0.32973465,0.33531287,-0.19075271,0.034047164,-0.119076736,0.19226657,0.6,0.3,0.4,0.36666667,0.36666667,0.4,0.7,0.6,0.6333333,0.6333333,0.2,-0.4,-0.2,-0.26666668,-0.26666668,0.7016266,0.31702992,0.44892073,0.39444923,0.4151595,0.29837337,0.68297005,0.5510793,0.60555077,0.5848405,0.40325323,-0.36594015,-0.10215857,-0.21110153,-0.16968101,0.73817474,0.7574454,0.7833232,0.7382152,0.89606816,0.15223068,0.1955361,0.18576822,0.18065701,0.39244622,0.62752575,1.0456576,0.9268151,1.0774271,1.5517237,0.8322011,0.55554485,0.5118035,0.53450096,0.496775,0.16779886,0.44445512,0.4881965,0.46549904,0.50322497,0.66440225,0.111089736,0.023607038,0.06900192,-0.006449993
SH600930,-0.08353624719843021,0.0,,2026-05-26,-0.008143287,0.013029274,-0.62499934,0.0,0.0,0.004885986,0.37500066,-0.003257301,-0.24999867,1.0082102,1.0082102,0.9950739,0.9999868,1.0441177,1.0637255,1.0490196,0.99019605,0.97712415,1.0,1.025,1.0319444,1.0208606,1.0366013,0.0073981946,0.03432713,0.02669944,0.028755499,0.05566801,0.00032680304,-0.009378096,-0.0018760149,0.0010574567,-0.00041088002,0.0048782118,0.6841728,0.17279702,0.10480575,0.016615694,-0.00065359205,0.01720144,-0.014122303,-0.036193687,-0.024480337,1.0377336,1.122644,1.122644,1.122644,1.2945228,0.9901799,0.9901799,0.9901799,0.97698796,0.970539,1.0068628,1.0467321,1.0480392,1.0457517,1.0584967,0.99313724,0.9986928,1.0078431,0.99313724,0.99183005,0.6,0.3,0.15,0.36666667,0.35,0.20650555,0.07413408,0.07413408,0.15798876,0.0909336,0.2,0.1,0.55,0.7,0.33333334,0.6,0.8,0.9,0.26666668,0.083333336,-0.4,-0.7,-0.35,0.43333334,0.25,0.45875153,0.9021391,0.885256,0.86178875,0.89205366,0.18489254,0.68836987,0.72743165,0.7479857,0.6907306,0.4,0.4,0.5,0.46666667,0.46666667,0.6,0.6,0.5,0.5,0.5,-0.2,-0.2,0.0,-0.033333335,-0.033333335,0.21276599,0.35555562,0.43589744,0.51020414,0.509434,0.787234,0.6444444,0.5641026,0.4897959,0.49056602,-0.574468,-0.28888875,-0.12820514,0.020408222,0.018867964,1.2086746,1.8903049,1.9400438,1.8034921,2.6983635,0.3754281,1.0760889,0.80497277,0.8866285,2.1320527,1.1646149,1.0316864,0.9467761,1.3304443,1.5447055,0.20482439,0.3614504,0.3709206,0.48977053,0.5033954,0.7951756,0.6385496,0.6290794,0.51022947,0.49660465,-0.5903512,-0.27709922,-0.2581588,-0.020458935,0.0067907213
SH601136,-0.08386268329135352,0.0,,2026-05-26,0.005280522,0.022442238,0.23529391,0.007920744,0.35293913,0.009240972,0.41176695,0.00660075,0.29412174,0.9947472,1.0078791,0.98555475,0.99779665,1.044843,1.1044202,1.0659833,1.0550928,1.1864189,1.0075592,1.0359385,1.0608264,1.0662823,1.0929853,0.013831941,0.035746407,0.038975112,0.03273162,0.047616307,-0.007367068,-0.011348591,-0.004359554,-0.0020704907,-0.0021914586,0.7091908,0.923912,0.43790257,0.31010824,0.64603347,0.007174906,0.01513019,-0.019410603,-0.036260158,-0.028337209,1.0553375,1.1116751,1.1202602,1.1202602,1.2083285,0.9830072,0.9830072,0.9830072,0.9830072,0.9830072,1.0204996,1.060474,1.1016015,1.0942985,1.1455477,0.99666876,0.99935937,1.0243434,1.0439461,1.0545803,0.6,0.3,0.15,0.1,0.05,0.23493323,0.13206716,0.1238065,0.1238065,0.075415924,0.4,0.2,0.2,0.46666667,0.016666668,0.8,0.9,0.95,0.96666664,0.98333335,-0.4,-0.7,-0.75,-0.5,-0.96666664,0.1620555,0.024189362,0.40055746,0.19485697,0.022224274,0.045621794,-0.2639666,0.60243624,0.61092687,0.3821672,0.4,0.3,0.35,0.4,0.4,0.6,0.7,0.6,0.53333336,0.56666666,-0.2,-0.4,-0.25,-0.13333334,-0.16666667,0.0731712,0.06878325,0.35812667,0.4150198,0.36414573,0.9268288,0.9312168,0.64187336,0.5849802,0.6358543,-0.8536576,-0.8624335,-0.28374666,-0.16996036,-0.27170855,1.2845881,1.2692072,1.414697,1.2519796,1.085842,0.33393258,0.24996161,0.60532796,0.5738215,0.5178669,0.9574688,0.81746143,1.7215677,1.7541562,1.6206101,0.50374717,0.38427138,0.5178429,0.50109994,0.4940107,0.49625286,0.6157286,0.4821571,0.49890006,0.5059893,0.007494278,-0.23145722,0.035685748,0.0021999094,-0.011978616
SZ000876,-0.08486986566332545,0.0,,2026-05-26,-0.004968925,0.012422365,-0.3999983,0.0,0.0,0.0074534398,0.6000017,0.002484515,0.20000339,1.0049938,1.0049938,0.99250937,0.9976853,1.0412264,1.0761421,1.0836878,1.0424612,1.0811496,1.0124846,1.0302167,1.0569351,1.0683838,1.0676349,0.010101028,0.022223054,0.03225196,0.033177476,0.033461493,-0.0063657397,-0.007006404,-0.0046696165,-0.0028445965,-0.0006801196,0.9929027,0.9111592,0.7336994,0.5697133,0.1260027,0.00024695415,0.0013120958,-0.012573705,-0.027137179,-0.047571454,1.0411849,1.0761695,1.1098499,1.123597,1.1285768,0.99250937,0.99250937,0.99250937,0.99250937,0.99250937,1.0192344,1.0474275,1.0886266,1.0946357,1.0986418,1.0049938,1.0112361,1.0244614,1.0387295,1.028742,0.2,0.1,0.05,0.033333335,0.016666668,0.1538896,0.08953677,0.06383694,0.05714235,0.055051103,0.2,0.2,0.2,0.16666667,0.21666667,1.0,1.0,1.0,1.0,1.0,-0.8,-0.8,-0.8,-0.8333333,-0.78333336,-0.9409224,0.66898966,0.72236943,0.74034494,0.711148,0.6584804,0.07545658,0.54968387,0.6404093,0.46263868,0.0,0.2,0.3,0.33333334,0.41666666,1.0,0.8,0.6,0.53333336,0.5,-1.0,-0.6,-0.3,-0.2,-0.083333336,0.0,0.18573005,0.2919509,0.43089977,0.43381453,1.0,0.81426996,0.70804906,0.5691002,0.5661855,-1.0,-0.62853986,-0.41609815,-0.13820045,-0.13237093,0.8475322,0.98948646,1.1828529,1.3915718,1.3778136,0.11180456,0.22933379,0.39009646,0.65733975,0.575495,0.3744966,0.61874986,0.7509552,1.9448314,1.6341528,0.7297863,0.4111271,0.469128,0.5063203,0.4962605,0.27021372,0.5888729,0.530872,0.4936797,0.50373954,0.45957255,-0.17774583,-0.061743997,0.012640618,-0.0074790223
SZ300408,-0.08534420729014411,0.25,,2026-05-26,0.034778774,0.07256633,0.47926876,0.0057521784,0.079267874,0.032035377,0.44146338,0.06106197,0.8414642,0.96639013,1.0055588,0.9354315,0.97207135,0.82561725,0.7543792,0.5963815,0.49837875,0.5612517,0.9265555,0.84745497,0.7792262,0.70323986,0.5933641,0.08742336,0.10443459,0.104410425,0.1388325,0.14876339,0.050304104,0.031229194,0.015741406,0.015055575,0.007118256,0.82773596,0.81967986,0.79554975,0.9114108,0.6983207,-0.027163696,0.012013688,0.07123043,0.07845427,0.19664732,1.0519171,1.0519171,1.0519171,1.0519171,1.0519171,0.7825246,0.7238516,0.61347544,0.49889272,0.43133786,0.98919433,0.98409855,0.82891726,0.7846127,0.73535424,0.8378273,0.7550776,0.718056,0.5554536,0.46938086,1.0,1.0,1.0,1.0,1.0,0.8072811,0.84174794,0.8815874,0.9061216,0.916341,0.8,0.9,0.95,0.96666664,0.98333335,0.2,0.4,0.05,0.06666667,0.3,0.6,0.5,0.9,0.9,0.68333334,0.9629703,0.9606798,0.69955313,0.69558454,0.74864817,0.8043283,0.7029634,0.66498137,0.5810384,0.39753002,0.8,0.7,0.7,0.73333335,0.53333336,0.2,0.3,0.3,0.26666668,0.46666667,0.6,0.4,0.4,0.46666667,0.06666667,0.97313917,0.8602545,0.8861842,0.88386434,0.72327673,0.026860813,0.13974549,0.113815784,0.11613567,0.27672327,0.9462784,0.72050905,0.77236843,0.7677286,0.44655347,0.8621268,0.65717155,0.5719206,0.5136792,0.41708434,0.2887221,0.30102712,0.23812991,0.21819338,0.1921698,1.7590119,1.6646336,1.6683693,1.708393,1.8143635,0.6664439,0.7179043,0.5830187,0.5986188,0.52699196,0.33355615,0.28209567,0.41698125,0.4013812,0.47300804,0.3328877,0.43580863,0.1660375,0.1972376,0.053983927
SH600050,-0.08641083072802776,0.0,,2026-05-26,0.0,0.013483118,0.0,0.006741559,0.5,0.006741559,0.5,0.0,0.0,1.0,1.0067415,0.9932584,0.9974392,1.1134146,1.0426829,1.0121951,1.0158536,1.097561,1.0187805,1.0487804,1.0346951,1.0327642,1.0502642,0.027937217,0.041535106,0.034330327,0.028630087,0.046383373,-0.015243898,-0.009238731,0.0014056473,0.000650587,-0.0014151965,0.74433047,0.45352942,0.058676593,0.040019084,0.28392825,0.011707344,-0.007206174,-0.04804875,-0.04219772,-0.008515911,1.1018318,1.1494038,1.1494038,1.1494038,1.1514889,0.9932584,0.9932584,0.9932584,0.9932584,0.984458,1.0317073,1.0739024,1.0619512,1.0502439,1.1095121,1.0019512,1.002439,1.0082927,1.0117073,1.0097561,0.2,0.1,0.075,0.05,0.05,0.062092178,0.0431749,0.0431749,0.0431749,0.09304864,0.2,0.5,0.75,0.8333333,0.2,1.0,1.0,1.0,1.0,0.38333333,-0.8,-0.5,-0.25,-0.16666667,-0.18333334,0.5388678,0.76380986,0.7534392,0.6113041,0.34442154,-0.20392984,0.7430963,0.67676204,0.47669816,0.24816433,0.0,0.3,0.45,0.46666667,0.43333334,0.8,0.6,0.5,0.43333334,0.45,-0.8,-0.3,-0.05,0.033333335,-0.016666668,0.0,0.40331507,0.48175183,0.48137534,0.43527505,1.0,0.59668493,0.51824814,0.51862466,0.564725,-1.0,-0.19336985,-0.036496326,-0.037249308,-0.12944992,1.7268934,2.1374938,1.6614214,1.4097245,1.259184,0.64310294,0.9720045,0.9689402,0.89599943,0.74357325,0.97853744,1.1934946,1.459655,1.6485614,1.8349044,0.04879589,0.46336293,0.50218666,0.51168865,0.4966191,0.9512041,0.53663707,0.4978133,0.48831135,0.5033809,-0.90240824,-0.07327413,0.00437335,0.023377316,-0.0067618126
SH688082,-0.08681041398341027,0.125,,2026-05-26,0.023824703,0.08366537,0.28476182,0.047888473,0.572381,0.011952196,0.14285715,-0.0121115735,-0.14476208,0.9767297,1.0467741,0.96505564,1.0056057,0.76581645,0.67873013,0.60876226,0.5888863,0.7140395,0.89075524,0.80071616,0.7101467,0.67649484,0.6366096,0.08955249,0.11451798,0.12387406,0.11145075,0.092435725,0.05093443,0.035435934,0.018759185,0.010098324,0.0027669927,0.8087375,0.87771153,0.8026667,0.63625956,0.27329785,0.0073759006,0.03982214,0.11164104,0.17707944,0.2817641,1.0467741,1.0467741,1.0467741,1.0467741,1.0467741,0.7512114,0.64821255,0.5548271,0.5548271,0.5391726,0.9813726,0.85894614,0.82140017,0.72963387,0.6719286,0.8261566,0.69943327,0.61413145,0.6064568,0.5824219,1.0,1.0,1.0,1.0,1.0,0.8417456,0.88264275,0.90492046,0.90492046,0.9078527,1.0,1.0,1.0,1.0,1.0,0.2,0.3,0.2,0.46666667,0.36666667,0.8,0.7,0.8,0.53333336,0.6333333,0.25833294,0.72724414,0.80866504,0.78736395,0.7461106,0.698321,0.5416908,0.19995,0.31133622,0.16314292,1.0,0.9,0.85,0.7,0.56666666,0.0,0.1,0.15,0.3,0.43333334,1.0,0.8,0.7,0.4,0.13333334,1.0,0.9386175,0.8321197,0.79850954,0.6274798,0.0,0.061382454,0.16788031,0.20149046,0.37252024,1.0,0.8772351,0.6642394,0.5970191,0.25495955,0.98541856,0.82889867,0.62115806,0.4857806,0.32237276,0.18460023,0.23049927,0.2824309,0.30145052,0.2717149,1.3153573,1.305428,1.4250761,1.7276238,2.1308026,0.5567901,0.5858879,0.62660706,0.60582757,0.5765371,0.4432099,0.4141121,0.3733929,0.39417246,0.42346296,0.11358022,0.17177585,0.25321415,0.2116551,0.1530741
SZ000157,-0.08686600395627012,0.0,,2026-05-26,0.0,0.017473154,0.0,0.008064553,0.46153963,0.009408601,0.5384604,0.0013440478,0.07692073,1.0,1.0080645,0.9905914,0.99916714,0.97581357,1.0537653,1.0752772,1.1774298,1.3320034,0.9876393,0.9989302,1.0370358,1.065329,1.1387163,0.014074201,0.026960682,0.04493689,0.0594919,0.10171447,0.007928179,-0.004953033,-0.0064407457,-0.0061509055,-0.005391684,0.79330355,0.3093799,0.719009,0.8284459,0.8570048,-0.0034956955,0.023358444,0.024151316,0.023859194,0.020338297,1.0161369,1.0672078,1.1344117,1.2002796,1.3655947,0.9583399,0.9583399,0.9583399,0.9583399,0.9583399,1.0010756,1.0139828,1.0790418,1.0989258,1.207532,0.97662026,0.97688913,0.98226714,1.0043024,1.0645213,0.8,0.6,0.3,0.2,0.1,0.72080046,0.38266632,0.23660864,0.17219208,0.10229489,0.4,0.1,0.45,0.033333335,0.016666668,0.2,0.6,0.8,0.8666667,0.93333334,0.2,-0.5,-0.35,-0.8333333,-0.9166667,-0.15948728,0.5063113,0.52537465,0.032326233,-0.10200956,0.18743157,-0.12703137,0.37160924,-0.101973705,-0.18432815,0.6,0.4,0.45,0.36666667,0.38333333,0.4,0.6,0.55,0.6,0.6,0.2,-0.2,-0.1,-0.23333333,-0.21666667,0.8213593,0.28721827,0.39062297,0.3124943,0.3690244,0.17864071,0.7127817,0.609377,0.6875057,0.6309756,0.6427186,-0.42556348,-0.21875405,-0.3750114,-0.2619512,1.1631911,1.27907,1.6539094,1.5840986,1.4145067,0.28112122,0.3148339,0.8449827,0.8897682,0.6883521,1.2754151,1.1941899,1.6248348,1.8055137,1.4870812,0.5075436,0.28364795,0.5035637,0.50081116,0.49294907,0.49245638,0.71635205,0.49643633,0.4991888,0.50705093,0.015087265,-0.43270412,0.007127353,0.0016223649,-0.014101867
SH601939,-0.08973644946355713,0.125,,2026-05-26,0.019782463,0.027695369,0.7142878,0.0049455957,0.17857122,0.002967309,0.10714098,0.017804177,0.64285755,0.9806013,1.0048497,0.97769153,0.9962211,0.9630637,0.9339036,0.9436236,0.89930016,0.8390357,0.9786936,0.96325815,0.9540241,0.94425863,0.9173665,0.01615146,0.02093064,0.018555155,0.023712989,0.036780525,0.009836704,0.0066473465,0.0020249882,0.0021377644,0.0019331662,0.9272901,0.92457694,0.41685385,0.6298669,0.842563,0.0016329922,0.006828806,0.026738536,0.024743758,0.025605114,1.0048497,1.0048497,1.0048497,1.0048497,1.0048497,0.94660133,0.9271107,0.92051214,0.88844705,0.82643783,0.9869362,0.9805599,0.9669518,0.9568429,0.9496889,0.9708398,0.9463452,0.93958,0.9284603,0.8882581,1.0,1.0,1.0,1.0,1.0,0.91674167,0.93761617,0.9424971,0.9583372,0.9728176,1.0,1.0,1.0,1.0,1.0,0.4,0.1,0.45,0.06666667,0.05,0.6,0.9,0.55,0.93333334,0.95,0.45572963,0.6331037,0.5875056,0.54002035,-0.050140478,0.7990196,0.7760099,0.5012934,0.6005663,0.39454687,0.8,0.7,0.6,0.56666666,0.6,0.2,0.3,0.4,0.43333334,0.38333333,0.6,0.4,0.2,0.13333334,0.21666667,0.85185224,0.84000033,0.6689978,0.7013996,0.65705615,0.14814776,0.15999967,0.33100218,0.29860035,0.34294385,0.7037045,0.68000066,0.33799562,0.4027993,0.31411228,0.88399416,0.7721375,0.7192893,0.6857558,0.7404843,0.2672111,0.23014317,0.25853163,0.24671848,0.24693668,0.8983337,0.85776025,0.9333363,1.1076028,1.0075276,0.6045023,0.60574806,0.5582138,0.5411622,0.5094853,0.39549768,0.39425194,0.44178626,0.4588378,0.4905147,0.20900463,0.2114961,0.11642751,0.082324386,0.018970596
SH603893,-0.09016830730789002,0.25,,2026-05-26,0.02426775,0.05083679,0.4773659,0.0046025123,0.090535074,0.021966528,0.432099,0.041631766,0.81892985,0.9763072,1.0044935,0.95486116,0.9782878,0.9854564,0.9162008,0.9026466,0.8188474,0.93109083,0.98613906,0.95400447,0.94023997,0.9209053,0.8737233,0.01789267,0.044671077,0.034699284,0.040805157,0.06741297,0.005129853,0.012282511,0.0034529192,0.0037963088,0.0021953757,0.20549415,0.6929995,0.34657705,0.6708025,0.3234674,0.0036012572,-0.009275779,0.026957327,0.024048233,0.06151309,1.0365154,1.0365154,1.0365154,1.0365154,1.0365154,0.94976467,0.8680199,0.8680199,0.8562091,0.7426852,0.99754643,0.9918674,0.9859313,0.94876087,0.9271432,0.98133075,0.9162701,0.91539943,0.8811378,0.8122978,1.0,1.0,1.0,1.0,1.0,0.57907665,0.7832856,0.7832856,0.7974813,0.87572616,0.4,0.7,0.85,0.9,0.95,0.4,0.1,0.55,0.1,0.31666666,0.0,0.6,0.3,0.8,0.6333333,-0.9679528,0.68203264,0.6948841,0.7495848,0.735607,-0.8082132,0.27304533,0.41169986,0.5603786,0.4144948,0.6,0.6,0.55,0.56666666,0.51666665,0.4,0.4,0.45,0.43333334,0.48333332,0.2,0.2,0.1,0.13333334,0.033333335,0.57040215,0.66752374,0.6284595,0.67345583,0.53307056,0.42959788,0.33247623,0.37154052,0.32654417,0.4669294,0.14080425,0.3350475,0.256919,0.34691167,0.06614116,1.1017927,1.0214039,0.83372676,0.7340825,0.5280939,0.19260575,0.31000298,0.30640024,0.29700983,0.3058658,0.880764,1.0281765,1.2484602,1.3178153,1.4344261,0.29920033,0.58104616,0.5434641,0.53922933,0.5333344,0.70079964,0.4189538,0.45653585,0.46077064,0.46666563,-0.40159932,0.16209237,0.0869283,0.078458704,0.06666876
SH600161,-0.09061202976108278,0.125,,2026-05-26,-0.0030052578,0.02028549,-0.14814815,0.009015773,0.44444445,0.008264459,0.4074074,-0.0037565723,-0.18518518,1.0030143,1.0120573,0.9917106,0.9999888,1.016579,1.0806383,1.1228254,1.1160537,1.2464293,1.0061802,1.0231367,1.0542635,1.0796821,1.1267172,0.013151823,0.025121821,0.037967876,0.048455037,0.06495711,-0.0009846212,-0.0069748266,-0.005841282,-0.005069644,-0.0034829073,0.014012205,0.7066038,0.8284224,0.84835726,0.8768601,-0.004210918,0.0082499515,0.0012287318,-0.0061722985,-0.023971464,1.0512656,1.0851415,1.1266217,1.1808697,1.2547151,0.9909781,0.9909781,0.9909781,0.9909781,0.9909781,1.012804,1.0426698,1.0835104,1.1240319,1.1961004,0.99788284,0.99969643,1.015069,1.0260906,1.0735551,0.6,0.3,0.15,0.1,0.05,0.14964771,0.09581103,0.06651175,0.04751074,0.03420791,0.4,0.1,0.05,0.16666667,0.016666668,0.4,0.7,0.85,0.9,0.95,0.0,-0.6,-0.8,-0.73333335,-0.93333334,0.90665233,0.14792441,-0.13119422,-0.06721449,-0.11125583,0.7989746,0.65290153,0.25242537,0.24687958,-0.026882349,0.4,0.2,0.25,0.3,0.4,0.6,0.8,0.75,0.7,0.6,-0.2,-0.6,-0.5,-0.4,-0.2,0.41913447,0.25794387,0.2872168,0.3535938,0.3441008,0.5808655,0.74205613,0.71278316,0.64640623,0.6558992,-0.16173105,-0.48411226,-0.42556635,-0.2928124,-0.31179842,1.4339889,1.3205891,1.2711395,1.2912248,1.218712,0.6282015,0.46285284,0.41907766,0.5294101,0.49577758,0.9047256,0.94588804,0.95738107,1.0515506,1.1645305,0.52200764,0.47113824,0.51542187,0.496046,0.5008515,0.47799236,0.52886176,0.48457816,0.503954,0.4991485,0.0440153,-0.057723526,0.030843686,-0.007907997,0.0017030042
SZ002384,-0.09368164332661122,0.375,,2026-05-26,0.0009049926,0.03959273,0.022857543,0.017692292,0.44685706,0.020995447,0.5302854,0.004208148,0.10628588,0.9990958,1.0176764,0.9781194,0.9959345,1.0039825,0.99213606,0.8438553,0.5962952,0.3594966,0.9927311,0.981141,0.93848735,0.8657477,0.67085886,0.033422552,0.034228135,0.06801639,0.12532555,0.21761455,0.007084046,0.004317206,0.009425233,0.013330649,0.011876571,0.11231134,0.14583121,0.6720864,0.8768494,0.9084607,-0.0068992083,-0.0005684261,-0.028027087,-0.05904212,-0.021217678,1.0320092,1.0320092,1.0397854,1.0397854,1.0397854,0.92296654,0.886619,0.7996385,0.59796864,0.36030915,1.0110679,1.0048137,0.99837357,0.993121,0.9393772,0.9847826,0.95115215,0.8484019,0.7282128,0.47450233,0.6,0.7,0.85,0.9,0.95,0.7064523,0.7798393,0.8343289,0.90995044,0.94144696,0.8,0.9,0.5,0.6666667,0.8333333,0.4,0.3,0.2,0.033333335,0.016666668,0.4,0.6,0.3,0.6333333,0.81666666,-0.4766369,-0.3080327,-0.3194871,-0.4369807,0.2037422,-0.32553235,-0.2037673,-0.16225797,0.10599295,0.24021763,0.6,0.6,0.7,0.7,0.6666667,0.4,0.4,0.3,0.3,0.33333334,0.2,0.2,0.4,0.4,0.33333334,0.48932436,0.51105416,0.64453965,0.73940563,0.72228914,0.51067567,0.4889458,0.35546038,0.2605944,0.27771086,-0.02135128,0.022108367,0.28907925,0.4788112,0.4445783,1.191328,1.253311,1.3056145,1.3744066,1.2765857,0.12345125,0.18741797,0.17890573,0.24406748,0.3098249,0.83321095,0.7105049,0.96726894,1.0337838,0.91659415,0.17833273,0.42685178,0.4148853,0.47339898,0.5084226,0.82166725,0.5731482,0.58511466,0.526601,0.49157742,-0.6433345,-0.14629641,-0.17022935,-0.05320201,0.016845169
SH600999,-0.09519592644974915,0.0,,2026-05-26,0.021142904,0.039428532,0.5362336,0.012571389,0.31883988,0.0057142396,0.1449265,0.014285754,0.3623202,0.97929484,1.0123111,0.9736989,1.0001979,0.9356562,0.91098684,0.86495423,0.87131226,0.9366734,0.9757375,0.94020855,0.91262716,0.9015598,0.89343846,0.016617477,0.041120514,0.04178151,0.03777326,0.032086268,0.0095879985,0.012834856,0.0064317086,0.0032705045,0.0005665927,0.83227295,0.89305127,0.8293779,0.5809815,0.09510501,0.0050864764,0.002034606,0.026271615,0.051017843,0.08984707,1.0212153,1.0212153,1.0212153,1.0212153,1.0212153,0.92767036,0.8773648,0.8534067,0.8534067,0.835351,0.98331636,0.9760936,0.95722276,0.9159207,0.9049847,0.96698874,0.9016277,0.87914544,0.8750254,0.87004066,1.0,1.0,1.0,1.0,1.0,0.7732071,0.8525182,0.8735742,0.8735742,0.8858558,0.4,0.7,0.85,0.9,0.95,0.2,0.3,0.05,0.36666667,0.3,0.2,0.4,0.8,0.53333336,0.65,0.066855356,0.740909,0.73359334,0.6932385,0.6639839,0.84321135,0.6022941,0.5226321,0.38640168,0.2008829,0.8,0.6,0.7,0.56666666,0.48333332,0.2,0.4,0.3,0.4,0.46666667,0.6,0.2,0.4,0.16666667,0.016666668,0.9317398,0.7887784,0.80552316,0.7346937,0.55853313,0.0682602,0.21122158,0.19447686,0.26530626,0.44146687,0.8634796,0.57755685,0.61104625,0.46938744,0.11706625,1.0711836,0.8315469,0.6555828,0.53598017,0.42062795,0.4459473,0.4364074,0.36573023,0.35001868,0.28478193,0.80457133,0.8575638,1.1483068,1.3694993,1.4588095,0.51050234,0.5777761,0.5634977,0.557843,0.5123427,0.48949766,0.4222239,0.4365023,0.44215694,0.48765734,0.02100468,0.1555522,0.12699541,0.1156861,0.024685333
SH601816,-0.09828978425797678,0.0,,2026-05-26,0.0041321754,0.014462845,0.2857097,0.008264505,0.5714301,0.0020661647,0.14286019,-0.0020661647,-0.14286019,0.99588484,1.0082304,0.99382716,1.0003943,1.0247619,1.0380954,1.0114286,1.0266666,1.0095239,0.99961907,1.0112381,1.0099047,1.0119365,1.0246985,0.0041294424,0.012901556,0.012056284,0.010622165,0.017812993,-0.0015238276,-0.0036363672,-0.00014321577,-0.00030171056,-0.00064568204,0.3404308,0.72822016,0.004938816,0.06252543,0.4007407,0.0034285812,0.0051255235,-0.0085442485,-0.0075617386,-0.005650828,1.0262811,1.0432818,1.079208,1.079208,1.079208,0.9922314,0.9922314,0.9922314,0.9922314,0.9922314,1.0011429,1.0251429,1.0201906,1.0175239,1.0419048,0.9973334,0.99961907,0.99961907,1.0015239,1.0072381,0.7,0.35,0.275,0.18333334,0.09166667,0.22815402,0.15217447,0.08931786,0.08931786,0.08931786,0.2,0.5,0.5,0.6666667,0.8333333,0.8,0.9,0.95,0.96666664,0.98333335,-0.6,-0.4,-0.45,-0.3,-0.15,0.85822916,0.84713167,0.7558795,0.55885845,0.20302643,0.7114957,0.5567077,0.78017867,0.74743885,0.36778373,0.4,0.4,0.4,0.36666667,0.46666667,0.6,0.6,0.55,0.53333336,0.46666667,-0.2,-0.2,-0.15,-0.16666667,0.0,0.19047491,0.23684113,0.46153823,0.43396223,0.4897119,0.8095251,0.76315886,0.5384618,0.5660378,0.5102881,-0.6190502,-0.5263178,-0.07692356,-0.13207556,-0.020576194,1.1228116,1.4218823,1.3708997,1.2217193,1.2537519,0.20615165,0.4146396,0.7867965,0.67914456,0.6078541,0.99950933,0.85468614,2.1437745,2.2642875,1.7827163,0.13007423,0.09930841,0.501909,0.5102206,0.49310976,0.8699258,0.90069157,0.49809095,0.48977938,0.50689024,-0.73985153,-0.8013832,0.0038180915,0.020441234,-0.013780499
SH600089,-0.09998976078962317,0.0,,2026-05-26,-0.01026617,0.016730027,-0.6136374,0.00038022074,0.022726843,0.006083637,0.36363578,-0.004562754,-0.2727284,1.0103726,1.0107569,0.9938533,0.99841297,1.0457107,1.1117917,1.0633878,1.0268918,1.160968,1.0081414,1.0334193,1.0431968,1.048377,1.0824982,0.0136679,0.037348274,0.033553977,0.029410096,0.069790706,-0.0025736692,-0.010216529,-0.0018004037,-0.0011555447,-0.0028674975,0.08864248,0.6859256,0.10076737,0.11964162,0.5148856,-0.0029940817,0.012555073,-0.026092954,-0.031621624,0.0020930015,1.0418732,1.1398375,1.1398375,1.1398375,1.2785224,0.9900062,0.9900062,0.9900062,0.9900062,0.9688797,1.0213562,1.04986,1.0673826,1.0686868,1.1285406,0.9987655,0.9999221,1.0200493,1.027503,1.0286582,0.6,0.3,0.15,0.1,0.083333336,0.1926814,0.06670039,0.06670039,0.06670039,0.10050396,0.2,0.1,0.55,0.7,0.1,0.6,0.8,0.9,0.93333334,0.46666667,-0.4,-0.7,-0.35,-0.23333333,-0.36666667,-0.17061234,0.83829373,0.8706694,0.83006024,0.82587945,-0.034765255,0.24394032,0.59360707,0.65515935,0.464806,0.4,0.4,0.5,0.5,0.43333334,0.6,0.6,0.5,0.5,0.56666666,-0.2,-0.2,0.0,0.0,-0.13333334,0.26105857,0.23593596,0.42601126,0.47673008,0.44130138,0.73894143,0.764064,0.57398874,0.5232699,0.55869865,-0.47788283,-0.5281281,-0.14797746,-0.046539843,-0.11739725,1.0508133,1.4542462,1.5123065,1.5081967,1.7933315,0.22580442,0.72138166,0.66845894,0.58906096,0.8695764,0.6332162,0.9514813,0.8934231,0.8886476,1.158011,0.45803112,0.2330944,0.4568397,0.49592614,0.46764612,0.5419689,0.7669056,0.54316026,0.50407386,0.5323539,-0.08393777,-0.5338112,-0.08632056,-0.008147718,-0.064707786
SZ001391,-0.10338632459150815,0.0,,2026-05-26,-0.0038095273,0.013333293,-0.2857154,0.0038095273,0.2857154,0.0057142386,0.4285692,-0.0019048159,-0.14286162,1.0038241,1.0076482,0.9942639,1.0002514,1.0265151,1.0094697,1.0170455,1.0075758,1.1420454,1.0034091,1.0170455,1.0102273,1.0121844,1.035543,0.003112057,0.016798157,0.015342201,0.012822994,0.041202076,-0.0011363626,-0.0043388433,0.0007063108,-4.0869985e-05,-0.0017904808,0.33333334,0.61155576,0.07417958,0.0007872847,0.5759715,-0.0011363626,0.002479346,-0.01693722,-0.01159172,0.017276257,1.0228894,1.0759814,1.0759814,1.0759814,1.1458491,0.9942639,0.9942639,0.98477554,0.98477554,0.98477554,1.0056819,1.0276515,1.0219697,1.0189394,1.0890151,1.0,1.0045455,0.9977273,1.0,1.005303,0.3,0.15,0.325,0.21666667,0.14166667,0.20038436,0.070194125,0.16692412,0.16692412,0.09451868,0.2,0.2,0.6,0.73333335,0.033333335,0.6,0.8,0.2,0.46666667,0.73333335,-0.4,-0.6,0.4,0.26666668,-0.7,0.5784572,0.91394264,0.8077947,0.5978849,0.2127402,0.52893066,0.87190634,0.6909068,0.67257434,0.25835004,0.2,0.3,0.4,0.43333334,0.38333333,0.6,0.5,0.45,0.43333334,0.5,-0.4,-0.2,-0.05,0.0,-0.11666667,0.15,0.45454556,0.45161295,0.48245615,0.371134,0.85,0.54545444,0.54838705,0.51754385,0.628866,-0.7,-0.09090891,-0.09677408,-0.035087686,-0.257732,1.224163,2.1307893,1.8413446,1.5977443,1.6278236,0.24970269,1.9341086,1.4773265,1.2633009,0.9992876,1.2044407,2.0595837,2.1403217,2.446993,1.8946772,0.11127996,0.48702392,0.4996214,0.48972324,0.49401066,0.88872004,0.5129761,0.5003786,0.51027673,0.5059894,-0.7774401,-0.025952173,-0.0007572245,-0.02055352,-0.0119787
SZ300316,-0.10501203968344912,0.125,,2026-05-26,-0.013748833,0.08945915,-0.1536884,0.057378516,0.6413935,0.018331798,0.2049181,-0.05279555,-0.5901638,1.0139405,1.0721189,0.98141265,1.0243286,0.9660389,0.88780737,0.80809766,0.7673021,0.9955077,1.0200733,1.0013784,0.91194683,0.8804495,0.8672365,0.033425152,0.0347871,0.100171596,0.094073266,0.08711372,-0.0033653963,0.003590124,0.015487316,0.008984913,0.0007655432,0.025343442,0.09763238,0.8366257,0.7069635,0.023554077,-0.013342537,-0.017533962,-0.059076358,-0.010730719,0.11017995,1.0721189,1.0721189,1.0721189,1.0721189,1.0793163,0.95491266,0.88056946,0.7387609,0.7387609,0.7381969,1.0494385,1.0288467,1.0042582,0.98305976,0.9531379,0.9948319,0.97253543,0.8057133,0.7979727,0.79007083,0.4,0.5,0.75,0.8333333,0.8666667,0.3846836,0.6234972,0.7836593,0.7836593,0.7674825,1.0,1.0,1.0,1.0,0.05,0.2,0.1,0.2,0.46666667,0.5,0.8,0.9,0.8,0.53333336,-0.45,0.3569987,0.38840827,0.73179775,0.72836727,0.70435965,0.7067352,0.8228143,0.43435562,0.41177046,0.3528836,0.6,0.6,0.6,0.6333333,0.5,0.4,0.4,0.4,0.36666667,0.5,0.2,0.2,0.2,0.26666668,0.0,0.55853355,0.6112973,0.6348988,0.63593745,0.5015245,0.44146645,0.3887027,0.36510125,0.36406252,0.4984755,0.1170671,0.22259463,0.2697975,0.27187493,0.00304902,0.9658372,1.0392948,0.8231436,0.75618833,0.6583463,0.13942993,0.2843369,0.32008943,0.29487613,0.28554106,0.5729571,0.92887443,1.166599,1.3071907,1.4043905,0.66298944,0.556122,0.54494184,0.51413816,0.4993554,0.33701053,0.44387797,0.45505813,0.48586184,0.50064456,0.3259789,0.11224404,0.08988374,0.02827632,-0.0012891854
SZ000807,-0.1065593234517447,0.25,,2026-05-26,0.0735095,0.109756164,0.66975284,0.01592142,0.14506173,0.020325243,0.18518543,0.07791332,0.70987654,0.9315241,1.0148312,0.9125907,0.9689034,0.9469749,0.98325074,1.0586652,1.1221159,0.98957443,0.9618697,0.96110916,0.99137324,1.0284096,1.0178068,0.026042888,0.031015879,0.04335958,0.06620625,0.072037935,0.0062553617,-0.0013900711,-0.005888525,-0.006786695,-0.0005153341,0.14423364,0.018412692,0.64552176,0.81436753,0.015608281,0.025619539,0.04514614,0.06456775,0.06999744,-0.002604396,1.0148312,1.0444593,1.0987452,1.1622015,1.1622015,0.9125907,0.9050023,0.9050023,0.9050023,0.8403074,0.97651684,0.99719703,1.0263202,1.0848829,1.084259,0.9433088,0.93725854,0.94684666,0.9687489,0.9583233,1.0,0.9,0.6,0.4,0.4,0.85493827,0.68119663,0.4903286,0.36935455,0.49610284,1.0,0.2,0.05,0.2,0.6,1.0,0.4,0.7,0.8,0.31666666,0.0,-0.2,-0.65,-0.6,0.28333333,0.569614,0.34866327,-0.12747699,-0.4516277,-0.016224181,0.28533414,0.30643776,0.14306179,0.15787469,0.42126465,0.6,0.5,0.4,0.36666667,0.45,0.4,0.5,0.6,0.6333333,0.55,0.2,0.0,-0.2,-0.26666668,-0.1,0.66411006,0.52755904,0.44275832,0.42306453,0.5030023,0.33588994,0.47244096,0.5572417,0.57693547,0.49699774,0.32822013,0.05511808,-0.11448339,-0.15387096,0.0060045277,0.58115816,0.5496216,0.5041878,0.45850375,0.5064088,0.24167567,0.16919723,0.14484933,0.13781889,0.16939352,1.1747686,1.0536649,1.0855361,1.0536447,0.9958547,0.871073,0.7841438,0.63552195,0.57899076,0.5366945,0.12892702,0.21585621,0.36447802,0.42100927,0.46330547,0.74214596,0.5682876,0.27104396,0.15798149,0.07338905
SZ302132,-0.10716823540928709,0.0,,2026-05-26,-0.008470628,0.022901975,-0.36986452,0.0045490316,0.19863054,0.009882315,0.43150494,-0.0031373447,-0.13699014,1.008543,1.0131309,0.99003327,0.9979843,1.0615393,1.1722679,1.0890507,1.0599626,1.2690964,1.0215204,1.0560343,1.0711472,1.0790333,1.1077507,0.015034504,0.044607773,0.041891217,0.0361905,0.06715169,-0.009144182,-0.014115513,-0.0029061085,-0.0019078407,-0.0027190433,0.92480785,0.91787523,0.16844021,0.21537572,0.5000556,-0.003231994,0.0074854237,-0.04353921,-0.051369533,-0.02753889,1.0623326,1.1657876,1.195207,1.195207,1.3164102,0.99003327,0.99003327,0.99003327,0.99003327,0.99003327,1.0303807,1.0834275,1.1019682,1.1041123,1.1606748,1.0102583,1.0252254,1.0360723,1.0603989,1.0612556,0.2,0.1,0.05,0.033333335,0.016666668,0.13785373,0.056708355,0.04857706,0.04857706,0.030537512,0.2,0.1,0.5,0.6666667,0.05,1.0,1.0,1.0,1.0,1.0,-0.8,-0.9,-0.5,-0.33333334,-0.95,-0.30107376,0.74370134,0.7720921,0.55195624,0.55505943,-0.6745923,0.00093143166,0.69196355,0.7013961,0.5248215,0.2,0.1,0.3,0.33333334,0.35,0.8,0.9,0.7,0.6333333,0.6333333,-0.6,-0.8,-0.4,-0.3,-0.28333333,0.0025486376,0.0009134431,0.37693366,0.43453065,0.3702916,0.99745136,0.99908656,0.6230663,0.5654693,0.6297084,-0.99490273,-0.9981731,-0.24613264,-0.13093868,-0.25941682,1.0158185,1.1882063,1.2717632,1.1527252,1.1348685,0.16463825,0.40032464,0.6709059,0.58867705,0.6750326,0.68965065,0.92867565,1.7013315,1.8407109,1.7167951,0.5794519,0.17280775,0.5120374,0.51575017,0.49002403,0.4205481,0.82719225,0.4879626,0.48424986,0.50997597,0.15890378,-0.6543845,0.024074778,0.03150028,-0.019951923
SZ000725,-0.10773582970487562,0.0,,2026-05-26,0.10536398,0.118773855,0.8870974,0.0057470356,0.04838637,0.007662842,0.06451623,0.107279785,0.90322727,0.90467936,1.0051992,0.897747,0.9663033,0.74704564,0.72277224,0.7262855,0.6949856,0.75566906,0.8717981,0.80182046,0.761961,0.74492705,0.73306715,0.09992639,0.09963745,0.079980604,0.069928005,0.05632356,0.062376253,0.029079683,0.009672857,0.005312194,0.00080655137,0.9741328,0.78081036,0.51192725,0.44724688,0.06254371,0.0034493888,0.06732096,0.14614686,0.17804615,0.2431396,1.0051992,1.0051992,1.0051992,1.0051992,1.0051992,0.73495543,0.7072634,0.70712227,0.6898326,0.667246,0.9307569,0.8981156,0.7602044,0.7387416,0.75126153,0.7979559,0.7310763,0.72206956,0.70578086,0.6949856,1.0,1.0,1.0,1.0,1.0,0.980761,0.9825492,0.9825574,0.9835137,0.98461556,1.0,1.0,1.0,1.0,1.0,0.2,0.4,0.25,0.16666667,0.3,0.8,0.6,0.75,0.8333333,0.7,0.9016538,0.9306839,0.9232411,0.9046063,0.8698269,0.6933626,0.6709795,0.62464696,0.60157806,0.49047384,0.8,0.7,0.6,0.56666666,0.46666667,0.2,0.3,0.4,0.43333334,0.51666665,0.6,0.4,0.2,0.13333334,-0.05,0.968085,0.92549014,0.8283525,0.80946213,0.6476264,0.031914994,0.07450987,0.17164746,0.19053784,0.35237357,0.93617004,0.8509803,0.6567051,0.6189243,0.29525286,0.66429573,0.41108,0.26253155,0.21568078,0.16755854,0.47923708,0.41651523,0.32523495,0.27377036,0.20065442,1.0328928,1.6263634,2.3077135,2.7043006,3.1831205,0.7571188,0.7612127,0.7303943,0.7050969,0.6354063,0.24288116,0.23878731,0.2696057,0.2949031,0.3645937,0.51423764,0.52242535,0.46078864,0.4101938,0.2708126
SH688256,-0.10778738963784057,0.125,,2026-05-26,0.020209575,0.05279058,0.3828254,0.026789343,0.50746447,0.0057916613,0.10971013,-0.00078810676,-0.014928928,0.98019075,1.0262587,0.9745138,0.99771166,0.93496734,0.9056758,0.6287963,0.5693862,0.5145626,0.9577561,0.9269888,0.8520767,0.7733011,0.6449982,0.04287996,0.049878426,0.1131527,0.14645442,0.16665725,0.015074001,0.010815979,0.016691424,0.01573002,0.008151704,0.30895007,0.43104005,0.7615966,0.8940365,0.7297066,0.0120959,0.024339294,-0.010645261,-0.0013863728,0.1145265,1.0262587,1.0262587,1.0262587,1.0262587,1.0262587,0.9004011,0.83276725,0.6091101,0.56506115,0.46007165,0.9974715,0.9718434,0.93365175,0.9121311,0.85799754,0.9142156,0.8872444,0.7810258,0.63145787,0.5052613,1.0,1.0,1.0,1.0,1.0,0.79136205,0.86429024,0.937052,0.94306415,0.9536219,1.0,1.0,1.0,1.0,1.0,0.6,0.5,0.05,0.033333335,0.3,0.4,0.5,0.95,0.96666664,0.7,0.63749313,0.35096896,0.28634182,0.54890347,0.5869448,0.87378865,0.6458835,0.5717899,0.49528217,0.46940073,0.6,0.6,0.75,0.76666665,0.5833333,0.4,0.4,0.25,0.23333333,0.4,0.2,0.2,0.5,0.53333336,0.18333334,0.6875771,0.63264275,0.75359774,0.7531801,0.68867373,0.31242287,0.36735722,0.24640228,0.2468199,0.31132627,0.37515426,0.26528552,0.5071954,0.50636023,0.3773475,1.008913,1.0325127,1.1317517,1.0200183,0.88784087,0.1777283,0.15996908,0.32003245,0.31663895,0.3149851,1.0447427,0.84900814,1.3059969,1.4825184,1.491243,0.39533174,0.41946045,0.52149135,0.5037864,0.51530063,0.60466826,0.5805395,0.47850865,0.49621364,0.48469934,-0.2093365,-0.16107911,0.042982716,0.0075727133,0.030601311
SH600160,-0.10876936413453955,0.0,,2026-05-26,0.015620546,0.07100254,0.2199998,0.029537058,0.41599998,0.02584494,0.3640002,0.01192843,0.16800003,0.9846197,1.0290828,0.95917225,0.9939462,0.9077204,0.9832219,0.9398702,0.9703422,1.1468084,0.96470183,0.9638925,0.98571885,0.9765888,1.014766,0.043656584,0.03794063,0.036754277,0.033535562,0.07811359,0.022652918,0.0009675088,-0.003259189,0.00016127659,-0.0030921153,0.67311436,0.005960906,0.27521452,0.0017923929,0.477923,-0.010007657,0.031753693,0.04524344,0.021072717,0.076451436,1.0290828,1.0531318,1.0531318,1.0531318,1.2281743,0.895959,0.8842304,0.8842304,0.8842304,0.8842304,1.0004442,1.0004442,1.0115128,1.0035233,1.0668854,0.92157716,0.92157716,0.96370006,0.94837767,0.9546892,0.8,0.8,0.575,0.71666664,0.59166664,0.7815358,0.68542683,0.68542683,0.68542683,0.33659443,1.0,0.3,0.65,0.76666665,0.05,0.2,0.5,0.75,0.8333333,0.9166667,0.8,-0.2,-0.1,-0.06666667,-0.8666667,0.8881554,0.30506292,-0.18269107,0.070031054,-0.16847114,0.9016489,0.72681624,0.7063925,0.59996253,0.3646247,0.6,0.5,0.55,0.46666667,0.45,0.4,0.5,0.45,0.53333336,0.53333336,0.2,0.0,0.1,-0.06666667,-0.083333336,0.8056557,0.52757955,0.56351984,0.5235299,0.44167355,0.19434428,0.47242045,0.43648016,0.47647014,0.5583264,0.61131144,0.055159096,0.12703966,0.047059722,-0.11665289,0.84492004,0.8675403,0.70009416,0.62107176,0.47181153,0.2606671,0.33531284,0.29274952,0.26969302,0.25037044,1.4597995,1.1097281,1.3429826,1.4318517,1.5282943,0.5228074,0.58952326,0.57040083,0.5675946,0.5367009,0.4771926,0.4104767,0.4295992,0.4324054,0.46329913,0.045614805,0.17904654,0.14080162,0.13518915,0.07340178
SZ300308,-0.11338202562728285,0.375,,2026-05-26,0.022242876,0.03151064,0.70588464,0.0064874627,0.20588166,0.002780301,0.088233724,0.018535715,0.5882367,0.9782411,1.0063463,0.9755213,0.9947412,0.9338169,0.92292815,0.8122762,0.62756294,0.5126032,0.9545463,0.95343554,0.87771887,0.8322011,0.679486,0.040900223,0.0292446,0.08760384,0.10111193,0.17152824,0.02100269,0.002097709,0.013134286,0.010609139,0.0093644895,0.6592324,0.04716399,0.7867464,0.8532123,0.90906894,0.0034483555,0.037124746,-0.002494564,0.01396638,0.044261586,1.0063463,1.0063463,1.0063463,1.0063463,1.0063463,0.90058124,0.8965367,0.7391359,0.62845993,0.45820716,0.9927475,0.9800545,0.95134604,0.9423255,0.82028896,0.93224674,0.93889385,0.77715737,0.7622908,0.51461154,1.0,1.0,1.0,1.0,1.0,0.93999624,0.94220626,0.9762498,0.9832058,0.9884221,1.0,1.0,1.0,1.0,1.0,0.4,0.5,0.2,0.033333335,0.13333334,0.6,0.5,0.8,0.96666664,0.8666667,0.34177995,0.21129322,-0.21237287,-0.28509197,-0.1683478,0.104835436,0.008182405,0.21777646,0.35806963,0.42334208,0.8,0.6,0.6,0.7,0.6166667,0.2,0.4,0.4,0.3,0.38333333,0.6,0.2,0.2,0.4,0.23333333,0.727673,0.65840745,0.69271857,0.7764664,0.7005899,0.27232704,0.34159252,0.3072814,0.2235336,0.2994101,0.45534596,0.31681493,0.38543716,0.5529328,0.4011798,0.9882528,1.0712432,1.1575203,1.1972501,1.2439809,0.06539266,0.114877276,0.20773882,0.20969605,0.29303885,0.7122911,0.6331421,0.86341536,0.85463667,0.9213624,0.36746567,0.34482083,0.46048447,0.49512818,0.5024498,0.6325343,0.65517914,0.53951555,0.50487185,0.4975502,-0.26506862,-0.31035832,-0.07903107,-0.009743646,0.00489964
SH600460,-0.1146621779170133,0.125,,2026-05-26,-0.002060645,0.055342946,-0.037234105,0.015601993,0.28191474,0.03768031,0.68085116,0.02001767,0.36170232,1.002065,1.0176991,0.9622419,0.9867408,0.9542822,0.8911519,0.8070832,0.7734597,0.95841867,0.96626616,0.9469725,0.90329933,0.86738366,0.84291905,0.039145913,0.034834046,0.054131072,0.06801799,0.06810665,0.017312089,0.008427523,0.008582845,0.0074487994,0.0013889306,0.48895186,0.5365417,0.87990826,0.92945135,0.12684748,-0.0008903201,0.015103657,0.015163665,0.024608772,0.11610747,1.0176991,1.0176991,1.0176991,1.0176991,1.0176991,0.9115209,0.8687356,0.80856025,0.77316207,0.7286292,1.0017136,0.9690986,0.949807,0.9264458,0.91276,0.9414907,0.9153443,0.8532185,0.79800266,0.7834856,0.8,0.9,0.95,0.96666664,0.98333335,0.8333075,0.88118494,0.9153715,0.92762196,0.9387722,1.0,1.0,1.0,1.0,1.0,0.4,0.1,0.05,0.06666667,0.45,0.6,0.9,0.95,0.93333334,0.55,0.48779538,0.47981,0.83179784,0.91657215,0.862518,0.15138967,0.42335075,0.6052488,0.604418,0.3221137,0.6,0.6,0.55,0.56666666,0.46666667,0.4,0.4,0.45,0.4,0.51666665,0.2,0.2,0.1,0.16666667,-0.05,0.6426904,0.7123099,0.7242627,0.7199128,0.5203997,0.3573096,0.28769007,0.2757373,0.28008717,0.4796003,0.28538078,0.42461982,0.44852546,0.43982568,0.040799357,0.9197505,0.87496036,0.7173526,0.5601273,0.4280628,0.1797846,0.17078131,0.21886793,0.28846174,0.2591495,0.8635573,0.91915137,0.9878118,1.2580154,1.4102603,0.55598617,0.59609985,0.5834693,0.5892634,0.5360302,0.44401386,0.40390015,0.41653073,0.41073662,0.46396986,0.11197228,0.19219969,0.16693853,0.17852676,0.07206031
SZ000975,-0.12034569765143588,0.125,,2026-05-26,0.054009087,0.08018281,0.6735744,0.009140088,0.11399063,0.017033633,0.21243496,0.06190263,0.77201873,0.9487584,1.0086718,0.93259764,0.98324126,0.9471701,1.1060121,1.0930159,1.2115662,1.2034304,0.9508753,0.9813828,1.0351654,1.0777328,1.1275837,0.030837396,0.058103178,0.07197898,0.085917756,0.09478961,0.017384559,-0.012020462,-0.0088393865,-0.008528995,-0.0040344754,0.7945331,0.39233223,0.52783835,0.7637155,0.55252576,0.014355622,0.07270931,0.04880878,0.045937613,-0.008566699,1.0086718,1.1190269,1.1592097,1.2324911,1.3150076,0.90973425,0.90973425,0.90973425,0.90973425,0.90973425,0.9675132,1.0128483,1.0990808,1.1587998,1.2004086,0.9299898,0.93975276,0.9569472,0.98350304,1.0544149,1.0,0.8,0.4,0.26666668,0.13333334,0.91235137,0.4312896,0.3618221,0.27967107,0.2227281,1.0,0.1,0.4,0.033333335,0.05,0.2,0.6,0.8,0.8666667,0.93333334,0.8,-0.5,-0.4,-0.8333333,-0.8833333,0.250721,-0.15283434,-0.12349713,-0.49984488,-0.027177028,-0.13622402,-0.26404843,-0.2660999,-0.2271587,0.16073756,0.6,0.3,0.35,0.33333334,0.38333333,0.4,0.7,0.65,0.6666667,0.6,0.2,-0.4,-0.3,-0.33333334,-0.21666667,0.7518473,0.2990116,0.4123348,0.35502237,0.4456018,0.24815267,0.7009884,0.5876652,0.6449776,0.5543982,0.50369465,-0.4019768,-0.1753304,-0.28995523,-0.10879641,0.8223216,0.8493015,0.81327116,0.7249319,0.8013201,0.15317819,0.24570751,0.23834884,0.24894689,0.3434419,0.7013612,1.0447406,0.97781247,1.0834864,1.3657398,0.7180391,0.5572512,0.51371557,0.52842414,0.5070713,0.2819609,0.44274876,0.4862844,0.47157586,0.49292868,0.4360782,0.11450248,0.027431184,0.056848302,0.014142617
SZ300124,-0.12840419713501053,0.125,,2026-05-26,0.019281631,0.060869582,0.31676957,0.03994962,0.65631497,0.0016383328,0.02691546,-0.019029655,-0.31262997,0.9810831,1.0391939,0.9794758,1.010016,0.9619222,0.9328655,0.8078655,0.8165196,0.9174123,0.9723795,0.96017706,0.91443616,0.88576627,0.8702947,0.019020276,0.021211548,0.067745715,0.069093324,0.055102106,0.011497707,0.0059336787,0.010153292,0.0066923937,0.0012708142,0.91354275,0.71732306,0.786173,0.7270973,0.16222864,0.004625055,0.013121366,-0.010892431,0.01719404,0.09221628,1.0391939,1.0391939,1.0391939,1.0391939,1.0391939,0.9358332,0.91221756,0.74344635,0.74344635,0.74344635,0.98130536,0.97504866,0.96162474,0.95680326,0.92841405,0.9590528,0.9483208,0.8456725,0.8212686,0.82561797,1.0,1.0,1.0,1.0,1.0,0.6208045,0.6913292,0.86747515,0.86747515,0.86747515,1.0,1.0,1.0,1.0,1.0,0.2,0.1,0.15,0.43333334,0.71666664,0.8,0.9,0.85,0.56666666,0.28333333,0.660649,0.5729752,0.015362629,0.39594954,0.49519253,0.51349217,0.75949,0.28371984,0.28623194,0.26356533,0.6,0.7,0.65,0.56666666,0.46666667,0.4,0.3,0.35,0.43333334,0.53333336,0.2,0.4,0.3,0.13333334,-0.06666667,0.78099847,0.7279495,0.7092036,0.65311164,0.54032654,0.21900156,0.27205047,0.2907964,0.34688833,0.4596735,0.5619969,0.45589906,0.4184072,0.30622333,0.08065303,0.73942435,0.7107521,0.76722014,0.65564674,0.4934552,0.22832839,0.22183639,0.24382108,0.25893903,0.25609922,0.82115155,1.0131651,1.2911364,1.432847,1.6493936,0.69898164,0.5671149,0.5522686,0.55597067,0.5350665,0.30101836,0.4328851,0.44773135,0.44402936,0.46493354,0.3979633,0.13422976,0.104537286,0.11194131,0.07013294
SZ300661,-0.12937544856473032,0.125,,2026-05-26,-0.009677424,0.05865879,-0.16497825,0.0042445054,0.07235924,0.04473686,0.76266253,0.030814929,0.525325,1.009772,1.014058,0.954826,0.9799575,0.9651975,0.88616437,0.7440093,0.6820027,0.60331815,0.98179185,0.95060736,0.8674461,0.8012266,0.7024513,0.033940207,0.04393615,0.095609635,0.12399021,0.13479023,0.0074746064,0.011954968,0.01521967,0.013666586,0.0068730526,0.12125166,0.6786789,0.88690114,0.9415578,0.7930167,0.0032589056,-0.004404694,-0.012032973,0.00060791435,0.094793655,1.0510846,1.0510846,1.0510846,1.0510846,1.0510846,0.92876804,0.8727035,0.7206656,0.632996,0.5301024,1.0042174,1.000223,0.954295,0.9278542,0.79777455,0.94918525,0.90572834,0.7629111,0.6643802,0.6017114,0.6,0.8,0.9,0.93333334,0.96666664,0.5823572,0.7136208,0.8453943,0.8778138,0.9019455,0.8,0.9,0.95,0.96666664,0.98333335,0.6,0.1,0.2,0.06666667,0.11666667,0.2,0.8,0.75,0.9,0.8666667,0.28783742,-0.26794443,-0.30921248,0.07258391,0.44127575,0.54125774,0.5362658,0.60531175,0.555341,0.62650114,0.6,0.7,0.65,0.6666667,0.53333336,0.4,0.3,0.35,0.33333334,0.46666667,0.2,0.4,0.3,0.33333334,0.06666667,0.59111243,0.6814244,0.7226079,0.7184119,0.6490616,0.4088876,0.31857562,0.2773921,0.28158808,0.3509384,0.18222484,0.36284876,0.44521582,0.43682382,0.2981232,1.1945921,1.3294829,1.5452394,1.4890592,1.2876208,0.25379682,0.2803989,0.4756646,0.511782,0.5588949,0.73045546,0.76132584,1.0912702,1.1460707,1.2192264,0.35671887,0.34644374,0.4018743,0.4805068,0.5094975,0.6432811,0.6535562,0.5981257,0.5194932,0.49050248,-0.28656226,-0.3071125,-0.19625136,-0.038986403,0.018995054
SZ002050,-0.1345336110983511,0.0,,2026-05-26,0.009082466,0.05245604,0.17314436,0.028915688,0.5512366,0.014457883,0.27561903,-0.005375339,-0.10247322,0.9909993,1.0286554,0.9766715,1.00747,0.96124864,0.9353429,0.8295415,0.8041834,0.95793897,0.9764134,0.9625653,0.9212627,0.89251876,0.8656208,0.028917626,0.029231526,0.059808657,0.063913666,0.06337973,0.0162744,0.0073158476,0.009139228,0.0066193817,0.0015271326,0.7918169,0.5741664,0.81725746,0.83128345,0.17707309,-0.0089622345,0.0045133643,-0.008085316,0.011500189,0.0893288,1.0286554,1.0286554,1.0286554,1.0286554,1.0286554,0.9224833,0.90466756,0.8041877,0.8041877,0.7557007,0.99426645,0.9907759,0.97075844,0.95727706,0.93640727,0.962051,0.94250745,0.8581545,0.82935816,0.81010514,1.0,1.0,1.0,1.0,1.0,0.7301039,0.76888525,0.87234056,0.87234056,0.8950176,1.0,1.0,1.0,1.0,1.0,0.2,0.3,0.2,0.46666667,0.31666666,0.8,0.7,0.8,0.53333336,0.68333334,0.5963097,0.59341353,0.8468982,0.88911444,0.78476495,0.49587497,0.55748636,0.615318,0.5846621,0.42425448,0.6,0.6,0.6,0.56666666,0.45,0.4,0.4,0.4,0.43333334,0.55,0.2,0.2,0.2,0.13333334,-0.1,0.67726827,0.6387937,0.6939688,0.6814171,0.52088135,0.32273176,0.3612063,0.30603123,0.31858286,0.47911862,0.35453647,0.2775874,0.38793755,0.36283424,0.04176274,0.90922827,0.8291702,0.69585323,0.57912534,0.44521496,0.22123103,0.237799,0.276863,0.28203723,0.24945304,0.92310125,0.91206586,0.9092701,1.1066531,1.2189096,0.670122,0.59889454,0.56530195,0.57473415,0.53204644,0.32987797,0.40110546,0.43469808,0.42526585,0.46795353,0.34024405,0.19778906,0.13060386,0.1494683,0.06409292
SZ002475,-0.13480832018674674,0.125,,2026-05-26,-0.016960673,0.034735426,-0.4882817,0.00013568012,0.0039061022,0.017639074,0.5078122,0.0005427205,0.015624409,1.0172533,1.0173913,0.9820566,0.99697846,0.9993105,1.0654258,0.9354033,0.7603859,0.7119393,0.98685986,1.0108212,0.99169815,0.9473894,0.81312656,0.035976734,0.045116797,0.051254287,0.08224362,0.1483221,0.015997516,-0.008333417,0.00328549,0.007517612,0.007798528,0.49431252,0.31273833,0.14381625,0.64752585,0.84316635,-0.018854892,0.026679091,-0.02291029,-0.056394804,-0.04318312,1.0342314,1.1287777,1.1287777,1.1287777,1.1287777,0.93264157,0.93264157,0.88847643,0.7577645,0.61518353,1.0062114,1.0329891,1.0329891,1.009247,0.9705176,0.9610762,0.9928783,0.9452863,0.89267224,0.67699003,0.8,0.5,0.65,0.76666665,0.8833333,0.6630429,0.34342673,0.4640988,0.6529025,0.7492616,0.8,0.1,0.55,0.7,0.85,0.4,0.7,0.05,0.033333335,0.31666666,0.4,-0.6,0.5,0.6666667,0.53333336,0.13796815,0.49002028,0.12042235,-0.14358601,0.63114387,0.0055851373,0.14928329,0.365838,0.55209404,0.58882606,0.4,0.3,0.45,0.53333336,0.48333332,0.6,0.7,0.55,0.46666667,0.51666665,-0.2,-0.4,-0.1,0.06666667,-0.033333335,0.50183517,0.40254807,0.5495557,0.6387919,0.6078325,0.49816486,0.5974519,0.45044428,0.36120808,0.39216754,0.003670283,-0.19490387,0.09911141,0.27758387,0.21566495,1.1961513,1.2338753,1.346171,1.4355901,1.1456974,0.13628517,0.17293715,0.2657126,0.3811835,0.4716583,0.42194816,0.59850734,0.8935467,1.1492589,1.3171189,0.54525805,0.42302805,0.44768673,0.45214367,0.5060597,0.45474195,0.57697195,0.55231327,0.54785633,0.49394026,0.09051609,-0.15394388,-0.104626544,-0.09571264,0.012119472
SH600111,-0.1393336165772078,0.0,,2026-05-26,0.0057426505,0.028712831,0.20000294,0.003168268,0.11034328,0.019801913,0.68965375,0.022376295,0.77931345,0.9942901,1.0031502,0.97460127,0.9890109,0.9893688,1.0718626,0.92852753,1.0198871,1.1897999,1.0064957,1.0253186,1.0267856,1.0136173,1.0093412,0.009141419,0.03589592,0.06134348,0.05550577,0.075277224,-0.003562883,-0.009331224,0.0015773138,0.0019964795,-0.000501338,0.37976584,0.61943877,0.023140214,0.100266315,0.013528009,0.0006300565,0.016671836,-0.041770045,-0.04256621,0.0054482385,1.0484378,1.1088763,1.1411704,1.1411704,1.2516183,0.9700677,0.9700677,0.9111983,0.9111983,0.8667069,1.009371,1.0508344,1.0801724,1.0614694,1.0696545,0.9997249,0.9997249,0.9967736,0.97259307,0.9372665,0.4,0.3,0.3,0.43333334,0.48333332,0.38193497,0.21563713,0.3861412,0.3861412,0.34629557,0.4,0.1,0.45,0.6333333,0.05,0.2,0.6,0.15,0.43333334,0.31666666,0.2,-0.5,0.3,0.2,-0.26666668,0.46572044,0.74586916,0.85600895,0.7397962,0.7113368,0.41989765,0.25314492,0.65788203,0.4462326,0.408775,0.6,0.5,0.5,0.4,0.41666666,0.4,0.5,0.5,0.6,0.5833333,0.2,0.0,0.0,-0.2,-0.16666667,0.5767178,0.3500369,0.5612156,0.48698705,0.43442252,0.4232822,0.64996314,0.43878442,0.51301295,0.56557745,0.1534356,-0.29992625,0.122431174,-0.026025917,-0.13115495,1.1865721,1.3496705,1.5470378,1.4295028,1.2507402,0.28542534,0.3110627,0.68344814,0.5987706,0.57633257,1.1210322,0.7955114,1.0896554,1.1848488,1.3492658,0.4374194,0.24931136,0.45984998,0.49953488,0.44994962,0.5625806,0.7506886,0.54015005,0.50046515,0.5500504,-0.12516114,-0.5013773,-0.08030004,-0.0009302653,-0.10010073
SH688126,-0.1419017636881281,0.125,,2026-05-26,-0.07241379,0.086206846,-0.8400004,0.0,0.0,0.013793059,0.15999958,-0.058620725,-0.68000084,1.078067,1.078067,0.98513013,1.019105,1.0975158,0.9391917,0.76937336,0.65109384,0.8209122,1.0464962,1.0017427,0.9106971,0.8402546,0.7664813,0.037520166,0.07600206,0.115760334,0.14068261,0.1288819,-0.012829074,0.015408815,0.01792217,0.015216759,0.0049088327,0.29228133,0.37678984,0.8389376,0.9067034,0.4424584,-0.020837972,-0.07108236,-0.08095769,-0.060897626,0.088708155,1.175007,1.175007,1.175007,1.175007,1.175007,0.9820727,0.8820126,0.72515136,0.6514499,0.6173526,1.0820171,1.0820171,1.029885,0.96025217,0.8626622,1.0231369,0.92532444,0.78198,0.72272897,0.6584353,0.2,0.5,0.75,0.8333333,0.9166667,0.09291906,0.40269506,0.61097074,0.6657346,0.68617296,0.4,0.7,0.85,0.9,0.95,0.6,0.4,0.25,0.06666667,0.45,-0.2,0.3,0.6,0.8333333,0.5,0.483689,0.89943933,0.9379051,0.9360343,0.9195687,0.15515572,0.755143,0.69384944,0.72774005,0.5889181,0.4,0.5,0.65,0.6666667,0.51666665,0.6,0.5,0.35,0.33333334,0.48333332,-0.2,0.0,0.3,0.33333334,0.033333335,0.25602958,0.5647709,0.6616424,0.69056296,0.5679325,0.74397045,0.4352291,0.33835763,0.30943707,0.4320675,-0.48794085,0.12954181,0.32328478,0.38112587,0.13586494,1.2727252,1.1084442,0.843704,0.6567014,0.40242094,0.1837916,0.30092683,0.3867209,0.42526078,0.39489925,0.78975815,1.4700575,1.6257356,1.7986763,2.4400876,0.20492283,0.48807272,0.5642132,0.58456326,0.545674,0.79507715,0.5119273,0.43578678,0.4154367,0.45432597,-0.59015435,-0.023854576,0.12842642,0.16912657,0.091348045
SH601138,-0.14525173004948772,0.0,,2026-05-26,0.0017177451,0.040080227,0.04285767,0.011737773,0.29285696,0.026624708,0.66428536,0.01660468,0.41428608,0.9982852,1.0117177,0.97170615,0.9902392,0.97971916,0.9203168,0.97059876,0.78627145,0.8201128,0.97482294,0.9798512,0.95463216,0.925549,0.83865553,0.02851678,0.022742476,0.035126746,0.059977043,0.10031103,0.012084497,-0.00078475697,0.0032019622,0.00548482,0.0048118187,0.44894814,0.010914561,0.29082024,0.6481214,0.7018123,0.0010080461,0.02368025,0.014949207,-0.005078878,0.019395826,1.0117177,1.0574872,1.0574872,1.0574872,1.0574872,0.92166847,0.91261065,0.88232607,0.790628,0.67661476,1.0009121,1.0009121,0.98139924,0.975591,0.95660627,0.9549502,0.9649586,0.91969275,0.876323,0.7453498,0.8,0.8,0.9,0.93333334,0.96666664,0.869875,0.60319877,0.6718039,0.78457856,0.8490644,1.0,0.2,0.6,0.73333335,0.8666667,0.6,0.1,0.3,0.033333335,0.3,0.4,0.1,0.3,0.7,0.56666666,0.69331795,0.41094485,0.31497398,0.5833785,0.7895629,0.52208966,0.73733824,0.55818534,0.6865838,0.48943275,0.4,0.4,0.45,0.53333336,0.46666667,0.6,0.6,0.55,0.46666667,0.53333336,-0.2,-0.2,-0.1,0.06666667,-0.06666667,0.5868451,0.64212346,0.5276088,0.63799787,0.57074094,0.41315487,0.35787657,0.4723912,0.3620021,0.42925906,0.17369024,0.28424686,0.055217624,0.27599576,0.14148188,1.004522,1.2307892,1.1717167,1.0998935,0.8620417,0.12417866,0.38359305,0.2986258,0.301477,0.34979823,0.8720488,1.2850616,1.1009051,1.1139989,1.2395303,0.58996826,0.5048122,0.46938333,0.52027994,0.50856596,0.41003177,0.49518782,0.53061664,0.47972006,0.49143404,0.17993648,0.009624364,-0.061233338,0.040559873,0.017131934
SZ301269,-0.15277900312895118,0.0,,2026-05-26,0.034245007,0.088562034,0.3866782,0.01961237,0.22145349,0.034704655,0.39186832,0.04933729,0.557093,0.9668889,1.018963,0.93333334,0.9776499,0.7043158,0.7096274,0.6428624,0.62375504,0.7570638,0.8434821,0.77399486,0.72077096,0.6925366,0.67736137,0.116237625,0.10668906,0.094072826,0.086422175,0.07166327,0.067436375,0.029095825,0.012517813,0.0075449217,0.0010562629,0.84146285,0.68176234,0.6197214,0.5906916,0.06625989,0.021645153,0.09507395,0.16030985,0.19806206,0.29147887,1.018963,1.018963,1.018963,1.018963,1.018963,0.7042139,0.68327814,0.6032216,0.6032216,0.59410787,0.9409812,0.8293766,0.7293102,0.70987827,0.70886016,0.7567097,0.703519,0.66623384,0.6329768,0.6234747,1.0,1.0,1.0,1.0,1.0,0.93975204,0.9435096,0.95438755,0.95438755,0.955366,1.0,1.0,1.0,1.0,1.0,0.2,0.5,0.2,0.46666667,0.45,0.8,0.5,0.8,0.53333336,0.55,0.97812873,0.9434554,0.85250634,0.8614314,0.6396166,0.629115,0.73240215,0.49664825,0.5206614,0.24986362,0.8,0.7,0.75,0.6666667,0.53333336,0.2,0.3,0.25,0.33333334,0.46666667,0.6,0.4,0.5,0.33333334,0.06666667,0.88200533,0.8428571,0.7765338,0.75993896,0.61155903,0.117994696,0.15714285,0.22346623,0.24006106,0.38844097,0.7640106,0.6857143,0.5530675,0.5198779,0.22311808,0.55869293,0.3512982,0.25981465,0.19747345,0.12620258,0.3200353,0.30583256,0.23283996,0.2088458,0.16373083,0.71573883,1.364923,1.6890996,2.1062443,2.8213105,1.0,0.9067419,0.8089198,0.78735024,0.7131269,0.0,0.09325806,0.19108021,0.21264976,0.2868731,1.0,0.8134839,0.6178396,0.5747005,0.42625377
SH688041,-0.16526065126256262,0.0,,2026-05-26,0.056222983,0.08947369,0.6283745,0.011888475,0.1328712,0.021362226,0.2387543,0.06569673,0.7342576,0.9467698,1.0112556,0.92654467,0.96276665,0.9145903,1.0235431,0.7720753,0.66537166,0.72247696,0.94207096,0.93769825,0.9309493,0.867615,0.77077013,0.040643673,0.046046022,0.06689232,0.10708753,0.12690578,0.020961018,0.0005287857,0.0040691094,0.009942962,0.0055756825,0.6649344,0.0012088894,0.12951326,0.66812146,0.58875287,0.016007029,0.059922237,0.03039417,-0.011787931,0.06474723,1.0112556,1.0367162,1.0517119,1.0517119,1.0517119,0.88281244,0.8546767,0.7945409,0.6756108,0.59498703,0.97308016,0.97308016,1.0029619,0.97308016,0.90281284,0.91253394,0.8978939,0.86842704,0.7561443,0.65159047,1.0,0.9,0.75,0.8333333,0.9166667,0.91236866,0.79830605,0.79892015,0.8625053,0.8867767,1.0,0.2,0.5,0.6666667,0.8333333,0.6,0.5,0.05,0.033333335,0.31666666,0.4,-0.3,0.45,0.6333333,0.51666665,0.513076,0.10269398,0.36993465,0.72346973,0.84375966,0.11831908,-0.097675696,0.30396357,0.32377857,0.33184737,0.8,0.6,0.6,0.7,0.56666666,0.2,0.4,0.4,0.3,0.43333334,0.6,0.2,0.2,0.4,0.13333334,0.79959023,0.46131703,0.64568174,0.6774034,0.5965726,0.20040978,0.53868294,0.3543183,0.32259658,0.40342742,0.59918046,-0.07736591,0.29136342,0.35480684,0.19314514,0.88716865,0.85810006,0.8752677,0.7726795,0.57828295,0.1336879,0.13940541,0.15060858,0.20400767,0.25584227,0.6105459,0.823072,1.0399176,1.1868383,1.408996,0.6228548,0.55563784,0.5450333,0.5589855,0.54176825,0.37714514,0.44436213,0.4549667,0.44101453,0.45823172,0.2457097,0.11127571,0.09006659,0.11797096,0.08353656
SZ002916,-0.17890994529182194,0.0,,2026-05-26,0.033251222,0.09472901,0.3510142,0.033226535,0.35075355,0.028251246,0.29823226,0.028275935,0.2984929,0.96781886,1.0321573,0.9404768,0.9857836,0.79213625,0.78615254,0.71823925,0.5792591,0.62874615,0.89417493,0.8454995,0.80308735,0.7599585,0.6767081,0.086565346,0.07859437,0.07101394,0.08663837,0.10955171,0.05419619,0.020514905,0.009636789,0.008975548,0.004632243,0.9799173,0.62455046,0.64453346,0.83176965,0.5453109,-0.0025672987,0.06218339,0.10536315,0.109896034,0.18664074,1.0321573,1.0321573,1.0321573,1.0321573,1.0321573,0.7801494,0.7516831,0.6995249,0.5840264,0.50297874,0.9628119,0.9120735,0.8219437,0.79687876,0.77068377,0.8149734,0.7916874,0.7580108,0.68474853,0.57687163,1.0,1.0,1.0,1.0,1.0,0.87239575,0.8853468,0.9033249,0.9282414,0.9392317,1.0,1.0,1.0,1.0,1.0,0.2,0.5,0.05,0.033333335,0.45,0.8,0.5,0.95,0.96666664,0.55,0.88990325,0.93290496,0.6603934,0.116037056,0.4050777,-0.20186841,0.51540333,0.41838425,0.42210498,0.30128303,1.0,0.7,0.6,0.6333333,0.53333336,0.0,0.3,0.4,0.33333334,0.45,1.0,0.4,0.2,0.3,0.083333336,1.0,0.80419844,0.7837657,0.7963127,0.64849526,0.0,0.19580153,0.21623431,0.2036873,0.35150477,1.0,0.60839695,0.5675314,0.59262544,0.29699048,0.6977029,0.58011997,0.5465013,0.57025856,0.510946,0.20899884,0.189319,0.15180126,0.15788914,0.15157779,0.7143608,0.7867935,1.0133477,1.0171425,1.0531042,1.0,0.82678527,0.616928,0.54503363,0.53735316,0.0,0.17321473,0.38307202,0.4549664,0.46264687,1.0,0.65357053,0.23385595,0.09006721,0.074706264
SH600150,-0.18150474006350703,0.0,,2026-05-26,0.025172202,0.04213035,0.59748375,0.0002649178,0.006288051,0.016693233,0.3962282,0.041600518,0.9874239,0.97544587,1.0002584,0.95916253,0.9842215,0.96896654,1.0467426,0.9976898,0.83305097,0.9847528,0.992977,1.0087556,1.0291506,0.98199594,0.93366313,0.008388425,0.035143677,0.037638422,0.08059829,0.09241479,-0.0013398895,-0.008268576,-0.0034786465,0.005868148,0.0021394938,0.06378479,0.50743276,0.2989688,0.41082054,0.16347034,0.009702768,0.028453048,0.0038965512,-0.06708411,0.003221786,1.0452585,1.0866029,1.12222,1.12222,1.12222,0.9583609,0.9583609,0.9583609,0.83302593,0.7753785,1.0000461,1.0412135,1.064377,1.0636531,1.0035114,0.98994297,0.9851378,0.99253035,0.90020025,0.83693206,0.8,0.6,0.35,0.56666666,0.75,0.4791741,0.32469177,0.25411537,0.5773773,0.64762,0.4,0.1,0.25,0.5,0.75,0.2,0.6,0.8,0.06666667,0.36666667,0.2,-0.5,-0.55,0.43333334,0.38333333,0.6428971,0.37743008,0.55482763,0.7243213,0.7067547,0.6241353,0.1621653,0.5057933,0.6509292,0.4624986,0.4,0.4,0.45,0.6,0.51666665,0.4,0.5,0.5,0.36666667,0.46666667,0.0,-0.1,-0.05,0.23333333,0.05,0.7145904,0.39966956,0.50285065,0.6427443,0.5075723,0.2854096,0.6003304,0.49714932,0.3572557,0.4924277,0.42918077,-0.20066087,0.0057013603,0.28548864,0.015144577,1.0205175,1.1142911,1.3700624,1.2506918,1.0640275,0.15324084,0.24443941,0.5319608,0.59786695,0.49832332,0.8737287,0.9747598,1.4415346,1.4698392,1.5205277,0.5317965,0.47596887,0.43033373,0.51536417,0.48735663,0.46820349,0.5240311,0.56966627,0.48463583,0.51264334,0.06359302,-0.048062246,-0.13933256,0.03072834,-0.025286729
SH688187,-0.18421155271296602,0.125,,2026-05-26,-0.008476,0.04136297,-0.20491758,0.020511981,0.495902,0.012374991,0.2991804,-0.016612992,-0.4016392,1.0085485,1.0292358,0.9875192,1.0064507,0.93770915,0.844671,0.89389837,0.8687271,1.0172057,0.96746856,0.9635654,0.904867,0.8970952,0.91119164,0.058642127,0.046273604,0.0692349,0.057559643,0.056971706,0.02722637,0.001951327,0.008715793,0.0037335306,-0.00094572053,0.5388899,0.016300648,0.5546661,0.3260656,0.08404406,-0.021921296,0.027653614,0.012332988,0.048768576,0.11670709,1.0513531,1.0513531,1.0513531,1.0513531,1.0513531,0.8778355,0.83336395,0.8122153,0.8122153,0.8122153,1.0104828,1.0101004,0.9815198,0.94025815,0.966449,0.920854,0.92837346,0.8417397,0.8446392,0.8679624,0.6,0.7,0.85,0.9,0.9,0.70404667,0.7644236,0.7852573,0.7852573,0.7852573,0.8,0.9,0.95,0.96666664,0.98333335,0.4,0.1,0.15,0.43333334,0.71666664,0.4,0.8,0.8,0.53333336,0.26666668,0.7031603,0.6059065,0.83788574,0.7394456,0.34617007,0.6789194,0.7967529,0.5392183,0.5310835,0.3906139,0.4,0.4,0.45,0.5,0.45,0.6,0.6,0.55,0.5,0.55,-0.2,-0.2,-0.1,0.0,-0.1,0.6523772,0.6600985,0.58653843,0.5915149,0.49255994,0.34762278,0.33990154,0.41346157,0.4084851,0.5074401,0.3047544,0.32019696,0.17307687,0.18302974,-0.0148801375,1.1423116,1.2859322,0.83875304,0.64111936,0.43848923,0.38001212,0.50531447,0.58292973,0.55109847,0.43975687,1.5809777,1.3425133,1.9166868,2.3423536,3.0054898,0.5056081,0.55268514,0.55595386,0.55905604,0.5419885,0.49439192,0.44731486,0.44404617,0.44094393,0.4580115,0.01121614,0.10537026,0.11190768,0.118112125,0.08397696
SZ300433,-0.21900761584752404,0.0,,2026-05-26,-0.013586296,0.05024356,-0.2704087,0.008972048,0.17857109,0.027685218,0.5510202,0.005126875,0.10204044,1.0137734,1.022869,0.9719335,0.99483895,0.9865097,0.79212,0.69126344,0.77104926,0.9012848,0.98349464,0.94879663,0.8302913,0.7953034,0.7946917,0.035952263,0.06764875,0.13479462,0.1228992,0.09523949,0.019096354,0.018162606,0.02184064,0.010714165,0.00064217113,0.7053237,0.6607668,0.91886896,0.5890067,0.013866512,-0.02168737,-0.030528333,-0.037777327,0.049341224,0.18636428,1.0517554,1.0525173,1.0525173,1.0525173,1.0525173,0.91634166,0.77678376,0.65749276,0.6481466,0.6481466,1.0054133,1.0011477,0.9887966,0.9446767,0.8468437,0.94778585,0.8811392,0.6883855,0.68809426,0.71294224,0.8,0.8,0.9,0.93333334,0.96666664,0.6177977,0.80953604,0.8670531,0.87012583,0.87012583,0.8,0.4,0.7,0.8,0.9,0.6,0.1,0.2,0.16666667,0.5833333,0.2,0.3,0.5,0.6333333,0.31666666,-0.09640234,0.32207873,0.8923754,0.7415642,0.46904027,0.51468605,0.7173201,0.654773,-0.010261778,0.055212818,0.6,0.6,0.6,0.56666666,0.46666667,0.4,0.4,0.4,0.43333334,0.53333336,0.2,0.2,0.2,0.13333334,-0.06666667,0.54398197,0.75601256,0.74853474,0.63465995,0.53667694,0.456018,0.24398741,0.25146523,0.36534008,0.46332306,0.08796398,0.5120252,0.4970695,0.26931986,0.07335389,1.3059621,1.4051591,0.99892783,0.90221065,0.63841903,0.20068862,0.30797547,0.5040023,0.4730481,0.43273804,0.61524916,1.0985088,1.330569,1.4684191,1.8320458,0.2617377,0.53054696,0.5599965,0.53596634,0.529201,0.7382623,0.46945304,0.4400035,0.46403363,0.47079906,-0.47652462,0.061093923,0.11999299,0.07193273,0.058401886
SH603986,-0.3881331099566824,0.125,,2026-05-26,0.031803917,0.09180394,0.346433,0.023137327,0.25202978,0.036862694,0.40153718,0.045529284,0.49594042,0.9691764,1.0224241,0.9334499,0.97523373,0.7676886,0.6708956,0.5783863,0.4753272,0.59075713,0.90638334,0.81394094,0.71767586,0.6601463,0.5917205,0.080009684,0.114311114,0.1300721,0.13517934,0.120286144,0.04698943,0.03653604,0.02072319,0.014192197,0.0047947904,0.8622938,0.93643475,0.88840896,0.85424083,0.48462728,-0.00036218524,0.021646895,0.08545384,0.13406686,0.26683316,1.0224241,1.0224241,1.0224241,1.0224241,1.0224241,0.7738388,0.64390904,0.5556342,0.484341,0.44946215,0.9827198,0.9072629,0.8245502,0.7607674,0.6657483,0.83948797,0.7083173,0.59237254,0.5507269,0.51487494,1.0,1.0,1.0,1.0,1.0,0.90979296,0.9407576,0.9519609,0.95832586,0.96086276,1.0,1.0,1.0,1.0,1.0,0.2,0.1,0.05,0.033333335,0.4,0.8,0.9,0.95,0.96666664,0.6,-0.094009064,0.54173064,0.72547996,0.70676565,0.6004663,-0.27072424,0.26212046,0.25279656,0.29270002,0.1305739,0.8,0.8,0.75,0.73333335,0.5833333,0.2,0.2,0.25,0.26666668,0.41666666,0.6,0.6,0.5,0.46666667,0.16666667,0.9117479,0.89908165,0.83713305,0.8290717,0.65882236,0.088252105,0.10091837,0.16286694,0.17092831,0.34117764,0.8234958,0.7981633,0.67426616,0.6581434,0.3176447,0.9702069,0.91452134,0.80042857,0.7495191,0.61373436,0.032272927,0.13061188,0.17805605,0.16962917,0.22236638,0.5563905,0.6772588,0.8533584,0.87742597,0.9946069,0.7508994,0.6582064,0.55575633,0.53933656,0.5341371,0.24910064,0.3417936,0.44424367,0.4606634,0.46586287,0.5017987,0.3164128,0.111512646,0.07867317,0.06827428
