instrument,avg_score,pos_ratio,real_label,datetime,KMID,KLEN,KMID2,KUP,KUP2,KLOW,KLOW2,KSFT,KSFT2,OPEN0,HIGH0,LOW0,VWAP0,ROC5,ROC10,ROC20,ROC30,ROC60,MA5,MA10,MA20,MA30,MA60,STD5,STD10,STD20,STD30,STD60,BETA5,BETA10,BETA20,BETA30,BETA60,RSQR5,RSQR10,RSQR20,RSQR30,RSQR60,RESI5,RESI10,RESI20,RESI30,RESI60,MAX5,MAX10,MAX20,MAX30,MAX60,MIN5,MIN10,MIN20,MIN30,MIN60,QTLU5,QTLU10,QTLU20,QTLU30,QTLU60,QTLD5,QTLD10,QTLD20,QTLD30,QTLD60,RANK5,RANK10,RANK20,RANK30,RANK60,RSV5,RSV10,RSV20,RSV30,RSV60,IMAX5,IMAX10,IMAX20,IMAX30,IMAX60,IMIN5,IMIN10,IMIN20,IMIN30,IMIN60,IMXD5,IMXD10,IMXD20,IMXD30,IMXD60,CORR5,CORR10,CORR20,CORR30,CORR60,CORD5,CORD10,CORD20,CORD30,CORD60,CNTP5,CNTP10,CNTP20,CNTP30,CNTP60,CNTN5,CNTN10,CNTN20,CNTN30,CNTN60,CNTD5,CNTD10,CNTD20,CNTD30,CNTD60,SUMP5,SUMP10,SUMP20,SUMP30,SUMP60,SUMN5,SUMN10,SUMN20,SUMN30,SUMN60,SUMD5,SUMD10,SUMD20,SUMD30,SUMD60,VMA5,VMA10,VMA20,VMA30,VMA60,VSTD5,VSTD10,VSTD20,VSTD30,VSTD60,WVMA5,WVMA10,WVMA20,WVMA30,WVMA60,VSUMP5,VSUMP10,VSUMP20,VSUMP30,VSUMP60,VSUMN5,VSUMN10,VSUMN20,VSUMN30,VSUMN60,VSUMD5,VSUMD10,VSUMD20,VSUMD30,VSUMD60
SZ300033,0.1262407789488838,0.875,,2026-05-26,0.04271549,0.06172412,0.6920389,0.017629292,0.2856143,0.0013793376,0.022346819,0.026465535,0.42877138,0.9590344,1.0169071,0.9577115,0.9945573,0.9428303,1.0413795,0.97561157,0.89458853,0.97540003,0.9644588,0.9681588,0.98058695,0.9834621,0.9464044,0.026690323,0.032125406,0.03793079,0.033895776,0.049737204,0.011781116,-0.0024390277,-0.00058125454,-0.00035614835,0.0014767777,0.48708546,0.052838158,0.008218962,0.008556032,0.2688855,0.011978918,0.04281683,0.02493498,0.021702034,0.010030638,1.0577927,1.0577927,1.0665139,1.0665139,1.0665139,0.92596465,0.91542345,0.91542345,0.9105458,0.8469091,0.98111886,0.9837643,1.0184301,1.0178105,0.99055886,0.9379277,0.9415909,0.94428617,0.9467175,0.9046525,1.0,0.9,0.7,0.7,0.85,0.5616054,0.5940648,0.5597743,0.5735414,0.69711995,0.4,0.7,0.45,0.6333333,0.81666666,0.2,0.5,0.75,0.033333335,0.46666667,0.2,0.2,-0.3,0.6,0.35,0.4831835,0.26886132,0.38024956,0.16098927,0.5986751,0.60910755,0.48408926,0.5555419,0.45109108,0.50966233,0.6,0.4,0.55,0.6,0.53333336,0.4,0.6,0.45,0.4,0.46666667,0.2,-0.2,0.1,0.2,0.06666667,0.69841504,0.4149532,0.5290974,0.58221567,0.5106162,0.30158496,0.58504677,0.47090262,0.41778436,0.48938382,0.3968301,-0.1700936,0.05819477,0.1644313,0.02123239,1.0112567,0.85818046,0.80866975,0.7662487,0.6216246,0.489018,0.3684437,0.31411418,0.27918532,0.2673878,0.72275877,0.9307526,1.050477,1.01477,1.1934751,0.5778714,0.53994507,0.5054018,0.5319719,0.5227043,0.42212862,0.46005496,0.4945982,0.46802813,0.4772957,0.1557428,0.07989008,0.010803595,0.063943736,0.04540858
SZ002241,0.09851549197526419,0.75,,2026-05-26,0.07905139,0.10513835,0.75187975,0.007905218,0.07518872,0.018181736,0.17293154,0.08932791,0.84962255,0.92673993,1.0073261,0.9098902,0.9483964,0.94211644,0.9252656,0.8904773,0.8677646,0.9772874,0.94043285,0.9402875,0.92774117,0.91678303,0.900978,0.03466928,0.02459424,0.024512943,0.025907243,0.04536865,0.018281862,0.0021003126,0.0027176782,0.0023118218,0.0004021123,0.69517034,0.066851705,0.43020278,0.6171178,0.02395978,0.023003416,0.050261125,0.046440884,0.049695555,0.087159656,1.0073261,1.0073261,1.0073261,1.0073261,1.0073261,0.8901012,0.8901012,0.87252265,0.87252265,0.80035836,0.9490037,0.9478374,0.94218993,0.93450373,0.92922956,0.91764367,0.9260033,0.91178495,0.89310664,0.86146194,1.0,1.0,1.0,1.0,1.0,0.93750405,0.93750405,0.9456536,0.9456536,0.96460277,1.0,1.0,1.0,1.0,1.0,0.6,0.8,0.2,0.46666667,0.38333333,0.4,0.2,0.8,0.53333336,0.6166667,0.5054398,0.4893174,0.6149353,0.7409231,0.52105284,0.50644743,0.617864,0.660774,0.662178,0.3962532,0.4,0.4,0.55,0.53333336,0.5,0.6,0.5,0.4,0.43333334,0.48333332,-0.2,-0.1,0.15,0.1,0.016666668,0.7408916,0.68413913,0.66232646,0.643837,0.5122357,0.2591084,0.3158609,0.33767352,0.356163,0.4877643,0.48178318,0.3682782,0.32465297,0.287674,0.02447141,0.73170024,0.7319683,0.64455557,0.57184887,0.46531773,0.23106769,0.17360137,0.16599803,0.18097883,0.18234305,1.3107717,1.1966215,1.2187307,1.2531818,1.2338479,0.65441823,0.6146203,0.5774204,0.5557145,0.5432264,0.34558177,0.38537967,0.42257962,0.4442855,0.45677358,0.30883646,0.22924063,0.15484078,0.11142897,0.08645283
SZ000895,0.08943828691679122,1.0,,2026-05-26,-0.026984168,0.03373016,-0.80000114,0.0,0.0,0.0067459936,0.19999886,-0.020238174,-0.6000023,1.0277325,1.0277325,0.9930669,1.0074769,1.0717794,1.0950179,1.1509886,1.0990218,1.0387447,1.0458359,1.0635778,1.0943183,1.1075875,1.1012241,0.027040092,0.026638322,0.03961559,0.038064808,0.033920076,-0.014642059,-0.0076899794,-0.006439334,-0.0035560178,0.00013978407,0.7330405,0.7639203,0.9247358,0.67636675,0.005179663,-0.016551787,-0.02897292,-0.033144645,-0.05602523,-0.1053477,1.0938023,1.1003275,1.1684358,1.1743836,1.1743836,0.9930669,0.9930669,0.9930669,0.9930669,0.9930669,1.0587251,1.084011,1.1302541,1.1412253,1.1304412,1.0394711,1.0519476,1.0685158,1.0730783,1.0730783,0.2,0.1,0.05,0.033333335,0.016666668,0.06882464,0.06463769,0.039534256,0.038237385,0.038237385,0.2,0.2,0.2,0.26666668,0.6333333,1.0,1.0,1.0,1.0,1.0,-0.8,-0.8,-0.8,-0.73333335,-0.36666667,-0.9575715,-0.69068086,0.034712162,-0.038999904,0.10563794,-0.9369406,-0.8355984,-0.3464,-0.06463838,-0.1089372,0.2,0.2,0.3,0.36666667,0.46666667,0.6,0.7,0.65,0.6,0.51666665,-0.4,-0.5,-0.35,-0.23333333,-0.05,0.041644026,0.10510025,0.19222575,0.35509196,0.47149447,0.95835596,0.8948997,0.80777425,0.6449081,0.5285055,-0.9167119,-0.7897995,-0.6155485,-0.2898161,-0.057011046,0.4887868,0.44127145,0.48150885,0.46243167,0.4650976,0.2861247,0.2014529,0.16482899,0.1477352,0.14408039,1.819369,2.0081785,1.6227832,1.5752889,1.3977399,0.96178347,0.7569264,0.6162702,0.58289313,0.5431877,0.038216546,0.24307361,0.3837298,0.41710687,0.45681232,0.9235669,0.5138528,0.23254041,0.16578628,0.08637534
SH601995,0.07351801172118567,1.0,,2026-05-26,0.00673108,0.024875607,0.27058956,0.010828184,0.43529323,0.007316344,0.29411718,0.0032192399,0.12941352,0.9933139,1.0107558,0.9860465,0.999821,0.9994351,1.0096018,0.99322224,0.94351876,1.0160971,0.9917537,0.99192315,0.99539673,0.9905394,0.98192126,0.008517736,0.011546235,0.010741247,0.012359906,0.022549156,-0.00016943642,-0.0006093115,-0.00028920075,0.000671806,0.0001672545,0.0009892482,0.025527572,0.025372162,0.22895974,0.016780114,0.00858516,0.010818746,0.0073506553,-0.00028055496,0.013144718,1.0159199,1.0159199,1.0159199,1.0159199,1.0230787,0.97822976,0.96990824,0.96990824,0.95048946,0.92792004,0.9990963,0.99954814,1.0022027,1.000113,0.99954814,0.9865574,0.978876,0.98689634,0.978876,0.95583165,1.0,0.9,0.7,0.8,0.825,0.5776107,0.65400285,0.65400285,0.7566895,0.7574714,0.4,0.7,0.85,0.9,0.06666667,0.6,0.4,0.7,0.033333335,0.46666667,-0.2,0.3,0.15,0.8666667,-0.4,0.31805283,0.21468253,0.38206878,0.35390976,0.5320628,0.3148483,0.37886575,0.45925543,0.5426627,0.31831568,0.4,0.4,0.45,0.53333336,0.45,0.6,0.6,0.5,0.43333334,0.51666665,-0.2,-0.2,-0.05,0.1,-0.06666667,0.50684977,0.45303884,0.51929265,0.6190476,0.48296478,0.49315023,0.5469611,0.48070732,0.3809524,0.5170352,0.013699558,-0.093922295,0.038585357,0.23809521,-0.03407041,0.7783461,0.7168517,0.70963365,0.6682114,0.6356789,0.2379702,0.19975215,0.1781332,0.19238392,0.23963183,0.6754801,0.86668825,0.8366088,0.99128187,1.2332078,0.524497,0.54572314,0.53604186,0.5457113,0.50495493,0.47550306,0.45427683,0.46395817,0.4542887,0.49504507,0.048993893,0.09144633,0.07208365,0.09142262,0.009909844
SZ002236,0.06475699011184217,1.0,,2026-05-26,0.0005623522,0.022497186,0.024996556,0.0061867856,0.27500263,0.015748048,0.7000008,0.010123615,0.44999474,0.999438,1.0061833,0.9836988,0.99543697,0.9999432,0.98453027,1.0087522,0.9498398,1.0472959,0.988063,0.98657054,0.99493796,1.0025723,0.98602533,0.013127446,0.015441009,0.015016122,0.024151595,0.038646884,0.004526135,0.000827275,-0.0012264622,-0.001188039,0.00015726905,0.29719022,0.026312364,0.23348598,0.18753028,0.005050767,0.0028847728,0.009706729,0.016713409,0.014654289,0.009335226,1.0186671,1.0186671,1.0384916,1.0671227,1.0671227,0.96085185,0.9580986,0.9580986,0.9459858,0.9002858,0.99775404,0.9999545,1.0074338,1.0184479,1.0088636,0.9802337,0.97274095,0.98243654,0.98243654,0.9524859,1.0,0.9,0.55,0.43333334,0.5833333,0.6771257,0.69180256,0.5212073,0.4458941,0.5976749,0.2,0.6,0.25,0.16666667,0.5833333,0.6,0.4,0.7,0.06666667,0.3,-0.4,0.2,-0.45,0.1,0.28333333,-0.65385437,0.041080434,0.21571808,0.6349677,0.6513543,-0.61439306,0.06162295,0.07829999,0.39787322,0.08884097,0.6,0.6,0.5,0.53333336,0.5,0.4,0.4,0.45,0.43333334,0.46666667,0.2,0.2,0.05,0.1,0.033333335,0.50043696,0.54500943,0.48257437,0.56016356,0.4701776,0.499563,0.4549906,0.51742566,0.43983644,0.5298224,0.00087396917,0.09001882,-0.03485128,0.12032711,-0.059644826,1.0782619,1.1500612,1.2227949,1.3285899,1.0844457,0.12971199,0.16749433,0.26282644,0.42838413,0.45299503,0.73632866,0.6292398,0.77122384,0.91189444,1.1081573,0.3395786,0.28802928,0.49452862,0.5243888,0.4913459,0.6604214,0.7119707,0.50547135,0.47561124,0.5086541,-0.32084277,-0.4239414,-0.010942732,0.048777528,-0.017308176
SH600887,0.06379503306730422,0.75,,2026-05-26,0.010646387,0.019771885,0.53846085,0.0034220407,0.1730761,0.005703458,0.28846303,0.012927804,0.6538478,0.9894658,1.003386,0.9838224,0.9958939,1.0244564,1.0538023,0.950715,0.98269606,0.98946786,1.0002258,1.0185859,1.0145414,0.99790597,0.99260765,0.014130658,0.022761034,0.033456832,0.036690027,0.027888425,-0.005906419,-0.00711409,0.0013530089,0.0024918066,0.00060647656,0.43678102,0.8955013,0.05724001,0.35746562,0.14423805,0.011586997,0.013427533,-0.027394978,-0.034037154,-0.010498693,1.0300972,1.0617005,1.068475,1.068475,1.068475,0.9785567,0.9785567,0.9461999,0.94544786,0.94544786,1.0094806,1.0400319,1.0400319,1.0354402,1.0127932,0.9878115,0.99766773,0.9878115,0.9595949,0.9663667,0.6,0.3,0.35,0.56666666,0.7,0.41604707,0.2579062,0.43999243,0.4434155,0.4434155,0.2,0.1,0.5,0.6666667,0.8333333,0.8,0.9,0.05,0.33333334,0.6666667,-0.6,-0.8,0.45,0.33333334,0.16666667,-0.7097464,-0.076325,0.24656358,0.44905496,0.38010103,-0.5567853,-0.46018797,0.4884203,0.2696332,0.1443471,0.4,0.2,0.35,0.36666667,0.45,0.6,0.8,0.6,0.6,0.51666665,-0.2,-0.6,-0.25,-0.23333333,-0.06666667,0.26949507,0.17351179,0.6281848,0.5359333,0.5123214,0.73050493,0.8264882,0.37181523,0.46406668,0.4876786,-0.46100986,-0.6529764,0.25636956,0.071866624,0.024642847,1.0369154,1.02608,1.4523842,1.2349979,1.0355427,0.21678323,0.18620014,0.8647426,0.7741646,0.6054967,0.86086637,0.9060986,1.9115459,2.159976,2.2997518,0.5791356,0.3488244,0.50770277,0.51998955,0.49968252,0.42086443,0.65117556,0.49229723,0.48001042,0.5003175,0.15827115,-0.30235118,0.015405562,0.039979156,-0.0006349873
SH601398,0.058817079906647474,1.0,,2026-05-26,0.0013947272,0.009762834,0.14286089,0.0055787377,0.5714261,0.0027893689,0.28571305,-0.0013946418,-0.14285214,0.9986072,1.005571,0.9958217,1.0014246,1.0114504,1.0179935,1.0316249,0.997819,0.95965105,0.99760085,1.0033805,1.0100873,1.0128862,1.0024718,0.0030505208,0.0074354215,0.010447106,0.011849012,0.023925541,0.0016902991,-0.0016258566,-0.001402087,-0.00065370044,0.00077296415,0.7675721,0.4382932,0.6304142,0.23588209,0.3183428,-0.0009814475,0.003935782,0.0032326067,-0.0034075433,-0.025274247,1.0124078,1.023868,1.03733,1.0452434,1.0493176,0.98643035,0.98643035,0.98643035,0.98643035,0.93267804,1.0,1.0092694,1.0171211,1.0225736,1.0210469,0.9955289,0.9983642,1.0,1.0013086,0.98549616,0.9,0.45,0.225,0.18333334,0.39166668,0.5223626,0.36246014,0.26659608,0.23072574,0.5771792,0.2,0.2,0.1,0.26666668,0.41666666,0.4,0.7,0.85,0.9,0.05,-0.2,-0.5,-0.75,-0.6333333,0.36666667,-0.7673246,0.57525533,-0.1826982,-0.1386907,-0.17292334,-0.28179026,0.022542054,-0.35884818,0.021741068,0.06351632,0.6,0.5,0.5,0.53333336,0.53333336,0.4,0.5,0.45,0.43333334,0.41666666,0.2,0.0,0.05,0.1,0.11666667,0.29411837,0.37777787,0.373913,0.5052356,0.5408389,0.70588166,0.6222221,0.626087,0.49476442,0.4591611,-0.41176325,-0.24444424,-0.252174,0.010471193,0.08167779,1.100622,1.2479801,1.2636662,1.1927743,1.400949,0.16438027,0.26418445,0.2783895,0.25562125,0.41489437,1.3946843,0.77558106,0.8539399,0.7694299,1.1339985,0.27964076,0.3982892,0.48601323,0.4808013,0.49878797,0.7203592,0.6017108,0.51398677,0.5191987,0.501212,-0.44071847,-0.20342162,-0.027973553,-0.03839739,-0.0024240494
SH601066,0.05722351161706287,0.625,,2026-05-26,0.05657014,0.07839645,0.72159064,0.017371956,0.22159111,0.004454348,0.056818236,0.04365253,0.55681777,0.9464587,1.0164418,0.94224286,0.9996166,0.9392666,0.9713522,0.9113827,0.8999236,1.0087854,0.9541635,0.94873947,0.94910234,0.93947035,0.94260883,0.027591942,0.021111012,0.0261255,0.025385037,0.031080803,0.01084797,0.0021668202,0.0013259851,0.0016460016,-0.00042880725,0.38643137,0.09656931,0.090160444,0.32584167,0.058054995,0.024140567,0.041509815,0.038300775,0.036662642,0.07004095,1.0164418,1.0164418,1.0164418,1.0164418,1.0164418,0.9248962,0.92324674,0.8991459,0.8991459,0.88093036,0.9645531,0.95729566,0.9718106,0.96669215,0.9714286,0.9384263,0.93399537,0.9304813,0.9190222,0.9139801,1.0,1.0,1.0,1.0,0.975,0.8203974,0.8235761,0.85982597,0.85982597,0.8786683,1.0,1.0,1.0,1.0,1.0,0.6,0.5,0.05,0.36666667,0.46666667,0.4,0.5,0.95,0.6333333,0.53333336,0.8798612,0.7344831,0.74801975,0.75569564,0.51996315,0.79022926,0.80013555,0.7690173,0.73736686,0.5441533,0.8,0.5,0.5,0.5,0.48333332,0.2,0.5,0.45,0.46666667,0.5,0.6,0.0,0.05,0.033333335,-0.016666668,0.75895774,0.586605,0.6580383,0.65162045,0.49289685,0.24104226,0.413395,0.34196168,0.34837955,0.50710315,0.5179155,0.17321,0.3160766,0.3032409,-0.014206284,0.45291492,0.30579418,0.2836189,0.23815122,0.19279356,0.3186197,0.26352564,0.21205674,0.18793584,0.14339067,1.4549388,1.9506633,1.961062,2.2754743,2.4567423,0.8402708,0.78056645,0.66795653,0.64061224,0.5924861,0.15972921,0.21943358,0.33204347,0.35938776,0.40751392,0.6805416,0.56113285,0.33591306,0.2812245,0.18497217
SH600519,0.05623599858123156,0.875,,2026-05-26,-0.009312675,0.015466662,-0.6021128,0.0035321391,0.22837113,0.0026218477,0.16951606,-0.010222967,-0.6609679,1.0094002,1.0129656,0.9973535,1.0032468,1.0399883,1.0637434,1.1143574,1.1469399,1.1714175,1.0170506,1.032054,1.0613303,1.0827532,1.1037098,0.013768663,0.018988486,0.036585223,0.04400203,0.04048089,-0.008509602,-0.006137143,-0.006042886,-0.0048137177,-0.0015546097,0.9549376,0.95755386,0.95487267,0.92750764,0.4498239,-3.14319e-05,-0.0044368207,-0.0039229454,-0.012954216,-0.057848856,1.0468125,1.0751386,1.1456747,1.1602266,1.1764514,0.9973535,0.9973535,0.9973535,0.9973535,0.9973535,1.0301714,1.0482286,1.0900638,1.1181754,1.1431891,1.0078534,1.0125302,1.0320565,1.0397841,1.0751745,0.2,0.1,0.05,0.033333335,0.016666668,0.053508785,0.03402315,0.017842982,0.016248813,0.014776799,0.2,0.2,0.05,0.16666667,0.23333333,1.0,1.0,1.0,1.0,1.0,-0.8,-0.8,-0.95,-0.8333333,-0.76666665,-0.37799454,0.5372504,0.029738547,-0.4359491,-0.4082485,-0.88098395,-0.74088657,-0.16629326,-0.42148003,-0.13978319,0.0,0.1,0.2,0.3,0.36666667,1.0,0.9,0.8,0.7,0.6333333,-1.0,-0.8,-0.6,-0.4,-0.26666668,0.0,0.0155191505,0.18974537,0.23503818,0.35629287,1.0,0.98448086,0.81025463,0.76496184,0.64370716,-1.0,-0.9689617,-0.62050927,-0.5299236,-0.28741425,0.9918972,1.0692171,1.056506,0.96343684,0.84382915,0.08585141,0.13411582,0.21035007,0.34535602,0.31757724,0.7275869,0.7095516,1.3538368,1.682788,1.5142527,0.5507661,0.45290864,0.5211936,0.5322875,0.5066954,0.4492339,0.54709136,0.47880638,0.4677125,0.49330464,0.10153223,-0.094182745,0.042387236,0.064575,0.013390728
SZ000538,0.04832550953549572,0.875,,2026-05-26,-0.009529601,0.02169503,-0.43925267,0.008313019,0.38317615,0.0038524126,0.17757119,-0.013990207,-0.64485765,1.0096213,1.0180143,0.9961105,1.0039752,1.0415567,1.0605916,1.0790192,1.095318,1.1239454,1.0195704,1.0334092,1.0563468,1.0687085,1.0902342,0.014762741,0.018363377,0.027279794,0.028767055,0.031482678,-0.009252322,-0.0058561177,-0.004407127,-0.0029976235,-0.0015212389,0.98199093,0.9322362,0.9134756,0.84152126,0.71211696,-0.0010656585,-0.007056738,-0.01447907,-0.025243018,-0.045357626,1.0452381,1.0663272,1.1009239,1.1094356,1.1404458,0.9961105,0.9961105,0.9961105,0.9961105,0.9961105,1.0288651,1.0444247,1.079778,1.0920582,1.117704,1.0101553,1.0180959,1.036846,1.0414745,1.0770955,0.2,0.1,0.05,0.033333335,0.016666668,0.079170905,0.055392466,0.037108622,0.03432142,0.026947519,0.2,0.1,0.25,0.13333334,0.28333333,1.0,1.0,1.0,1.0,1.0,-0.8,-0.9,-0.75,-0.8666667,-0.71666664,-0.86078644,0.0127847325,0.53928405,0.13441887,0.021976741,-0.9598236,-0.7317323,-0.01516079,-0.07351821,-0.15318799,0.0,0.1,0.2,0.23333333,0.36666667,1.0,0.9,0.7,0.7,0.5833333,-1.0,-0.8,-0.5,-0.46666667,-0.21666667,0.0,0.0066976985,0.13584062,0.21384008,0.3453534,1.0,0.9933023,0.8641594,0.78615993,0.6546466,-1.0,-0.98660463,-0.72831875,-0.5723198,-0.30929318,0.73041344,0.7661234,0.92122877,0.86407584,0.85677564,0.17255862,0.1924169,0.2776361,0.2536028,0.26834875,0.71107495,0.9000327,1.0479299,0.97585875,1.481512,0.74091625,0.4706727,0.52997744,0.51739764,0.51067334,0.25908375,0.5293273,0.47002253,0.4826024,0.4893267,0.4818325,-0.058654577,0.059954923,0.034795232,0.021346657
SH600886,0.047789073154969997,0.875,,2026-05-26,0.028168948,0.037805773,0.74509645,0.00444775,0.11764737,0.005189075,0.13725616,0.028910274,0.76470524,0.9726028,1.0043259,0.9675559,0.99194354,0.9899068,0.9783659,0.9740496,0.97044384,0.9351108,0.9708729,0.97044,0.9739384,0.97116244,0.9951591,0.017201755,0.014856302,0.011840525,0.011884801,0.03729329,0.009156352,0.0013898704,-0.00020460553,0.0003846009,-0.0010504328,0.7083361,0.08023034,0.010451073,0.08115932,0.24197754,0.010814422,0.02330563,0.02800536,0.023260877,0.03582866,1.0043259,1.0043259,1.0086507,1.0086507,1.0922878,0.9430423,0.9430423,0.9430423,0.9430423,0.93151295,0.97808164,0.9806741,0.98154783,0.98126096,1.0386441,0.96092165,0.96092165,0.9630878,0.9616428,0.9645248,1.0,1.0,1.0,1.0,0.68333334,0.9294119,0.9294119,0.8681477,0.8681477,0.4259811,1.0,1.0,0.25,0.5,0.18333334,0.6,0.8,0.9,0.93333334,0.016666668,0.4,0.2,-0.65,-0.43333334,0.16666667,0.6658529,0.5220726,0.29609254,0.46839958,0.09522029,0.8922067,0.8696482,0.586241,0.5312339,0.31200337,0.6,0.4,0.5,0.43333334,0.48333332,0.4,0.5,0.4,0.46666667,0.46666667,0.2,-0.1,0.1,-0.033333335,0.016666668,0.5673156,0.579821,0.5743812,0.55647755,0.54757166,0.43268442,0.42017904,0.42561886,0.44352245,0.4524283,0.13463117,0.15964194,0.1487623,0.11295511,0.09514336,0.7224653,0.8956274,0.77442414,0.6579166,0.63406163,0.17948452,0.28377417,0.30024335,0.30303642,0.2909598,0.9522688,1.1478529,1.5619121,1.5510252,1.1471808,0.37625557,0.47162485,0.5607384,0.5663339,0.51745117,0.6237444,0.52837515,0.43926165,0.4336661,0.48254883,-0.24748887,-0.05675031,0.12147673,0.13266775,0.034902316
SH600025,0.04650779285495679,0.75,,2026-05-26,0.020408176,0.029001107,0.70370334,0.004296465,0.14814831,0.004296465,0.14814831,0.020408176,0.70370334,0.97999996,1.0042106,0.9757894,0.9952145,1.0418804,1.0128205,1.0282052,1.0094017,0.96410257,0.9859829,0.9997436,1.00547,1.007094,1.0326638,0.011348537,0.019746901,0.015176786,0.015218593,0.03797839,0.00094017666,-0.0034239849,-0.0013148255,-0.00044436826,-0.0013843587,0.017158493,0.2755987,0.2626907,0.066075236,0.40525103,0.012136739,0.015664337,0.0070207543,-0.0006506792,0.008174766,1.0432994,1.0471424,1.0471424,1.0471424,1.1221693,0.96856314,0.96856314,0.96856314,0.96856314,0.9623803,0.9958974,1.008889,1.0136752,1.017265,1.077265,0.97931623,0.98188037,0.9989744,0.9986325,1.0008547,1.0,0.5,0.25,0.26666668,0.16666667,0.4206372,0.40006587,0.40006587,0.40006587,0.23543377,0.2,0.5,0.75,0.8333333,0.2,0.8,0.9,0.95,0.96666664,0.016666668,-0.6,-0.4,-0.2,-0.13333334,0.18333334,0.34013498,0.55084956,0.059946317,0.029697578,0.2041605,0.34054345,0.56062955,0.5069091,0.3555221,0.26477534,0.4,0.5,0.5,0.5,0.48333332,0.6,0.5,0.5,0.5,0.48333332,-0.2,0.0,0.0,0.0,0.0,0.2869564,0.45810065,0.43579775,0.4848485,0.52807486,0.7130436,0.5418994,0.56420225,0.5151515,0.47192514,-0.4260872,-0.08379874,-0.12840448,-0.030302994,0.056149743,1.0836573,1.2189894,1.0137155,0.9222482,0.92886627,0.28936473,0.33650637,0.32187963,0.30131975,0.33625305,1.0499517,1.1963339,1.466128,1.4477284,1.2334154,0.22627892,0.49918342,0.5351788,0.5426562,0.5219128,0.7737211,0.5008166,0.46482125,0.45734382,0.47808722,-0.5474422,-0.0016331883,0.070357524,0.08531238,0.04382557
SH601225,0.044275236699351066,1.0,,2026-05-26,0.008421054,0.029894793,0.28168964,0.014315791,0.4788724,0.0071579483,0.23943795,0.0012632105,0.0422552,0.99164927,1.0141963,0.9845511,0.9964993,1.0184608,0.99328697,1.0906256,1.0551426,0.9717094,0.99160874,0.99448574,1.022057,1.0322864,1.0511228,0.015165057,0.017464716,0.04429419,0.04007729,0.04219875,0.00011988767,0.0006277133,-0.0056606396,-0.0029528523,-0.001083494,0.00015624314,0.011841618,0.5716176,0.42071545,0.201073,0.008151509,0.0026895718,0.03171903,0.010529959,-0.01915973,1.0370235,1.0370235,1.1201861,1.1201861,1.1665413,0.95275205,0.95275205,0.95275205,0.95275205,0.95275205,1.0018221,1.0109805,1.0824263,1.0680891,1.0906256,0.9770798,0.9772716,0.9904579,0.9949652,1.0044115,0.8,0.7,0.5,0.33333334,0.2,0.56066394,0.56066394,0.2821884,0.2821884,0.22100249,0.8,0.9,0.05,0.36666667,0.3,0.6,0.8,0.9,0.93333334,0.96666664,0.2,0.1,-0.85,-0.56666666,-0.6666667,-0.08105624,0.019388195,0.16221917,-0.028153045,0.16958413,0.23500997,0.23357537,-0.14367962,-0.08597626,0.22328441,0.4,0.4,0.35,0.36666667,0.41666666,0.6,0.5,0.5,0.53333336,0.53333336,-0.2,-0.1,-0.15,-0.16666667,-0.11666667,0.3703706,0.5250897,0.35326105,0.43575427,0.5147427,0.62962943,0.4749103,0.64673895,0.56424576,0.48525733,-0.25925884,0.0501794,-0.2934779,-0.12849146,0.029485326,1.0584806,1.0376112,1.0804482,0.9770227,1.050115,0.40771282,0.32197225,0.28837982,0.30764607,0.4309934,1.0614225,0.9323354,1.3878973,1.4274411,1.269272,0.5691682,0.52435136,0.49209705,0.5212247,0.50710243,0.43083176,0.47564864,0.507903,0.47877535,0.49289754,0.13833646,0.048702717,-0.015805924,0.04244931,0.014204919
SH601688,0.04318588823801013,0.625,,2026-05-26,0.016866205,0.03754079,0.44927678,0.016322108,0.43478328,0.004352477,0.115939945,0.0048965737,0.13043343,0.9834135,1.0160514,0.97913325,1.0024778,1.0003846,1.055,1.0207692,0.9592308,1.1630769,0.9897693,0.9986539,1.0131731,1.0141153,1.0225257,0.011572379,0.020176942,0.02290824,0.019262344,0.04644737,7.691175e-05,-0.004165501,-0.0022061877,-0.00069778296,-0.0013569155,0.00011042822,0.39069265,0.3246157,0.10170077,0.26030535,0.010076916,0.02009089,0.0077856947,-0.0039975387,0.017503355,1.0397972,1.0568993,1.0656997,1.0656997,1.1688738,0.96832854,0.96832854,0.96832854,0.96832854,0.9384786,0.99846154,1.0046923,1.0342308,1.0323846,1.055077,0.9829231,0.98515385,0.99292314,0.9996154,0.9856923,1.0,0.7,0.35,0.23333333,0.31666666,0.44315147,0.3575834,0.32526502,0.32526502,0.26702556,0.4,0.1,0.5,0.6666667,0.016666668,0.6,0.8,0.9,0.93333334,0.46666667,-0.2,-0.7,-0.4,-0.26666668,-0.45,0.013139258,0.41679356,0.44868395,0.32071394,0.01953812,0.2693977,0.35336003,0.4989872,0.63291264,0.32740894,0.6,0.4,0.45,0.46666667,0.38333333,0.4,0.6,0.5,0.5,0.5833333,0.2,-0.2,-0.05,-0.033333335,-0.2,0.4971099,0.3243243,0.4607557,0.55419225,0.40293035,0.5028901,0.6756757,0.5392443,0.44580778,0.5970697,-0.0057802293,-0.35135138,-0.078488566,0.10838446,-0.19413932,1.0132413,1.0347066,1.0566592,0.9833843,0.80540943,0.34458762,0.29757854,0.380008,0.3769624,0.34943625,0.7864563,0.66772103,0.8280079,1.0877248,1.0556532,0.53153193,0.37415427,0.52377665,0.5236159,0.5024767,0.46846807,0.62584573,0.47622335,0.47638407,0.4975233,0.063063845,-0.2516915,0.04755332,0.047231846,0.004953384
SH600061,0.040371102203352785,0.875,,2026-05-26,0.021909282,0.034428872,0.6363636,0.009389692,0.27272728,0.0031298974,0.09090909,0.015649486,0.45454547,0.97856045,1.0091884,0.97549766,0.99774617,0.99845076,1.0444616,1.0137877,1.0367156,1.148567,0.98590237,0.996189,1.0073663,1.0219209,1.0552827,0.009896033,0.01851568,0.020787649,0.029054867,0.04676971,0.0022927918,-0.00414243,-0.0015758593,-0.0026220377,-0.0024393685,0.13419828,0.4588202,0.20113707,0.63116336,0.8297081,0.009512025,0.022451956,0.0076043075,0.016098578,0.016678667,1.0183897,1.0445107,1.0536504,1.0812396,1.1517143,0.9678303,0.9662921,0.9662921,0.9662921,0.9662921,0.99020916,1.003687,1.028505,1.0490782,1.1093725,0.980976,0.9843532,0.9874516,0.99662274,1.0116498,1.0,0.8,0.5,0.33333334,0.16666667,0.6362753,0.43094504,0.38585794,0.29324612,0.18178996,0.4,0.1,0.5,0.033333335,0.016666668,0.6,0.5,0.75,0.8333333,0.9166667,-0.2,-0.4,-0.25,-0.8,-0.9,0.32426804,-0.060665086,0.29163316,-0.27765024,-0.26727068,0.47526008,0.2325543,0.29995283,0.29336336,0.03150456,0.6,0.4,0.45,0.4,0.41666666,0.4,0.6,0.55,0.6,0.53333336,0.2,-0.2,-0.1,-0.2,-0.11666667,0.51366174,0.32936987,0.4676834,0.44018182,0.388098,0.4863383,0.67063016,0.53231657,0.55981815,0.611902,0.027323432,-0.34126028,-0.06463316,-0.11963635,-0.223804,0.7637183,0.73273855,0.8620994,0.795496,0.696771,0.26433903,0.19195995,0.28701076,0.28463426,0.26240224,0.7245966,0.5501201,0.9939254,0.9950723,1.2036022,0.60846204,0.49029097,0.5227083,0.53228617,0.47025248,0.391538,0.509709,0.4772917,0.46771383,0.5297475,0.21692403,-0.019418037,0.045416616,0.064572334,-0.059495013
SH601077,0.03912097861144511,0.875,,2026-05-26,-0.0014683554,0.023494812,-0.062497005,0.01027905,0.43750298,0.011747406,0.5,0.0,0.0,1.0014706,1.0117646,0.9882353,0.9995536,1.0151668,1.0121335,1.0960566,1.0556116,0.9555106,1.0038422,1.0091001,1.0369565,1.0499494,1.0324064,0.0049740523,0.007337886,0.034135453,0.0341772,0.037086785,-0.0027300203,-0.0019609588,-0.0054425765,-0.0032535868,0.00085196685,0.7530973,0.6546459,0.8897455,0.7023501,0.1609559,0.0016177915,-0.00027575737,0.014747974,-0.0027724106,-0.05753947,1.0224314,1.028223,1.1091125,1.1102067,1.1102067,0.9878739,0.9878739,0.9878739,0.9878739,0.9422804,1.0056623,1.0151668,1.0728008,1.0816987,1.0683519,1.0,1.0024266,1.008089,1.011729,1.0024266,0.3,0.15,0.075,0.05,0.19166666,0.35089734,0.30052987,0.10001859,0.09912388,0.3437195,0.2,0.4,0.05,0.1,0.55,0.6,0.8,0.9,0.93333334,0.05,-0.4,-0.4,-0.85,-0.8333333,0.5,-0.65236706,0.018716367,-0.21053006,-0.40969574,-0.5128358,-0.71697193,-0.49380586,-0.36788312,-0.2953274,0.28907645,0.2,0.3,0.2,0.33333334,0.5,0.6,0.6,0.75,0.6,0.46666667,-0.4,-0.3,-0.55,-0.26666668,0.033333335,0.058825072,0.3800004,0.15827343,0.3732719,0.5371622,0.9411749,0.6199996,0.84172654,0.6267281,0.46283782,-0.88234985,-0.2399992,-0.68345314,-0.25345618,0.07432435,1.2100005,1.3224473,1.4333968,1.3094049,1.63605,0.28885284,0.3138847,0.46017882,0.43616876,0.6308659,1.056231,0.8260694,1.1406262,1.1150347,1.2921377,0.49652717,0.30946,0.51504314,0.4753108,0.4792278,0.50347286,0.69054,0.4849569,0.5246892,0.5207722,-0.006945696,-0.38107997,0.030086247,-0.0493784,-0.041544378
SH601059,0.038937880372482754,0.875,,2026-05-26,0.0040509603,0.011574069,0.35000315,0.0034722288,0.3000007,0.0040508797,0.34999615,0.004629611,0.3999986,0.99596536,1.0034583,0.99193084,0.9983523,0.988617,0.9891861,0.9652817,0.9533295,1.026181,0.9941946,0.98321,0.9779738,0.9760577,0.9779454,0.005065152,0.015187465,0.0142271295,0.01213807,0.022300111,0.00085372175,0.0034252575,0.0016475455,0.00070855947,-0.00037534922,0.07102116,0.4662591,0.46936247,0.2640919,0.086408556,0.0040979064,0.0013763178,0.0063744937,0.013668209,0.03312744,1.0093396,1.0093396,1.0093396,1.0093396,1.0268779,0.98574924,0.94924474,0.94924474,0.94924474,0.930972,0.9981787,0.9954468,0.98952764,0.9877063,1.0,0.9902106,0.96846896,0.9666477,0.9681274,0.95560616,1.0,1.0,1.0,1.0,0.80833334,0.6040934,0.84458643,0.84458643,0.84458643,0.71974695,0.4,0.7,0.85,0.9,0.016666668,0.6,0.3,0.65,0.76666665,0.3,-0.2,0.4,0.2,0.13333334,-0.28333333,-0.32008258,0.5503964,0.68790936,0.61244804,0.48850995,-0.45168477,0.5642216,0.53341675,0.56404984,0.24141712,0.6,0.5,0.55,0.53333336,0.45,0.4,0.5,0.4,0.43333334,0.51666665,0.2,0.0,0.15,0.1,-0.06666667,0.67857033,0.556886,0.6077736,0.6073298,0.47201952,0.32142967,0.44311398,0.3922264,0.3926702,0.52798045,0.3571407,0.11377203,0.21554722,0.21465957,-0.05596094,1.2015249,1.0927019,0.9118178,0.80051124,0.85206497,0.3592932,0.5370252,0.44037274,0.40802112,0.42268887,0.5030021,1.4352181,1.4955804,1.5836396,1.6045263,0.2491791,0.48446834,0.54107076,0.5282692,0.5013361,0.7508209,0.51553166,0.4589292,0.47173083,0.49866387,-0.5016418,-0.031063294,0.082141556,0.056538343,0.0026722525
SH601901,0.037041852115325104,0.875,,2026-05-26,0.004249299,0.022662899,0.18750024,0.011331493,0.50000197,0.007082106,0.31249782,-8.809576e-08,-3.887224e-06,0.99576867,1.0112835,0.98871654,1.0009282,0.9921156,1.0275953,0.9881734,0.977661,1.0854139,0.99316686,0.99526936,1.0021682,1.0006132,1.0068988,0.007514295,0.011934731,0.01623039,0.014033439,0.030150793,0.004599203,-0.0010671753,-0.00050487625,-2.3386503e-05,-0.0008222098,0.93654495,0.07329219,0.033867262,0.00021523063,0.22681284,-0.0023652927,0.00953291,0.0026281234,-0.00027412042,0.01735637,1.0163667,1.026601,1.0332336,1.0332336,1.0884253,0.97642696,0.9745514,0.9745514,0.9745514,0.9524093,1.0,1.0005256,1.0202365,1.012615,1.0396847,0.98712224,0.98712224,0.98712224,0.9881734,0.98134035,0.9,0.75,0.525,0.51666665,0.475,0.59021425,0.48893046,0.4336677,0.4336677,0.34989038,0.4,0.2,0.5,0.6666667,0.016666668,0.6,0.4,0.7,0.8,0.43333334,-0.2,-0.2,-0.2,-0.13333334,-0.41666666,0.23335476,-0.074849926,0.27166522,0.2689629,-0.06424027,0.06347466,-0.018831503,0.22045626,0.39028123,0.058402885,0.6,0.4,0.55,0.46666667,0.45,0.2,0.5,0.4,0.43333334,0.48333332,0.4,-0.1,0.15,0.033333335,-0.033333335,0.6500007,0.333333,0.53846157,0.5534591,0.42316782,0.34999934,0.66666704,0.4615384,0.4465409,0.5768322,0.30000132,-0.33333403,0.07692316,0.10691823,-0.15366432,0.94601023,0.82191676,0.7935479,0.7588694,0.74640155,0.31148222,0.25910163,0.21935861,0.23781514,0.22297062,0.6426759,0.6448603,0.6954183,1.2047131,1.2078723,0.6336172,0.5531568,0.5433966,0.53116065,0.49144572,0.36638275,0.44684324,0.4566034,0.46883935,0.5085543,0.2672345,0.106313534,0.08679321,0.06232129,-0.017108588
SH600018,0.03573851857437748,1.0,,2026-05-26,-0.001964711,0.009823135,-0.20000856,0.003929212,0.3999957,0.003929212,0.3999957,-0.001964711,-0.20000856,1.0019686,1.0059055,0.99606305,1.0010052,1.0139697,1.0116415,0.96856815,0.9860303,0.99534345,1.0027939,1.0040746,0.9947614,0.98816454,0.99619716,0.0029219869,0.0051260553,0.017128093,0.017444972,0.01713734,-0.0013969819,-0.00054327253,0.0021287187,0.0014215754,-0.00030412,0.57143265,0.1029628,0.540613,0.514637,0.096051246,0.0,-0.0016298023,-0.014984208,-0.008777413,0.012774382,1.0161128,1.0161128,1.0161128,1.0161128,1.0327575,0.99401075,0.9894422,0.9560429,0.9560429,0.9560429,1.0058208,1.0062864,1.0058208,1.0058208,1.0093131,1.0,1.0,0.9811409,0.97043073,0.98253787,0.3,0.25,0.475,0.65,0.49166667,0.27098188,0.39585865,0.7317659,0.7317659,0.5729949,0.4,0.7,0.85,0.9,0.06666667,0.6,0.4,0.15,0.43333334,0.71666664,-0.2,0.3,0.7,0.46666667,-0.65,0.4042561,0.46970716,0.591993,0.44523856,0.44067496,0.41214323,0.6061096,0.47571108,0.16260041,-0.060527846,0.2,0.2,0.4,0.36666667,0.43333334,0.6,0.7,0.45,0.53333336,0.5,-0.4,-0.5,-0.05,-0.16666667,-0.06666667,0.16666584,0.39583287,0.63106775,0.5422535,0.5052356,0.83333415,0.60416716,0.36893225,0.4577465,0.49476442,-0.66666836,-0.20833427,0.26213554,0.08450702,0.010471193,1.1378375,1.3448005,1.3203464,1.2393817,1.5042598,0.11346444,0.2624874,0.41522923,0.44264013,0.7288667,0.6813861,1.1451969,1.0748478,1.0912074,1.3292562,0.17386939,0.44061166,0.5186632,0.5086561,0.4717313,0.8261306,0.55938834,0.4813368,0.4913439,0.5282687,-0.65226126,-0.11877667,0.037326403,0.017312218,-0.05653739
SH601618,0.032429182442198556,0.875,,2026-05-26,0.017985623,0.028776929,0.6250015,0.0035971017,0.1249995,0.0071942033,0.249999,0.021582725,0.750001,0.98233217,1.0035336,0.975265,0.99034715,1.0163487,1.0490463,1.0381472,1.0490463,1.1089919,0.99400544,1.0089918,1.0249319,1.0334241,1.0636694,0.01008542,0.019650904,0.022211693,0.02201962,0.042227153,-0.0021798331,-0.005763363,-0.002771918,-0.0020125308,-0.0021424359,0.11678808,0.7884939,0.54508656,0.6473917,0.7851125,0.010354211,0.016943283,0.001401314,-0.004242495,-0.0004675641,1.0187868,1.0533913,1.0561106,1.0642924,1.1901265,0.96162826,0.96162826,0.96162826,0.96162826,0.96162826,1.0016348,1.0228883,1.0468665,1.0495913,1.1040872,0.9858311,0.9907357,1.0065395,1.0147139,1.0354224,0.8,0.4,0.2,0.13333334,0.06666667,0.67132175,0.4181612,0.40612605,0.3737598,0.16793011,0.2,0.1,0.35,0.13333334,0.2,0.8,0.9,0.95,0.96666664,0.98333335,-0.6,-0.8,-0.6,-0.8333333,-0.78333336,-0.7444918,0.11704854,0.00070268445,-0.17805444,0.81258446,-0.5302605,-0.44354483,-0.06678084,-0.06489754,0.03049187,0.4,0.3,0.35,0.3,0.38333333,0.6,0.7,0.5,0.5,0.5,-0.2,-0.4,-0.15,-0.2,-0.11666667,0.33333334,0.25,0.37931022,0.3676471,0.41228065,0.6666667,0.75,0.62068975,0.6323529,0.5877193,-0.33333334,-0.5,-0.24137956,-0.26470578,-0.17543869,0.96251756,0.9770918,0.9317225,0.88550925,1.4742597,0.12704481,0.16365388,0.18732011,0.17910694,0.9072325,0.52181596,0.6315271,0.7656616,0.94191825,1.4971219,0.77454,0.48670515,0.5219163,0.5189874,0.38366482,0.22545998,0.5132949,0.47808373,0.48101255,0.6163352,0.54908,-0.026589718,0.043832563,0.03797488,-0.2326704
SH601236,0.028237148349509245,0.875,,2026-05-26,0.0071839225,0.01867814,0.38461655,0.011494218,0.61538345,0.0,0.0,-0.004310296,-0.23076688,0.9928673,1.0114123,0.9928673,1.002986,1.0299044,1.0789473,1.0956937,1.0813397,1.1674641,1.0078948,1.0236843,1.0524521,1.0705742,1.098146,0.009885619,0.02205488,0.033946794,0.038044788,0.04370362,-0.0052631497,-0.0066985637,-0.005382774,-0.0040640584,-0.0022022,0.7086367,0.8456008,0.88000035,0.8843644,0.7744235,0.0026315714,0.0064593307,-0.0013157907,-0.011645308,-0.033181027,1.0422133,1.0793722,1.1045288,1.1274039,1.1791154,0.99216783,0.99216783,0.99216783,0.99216783,0.99216783,1.0181818,1.0334928,1.0794258,1.1059809,1.1332536,0.99976075,1.0028708,1.0188994,1.0272727,1.0705742,0.4,0.2,0.1,0.06666667,0.033333335,0.1565008,0.08981383,0.06970533,0.057914678,0.04189491,0.4,0.1,0.2,0.13333334,0.25,0.8,0.9,0.95,0.96666664,0.98333335,-0.4,-0.8,-0.75,-0.8333333,-0.73333335,-0.11788527,0.26524356,0.20645238,-0.11312412,0.28015688,-0.115620635,0.034651034,-0.09143187,0.11176291,0.16033374,0.2,0.2,0.35,0.4,0.43333334,0.8,0.8,0.65,0.56666666,0.51666665,-0.6,-0.6,-0.3,-0.16666667,-0.083333336,0.12121294,0.12500025,0.2500001,0.34112167,0.35829967,0.87878704,0.87499976,0.7499999,0.6588783,0.6417003,-0.75757414,-0.7499995,-0.49999982,-0.31775665,-0.28340065,1.0993806,1.075073,1.176159,1.0868558,1.2329366,0.35355252,0.34427252,0.42992306,0.44045314,0.4949103,1.1943954,0.8302491,1.2322167,1.3681829,1.2469294,0.5976176,0.4076687,0.523108,0.5103426,0.48818037,0.40238237,0.5923313,0.476892,0.4896574,0.51181966,0.19523525,-0.18466258,0.046215992,0.020685224,-0.02363927
SH600795,0.026534351156866833,0.75,,2026-05-26,-0.004024121,0.014084492,-0.2857129,0.0020120605,0.14285645,0.00804831,0.5714307,0.002012129,0.1428613,1.0040404,1.0060606,0.99191916,0.9985871,1.044442,1.0080804,1.0,0.9838392,0.9616182,0.9963638,1.0028281,0.99494976,0.99037087,0.99643123,0.0062915403,0.017146356,0.017408382,0.016798468,0.021678953,0.0018180885,-0.0011998104,0.0011756051,0.0010709431,-0.00033060877,0.20876423,0.04488415,0.15961517,0.3149888,0.0709336,0.0,0.0025710321,-0.0061179902,-0.0058995327,0.013321707,1.0424243,1.044442,1.044442,1.044442,1.066665,0.9757581,0.97575784,0.9535376,0.9535376,0.9494975,1.000808,1.0072724,1.000808,1.0,1.0141406,0.9898995,0.9915156,0.9874754,0.9753548,0.9773749,0.8,0.7,0.775,0.8333333,0.6166667,0.36363122,0.35295084,0.51111275,0.51111275,0.43102777,0.2,0.5,0.75,0.8333333,0.2,0.6,0.3,0.25,0.5,0.46666667,-0.4,0.2,0.5,0.33333334,-0.26666668,-0.14306511,0.66777676,0.48809245,0.6421267,0.6606061,0.109668106,0.7306105,0.5694731,0.5909418,0.46970925,0.2,0.3,0.4,0.43333334,0.45,0.6,0.6,0.55,0.5,0.51666665,-0.4,-0.3,-0.15,-0.06666667,-0.06666667,0.19444436,0.47560984,0.5,0.5224719,0.5258851,0.80555564,0.52439016,0.5,0.47752807,0.47411487,-0.6111113,-0.048780307,0.0,0.04494384,0.051770244,1.0882694,1.2494304,1.1036485,0.95712054,1.0627632,0.39566618,0.47360137,0.38248223,0.38989133,0.38356444,1.6010696,1.4075482,1.467923,1.5900104,1.2423903,0.16185942,0.47461438,0.52072847,0.52540517,0.4735208,0.8381406,0.5253856,0.4792715,0.47459483,0.5264792,-0.67628115,-0.05077123,0.041456994,0.05081035,-0.05295843
SH601006,0.023511670014324287,0.875,,2026-05-26,-0.016822407,0.033644814,-0.5,0.005607469,0.16666667,0.011214938,0.33333334,-0.011214938,-0.33333334,1.0171102,1.0228137,0.98859316,1.0038371,1.0496403,1.0309353,1.0057554,0.9834532,0.9683453,1.0241727,1.0277698,1.0204676,1.0129976,1.0065467,0.016488792,0.01403728,0.014770535,0.016373754,0.017537752,-0.009928057,-0.0015522132,0.0010758914,0.0013642663,0.0005841353,0.9063394,0.1120852,0.18570025,0.5380262,0.3383599,-0.004316541,-0.02078482,-0.030688588,-0.03277945,-0.02377874,1.0552934,1.0553448,1.0553448,1.0553448,1.0553448,0.98859316,0.98859316,0.98859316,0.9830417,0.96212727,1.0335251,1.0346763,1.0309353,1.0292087,1.0234532,1.0138129,1.0172662,1.0021583,0.99856114,0.9906475,0.2,0.1,0.075,0.28333333,0.38333333,0.17101626,0.17088455,0.17088455,0.23454423,0.40628314,0.2,0.5,0.75,0.8333333,0.9166667,1.0,1.0,1.0,0.06666667,0.016666668,-0.8,-0.5,-0.25,0.76666665,0.9,-0.67686296,0.18203932,0.27802503,0.5650485,0.21322444,-0.7697035,0.3043349,0.29187772,0.37647125,0.35339978,0.2,0.4,0.5,0.53333336,0.51666665,0.8,0.6,0.4,0.4,0.41666666,-0.6,-0.2,0.1,0.13333334,0.1,0.03999979,0.34532377,0.4848485,0.5337244,0.532641,0.9600002,0.6546762,0.5151515,0.4662756,0.467359,-0.92000043,-0.30935243,-0.030303031,0.067448795,0.065281965,0.7641598,0.8009404,0.83022326,0.7287829,0.9196519,0.14378633,0.19171333,0.27470636,0.2830768,0.43039998,0.7246863,0.79148686,1.0874162,1.2040793,1.2004339,0.38975844,0.4594633,0.5292651,0.53358173,0.5032989,0.61024153,0.5405367,0.47073492,0.46641827,0.49670112,-0.2204831,-0.08107339,0.05853018,0.06716346,0.006597742
SH601377,0.020870753439235702,0.75,,2026-05-26,0.0138408495,0.025951633,0.53333247,0.008650545,0.33333334,0.0034602396,0.13333417,0.008650545,0.33333334,0.9863481,1.0085324,0.98293513,0.99903595,1.0139732,1.0479951,1.010328,0.99149454,1.164034,0.9959903,1.0069866,1.0177703,1.0197449,1.0432463,0.005676448,0.016846796,0.021113647,0.017725956,0.046891462,-0.0010935529,-0.0045031095,-0.0014612767,-0.000759451,-0.0020101946,0.09278254,0.6549405,0.16765109,0.1422597,0.5605166,0.0061968463,0.013277377,-0.0038882005,-0.008732776,0.016054504,1.0376921,1.0512307,1.0600901,1.0600901,1.1655353,0.97943395,0.97943395,0.97943395,0.97943395,0.9591514,1.0007291,1.0166464,1.0416768,1.0343864,1.0975698,0.9925881,0.9933171,1.0,1.001458,1.0032806,0.8,0.45,0.25,0.16666667,0.15,0.35301593,0.28644836,0.25498438,0.25498438,0.19792531,0.4,0.2,0.35,0.56666666,0.016666668,0.8,0.9,0.95,0.96666664,0.46666667,-0.4,-0.7,-0.6,-0.4,-0.45,-0.5931579,-0.08807795,0.443731,0.41880462,0.17319937,-0.3317933,-0.18029429,0.13986062,0.37320668,0.17106795,0.2,0.2,0.4,0.4,0.36666667,0.6,0.7,0.55,0.56666666,0.5833333,-0.4,-0.5,-0.15,-0.16666667,-0.21666667,0.29824626,0.25157258,0.47318628,0.5153508,0.38824505,0.70175374,0.7484274,0.52681375,0.48464918,0.61175495,-0.40350747,-0.49685484,-0.05362745,0.03070163,-0.2235099,0.93802196,0.87175417,0.9203677,0.9344234,0.89796317,0.42014673,0.326839,0.3314196,0.368048,0.3047037,0.95717746,0.8419124,0.8393245,1.3607569,1.1258609,0.59960085,0.4836222,0.53527766,0.5182589,0.47041592,0.40039915,0.5163778,0.46472234,0.48174107,0.5295841,0.19920169,-0.032755602,0.07055531,0.036517885,-0.059168167
SH600011,0.01833631969961605,0.75,,2026-05-26,0.006702402,0.028150123,0.23809496,0.006702402,0.23809496,0.014745317,0.5238101,0.014745317,0.5238101,0.9933422,1.0066577,0.9786951,0.9957181,1.0412786,1.0173672,0.9307828,0.90938836,0.9292726,0.987415,1.0007299,0.9773848,0.9601896,0.97042954,0.011986824,0.020311503,0.035721403,0.038257502,0.04056638,0.0029197133,-0.003336156,0.004330547,0.0036278802,-0.00038065348,0.14832427,0.2472977,0.51439476,0.69690627,0.02685511,0.006745542,0.014282793,-0.018525025,-0.012793863,0.04079973,1.0426524,1.0517774,1.0517774,1.0517774,1.0652797,0.9625959,0.9625959,0.9106403,0.90282744,0.88680065,0.99577147,1.0070475,1.002517,0.9989932,1.002517,0.9745783,0.989479,0.9340045,0.9254971,0.9290209,1.0,0.6,0.75,0.8333333,0.73333335,0.46722198,0.4194157,0.633141,0.65238386,0.63424426,0.2,0.2,0.6,0.73333335,0.2,0.6,0.8,0.15,0.06666667,0.46666667,-0.4,-0.6,0.45,0.6666667,-0.26666668,0.44710824,0.66731095,0.74123055,0.7667522,0.6117107,0.49983564,0.5665617,0.5970728,0.5138707,0.3250905,0.4,0.4,0.45,0.5,0.46666667,0.4,0.4,0.45,0.43333334,0.48333332,0.0,0.0,0.0,0.06666667,-0.016666668,0.2759567,0.44858426,0.6202975,0.6306241,0.5444199,0.7240433,0.55141574,0.3797025,0.36937588,0.45558015,-0.44808665,-0.1028315,0.240595,0.26124823,0.08883971,1.0841041,1.340223,1.2099738,1.050546,1.0460738,0.2246978,0.42410225,0.39279717,0.4172608,0.3947967,1.0952406,1.040359,1.0392958,1.2243507,1.0299522,0.23241158,0.38343439,0.5031966,0.53375787,0.49322888,0.76758844,0.6165656,0.4968034,0.46624213,0.50677115,-0.5351769,-0.2331312,0.006393215,0.06751571,-0.013542254
SH600570,0.018069506363150127,0.875,,2026-05-26,0.0,0.036538463,0.0,0.0130769145,0.3578945,0.023461547,0.64210546,0.010384631,0.28421098,1.0,1.0130769,0.9765385,0.9944449,1.0346153,1.0538498,1.0176947,0.9988515,1.1596186,1.0042348,1.0166186,1.0269454,1.0265799,1.0293944,0.008154921,0.01820592,0.024708724,0.020415155,0.040128306,-0.0031544287,-0.004596664,-0.0011535352,-0.00033120505,-0.00082684925,0.3740605,0.5843482,0.07628325,0.020398121,0.12949438,0.0020740519,0.0040664123,-0.015986744,-0.021777337,-0.0050023254,1.0573113,1.0673091,1.0800047,1.0800047,1.1726985,0.9765385,0.9765385,0.9765385,0.9765385,0.9446156,1.0083114,1.030001,1.0535436,1.0390033,1.0587754,0.9986933,1.0033892,1.0053849,1.0063888,0.9979276,0.4,0.2,0.1,0.06666667,0.23333333,0.29046312,0.25847068,0.22675548,0.22675548,0.24282572,0.4,0.2,0.45,0.6333333,0.016666668,1.0,1.0,1.0,1.0,0.36666667,-0.6,-0.8,-0.55,-0.36666667,-0.35,-0.5951628,-0.24990349,0.44962308,0.42173767,0.35775647,-0.05989613,-0.20345792,0.24125424,0.47451398,0.1670207,0.2,0.3,0.45,0.46666667,0.46666667,0.8,0.7,0.5,0.5,0.51666665,-0.6,-0.4,-0.05,-0.033333335,-0.05,0.20781253,0.30661115,0.4672317,0.5014261,0.4125537,0.79218745,0.6933888,0.5327683,0.49857393,0.5874463,-0.5843749,-0.38677767,-0.0655366,0.0028521626,-0.1748926,0.96566933,0.9611668,0.9836436,0.9122453,0.8349645,0.25532225,0.18225762,0.28110033,0.28400806,0.282624,0.2791117,0.58304334,0.75946814,0.882048,1.0087423,0.55697036,0.49174768,0.54186213,0.52589595,0.5150866,0.44302964,0.5082523,0.45813787,0.47410402,0.4849134,0.113940686,-0.016504625,0.08372427,0.051791955,0.030173158
SH600926,0.015879305312380097,0.5,,2026-05-26,-0.0043369574,0.013011105,-0.33332735,0.004956623,0.38095322,0.0037175254,0.2857194,-0.005576055,-0.42856118,1.0043559,1.0093341,0.9962663,1.0020522,1.0168326,1.0336652,1.072309,1.065908,1.0075865,1.0029397,1.0140587,1.0382171,1.0493678,1.0445392,0.003550631,0.014078254,0.029282035,0.029013231,0.024622265,-0.00144616,-0.004303343,-0.0046692123,-0.0028311852,4.518531e-06,0.41472635,0.8564969,0.8899237,0.7379825,1.0271608e-05,-4.740932e-05,0.005306305,0.006140409,-0.008315551,-0.044672526,1.0194111,1.0478586,1.0945636,1.0945636,1.0945636,0.9901021,0.9901021,0.9901021,0.9901021,0.9901021,1.0051209,1.0289711,1.0657183,1.0753912,1.0680891,0.9997629,1.0030346,1.00697,1.0155997,1.0229019,0.4,0.2,0.1,0.06666667,0.033333335,0.33770758,0.17137249,0.0947514,0.0947514,0.0947514,0.2,0.1,0.25,0.5,0.75,0.6,0.8,0.9,0.93333334,0.96666664,-0.4,-0.7,-0.65,-0.43333334,-0.21666667,-0.32473037,-0.06313229,0.31754366,-0.053775985,-0.0002403459,0.1992598,-0.31800723,0.06951664,-0.025308987,0.0065107797,0.2,0.3,0.25,0.36666667,0.51666665,0.8,0.7,0.7,0.56666666,0.45,-0.6,-0.4,-0.45,-0.2,0.06666667,0.2016821,0.22900817,0.26574513,0.3505376,0.4919599,0.7983179,0.77099186,0.73425484,0.6494624,0.5080401,-0.5966358,-0.54198366,-0.46850973,-0.29892483,-0.016080184,1.182705,1.1783512,1.2709223,1.216205,1.3083922,0.1990415,0.15223654,0.19154727,0.30129945,0.42773053,0.29834396,0.7364947,0.8914497,0.9402037,1.0762134,0.45536837,0.33663297,0.36979264,0.43523845,0.48961788,0.5446316,0.66336703,0.63020736,0.5647616,0.5103821,-0.08926324,-0.32673404,-0.2604147,-0.12952311,-0.020764237
SH601857,0.014174497717272142,0.75,,2026-05-26,0.021435196,0.026095094,0.8214263,0.0027959393,0.10714425,0.0018639596,0.0714295,0.020503215,0.78571147,0.97901464,1.0027373,0.9771898,0.99011904,1.0548223,1.0208122,1.0781726,1.1040609,1.0025381,1.0160406,1.027868,1.0481472,1.0550761,1.0826057,0.031181334,0.027133456,0.041207615,0.03682113,0.04971536,-0.017309655,-0.0043777907,-0.005045228,-0.002606732,-0.0016542103,0.7704198,0.23862241,0.5246561,0.38841882,0.33767593,0.018578691,-0.008167973,-0.00021755428,-0.01727854,-0.033806566,1.0718604,1.0719502,1.1278036,1.1278036,1.2486585,0.9759439,0.9759439,0.9759439,0.9759439,0.9759439,1.0361421,1.053198,1.0888325,1.0888325,1.1169543,0.99573606,1.0085279,1.0141118,1.0194924,1.0417259,0.4,0.2,0.1,0.06666667,0.06666667,0.25080237,0.25056782,0.15840997,0.15840997,0.08820974,0.2,0.4,0.2,0.46666667,0.083333336,0.8,0.9,0.95,0.96666664,0.98333335,-0.6,-0.5,-0.75,-0.5,-0.9,-0.25624275,-0.08023871,-0.035365544,0.0030290107,0.6669474,-0.27947265,-0.12600164,-0.3152353,0.031952307,0.49565056,0.4,0.6,0.55,0.43333334,0.46666667,0.6,0.4,0.45,0.56666666,0.53333336,-0.2,0.2,0.1,-0.13333334,-0.06666667,0.2500003,0.43365693,0.3729373,0.37575758,0.49901998,0.7499997,0.56634307,0.62706274,0.6242424,0.50098,-0.4999994,-0.13268614,-0.25412545,-0.24848488,-0.0019600298,0.98321635,1.0414771,1.1117642,1.0654657,1.7696797,0.19732714,0.22346902,0.21656851,0.23316944,1.3005221,0.5753751,0.79001236,1.1277647,1.1597515,2.0414357,0.5964499,0.42943096,0.43509814,0.48794812,0.4913375,0.4035501,0.57056904,0.5649019,0.5120519,0.50866246,0.19289981,-0.14113808,-0.12980373,-0.024103774,-0.017324956
SH600941,0.013980038589270598,0.625,,2026-05-26,0.0070458734,0.01191581,0.5913046,0.0030048145,0.25217038,0.0018651224,0.15652502,0.0059061814,0.49565923,0.9930034,1.0029838,0.99115133,0.9978623,1.0391741,1.0018694,0.9862339,0.9634602,0.9694935,0.9994561,1.0097892,1.0011727,0.99109733,0.9845003,0.012440061,0.016852308,0.015483445,0.020430865,0.019847767,-0.0041723237,-0.0026358024,0.0012355413,0.0018156543,0.00044762794,0.2812231,0.2242427,0.22286788,0.6120608,0.15513538,0.008888519,0.0020718838,-0.012910283,-0.01742429,0.0022946629,1.0307188,1.0634557,1.0634557,1.0634557,1.0634557,0.9841562,0.9841562,0.9784499,0.9589473,0.94957507,1.0040449,1.0226717,1.0091434,1.0054554,1.0024983,0.992811,0.9951563,0.9880013,0.96658736,0.9640381,0.8,0.4,0.6,0.73333335,0.78333336,0.34026906,0.19979711,0.25351354,0.39281726,0.44278765,0.2,0.5,0.75,0.8333333,0.9166667,0.8,0.9,0.15,0.23333333,0.38333333,-0.6,-0.4,0.6,0.6,0.53333336,0.35972387,0.8118853,0.86876917,0.81054115,0.6209197,0.06195038,0.52589357,0.54125357,0.74107444,0.5367313,0.4,0.6,0.65,0.56666666,0.55,0.6,0.4,0.35,0.43333334,0.43333334,-0.2,0.2,0.3,0.13333334,0.11666667,0.19470277,0.49172956,0.5432229,0.5841816,0.5380861,0.80529726,0.50827044,0.45677707,0.41581842,0.46191385,-0.61059445,-0.01654088,0.08644586,0.16836317,0.07617227,1.306536,1.7507888,1.4245318,1.3166353,1.3021673,0.35100427,0.73698074,0.6303122,0.65557384,0.56201845,0.891021,1.0333009,1.3126677,1.7494023,1.6662322,0.11828638,0.4830634,0.49196526,0.51354235,0.4964718,0.8817136,0.5169366,0.5080347,0.48645765,0.50352824,-0.76342726,-0.033873186,-0.016069455,0.027084732,-0.0070564193
SH601788,0.013377320139967851,0.625,,2026-05-26,0.027310982,0.056722686,0.4814825,0.025910323,0.45678943,0.003501381,0.061728053,0.0049020387,0.086421125,0.9734151,1.0252215,0.97000676,1.0021797,1.0224895,1.0648535,1.0172594,1.044456,1.1354603,0.99550205,1.0127091,1.0224895,1.0324616,1.0547333,0.01909391,0.025570095,0.026522903,0.027551547,0.037335522,-0.0068514613,-0.0072682877,-0.0014007299,-0.0019391603,-0.0017575922,0.32189682,0.74064654,0.09761908,0.38391683,0.6759143,0.018200846,0.01999811,-0.00918259,-0.0043438035,-0.0028842692,1.0500258,1.0645527,1.070989,1.0901252,1.142595,0.9613066,0.9613066,0.9613066,0.9613066,0.9613066,1.007113,1.0256276,1.0457113,1.0614016,1.0945606,0.97677827,0.9953975,1.0040795,1.005544,1.0221757,0.6,0.3,0.15,0.1,0.05,0.43613335,0.37476897,0.3527767,0.30037132,0.21343563,0.4,0.1,0.5,0.033333335,0.033333335,0.8,0.9,0.95,0.96666664,0.98333335,-0.4,-0.8,-0.45,-0.93333334,-0.95,-0.38135794,-0.52176553,0.016744941,-0.375279,-0.39557937,0.057290636,0.035114825,0.30695707,0.35003322,0.2546513,0.4,0.3,0.5,0.43333334,0.41666666,0.6,0.7,0.5,0.53333336,0.56666666,-0.2,-0.4,0.0,-0.1,-0.15,0.34074104,0.26335907,0.4592594,0.42369846,0.3918129,0.65925896,0.73664093,0.5407406,0.5763016,0.60818714,-0.31851792,-0.47328186,-0.08148123,-0.1526031,-0.21637425,0.72948664,0.60285825,0.6271318,0.5403664,0.40870067,0.28062427,0.23263931,0.26009312,0.2606234,0.23537783,0.89907736,0.91074973,1.2893362,1.3778434,1.4460438,0.68706405,0.5767907,0.5488487,0.5611443,0.51685804,0.31293592,0.4232093,0.45115134,0.4388557,0.48314196,0.37412816,0.15358138,0.097697325,0.12228858,0.03371608
SH601166,0.010568250663321552,0.625,,2026-05-26,0.009626283,0.014156262,0.68000174,0.003397536,0.24000232,0.0011324434,0.07999594,0.007361191,0.51999533,0.9904655,1.0033652,0.9893439,0.99802184,0.98152244,0.9954769,1.0207872,1.0432105,1.026369,0.9829468,0.98501587,0.9954528,1.0084304,1.0269239,0.011636621,0.009146869,0.014799248,0.022750083,0.026320122,0.007111929,-0.00018489304,-0.0020323396,-0.0024128002,-0.0011183505,0.9338153,0.0037454816,0.66005665,0.87172294,0.5506555,0.0028293575,0.015816133,0.023854427,0.02655523,0.0060674055,1.0033652,1.0033652,1.0325152,1.0538837,1.0706282,0.96911776,0.96911776,0.96911776,0.96911776,0.96911776,0.9914542,0.9921086,1.0079492,1.0321817,1.0523915,0.97376573,0.97775,0.9810605,0.99070346,0.9954769,1.0,1.0,0.75,0.5,0.25,0.9017401,0.9017401,0.4871209,0.36432353,0.3042271,1.0,1.0,0.1,0.16666667,0.41666666,0.6,0.8,0.9,0.93333334,0.96666664,0.4,0.2,-0.8,-0.76666665,-0.55,0.7021206,0.56379837,0.37291113,-0.34937525,-0.51597106,0.46494508,0.34887043,-0.017384395,-0.1372409,-0.25142714,0.8,0.5,0.35,0.33333334,0.41666666,0.2,0.4,0.55,0.6,0.51666665,0.6,0.1,-0.2,-0.26666668,-0.1,0.7461539,0.53949565,0.38336948,0.35562712,0.46709895,0.25384608,0.46050435,0.6166305,0.6443729,0.53290105,0.4923078,0.078991294,-0.23326103,-0.2887458,-0.065802075,0.91713375,0.9134262,1.002466,0.9445813,0.85636765,0.15136051,0.10536375,0.2082349,0.2498496,0.24090558,0.53358316,0.82231766,1.1938514,1.0806947,1.1327407,0.6090909,0.44483435,0.4962729,0.5479947,0.5046787,0.3909091,0.55516565,0.50372714,0.45200536,0.49532127,0.2181818,-0.110331275,-0.0074542314,0.09598931,0.009357428
SZ000651,0.010188511185130063,0.75,,2026-05-26,0.0072539146,0.013730584,0.52830344,0.0031087564,0.22641109,0.003367913,0.24528548,0.007513071,0.5471778,0.9927983,1.0030863,0.9894547,0.99492395,1.0174899,1.0375508,0.9506169,0.9598759,0.98996836,1.0011315,1.015149,1.0144287,0.9945213,0.9830629,0.0088139875,0.017003719,0.025077656,0.035213668,0.029146882,-0.0038323202,-0.0053326655,0.000514803,0.0027607922,0.0009544225,0.47262728,0.9015967,0.014749466,0.47637233,0.32703707,0.006533143,0.008847972,-0.019319378,-0.034552783,-0.0112183755,1.0216051,1.0462961,1.0514395,1.0514395,1.0514395,0.9876541,0.9876541,0.944187,0.9416146,0.9413573,1.0032408,1.0347737,1.036111,1.030967,1.016461,0.99583286,0.998868,0.99583286,0.9555038,0.95843625,0.8,0.4,0.35,0.56666666,0.75,0.36363876,0.21053031,0.5203887,0.5316223,0.532717,0.2,0.3,0.2,0.46666667,0.73333335,0.8,0.9,0.05,0.3,0.083333336,-0.6,-0.6,0.15,0.16666667,0.65,-0.102988295,0.4507526,0.37776768,0.6807538,0.53257245,-0.20374225,0.19148497,0.8391653,0.7078571,0.29922488,0.2,0.2,0.4,0.43333334,0.45,0.8,0.8,0.6,0.56666666,0.55,-0.6,-0.6,-0.2,-0.13333334,-0.1,0.21186677,0.14903831,0.63994455,0.5997468,0.51117575,0.7881332,0.8509617,0.36005542,0.40025318,0.48882425,-0.57626647,-0.7019234,0.27988914,0.19949362,0.022351488,1.0412138,1.115457,1.5736187,1.2853787,1.1471597,0.07179957,0.1442742,1.1092038,0.9942889,0.7755117,1.0427104,1.0673411,2.73301,3.248655,2.9834654,0.3174155,0.3823012,0.51255333,0.50831085,0.499896,0.68258446,0.6176988,0.48744664,0.49168918,0.500104,-0.36516896,-0.23539756,0.025106702,0.016621659,-0.00020801024
SZ000333,0.009970264304034613,0.75,,2026-05-26,-0.003132869,0.015914857,-0.19685185,0.011278204,0.7086588,0.0015037843,0.09448934,-0.012907288,-0.8110213,1.0031427,1.0144564,0.99849147,1.0030347,1.0182313,1.0067977,1.0037667,0.96191055,1.0018945,1.0122983,1.019778,1.0148759,1.0038469,0.98083043,0.011628802,0.014049743,0.012046306,0.021348443,0.030470088,-0.0070272856,-0.0027739285,0.00045599192,0.0018234481,0.001271935,0.9129465,0.35732648,0.050150413,0.5654005,0.53147423,0.0017562535,-0.0072953533,-0.01920779,-0.030286847,-0.01835253,1.045258,1.0489001,1.0489001,1.0489001,1.0489001,0.9904541,0.9904541,0.9904541,0.9490902,0.9021992,1.0245163,1.030329,1.0245163,1.0200099,1.0104841,1.002621,1.0080012,1.0032763,0.995226,0.9584916,0.2,0.1,0.1,0.33333334,0.6666667,0.17418313,0.16332889,0.16332889,0.51006746,0.6666677,0.4,0.4,0.7,0.8,0.9,0.8,0.9,0.95,0.1,0.38333333,-0.4,-0.5,-0.25,0.7,0.51666665,0.79495245,0.8516794,0.62208706,0.7171598,0.31415036,-0.04634925,0.4771332,0.309994,0.4124868,0.055589072,0.2,0.5,0.45,0.5,0.46666667,0.6,0.4,0.5,0.46666667,0.51666665,-0.4,0.1,-0.05,0.033333335,-0.05,0.20405337,0.46148023,0.48763716,0.58663684,0.49819875,0.7959466,0.5385198,0.51236284,0.41336316,0.50180125,-0.59189326,-0.07703954,-0.024725664,0.17327365,-0.0036025236,1.142651,1.329648,1.3334954,1.22758,1.1512158,0.1577383,0.24892619,0.24674246,0.27169782,0.37269604,1.0203167,0.90171623,0.8095094,0.8034054,1.8209983,0.1723403,0.34192944,0.47023275,0.50344425,0.49475157,0.8276597,0.65807056,0.5297673,0.49655575,0.5052484,-0.6553194,-0.31614116,-0.059534498,0.006888489,-0.010496846
SH601009,0.009450200292446378,0.625,,2026-05-26,-0.0064635593,0.012003619,-0.5384676,0.0046167946,0.38461688,0.0009232649,0.07691555,-0.010157089,-0.84616894,1.0065056,1.0111524,0.9990707,1.0032979,1.026981,1.0417814,1.0957433,1.0240996,1.0297316,1.0102161,1.022947,1.047099,1.0460118,1.0452783,0.008577193,0.016176421,0.030183466,0.02889277,0.022466285,-0.005304535,-0.005108853,-0.0049735364,-0.001011238,-0.00011789638,0.9561903,0.9143098,0.9502994,0.09493581,0.008399206,0.0003929294,4.28461e-05,0.00014965978,-0.031348884,-0.041800424,1.0343727,1.0557903,1.1086664,1.1106135,1.1106135,0.996313,0.996313,0.996313,0.996313,0.996313,1.0182319,1.0404978,1.083222,1.0737394,1.0600394,1.0044008,1.0070727,1.0198822,1.0198822,1.0267714,0.2,0.1,0.05,0.033333335,0.016666668,0.09687525,0.061990622,0.032816432,0.03225743,0.03225743,0.2,0.2,0.1,0.33333334,0.6666667,0.6,0.8,0.9,0.93333334,0.96666664,-0.4,-0.6,-0.8,-0.6,-0.3,-0.12891605,0.0068600327,0.002499383,0.3085564,0.238329,-0.61297524,-0.38472405,-0.29760942,0.3244141,0.09923487,0.0,0.2,0.3,0.36666667,0.43333334,1.0,0.8,0.7,0.6,0.55,-1.0,-0.6,-0.4,-0.23333333,-0.11666667,0.0,0.17515197,0.15486258,0.45203337,0.47115618,1.0,0.824848,0.8451374,0.54796666,0.5288438,-1.0,-0.64969605,-0.69027483,-0.09593328,-0.057687633,1.0274397,1.0447825,1.0873094,1.0883183,1.1218681,0.22075567,0.1783455,0.20937999,0.29095557,0.29688165,0.816864,1.0155711,1.0801849,1.1637119,1.2484845,0.5206394,0.4330653,0.4138399,0.50536513,0.48419553,0.4793606,0.5669347,0.5861601,0.49463487,0.51580447,0.041278806,-0.13386942,-0.17232022,0.01073026,-0.031608958
SH601658,0.008927867203703246,0.625,,2026-05-26,0.00402419,0.012072372,0.3333388,0.004024091,0.3333306,0.004024091,0.3333306,0.00402419,0.3333388,0.99599195,1.0040079,0.99198395,0.99869996,0.9941176,1.0073528,1.0397058,1.0058824,1.0029411,0.99088234,0.9948529,1.0075735,1.0124019,1.0118628,0.0068504997,0.0072127176,0.016632846,0.017552497,0.015808297,0.0042647184,-0.001007129,-0.002515479,-0.0012147485,-1.8959716e-05,0.968894,0.17872435,0.8005277,0.3711903,0.00043872595,0.000588237,0.009679164,0.016323557,0.0052119275,-0.011303402,1.0040079,1.0094823,1.046896,1.056142,1.056142,0.97568166,0.97568166,0.97568166,0.97568166,0.97568166,0.9964706,1.0002941,1.0179411,1.0314705,1.0255882,0.98499995,0.9888235,0.9952941,0.99558824,0.9970588,1.0,0.8,0.4,0.28333333,0.26666668,0.85850734,0.71946406,0.34148082,0.30224013,0.30224013,1.0,0.1,0.1,0.26666668,0.6333333,0.6,0.8,0.9,0.93333334,0.96666664,0.4,-0.7,-0.8,-0.6666667,-0.33333334,-0.008714241,-0.12550144,0.0125635555,0.26350352,0.11143042,0.134503,-0.34199944,-0.2729746,0.36496186,0.11088157,0.8,0.5,0.35,0.4,0.46666667,0.2,0.4,0.6,0.53333336,0.5,0.6,0.1,-0.25,-0.13333334,-0.033333335,0.6111111,0.42857197,0.3246753,0.48507455,0.49691358,0.3888889,0.571428,0.67532474,0.5149254,0.50308645,0.22222222,-0.14285605,-0.35064945,-0.029850895,-0.00617286,0.9625416,0.9990473,1.0225252,1.0709882,1.1968181,0.1345916,0.17490798,0.20690316,0.292353,0.3380066,0.588916,0.8830528,0.96918625,1.1180853,1.1510695,0.49488202,0.54510796,0.51128477,0.51498485,0.47699517,0.50511795,0.454892,0.48871523,0.48501518,0.52300483,-0.010235936,0.09021596,0.022569552,0.029969644,-0.04600966
SH600674,0.008423546939134356,0.375,,2026-05-26,0.008666651,0.020666689,0.4193536,0.002666722,0.12903479,0.009333316,0.45161158,0.0153332455,0.7419304,0.9914078,1.0026438,0.98215467,0.994732,1.0264385,1.0224742,0.99140096,0.9689559,0.9253192,0.98823535,0.99656624,1.0026147,0.99343944,1.0013399,0.008478119,0.014880541,0.013908675,0.020129278,0.0270309,0.0028420605,-0.0019319848,-0.0008645319,0.0011457568,-0.00027834112,0.28093612,0.15451884,0.1352255,0.25109047,0.03233952,0.006080552,0.012127716,0.0055983327,-0.0100529315,0.0068711382,1.0270914,1.042962,1.042962,1.042962,1.0813023,0.96365416,0.96365416,0.96365416,0.941853,0.92598623,0.9931208,1.0034397,1.015216,1.0108436,1.0230048,0.9813677,0.98796713,0.99049145,0.9763482,0.9808313,1.0,0.8,0.5,0.6333333,0.5,0.57294166,0.458288,0.458288,0.5750924,0.47653633,0.2,0.5,0.75,0.8333333,0.2,0.6,0.8,0.9,0.1,0.016666668,-0.4,-0.3,-0.15,0.73333335,0.18333334,0.18851589,0.6776416,0.34242478,0.5357347,0.44969526,0.6383173,0.6736565,0.6224307,0.65418375,0.5528607,0.6,0.5,0.5,0.46666667,0.46666667,0.4,0.5,0.45,0.46666667,0.48333332,0.2,0.0,0.05,0.0,-0.016666668,0.31127736,0.4182396,0.5223586,0.5537391,0.5540643,0.68872267,0.5817604,0.4776414,0.4462609,0.4459357,-0.37744528,-0.16352083,0.044717185,0.107478194,0.1081286,0.9378398,1.0223236,0.9554267,0.9269455,1.0301831,0.1325257,0.23407823,0.2581983,0.32598692,0.4287191,0.91271,0.99995166,1.2226502,1.4458722,1.2190647,0.24437745,0.42266586,0.52582777,0.52446383,0.50535655,0.75562257,0.5773341,0.47417223,0.47553617,0.49464348,-0.5112451,-0.15466824,0.05165552,0.04892766,0.010713065
SH601021,0.008408218007818494,0.375,,2026-05-26,0.00083157106,0.024116414,0.03448154,0.016216246,0.67241526,0.007068598,0.2931032,-0.008316076,-0.34483054,0.9991691,1.0162028,0.9921064,1.0037404,0.946767,0.9655206,1.0012698,0.9883766,1.1499317,0.9818715,0.96342057,0.9735739,0.97984636,0.9911067,0.024995191,0.027963782,0.02340858,0.02242904,0.044230804,0.0117307985,0.006168936,-0.0009825551,-0.0009869667,-0.0012777668,0.5506584,0.44610813,0.061664008,0.15006705,0.25453842,-0.005333064,0.00881919,0.035760324,0.03446468,0.04658744,1.0251561,1.0251561,1.0251561,1.0251561,1.1670203,0.92951447,0.91006994,0.91006994,0.91006994,0.89486754,1.0009181,0.9946865,0.99529207,1.0002539,1.0096503,0.9609494,0.94543856,0.9529791,0.96436805,0.96214104,0.8,0.9,0.9,0.8,0.65833336,0.7369749,0.78141457,0.78141457,0.78141457,0.38629934,0.8,0.9,0.95,0.96666664,0.033333335,0.2,0.4,0.7,0.8,0.3,0.6,0.5,0.25,0.16666667,-0.26666668,0.8038076,0.75244075,0.3567415,0.13604198,-0.033823136,0.88223743,0.6943698,0.54109555,0.55590457,0.040291753,0.6,0.4,0.4,0.4,0.38333333,0.4,0.6,0.6,0.6,0.6166667,0.2,-0.2,-0.2,-0.2,-0.23333333,0.7213648,0.5890066,0.497736,0.515662,0.42022657,0.2786352,0.41099343,0.502264,0.48433796,0.5797734,0.4427296,0.17801318,-0.004527992,0.031324062,-0.15954685,1.2729458,0.96755415,0.8854747,0.81383806,0.9693768,0.6002205,0.51712096,0.41077313,0.35965732,0.48388788,1.0073152,1.2484735,1.5024219,1.5795851,1.607083,0.5332847,0.538138,0.5309069,0.5019217,0.51210177,0.4667153,0.461862,0.4690931,0.49807832,0.4878982,0.06656939,0.076276004,0.061813775,0.0038433832,0.024203574
SZ300059,0.007025068430534062,0.5,,2026-05-26,0.01880086,0.03556911,0.52857274,0.0116869565,0.3285704,0.0050812913,0.14285687,0.012195196,0.3428592,0.9815461,1.0114713,0.97655857,0.9962738,0.9925192,1.0608513,0.99201965,0.94044614,1.1285379,0.98822933,0.99616027,1.009502,1.0043985,1.009644,0.0113107255,0.021715125,0.027116977,0.023508387,0.047230344,0.0032414754,-0.0036850467,-0.0014591934,0.00029678384,-0.001045739,0.20532632,0.26398104,0.101347074,0.01235198,0.14952172,0.005287733,0.020422425,0.00436031,-0.008701855,0.021205232,1.0488784,1.0593525,1.0773102,1.0773102,1.1265539,0.9655859,0.9655859,0.9655859,0.95384717,0.9106713,0.99720746,1.0012976,1.035111,1.0167587,1.0588593,0.9793523,0.9834412,0.98563784,0.9858523,0.9791574,1.0,0.8,0.5,0.6,0.51666665,0.41317165,0.36701876,0.30802706,0.3738188,0.41378388,0.4,0.1,0.5,0.6666667,0.016666668,0.6,0.8,0.9,0.033333335,0.46666667,-0.2,-0.7,-0.4,0.6333333,-0.45,0.42413312,0.21131402,0.39977774,0.35252467,0.11242271,0.56687576,0.39071354,0.5301307,0.58951175,0.4044249,0.6,0.5,0.55,0.56666666,0.48333332,0.4,0.5,0.45,0.43333334,0.51666665,0.2,0.0,0.1,0.13333334,-0.033333335,0.5477674,0.31401974,0.513842,0.57236123,0.42822152,0.4522326,0.68598026,0.486158,0.42763877,0.5717785,0.09553483,-0.3719605,0.02768398,0.14472248,-0.14355697,0.9926962,0.8800887,0.83675504,0.77882653,0.6568106,0.46380207,0.3515596,0.3149864,0.3128992,0.2889968,0.58777505,0.7966063,1.0438216,1.1925224,1.2472104,0.57063806,0.504541,0.5365759,0.5293854,0.51408815,0.4293619,0.49545902,0.46342412,0.47061464,0.48591182,0.14127615,0.009081963,0.0731518,0.058770727,0.02817634
SH601328,0.006880546073780527,0.5,,2026-05-26,0.0,0.012121216,0.0,0.009090868,0.7499963,0.003030349,0.2500037,-0.0060605183,-0.49999258,1.0,1.0090909,0.99696964,1.0032526,1.0105908,1.0105908,1.0590857,1.0367893,1.0033445,1.0018952,1.0080267,1.0199275,1.0304533,1.0325716,0.0044697435,0.0077958154,0.019349858,0.022706244,0.021443952,0.00044593043,-0.0019729044,-0.0028117925,-0.0021179216,-0.00014078591,0.02488336,0.5870842,0.7390589,0.6742653,0.01314645,-0.0027870652,0.00085132173,0.006784513,0.00025652986,-0.02841832,1.0197688,1.0274874,1.066677,1.0771803,1.0804578,0.99249417,0.99249417,0.99249417,0.99249417,0.9866043,1.0061315,1.0134894,1.0342251,1.054961,1.0532887,0.99910814,1.0013378,1.0061315,1.0103679,1.0105908,0.4,0.2,0.1,0.06666667,0.083333336,0.2751944,0.214494,0.101180315,0.08863122,0.14273001,0.6,0.3,0.1,0.26666668,0.4,0.4,0.7,0.85,0.9,0.05,0.2,-0.4,-0.75,-0.6333333,0.35,-0.040084098,0.1850022,-0.38021725,-0.5019939,-0.3140341,-0.08898792,0.22705194,-0.22875482,-0.058847114,0.08273974,0.2,0.4,0.3,0.4,0.5,0.6,0.5,0.6,0.53333336,0.45,-0.4,-0.1,-0.3,-0.13333334,0.05,0.33333334,0.4,0.2590909,0.4006024,0.49620253,0.6666667,0.6,0.7409091,0.5993976,0.5037975,-0.33333334,-0.2,-0.48181817,-0.19879518,-0.0075949365,1.0438508,1.0496402,1.0270143,0.9427288,0.99992895,0.18391532,0.1550911,0.2803378,0.26438063,0.31534398,1.103776,1.03756,1.2300417,1.1607752,1.362274,0.4283981,0.5198086,0.5119615,0.5221265,0.5023337,0.5716019,0.4801914,0.4880385,0.4778735,0.49766633,-0.14320381,0.039617207,0.023923004,0.04425298,0.0046673506
SH601825,0.002935133908260153,0.375,,2026-05-26,-0.0011750114,0.015276165,-0.076917954,0.0058755088,0.38461936,0.008225645,0.5384627,0.0011751244,0.07692535,1.0011764,1.0070589,0.99176466,0.9999071,1.0354924,1.0133096,1.0461401,1.0638864,0.98402834,1.0099379,1.0193434,1.0309228,1.0459627,1.039367,0.009482174,0.0129856225,0.02099619,0.028396271,0.030975217,-0.0058562425,-0.0031943133,-0.0029668217,-0.002999291,0.0003820938,0.95359117,0.55467796,0.6988274,0.86460215,0.046409953,0.0017746182,-0.004968947,-0.0027379633,-0.0024729832,-0.050638784,1.0421793,1.0504962,1.0874804,1.1013267,1.1013267,0.99176466,0.99176466,0.99176466,0.99176466,0.97314847,1.0165039,1.0319432,1.0525287,1.075599,1.0724046,1.0007099,1.0094055,1.0129547,1.0165039,1.0108252,0.2,0.1,0.05,0.033333335,0.15,0.16335158,0.14021981,0.086039394,0.07516582,0.20948578,0.2,0.3,0.05,0.16666667,0.5833333,1.0,1.0,1.0,1.0,0.083333336,-0.8,-0.7,-0.95,-0.8333333,0.5,-0.5620794,0.45815733,0.35834566,-0.18428391,-0.041575946,0.39048907,0.33001402,-0.42639413,-0.27220407,-0.15950589,0.0,0.4,0.5,0.46666667,0.53333336,1.0,0.6,0.5,0.5,0.45,-1.0,-0.2,0.0,-0.033333335,0.083333336,0.0,0.419355,0.39256236,0.39411774,0.51331365,1.0,0.58064497,0.6074377,0.6058823,0.48668638,-1.0,-0.16128998,-0.2148753,-0.21176451,0.026627261,0.9352181,1.1164237,1.5022873,1.3803303,1.3076386,0.11443398,0.24854219,0.6045267,0.59345484,0.49256435,0.6473501,0.5913411,1.2168341,1.2582091,1.1009794,0.39781597,0.33437467,0.40514213,0.5090744,0.49495646,0.60218406,0.66562533,0.5948579,0.49092558,0.50504357,-0.20436808,-0.33125064,-0.18971573,0.018148823,-0.010087093
SZ002352,0.0022545286122888394,0.25,,2026-05-26,0.012397791,0.02282327,0.54320836,0.0005635824,0.024693323,0.009861898,0.43209833,0.021696106,0.9506134,0.98775405,1.0005567,0.9780129,0.98982996,0.9821937,1.0165658,1.0094141,1.0322558,1.0341532,0.99023575,0.99069554,1.0059221,1.0102508,1.0164247,0.008112946,0.009226802,0.01823799,0.016998919,0.018973902,0.001554387,-0.0007514392,-0.0020995894,-0.0012752353,-0.00042075475,0.0917701,0.06079904,0.4638557,0.43615392,0.14998388,0.006655466,0.012685967,0.014023995,0.00824006,-0.004012414,1.0008416,1.0173959,1.0399516,1.0515094,1.0633316,0.9740611,0.9740611,0.9740611,0.9740611,0.9656957,0.99532956,0.9971977,1.0214114,1.0257171,1.0331169,0.98560905,0.98260236,0.98717076,0.9935927,1.0015763,1.0,0.9,0.45,0.3,0.2,0.96857274,0.5985704,0.3936675,0.3349195,0.35134932,0.2,0.1,0.35,0.13333334,0.41666666,0.8,0.9,0.95,0.96666664,0.3,-0.6,-0.8,-0.6,-0.8333333,0.11666667,0.033168707,0.62382776,0.54933596,0.2670802,0.22095539,0.28986964,0.19348511,0.16350606,-0.033355862,0.21081111,0.6,0.3,0.45,0.4,0.46666667,0.4,0.7,0.55,0.6,0.5,0.2,-0.4,-0.1,-0.2,-0.033333335,0.6794114,0.4013896,0.46918264,0.4283397,0.46996912,0.32058862,0.5986104,0.53081733,0.5716603,0.5300309,0.35882276,-0.1972208,-0.061634704,-0.14332059,-0.06006178,0.98538506,0.9778604,1.0901656,1.0215316,1.0978286,0.08771949,0.1577656,0.28684142,0.2867312,0.40938425,0.26358473,0.48191717,0.4383865,0.76484555,1.35656,0.62140507,0.5196213,0.52651507,0.5219999,0.4877459,0.3785949,0.4803787,0.47348493,0.4780001,0.5122541,0.24281017,0.03924263,0.05303016,0.043999776,-0.024508195
SH600196,-0.0015791859079475733,0.5,,2026-05-26,-0.0030120949,0.012048149,-0.2500048,0.005163459,0.4285687,0.0038725943,0.3214265,-0.0043029594,-0.35714698,1.0030212,1.0082003,0.9961157,1.0009038,1.0440102,1.092797,1.1035738,1.1463025,1.1428363,1.0150992,1.0334431,1.0589055,1.0822834,1.0994675,0.014812581,0.024247391,0.03211472,0.043963857,0.04264799,-0.009104949,-0.007708814,-0.0049334606,-0.0047818585,-0.0013088498,0.9445688,0.92652375,0.82596755,0.91686106,0.2872647,0.0031106987,0.0012465941,-0.012037583,-0.012946407,-0.06085644,1.0522177,1.0901965,1.117387,1.1691877,1.1804013,0.99609745,0.99609745,0.99609745,0.99609745,0.99609745,1.025975,1.0466897,1.092098,1.1189468,1.1428363,1.0044738,1.0090642,1.0339965,1.0408179,1.0687095,0.2,0.1,0.05,0.033333335,0.016666668,0.06953889,0.041472718,0.032175425,0.0225463,0.021174511,0.4,0.1,0.15,0.13333334,0.43333334,0.8,0.9,0.95,0.96666664,0.98333335,-0.4,-0.8,-0.8,-0.8333333,-0.55,-0.13717076,0.23697054,0.4353578,0.15855224,0.19722767,-0.8268735,-0.43734974,0.25739563,0.31024587,0.1854519,0.0,0.1,0.15,0.16666667,0.3,1.0,0.9,0.85,0.8333333,0.7,-1.0,-0.8,-0.7,-0.6666667,-0.4,0.0,0.053781778,0.19843958,0.2112223,0.39626876,1.0,0.94621825,0.8015604,0.7887777,0.6037313,-1.0,-0.89243644,-0.6031208,-0.57755536,-0.20746252,1.3570409,1.410057,1.7228297,1.6484169,1.5816369,0.4053368,0.38002682,0.6463792,0.5908489,0.5801445,0.73726493,0.73730123,1.1831238,1.1600004,1.1529676,0.527009,0.28738403,0.48007703,0.47914958,0.4711412,0.47299102,0.71261597,0.519923,0.5208504,0.5288588,0.054017983,-0.42523193,-0.039845955,-0.041700833,-0.057717603
SH601985,-0.00239187263229401,0.5,,2026-05-26,0.003440393,0.01032107,0.33333683,0.0034402844,0.33332634,0.003440393,0.33333683,0.0034405014,0.33334735,0.9965714,1.0034285,0.9931428,0.9987442,1.0539033,1.0548327,1.0390334,0.99442375,0.97026014,1.0046468,1.0244423,1.0300186,1.022026,1.0206164,0.014155708,0.023992373,0.018960493,0.021081757,0.022678114,-0.005762072,-0.0067196107,-0.001440868,0.0008011813,0.00029466575,0.41422293,0.71904033,0.2021237,0.11193082,0.05149265,0.0068773283,0.005795901,-0.016330296,-0.033643097,-0.02930907,1.0548832,1.0649029,1.0649029,1.0649029,1.078553,0.9896393,0.9896393,0.9896393,0.98735374,0.9680495,1.005948,1.0464684,1.0457249,1.0390334,1.0401486,0.9975836,0.99962825,1.0156133,0.99962825,0.9975836,0.7,0.35,0.175,0.25,0.24166666,0.1587999,0.1376592,0.1376592,0.16307436,0.28913563,0.2,0.1,0.55,0.7,0.33333334,0.6,0.8,0.9,0.033333335,0.016666668,-0.4,-0.7,-0.35,0.6666667,0.31666666,0.30423835,0.32440287,0.2960628,0.56288224,0.46083882,-0.72916985,0.020137435,0.23631714,0.3031974,0.41626763,0.2,0.4,0.45,0.53333336,0.51666665,0.6,0.5,0.45,0.4,0.45,-0.4,-0.1,0.0,0.13333334,0.06666667,0.073530294,0.28777006,0.4027779,0.5103449,0.5260587,0.9264697,0.71222997,0.5972221,0.48965505,0.47394133,-0.8529394,-0.4244599,-0.19444416,0.020689905,0.052117378,1.6414677,1.6758077,1.7182395,1.644927,2.0882838,0.50254965,0.3723773,0.31292176,0.38664192,0.9449021,1.2340802,0.99347585,1.0271739,1.0329216,1.0561352,0.30582356,0.3793153,0.4053275,0.49614465,0.47602728,0.69417644,0.62068474,0.5946725,0.50385535,0.5239727,-0.3883529,-0.24136944,-0.18934502,-0.0077106985,-0.04794542
SH600016,-0.0047213678215992545,0.25,,2026-05-26,0.00284899,0.008546971,0.33333334,0.00569798,0.6666667,0.0,0.0,-0.00284899,-0.33333334,0.9971591,1.0056818,0.9971591,1.0001044,1.0170305,1.0454406,1.0624709,1.0511689,1.1051246,1.0028487,1.0141972,1.0340881,1.0419466,1.0680846,0.004927467,0.014098891,0.023189448,0.022024974,0.034698,-0.0025623217,-0.004472968,-0.0038320953,-0.002152087,-0.0018240325,0.67602056,0.92264193,0.955784,0.73992985,0.84286135,0.002275896,0.00593111,0.002316805,-0.010741376,-0.014275631,1.0170691,1.0482888,1.0709935,1.0709935,1.142065,0.9943182,0.9943182,0.9943182,0.9943182,0.9943182,1.0045673,1.0272487,1.052872,1.0602416,1.1022605,1.0,1.0,1.0096765,1.0164577,1.0483047,0.4,0.2,0.1,0.06666667,0.033333335,0.24973953,0.10527572,0.07410201,0.07410201,0.03845626,0.4,0.1,0.1,0.3,0.2,0.6,0.8,0.9,0.93333334,0.96666664,-0.2,-0.7,-0.8,-0.6333333,-0.76666665,-0.1529015,0.6154528,0.026736049,-0.0032223137,0.63182515,-0.59243846,-0.629863,-0.36348972,-0.056391403,-0.12814325,0.0,0.1,0.15,0.23333333,0.26666668,0.6,0.7,0.6,0.5,0.55,-0.6,-0.6,-0.45,-0.26666668,-0.28333333,0.0,0.055976413,0.10710851,0.27470988,0.37743682,1.0,0.9440236,0.89289147,0.7252901,0.6225632,-1.0,-0.88804716,-0.785783,-0.45058027,-0.24512638,1.1231602,1.3747509,1.3139639,1.2876959,1.7158093,0.16254416,0.3553345,0.31883508,0.33010525,0.65201414,1.1502451,0.9149034,1.1138589,1.1122427,1.3038542,0.35605457,0.5028431,0.4865547,0.4927735,0.47364074,0.6439454,0.49715695,0.5134453,0.5072265,0.52635926,-0.28789085,0.005686126,-0.026890576,-0.014453016,-0.05271854
SH601288,-0.006495935582031374,0.25,,2026-05-26,-0.003105576,0.01086956,-0.28571314,0.0077639837,0.71428686,0.0,0.0,-0.01086956,-1.0,1.0031153,1.0109035,1.0,1.00434,1.0313352,1.0361035,1.0742507,1.0081744,0.9945504,1.0059946,1.0218664,1.0382153,1.0459355,1.0299046,0.0052853385,0.018276943,0.022463698,0.027983068,0.028951857,-0.002316078,-0.00554455,-0.0035780866,-0.0017535379,0.0006490979,0.48006576,0.84360063,0.8879884,0.30432767,0.1533089,-0.0013623927,0.0030839778,-0.0042234412,-0.02050922,-0.049053025,1.0326079,1.0640388,1.0801374,1.1135325,1.1135325,0.9924922,0.9924922,0.9924922,0.9924922,0.9668704,1.0077657,1.0377384,1.0572207,1.070436,1.0572207,1.0027248,1.0055858,1.0126703,1.0143052,1.0059946,0.2,0.1,0.05,0.033333335,0.15,0.18715335,0.104935676,0.085661165,0.062027175,0.22589046,0.2,0.2,0.1,0.26666668,0.6333333,0.4,0.7,0.85,0.9,0.05,-0.2,-0.5,-0.75,-0.6333333,0.5833333,0.5524812,0.63070416,0.15920414,0.21567553,0.15219489,-0.55925256,0.0960493,-0.10677586,0.07573153,0.36618826,0.2,0.4,0.4,0.46666667,0.45,0.8,0.6,0.6,0.53333336,0.55,-0.6,-0.2,-0.2,-0.06666667,-0.1,0.17142873,0.30656952,0.27385914,0.48550722,0.5042644,0.82857126,0.6934305,0.72614086,0.5144928,0.4957356,-0.6571425,-0.38686097,-0.45228174,-0.028985566,0.008528806,1.1273327,1.2660881,1.267135,1.3138394,1.4544615,0.31201598,0.35176712,0.3175664,0.351293,0.53161,1.1596212,0.9456619,0.9262764,1.0230635,1.3834252,0.48792157,0.47023383,0.4946304,0.49668047,0.49934158,0.5120784,0.5297662,0.5053696,0.5033195,0.5006584,-0.024156857,-0.05953236,-0.010739192,-0.0066390485,-0.0013168316
SZ000661,-0.00689918488259709,0.375,,2026-05-26,-0.023115572,0.028894426,-0.8000011,0.0,0.0,0.005778854,0.19999892,-0.017336719,-0.60000217,1.0236626,1.0236626,0.9940844,1.0048871,1.0700939,1.1402999,1.0988532,1.0926939,1.2482316,1.0228952,1.0538007,1.0818125,1.0918555,1.1152608,0.0162351,0.037527025,0.041598357,0.03715316,0.046391364,-0.00896143,-0.012040141,-0.0049661077,-0.0027583418,-0.0020111322,0.76170135,0.9435966,0.49882466,0.42717552,0.5732008,-0.0049723377,0.00037998534,-0.03463449,-0.051859595,-0.05593239,1.0698422,1.1435121,1.1550566,1.1550566,1.3604149,0.9940844,0.9940844,0.9940844,0.9940844,0.9940844,1.0356276,1.082916,1.1127372,1.1175619,1.1550566,1.0111125,1.0233475,1.0392462,1.0681435,1.089178,0.2,0.1,0.05,0.033333335,0.016666668,0.07808564,0.03958833,0.036749184,0.036749184,0.016148249,0.2,0.1,0.45,0.6333333,0.016666668,1.0,1.0,1.0,1.0,1.0,-0.8,-0.9,-0.55,-0.36666667,-0.98333335,0.07022321,0.32863286,0.3687574,0.33336794,0.556844,-0.47865117,-0.50077695,0.48826036,0.5139365,0.40267414,0.2,0.2,0.3,0.4,0.4,0.8,0.8,0.7,0.6,0.6,-0.6,-0.6,-0.4,-0.2,-0.2,0.12611173,0.11760049,0.33860573,0.38840607,0.36565506,0.87388825,0.8823995,0.66139424,0.6115939,0.63434494,-0.74777657,-0.764799,-0.32278854,-0.22318785,-0.2686899,1.0132878,1.0417968,1.070522,1.0478873,1.1903309,0.09974426,0.20386423,0.46007663,0.39530662,0.95544827,0.5525526,0.48934248,1.1965382,1.1851101,1.3079238,0.67793596,0.3386235,0.494111,0.50657463,0.444205,0.32206404,0.66137654,0.505889,0.4934254,0.555795,0.35587192,-0.32275304,-0.01177798,0.01314921,-0.111590035
SZ002142,-0.006908090846935354,0.5,,2026-05-26,0.00032339996,0.012289752,0.026314605,0.004851207,0.39473596,0.007115145,0.57894945,0.002587338,0.21052809,0.9996767,1.0048497,0.99256384,0.99864185,1.0161248,1.0317252,1.0352648,0.97312534,1.0009177,1.0072889,1.0154955,1.0363791,1.0297937,1.0133827,0.008499329,0.013464833,0.02619028,0.026952913,0.02989859,-0.00444415,-0.0038407135,-0.003964814,-3.3655906e-05,0.0005566678,0.6835151,0.74581885,0.802109,0.00012084059,0.10572815,0.0015993647,0.0017876701,0.0012866106,-0.029305724,-0.029804409,1.0303948,1.0458815,1.0953703,1.0953703,1.0953703,0.99256384,0.99256384,0.99256384,0.96858495,0.9473179,1.0137389,1.02989,1.0599632,1.0508653,1.0367593,0.9999213,1.0038804,1.010881,1.0050603,0.9843209,0.4,0.2,0.1,0.16666667,0.35,0.1965623,0.1394686,0.07233143,0.24778135,0.35583392,0.4,0.1,0.1,0.4,0.7,1.0,1.0,1.0,0.06666667,0.3,-0.6,-0.9,-0.9,0.33333334,0.4,-0.16553222,-0.2885057,0.45453405,0.59505206,0.47840253,0.8875185,-0.16382389,0.06870277,0.39933357,0.112577975,0.4,0.4,0.45,0.5,0.48333332,0.6,0.6,0.55,0.5,0.5,-0.2,-0.2,-0.1,0.0,-0.016666668,0.24050732,0.29698008,0.42036718,0.53986776,0.49927792,0.7594927,0.7030199,0.5796328,0.46013227,0.5007221,-0.5189854,-0.40603983,-0.15926562,0.07973547,-0.0014441792,0.9032416,0.89528155,1.0969516,1.0333271,0.95512843,0.11099768,0.09965105,0.44510275,0.39905128,0.35812697,0.8327397,1.0105687,0.86630094,1.0245005,1.1045232,0.68215567,0.46606067,0.5093555,0.5166319,0.5078564,0.31784436,0.5339393,0.49064454,0.4833681,0.49214354,0.3643113,-0.06787866,0.018710932,0.03326381,0.015712906
SH601878,-0.007123636912215978,0.5,,2026-05-26,0.010570827,0.024312902,0.4347826,0.0126849925,0.5217391,0.0010570827,0.04347826,-0.0010570827,-0.04347826,0.98953974,1.0125523,0.98849374,1.0017112,1.0075543,1.0443815,0.9896128,0.9886685,1.115203,0.99527854,1.0041548,1.0127951,1.0109853,1.0292729,0.006369574,0.014958332,0.02058705,0.017513014,0.036304977,-0.0003777089,-0.0037199182,-0.0010103161,-0.00013801963,-0.0014823653,0.008790907,0.56690705,0.08429356,0.0048135067,0.50848484,0.0054768682,0.012584779,-0.0031970798,-0.008983918,0.014456884,1.0304396,1.044992,1.0558811,1.0558811,1.1171933,0.9818875,0.9818875,0.9747376,0.9747376,0.96853364,0.9992446,1.0098206,1.0315392,1.0302172,1.0730878,0.9916903,0.99792254,0.99792254,0.9990557,0.9998111,1.0,0.6,0.4,0.33333334,0.23333333,0.37305167,0.2870235,0.31132996,0.31132996,0.21166718,0.4,0.1,0.5,0.6666667,0.033333335,0.8,0.9,0.1,0.4,0.46666667,-0.4,-0.8,0.4,0.26666668,-0.43333334,0.01886533,0.06980738,0.582845,0.4769775,0.05911803,0.29592675,0.20047058,0.6409462,0.62532693,0.4141149,0.4,0.3,0.45,0.46666667,0.43333334,0.4,0.5,0.4,0.43333334,0.5,0.0,-0.2,0.05,0.033333335,-0.06666667,0.4,0.2526318,0.5282051,0.5225564,0.39661026,0.6,0.74736816,0.47179487,0.47744358,0.60338974,-0.2,-0.49473637,0.056410253,0.045112837,-0.20677945,0.9620938,0.9007772,1.06709,0.937706,0.8282272,0.38585934,0.28526634,0.47414666,0.4527121,0.3666361,0.81416076,0.8334318,1.8656237,1.9117777,1.6582012,0.5639554,0.43164566,0.51300925,0.5188895,0.5031225,0.43604457,0.56835437,0.48699072,0.48111054,0.49687752,0.12791084,-0.1367087,0.026018549,0.037778918,0.006244979
SH600918,-0.007351462587790465,0.5,,2026-05-26,-0.0053380756,0.030249095,-0.1764706,0.010676151,0.3529412,0.014234868,0.47058824,-0.0017793585,-0.05882353,1.0053667,1.0161002,0.98568875,1.0017844,1.0467128,1.0813149,1.0726644,1.0709343,1.1470588,1.0131488,1.033218,1.0536332,1.0637832,1.0846885,0.010776761,0.024355635,0.027355345,0.026920743,0.03253678,-0.006574399,-0.007822163,-0.0037646024,-0.0025572432,-0.0016224709,0.9304127,0.9455104,0.6628601,0.6993131,0.75841093,-1.30140245e-08,0.0019817308,-0.017869515,-0.026703151,-0.0368257,1.0510925,1.083275,1.0902513,1.1097137,1.1470588,0.98568875,0.98568875,0.98568875,0.98568875,0.98568875,1.0231833,1.049135,1.0764706,1.083737,1.114533,1.0069205,1.0086505,1.0252595,1.0439446,1.0636678,0.2,0.1,0.05,0.033333335,0.016666668,0.21881393,0.14665255,0.13686788,0.11539018,0.088685945,0.4,0.1,0.5,0.033333335,0.033333335,1.0,1.0,1.0,1.0,1.0,-0.6,-0.9,-0.5,-0.96666664,-0.96666664,-0.30969968,-0.20292147,0.06376001,-0.09524556,0.1558845,0.09684227,-0.117908575,0.14491446,0.2212411,0.1380782,0.0,0.1,0.3,0.36666667,0.43333334,0.8,0.8,0.65,0.6,0.53333336,-0.8,-0.7,-0.35,-0.23333333,-0.1,0.0,0.07272716,0.25000012,0.32173926,0.36593053,1.0,0.92727286,0.7499999,0.67826074,0.6340695,-1.0,-0.85454565,-0.49999976,-0.35652146,-0.26813895,0.7374311,0.67888427,0.68710333,0.659041,0.69132423,0.21407896,0.17965555,0.18582083,0.20408805,0.21998009,0.72087985,0.667429,0.7444894,0.9931067,1.475272,0.7119749,0.5171145,0.56392026,0.53727156,0.5076302,0.28802508,0.48288548,0.4360797,0.46272847,0.49236974,0.4239498,0.03422907,0.12784056,0.07454307,0.015260499
SZ300999,-0.008488331994242836,0.5,,2026-05-26,0.01576926,0.061153837,0.25786218,0.041538473,0.6792456,0.0038461015,0.062892236,-0.021923112,-0.35849118,0.98447555,1.0408936,0.98068917,1.0073767,1.0226094,1.0633802,1.0492958,1.0548555,1.1056337,0.9917717,1.014937,1.0366012,1.0447986,1.0750185,0.012752009,0.028785458,0.03196717,0.028665408,0.047133088,-0.0025203812,-0.008709033,-0.00379089,-0.0022707065,-0.002090915,0.09765968,0.8390832,0.49220046,0.48630354,0.6002343,0.013269083,0.024253655,-0.00058773364,-0.011873383,-0.013336542,1.0408936,1.0704883,1.0966856,1.0966856,1.2613729,0.9724646,0.9724646,0.9724646,0.9724646,0.9724646,1.0020015,1.0378058,1.0664937,1.066049,1.1012602,0.98139364,0.9853225,1.0080059,1.0219423,1.0467012,0.8,0.4,0.2,0.13333334,0.06666667,0.40239337,0.28090513,0.22166438,0.22166438,0.09530834,1.0,0.1,0.25,0.5,0.13333334,0.8,0.9,0.95,0.96666664,0.98333335,0.2,-0.8,-0.7,-0.46666667,-0.85,0.21161808,0.25058,0.33118317,0.11816529,0.7283019,0.54807276,0.39899144,0.49720082,0.4821177,0.59602463,0.2,0.3,0.4,0.4,0.41666666,0.8,0.7,0.6,0.6,0.5833333,-0.6,-0.4,-0.2,-0.2,-0.16666667,0.31288332,0.2159472,0.3788707,0.39722225,0.43472293,0.6871167,0.7840528,0.62112933,0.6027777,0.56527704,-0.37423337,-0.5681056,-0.24225862,-0.2055555,-0.13055414,0.56784177,0.5768629,0.5956579,0.55670893,0.8036126,0.2526786,0.17732911,0.19686788,0.17324226,0.58477163,1.0058752,0.8945523,0.9088715,0.9809167,2.967017,0.7358389,0.6480638,0.5608422,0.56683856,0.5167887,0.2641611,0.3519362,0.43915778,0.43316144,0.48321125,0.47167778,0.2961276,0.121684425,0.1336771,0.033577483
SZ000166,-0.012376739481799254,0.5,,2026-05-26,0.011235891,0.026966304,0.4166641,0.011235974,0.4166672,0.0044944393,0.16666873,0.004494356,0.16666564,0.988889,1.0111111,0.98444444,0.999739,1.0042194,1.0618846,1.0337553,1.0309423,1.11955,0.9912799,1.005626,1.0277075,1.0353492,1.0537038,0.006701039,0.023544079,0.029247519,0.026492793,0.032816995,0.0009845261,-0.006035036,-0.003612406,-0.0021614889,-0.0015177293,0.053964756,0.6022929,0.5339285,0.5158841,0.6523652,0.0067510363,0.021531757,0.006610384,-0.0040077046,-0.008930715,1.0262887,1.06293,1.0707707,1.0707707,1.1222223,0.97727376,0.97727376,0.97727376,0.97727376,0.97727376,0.99437416,1.014346,1.0562588,1.0562588,1.0874825,0.9873418,0.9921238,0.99296767,1.0033755,1.0309423,1.0,0.6,0.3,0.2,0.1,0.46365952,0.26531938,0.24306922,0.24306922,0.15678844,0.4,0.1,0.5,0.6666667,0.016666668,0.6,0.8,0.9,0.93333334,0.96666664,-0.2,-0.7,-0.4,-0.26666668,-0.95,0.17158784,0.053398635,-0.12679896,-0.2778593,-0.031108104,0.45515588,0.08986899,0.16781422,0.19774345,0.049095824,0.4,0.3,0.4,0.36666667,0.4,0.4,0.6,0.5,0.5,0.53333336,0.0,-0.3,-0.1,-0.13333334,-0.13333334,0.44827586,0.24418572,0.4062499,0.43452376,0.39759028,0.55172414,0.7558143,0.5937501,0.56547624,0.6024097,-0.10344828,-0.51162857,-0.1875002,-0.1309525,-0.20481944,0.90291053,0.93569833,0.8610027,0.80521935,0.7851787,0.27064335,0.21142247,0.20434213,0.23483108,0.2215135,0.6809048,0.8454618,1.0064167,1.1261677,1.2106801,0.52926207,0.49322814,0.52571505,0.5218973,0.49893,0.47073796,0.50677186,0.47428492,0.47810265,0.50107,0.0585241,-0.013543738,0.05143014,0.04379466,-0.002140011
SH601919,-0.013036061380294154,0.25,,2026-05-26,-0.0020562133,0.021247424,-0.096774705,0.008910146,0.4193518,0.010281066,0.48387352,-0.0006852926,-0.03225297,1.0020604,1.010989,0.98969775,0.99714,0.9629842,0.96786225,0.99253935,1.0439024,1.0166427,1.0024676,0.9860258,0.9796126,0.9925203,1.030043,0.0050178193,0.018524637,0.015567094,0.025097677,0.04715596,0.00086083484,0.004718051,0.0012562969,-0.001588118,-0.002278458,0.07357828,0.59461683,0.2279489,0.31031314,0.7120471,-0.0041893465,-0.007257025,0.008452585,0.030507423,0.037171517,1.0234853,1.0234853,1.0234853,1.0576379,1.1662536,0.9635307,0.95954984,0.9567508,0.9567508,0.9567508,1.0065422,1.0040171,0.9960975,1.0081491,1.0691534,0.9990244,0.96688664,0.9661406,0.96786225,0.98123384,0.4,0.7,0.85,0.6333333,0.31666666,0.60828155,0.6326712,0.648078,0.42868885,0.20643725,0.8,0.9,0.95,0.033333335,0.06666667,0.2,0.5,0.45,0.6333333,0.81666666,0.6,0.4,0.5,-0.6,-0.75,-0.16172351,0.5612219,0.3947474,-0.26844242,0.481571,0.93450296,0.86844367,0.7546566,0.5786469,0.41963974,0.6,0.5,0.5,0.4,0.46666667,0.4,0.4,0.45,0.53333336,0.48333332,0.2,0.1,0.05,-0.13333334,-0.016666668,0.82089627,0.6707319,0.52452856,0.39867562,0.4886453,0.17910372,0.3292681,0.4754714,0.6013244,0.51135474,0.64179254,0.34146383,0.049057167,-0.20264877,-0.022709444,1.5803716,1.3737017,1.3009323,1.1498932,1.4849507,0.54741555,0.5365989,0.40925083,0.4068675,1.0719147,1.3108672,1.3265648,1.4026965,1.4381391,3.205033,0.5545808,0.49143744,0.5179175,0.5133078,0.4744875,0.44541922,0.50856256,0.48208246,0.48669216,0.52551246,0.109161556,-0.017125139,0.03583506,0.026615659,-0.051024966
SH601088,-0.01472180985269018,0.25,,2026-05-26,0.0011173234,0.016759781,0.06666694,0.00670394,0.40000165,0.008938518,0.5333314,0.0033519012,0.19999672,0.9988839,1.0066965,0.98995537,1.0000508,1.0283482,1.0088952,1.0486325,1.0443927,0.9414748,1.008097,1.0120542,1.0271926,1.0265524,1.0393729,0.01128577,0.011578685,0.026360922,0.022278663,0.035233498,-0.006426144,-0.0011064166,-0.0032776669,-0.00087412,-0.00046126128,0.8105476,0.08370093,0.54109865,0.119306915,0.052273594,0.0047551817,-0.0070753335,0.003945216,-0.013877758,-0.025765695,1.0486058,1.0486058,1.0870668,1.0870668,1.124556,0.98995537,0.98995537,0.98995537,0.98995537,0.9303573,1.013534,1.0241084,1.0557818,1.0450411,1.0681354,0.9999002,1.0,1.0073822,1.0084296,1.0100923,0.4,0.25,0.125,0.083333336,0.09166667,0.1712625,0.1712625,0.10343403,0.10343403,0.35861576,0.8,0.9,0.2,0.46666667,0.3,1.0,1.0,1.0,1.0,0.033333335,-0.2,-0.1,-0.8,-0.53333336,0.26666668,-0.4654795,0.041293137,0.0566683,0.13996851,0.34660065,-0.008653815,0.15677455,-0.00072827836,0.030156862,0.4130671,0.2,0.5,0.45,0.43333334,0.45,0.8,0.5,0.55,0.56666666,0.55,-0.6,0.0,-0.1,-0.13333334,-0.1,0.016997466,0.43320858,0.3642692,0.41666666,0.53657526,0.98300254,0.5667914,0.6357308,0.5833334,0.46342477,-0.9660051,-0.13358286,-0.27146158,-0.16666672,0.07315046,0.95457613,0.95017827,0.9285164,0.8799835,1.0447952,0.32070214,0.24027705,0.21802895,0.21289125,0.44046098,0.89152575,0.67379206,1.5813376,1.4668635,1.5121834,0.5047637,0.5775035,0.4835238,0.5338403,0.5094208,0.49523628,0.4224965,0.5164762,0.46615973,0.4905792,0.009527429,0.155007,-0.032952428,0.06768055,0.01884164
SH600415,-0.016631065580827546,0.375,,2026-05-26,-0.019259293,0.027407441,-0.70270306,0.001481461,0.05405324,0.0066666873,0.2432437,-0.014074068,-0.5135126,1.0196375,1.0211481,0.9932024,1.0029906,1.0740199,0.97734123,1.0294427,0.98111194,1.13368,1.0259784,1.0267342,1.0163846,0.993172,1.0124557,0.027222479,0.027988095,0.027295368,0.044574272,0.04810252,-0.013442049,0.00017415998,0.0008600925,0.0034629789,-0.0010797898,0.6095588,0.0003549454,0.034752052,0.46777055,0.15368894,0.0009056739,-0.02751801,-0.02455548,-0.04338516,0.019398045,1.0845822,1.0845822,1.0845822,1.0845822,1.1336774,0.9932024,0.96223366,0.96223366,0.9101157,0.9101157,1.0370082,1.0448596,1.0389676,1.0288503,1.0598083,1.0066392,1.0066392,0.9954545,0.93473375,0.9785396,0.2,0.2,0.3,0.5,0.41666666,0.07438843,0.30867824,0.30867824,0.515195,0.402056,0.2,0.6,0.8,0.8666667,0.016666668,1.0,0.2,0.6,0.2,0.6,-0.8,0.4,0.2,0.6666667,-0.5833333,0.63749063,0.66297096,0.69014424,0.6880524,-0.041586723,-0.21289001,0.6227822,0.6132506,0.70094556,0.49687424,0.2,0.5,0.4,0.43333334,0.4,0.8,0.5,0.6,0.56666666,0.6,-0.6,0.0,-0.2,-0.13333334,-0.2,0.17768769,0.54411364,0.4662162,0.51469445,0.44526842,0.8223123,0.45588636,0.5337838,0.48530552,0.5547316,-0.64462465,0.08822728,-0.067567594,0.029388936,-0.10946317,1.3652765,1.6838422,1.5994637,1.5344291,1.0599809,0.34041435,0.63832736,0.536485,0.713716,0.71648145,0.9337916,0.94362414,0.9977257,1.5746753,1.8100994,0.100509614,0.49402693,0.33560616,0.48417696,0.5109762,0.89949036,0.50597304,0.66439384,0.51582307,0.4890238,-0.7989808,-0.011946142,-0.32878768,-0.031646095,0.021952385
SH600000,-0.017590809714112355,0.375,,2026-05-26,0.018681379,0.02527475,0.7391321,0.005494476,0.21738991,0.0010988951,0.043477982,0.014285798,0.5652202,0.9816612,1.0053937,0.9805825,0.99938756,0.96548134,0.97412723,1.029188,1.0712475,1.0561008,0.97326916,0.9737047,0.9846551,1.0103512,1.0463097,0.017187003,0.012052588,0.018093484,0.0412744,0.049291875,0.009484511,0.00088606734,-0.0021959112,-0.004263913,-0.0021574264,0.7613241,0.04954322,0.51552916,0.8270976,0.5842801,0.007761812,0.02230799,0.036206048,0.05147551,0.017334327,1.0053937,1.0053937,1.037776,1.0971277,1.128435,0.9439321,0.9439321,0.9439321,0.9439321,0.9439321,0.98361826,0.9795228,1.0019501,1.0567899,1.0897874,0.96271205,0.9652733,0.97178704,0.97412723,0.98062795,1.0,1.0,0.775,0.51666665,0.25833333,0.9122426,0.9122426,0.5974589,0.3659891,0.30388635,1.0,1.0,0.05,0.16666667,0.28333333,0.6,0.8,0.9,0.93333334,0.96666664,0.4,0.2,-0.85,-0.76666665,-0.68333334,0.90770596,0.5716207,-0.3455215,-0.78022516,-0.5288423,0.79376256,0.44269633,0.32568508,0.22206,0.0038802056,0.6,0.5,0.4,0.33333334,0.41666666,0.4,0.4,0.55,0.6333333,0.56666666,0.2,0.1,-0.15,-0.3,-0.15,0.82026553,0.6715522,0.3950446,0.34836754,0.447538,0.1797345,0.32844785,0.60495543,0.6516324,0.552462,0.640531,0.34310433,-0.20991081,-0.30326492,-0.10492401,0.7033081,0.7801409,0.67301804,0.5789997,0.5410514,0.17085162,0.19922736,0.19872232,0.21718186,0.21248908,0.88196445,1.0354464,1.0095991,0.94649184,1.027054,0.57804114,0.6269922,0.5714799,0.594879,0.5255005,0.42195883,0.37300777,0.42852005,0.40512106,0.47449952,0.15608232,0.25398445,0.1429599,0.18975788,0.05100097
SH600030,-0.018643521621823495,0.25,,2026-05-26,0.0011459221,0.030175656,0.037975054,0.017952634,0.5949376,0.0110771,0.3670873,-0.0057296106,-0.18987526,0.9988554,1.017932,0.98779094,1.0020918,1.0022995,1.0385743,1.0103478,0.9214142,1.0584077,0.9963553,1.0040586,1.0191349,1.0133371,0.99040145,0.0056136106,0.013529803,0.020492997,0.019205734,0.03976028,0.00087381754,-0.0032736685,-0.0023554869,0.00016963674,0.0006100383,0.060575485,0.53665835,0.46240065,0.0060461615,0.07179846,0.0018970782,0.010672854,0.0032422978,-0.015796917,-0.008397603,1.0335966,1.0477,1.0622187,1.0622187,1.0622187,0.98477596,0.98477596,0.98477596,0.95425713,0.90689564,1.0000805,1.0077149,1.0394597,1.0385743,1.0236735,0.99345785,0.9974935,0.9998505,0.9990227,0.9420983,0.8,0.5,0.25,0.3,0.55833334,0.31183624,0.24194287,0.1965846,0.4236961,0.59942406,0.4,0.1,0.3,0.53333336,0.76666665,0.6,0.8,0.9,0.033333335,0.46666667,-0.2,-0.7,-0.6,0.5,0.3,0.434811,-0.019096682,0.43404686,0.17650013,0.35332692,0.47571135,0.35758296,0.5272195,0.76076925,0.44863865,0.6,0.4,0.45,0.5,0.41666666,0.4,0.6,0.55,0.46666667,0.56666666,0.2,-0.2,-0.1,0.033333335,-0.15,0.47041377,0.2690988,0.47249374,0.625898,0.45573366,0.5295862,0.73090124,0.5275063,0.37410203,0.54426634,-0.059172433,-0.46180242,-0.05501254,0.25179598,-0.08853267,0.81660247,0.71852833,0.7820969,0.8037238,0.69207007,0.27615008,0.22323531,0.22782767,0.34664944,0.2980613,0.629157,0.71507776,0.84868926,2.4004474,2.1115782,0.6618266,0.5854043,0.5413169,0.526298,0.5160709,0.3381734,0.4145957,0.4586831,0.47370204,0.4839291,0.32365322,0.17080858,0.0826338,0.052595932,0.03214183
SH600600,-0.023832765757371772,0.125,,2026-05-26,0.0051562926,0.024783773,0.20805115,0.0013307102,0.053692803,0.01829677,0.73825604,0.022122353,0.8926144,0.9948702,1.0013239,0.9766672,0.9870252,1.0209019,1.0386019,1.0258827,1.0349551,1.0237482,1.0079516,1.0160723,1.0265855,1.0265944,1.0316509,0.010333372,0.011294507,0.014740026,0.012024859,0.013121448,-0.006146058,-0.0034785364,-0.0018928412,-0.0005839654,-0.0002766022,0.88440084,0.8695007,0.57716495,0.18277466,0.13553376,0.0043404857,-0.00041884638,-0.008603475,-0.018126862,-0.023491077,1.0276577,1.0456722,1.0563146,1.0563146,1.0683787,0.9766672,0.9766672,0.9766672,0.9766672,0.9766672,1.0149604,1.0239794,1.0393133,1.0346172,1.0440986,0.99944854,1.0053366,1.0191764,1.0210443,1.0235703,0.4,0.2,0.1,0.06666667,0.033333335,0.45758986,0.3381317,0.2929508,0.2929508,0.2544148,0.2,0.2,0.25,0.5,0.45,1.0,1.0,1.0,1.0,1.0,-0.8,-0.8,-0.75,-0.5,-0.55,-0.5974645,-0.21644267,0.39851272,0.2940597,0.30592707,-0.06514708,-0.06857634,0.51569307,0.4225842,0.18974109,0.4,0.2,0.4,0.4,0.43333334,0.6,0.7,0.55,0.56666666,0.55,-0.2,-0.5,-0.15,-0.16666667,-0.11666667,0.15542516,0.09814816,0.37510732,0.36034077,0.46898946,0.84457487,0.90185183,0.6248927,0.6396592,0.53101057,-0.6891497,-0.80370367,-0.2497854,-0.27931845,-0.062021077,0.7926878,0.7764202,0.8390886,0.7334748,0.75704193,0.17911157,0.17068438,0.23259263,0.2520288,0.22228155,0.67097694,0.88776255,1.2164743,1.4054991,1.288534,0.7813595,0.55436426,0.5442755,0.5288243,0.5184727,0.21864048,0.4456357,0.4557245,0.4711757,0.48152733,0.56271905,0.108728565,0.088550985,0.057648614,0.036945336
SH601766,-0.02597654766452011,0.25,,2026-05-26,0.003460133,0.017301053,0.1999955,0.005190345,0.30000168,0.008650576,0.5000028,0.0069203633,0.39999664,0.9965518,1.0051725,0.9879311,0.9960496,1.0188236,1.0411766,1.0294119,1.064706,1.1035295,0.99458826,1.0117648,1.0173529,1.0313725,1.0575099,0.0045259814,0.020422308,0.016363554,0.026050223,0.03382665,0.0009411647,-0.0060463496,-0.0013560391,-0.0024822347,-0.0016758576,0.10810498,0.8035045,0.24035722,0.70366263,0.74861085,0.003529411,0.015443832,-0.00447062,0.0046198107,-0.008072049,1.0166007,1.0548837,1.0687573,1.0916039,1.1243027,0.9751657,0.9751657,0.9751657,0.9751657,0.9751657,0.9981177,1.0310589,1.0296471,1.0515294,1.0851765,0.99200004,0.99388236,0.9995294,1.0127059,1.0225884,1.0,0.5,0.25,0.16666667,0.083333336,0.5993554,0.3115264,0.26534706,0.21328272,0.1665197,0.2,0.2,0.5,0.033333335,0.2,0.6,0.8,0.9,0.93333334,0.96666664,-0.4,-0.6,-0.4,-0.9,-0.76666665,0.18692866,0.6550234,0.54215413,-0.32323065,-0.23769745,0.09876706,0.016848441,0.48921326,0.41147608,0.23444636,0.4,0.4,0.4,0.33333334,0.36666667,0.6,0.6,0.5,0.53333336,0.55,-0.2,-0.2,-0.1,-0.2,-0.18333334,0.28947294,0.26666588,0.41258723,0.36842084,0.42057756,0.71052706,0.7333341,0.5874128,0.63157916,0.5794224,-0.42105412,-0.46666828,-0.17482556,-0.26315835,-0.15884487,0.8316409,0.93246734,1.0110451,0.8626309,0.7905255,0.21058044,0.22684854,0.49367505,0.46514785,0.39340073,0.86651975,0.6333008,0.84903175,0.9187693,1.2170345,0.5719645,0.23390299,0.512376,0.5299517,0.4886693,0.42803553,0.766097,0.48762402,0.47004834,0.5113307,0.14392895,-0.532194,0.024751985,0.059903324,-0.02266141
SH603392,-0.027411969525274776,0.25,,2026-05-26,-0.01685238,0.03456161,-0.48760405,0.009711492,0.28099072,0.007997737,0.23140523,-0.018566135,-0.53718954,1.0171412,1.0270193,0.99186516,1.0060949,1.1374284,1.2583693,1.1203377,1.1261687,1.1929225,1.060762,1.1134111,1.1510957,1.1471164,1.150573,0.047203258,0.06728731,0.077159025,0.0634764,0.047556095,-0.029385734,-0.021570696,-0.006003472,-0.0012259651,-0.00033011017,0.96887815,0.94204885,0.21188466,0.028909018,0.014696206,-0.0019905472,-0.016342951,-0.09406282,-0.12933989,-0.1408348,1.1371824,1.2493328,1.3649542,1.3649542,1.3649542,0.99186516,0.99186516,0.99186516,0.99186516,0.99186516,1.1035488,1.1604906,1.1894441,1.1660802,1.1734996,1.0218759,1.057344,1.1080728,1.1192923,1.1260481,0.2,0.1,0.05,0.033333335,0.016666668,0.05597982,0.031595543,0.021803984,0.021803984,0.021803984,0.2,0.1,0.45,0.6333333,0.81666666,1.0,1.0,1.0,1.0,1.0,-0.8,-0.9,-0.55,-0.36666667,-0.18333334,0.3102985,0.50023055,0.68363386,0.6109086,0.44021815,-0.58552575,-0.35359502,0.6514647,0.4853382,0.36781755,0.0,0.1,0.4,0.43333334,0.46666667,1.0,0.9,0.6,0.56666666,0.53333336,-1.0,-0.8,-0.2,-0.13333334,-0.06666667,0.0,0.037436955,0.40385544,0.4190427,0.42563745,1.0,0.96256304,0.59614456,0.5809573,0.5743625,-1.0,-0.9251261,-0.19228911,-0.16191459,-0.14872508,1.1305208,1.2615476,1.4731188,1.2213057,0.94692326,0.12859778,0.38588843,1.0477835,0.93142265,0.71683264,0.48082837,0.7481641,1.6107562,1.8676685,2.1721215,0.48776513,0.1728987,0.5239495,0.5035337,0.5173152,0.51223487,0.8271013,0.47605047,0.49646628,0.4826848,-0.024469705,-0.6542026,0.04789906,0.0070674308,0.034630425
SH600660,-0.027493666547610016,0.25,,2026-05-26,-0.0063161408,0.020434659,-0.3090896,0.0070592593,0.3454552,0.0070592593,0.3454552,-0.0063161408,-0.3090896,1.0063562,1.0134604,0.99289584,1.0018878,1.0297244,1.0889889,1.0979632,1.0565649,1.132401,1.0140964,1.0311462,1.059371,1.0671061,1.0672274,0.012554889,0.022551913,0.033062544,0.031095356,0.028999591,-0.003944501,-0.0068729604,-0.005003604,-0.0022882035,-0.00055075996,0.24677339,0.85139745,0.80160683,0.41966227,0.11001218,-0.006207371,-0.00021786646,-0.011836745,-0.033927165,-0.050979927,1.036643,1.0884275,1.1188468,1.1192116,1.14046,0.99289584,0.99289584,0.99289584,0.99289584,0.99289584,1.0193689,1.0495795,1.0884384,1.0889889,1.0892086,1.0050856,1.0132356,1.0269578,1.0353718,1.042241,0.2,0.1,0.05,0.033333335,0.016666668,0.16239047,0.074364126,0.056403965,0.0562411,0.048142668,0.6,0.1,0.1,0.26666668,0.016666668,1.0,1.0,1.0,1.0,1.0,-0.4,-0.9,-0.9,-0.73333335,-0.98333335,0.4384479,0.21065325,0.17459634,0.16460797,-0.018096559,0.7559952,0.06696154,0.17116962,0.33473834,0.07697647,0.4,0.2,0.35,0.43333334,0.45,0.6,0.8,0.65,0.56666666,0.55,-0.2,-0.6,-0.3,-0.13333334,-0.1,0.27607083,0.14584216,0.2460336,0.39740187,0.39718008,0.72392917,0.85415787,0.7539664,0.60259813,0.6028199,-0.4478583,-0.7083157,-0.50793284,-0.20519623,-0.20563984,1.014693,1.0275065,1.1040763,1.043322,1.0266784,0.14858203,0.20729442,0.4276647,0.40276504,0.4174421,0.80207753,0.6921895,0.7928837,0.9178721,1.0516169,0.69675106,0.5199055,0.51118654,0.5181058,0.49817666,0.30324894,0.4800945,0.48881346,0.4818942,0.5018233,0.39350215,0.039811037,0.02237309,0.036211625,-0.0036466632
SH600036,-0.02845667045246556,0.25,,2026-05-26,0.0016242536,0.010557606,0.15384677,0.007850517,0.7435887,0.0010828357,0.10256451,-0.0051434273,-0.48717743,0.9983784,1.0078378,0.9972973,1.0016736,1.0099636,1.0243047,1.075916,1.0610747,1.0481093,1.0015091,1.0093384,1.0247822,1.0398827,1.0516119,0.0026894433,0.0093089575,0.021406237,0.028305847,0.024442496,-0.001484141,-0.0029985926,-0.0033736639,-0.0029300258,-0.00088299316,0.761317,0.9511396,0.8693427,0.83040935,0.39803693,0.001459161,0.004155312,0.0072676623,0.0026026918,-0.025563655,1.011883,1.0294384,1.0808129,1.0851123,1.0907819,0.997293,0.997293,0.997293,0.997293,0.997293,1.0041522,1.0184183,1.0355526,1.0710051,1.0743486,0.9996748,1.0004336,1.0044774,1.0121316,1.0255889,0.4,0.2,0.1,0.06666667,0.033333335,0.1855385,0.084211856,0.032411672,0.030824916,0.028955521,0.2,0.1,0.1,0.16666667,0.23333333,0.8,0.9,0.95,0.96666664,0.98333335,-0.6,-0.8,-0.85,-0.8,-0.75,-0.21439703,0.44859514,0.1934387,-0.29104078,-0.34060284,0.049738105,0.028528191,-0.7434996,-0.2979892,-0.17772241,0.2,0.1,0.15,0.26666668,0.38333333,0.8,0.9,0.8,0.6666667,0.56666666,-0.6,-0.8,-0.65,-0.4,-0.18333334,0.12303252,0.059003565,0.090049975,0.29737222,0.4372008,0.8769675,0.9409964,0.90995,0.7026278,0.5627992,-0.753935,-0.8819929,-0.81990004,-0.4052556,-0.12559837,1.0288509,1.057553,1.3013555,1.1527371,1.0611268,0.058517873,0.08471639,0.6014291,0.54676217,0.44002014,0.6900018,0.6119181,2.5156744,2.3916492,1.8163298,0.46915108,0.33547387,0.5119585,0.5123113,0.49926597,0.5308489,0.66452616,0.48804152,0.48768872,0.50073403,-0.061697867,-0.32905227,0.023916936,0.024622535,-0.0014680541
SH601607,-0.028697577477384703,0.25,,2026-05-26,-0.0024420747,0.007936485,-0.30770227,0.0018314702,0.23076591,0.0036629403,0.46153182,-0.0006106044,-0.07693637,1.0024481,1.004284,0.9963281,0.9997388,1.0238634,1.0496005,1.0385782,1.045908,1.0581428,1.0071094,1.017024,1.0292423,1.0340075,1.0389547,0.006724214,0.014123402,0.017199297,0.015912252,0.017377531,-0.004160945,-0.0042736595,-0.002041285,-0.0012906053,-0.00045568537,0.95728415,0.83932996,0.493008,0.5098299,0.20972678,0.0012124629,0.0022074557,-0.009850044,-0.015293794,-0.02551204,1.0275437,1.0520512,1.0563326,1.0575625,1.0643065,0.9963281,0.9963281,0.9963281,0.9963281,0.9932911,1.0112759,1.0258254,1.046404,1.0485092,1.0534142,1.001984,1.0053899,1.0098099,1.0200938,1.0233784,0.2,0.1,0.05,0.033333335,0.033333335,0.117630646,0.06589556,0.061193854,0.05996485,0.094471164,0.2,0.1,0.5,0.16666667,0.23333333,1.0,1.0,1.0,1.0,0.3,-0.8,-0.9,-0.5,-0.8333333,-0.06666667,-0.0628639,0.38030553,0.4751735,0.46959686,0.38000855,-0.38947344,-0.57261,-0.073516324,0.114128694,0.07901379,0.0,0.1,0.25,0.3,0.41666666,1.0,0.9,0.65,0.6333333,0.53333336,-1.0,-0.8,-0.4,-0.33333334,-0.11666667,0.0,0.18085164,0.35737565,0.37931022,0.42613077,1.0,0.81914836,0.6426244,0.6206898,0.5738692,-1.0,-0.6382967,-0.2852487,-0.24137956,-0.14773847,1.1696866,1.3327326,1.4521974,1.4782724,1.7374462,0.14724913,0.23978636,0.31764042,0.3545294,0.61819893,0.4552809,0.6442017,0.7687762,0.8413574,1.3539406,0.3359011,0.34433213,0.47557515,0.4608315,0.48593372,0.66409886,0.6556679,0.52442485,0.5391685,0.5140663,-0.32819778,-0.31133577,-0.048849676,-0.078337,-0.028132532
SH600015,-0.030266644329521263,0.25,,2026-05-26,0.0,0.017777745,0.0,0.008888872,0.5,0.008888872,0.5,0.0,0.0,1.0,1.0088888,0.9911111,0.9992297,0.98516744,0.9748804,1.0636363,1.0844498,0.98516744,0.9961244,0.9869617,1.00311,1.0248485,1.037496,0.0055448688,0.010771892,0.031894445,0.040896602,0.039797336,0.0031339678,0.0034754227,-0.003409002,-0.0040018945,-0.000677554,0.7986316,0.9542072,0.39984572,0.7420933,0.08840557,-0.0023923449,-0.002601136,0.029275453,0.033178974,-0.017508185,1.0088888,1.0088888,1.0725341,1.0859689,1.1140136,0.98211306,0.9659909,0.9659909,0.9659909,0.9659909,1.0,1.0,1.0261244,1.0670335,1.07311,0.99167466,0.9771771,0.97775126,0.9848804,0.9922967,0.8,0.9,0.7,0.46666667,0.275,0.66802627,0.7927905,0.31920508,0.28346124,0.22975603,0.8,0.9,0.2,0.033333335,0.43333334,0.2,0.2,0.6,0.73333335,0.8666667,0.6,0.7,-0.4,-0.7,-0.43333334,0.3131897,-0.17361173,-0.24135982,-0.6392257,-0.28565353,0.14969036,0.32688007,-0.6315399,-0.51905566,-0.17599909,0.6,0.6,0.45,0.4,0.51666665,0.0,0.1,0.4,0.46666667,0.41666666,0.6,0.5,0.05,-0.06666667,0.1,1.0,0.9487165,0.30945575,0.32679093,0.51328194,0.0,0.05128347,0.69054425,0.6732091,0.48671806,1.0,0.89743304,-0.38108847,-0.34641814,0.026563866,0.9484733,0.98382425,1.178321,1.0015432,1.0297484,0.16295883,0.118729636,0.4667841,0.46071655,0.38589507,1.1304672,1.0626016,1.9670019,2.0618787,1.5464975,0.47113016,0.3808735,0.5100588,0.5093668,0.49625713,0.5288698,0.6191265,0.48994118,0.49063322,0.5037429,-0.057739656,-0.238253,0.02011762,0.018733563,-0.007485756
SH601318,-0.03045032635939279,0.25,,2026-05-26,0.0022160902,0.022345308,0.099174745,0.015327766,0.6859501,0.004801452,0.21487518,-0.008310223,-0.37190014,0.9977888,1.0152938,0.992998,1.0015038,1.0038815,1.0945659,1.0665138,1.0823923,1.1986592,0.99517757,1.013191,1.0508438,1.0587509,1.082261,0.0050014183,0.026496442,0.044649836,0.038157944,0.046830256,0.0014408334,-0.0073234085,-0.005927706,-0.0028598383,-0.0020681077,0.20748238,0.7002657,0.61688125,0.43532607,0.5948303,0.0019407447,0.019764349,0.0054693194,-0.017283194,-0.02125183,1.0195194,1.0986279,1.1260443,1.1260443,1.2074833,0.98525065,0.98525065,0.98525065,0.98525065,0.98525065,0.9992942,1.0278523,1.0946717,1.0938368,1.1321219,0.9902964,0.9957657,0.9998236,1.0099505,1.0480945,1.0,0.5,0.25,0.16666667,0.083333336,0.43040174,0.13009097,0.104758725,0.104758725,0.06636901,0.4,0.1,0.35,0.56666666,0.016666668,0.6,0.8,0.9,0.93333334,0.96666664,-0.2,-0.7,-0.55,-0.36666667,-0.95,0.2033415,0.4731309,0.19636334,-0.045848906,-0.06845984,0.2409149,-0.17558849,0.41476148,0.34065023,-0.03648394,0.4,0.2,0.35,0.33333334,0.38333333,0.6,0.8,0.65,0.6333333,0.6,-0.2,-0.6,-0.3,-0.3,-0.21666667,0.42431262,0.0935291,0.3200764,0.34821242,0.36694506,0.5756874,0.9064709,0.6799236,0.6517876,0.6330549,-0.15137479,-0.8129418,-0.35984722,-0.30357516,-0.26610988,0.92910737,0.9890364,0.99420357,0.88573533,0.84554076,0.15749401,0.16636887,0.2813732,0.27851322,0.27099204,0.7867069,0.88392043,1.3487445,1.3572623,1.2025224,0.5356687,0.55140454,0.52249336,0.52766085,0.50802106,0.46433133,0.44859543,0.47750664,0.47233915,0.49197897,0.071337365,0.10280912,0.044986732,0.055321686,0.016042076
SZ002594,-0.031169141824821483,0.25,,2026-05-26,0.007828877,0.025156599,0.3112057,0.0038621891,0.15352589,0.013465533,0.5352684,0.01743222,0.6929482,0.99223197,1.0038322,0.978871,0.9968238,0.99430823,1.0277348,1.0354992,1.0256621,0.94716233,0.9800625,0.9914657,1.0200987,1.0350177,1.036064,0.015625104,0.020226825,0.035160813,0.036864646,0.04341299,0.009149533,-0.003528886,-0.0050529665,-0.0035952646,-4.2835265e-05,0.85721946,0.2790174,0.7228415,0.7371287,0.0002969363,0.0016384457,0.02441432,0.027904522,0.017113555,-0.034800373,1.0068271,1.0357232,1.0941455,1.097561,1.1581527,0.9591749,0.9591749,0.9591749,0.9591749,0.9085282,0.99510443,1.0042441,1.0450073,1.0666951,1.069564,0.9681987,0.9704885,0.99087346,0.99678236,0.99678236,1.0,0.8,0.4,0.26666668,0.23333333,0.85673153,0.5333252,0.30247408,0.29500887,0.36643752,0.8,0.2,0.2,0.16666667,0.3,0.6,0.8,0.9,0.93333334,0.05,0.2,-0.6,-0.7,-0.76666665,0.25,0.3097674,0.27592748,0.7006469,0.64311033,0.5296465,-0.043364305,-0.18513685,0.5387102,0.5370606,0.745615,0.8,0.6,0.45,0.43333334,0.41666666,0.2,0.4,0.55,0.56666666,0.5833333,0.6,0.2,-0.1,-0.13333334,-0.16666667,0.547088,0.39122593,0.43766606,0.47063696,0.52566975,0.45291197,0.60877407,0.56233394,0.52936304,0.47433028,0.094176054,-0.21754816,-0.12466789,-0.058726072,0.051339466,0.95729524,0.97341835,1.1744128,1.2122834,1.516159,0.15247817,0.16549604,0.4555263,0.40571985,0.72344375,1.047777,0.8727156,1.2486366,1.0940385,1.5732515,0.6070046,0.5176123,0.48416463,0.5008074,0.5022489,0.39299545,0.48238772,0.51583534,0.49919257,0.4977511,0.21400912,0.035224564,-0.03167074,0.0016148633,0.004497819
SH603195,-0.032592140094894285,0.375,,2026-05-26,-0.025971007,0.03696772,-0.70253205,0.010996712,0.29746798,0.0,0.0,-0.03696772,-1.0,1.0266635,1.0379534,1.0,1.0195174,1.0388834,1.0483054,0.99732804,0.99732804,1.0561806,1.0363803,1.0341865,1.0337049,1.0197605,1.0195495,0.023431828,0.016119255,0.02903678,0.031017844,0.026941689,-0.010891584,-0.00055994885,0.0012344004,0.0022596866,4.7951668e-05,0.5401442,0.011061608,0.06325331,0.41131535,0.0009661791,-0.014597105,-0.031666707,-0.045431633,-0.052525926,-0.020964101,1.0708983,1.0708983,1.0881544,1.0881544,1.0881544,1.0,1.0,0.98319536,0.98007226,0.97595584,1.0551821,1.0439882,1.0572634,1.0495571,1.0462241,1.0226691,1.0282379,0.9987062,0.99192804,0.99244833,0.2,0.1,0.25,0.5,0.4,0.0,0.0,0.16010663,0.18437569,0.21429996,0.4,0.7,0.25,0.5,0.75,1.0,1.0,0.15,0.06666667,0.31666666,-0.6,-0.3,0.1,0.43333334,0.43333334,0.44262004,0.37097213,0.8381977,0.89794904,0.7293984,0.0962393,0.28989848,0.80725795,0.78540224,0.6149248,0.6,0.5,0.45,0.43333334,0.41666666,0.4,0.5,0.5,0.53333336,0.56666666,0.2,0.0,-0.05,-0.1,-0.15,0.2456305,0.2762215,0.504431,0.503755,0.4570753,0.7543695,0.7237785,0.49556902,0.49624503,0.5429247,-0.508739,-0.447557,0.008861989,0.007509926,-0.08584943,1.0320923,1.025616,1.1800351,0.89378035,0.6745228,0.21810317,0.30985564,0.9206805,0.852096,0.64816105,0.78805304,0.91106623,2.461793,2.9741569,3.449831,0.32429647,0.5351102,0.5334821,0.53228015,0.5060088,0.6757035,0.46488985,0.46651793,0.46771988,0.4939912,-0.35140702,0.0702203,0.06696415,0.06456025,0.012017617
SH600845,-0.03728533413393532,0.125,,2026-05-26,-0.030247493,0.0444546,-0.6804131,0.0,0.0,0.014207107,0.31958687,-0.016040387,-0.36082622,1.031191,1.031191,0.9853498,0.99773663,1.1445872,1.1086844,1.08904,1.0642407,1.0998079,1.0630265,1.091642,1.0936873,1.0848377,1.0741543,0.048083995,0.04591743,0.038835563,0.03544708,0.043007616,-0.028542237,-0.011679191,-0.0007075231,0.0010853794,0.00039535682,0.88087636,0.5930371,0.011616895,0.07266142,0.025774343,-0.005942107,-0.039085675,-0.08696583,-0.100575686,-0.08581734,1.1814569,1.1814569,1.1814569,1.1814569,1.1814569,0.9853498,0.9853498,0.9853498,0.9853498,0.9519265,1.0894854,1.130281,1.130281,1.1224476,1.1215997,1.0321143,1.060568,1.0621663,1.0570357,1.0482262,0.2,0.1,0.05,0.033333335,0.06666667,0.07470527,0.07470527,0.07470527,0.07470527,0.20944281,0.2,0.6,0.8,0.8666667,0.93333334,1.0,1.0,1.0,1.0,0.31666666,-0.8,-0.4,-0.2,-0.13333334,0.6166667,0.13703525,-0.15223062,0.3167717,0.47471383,0.47394195,-0.70871025,0.05517463,0.5017125,0.596415,0.5245805,0.2,0.4,0.4,0.43333334,0.43333334,0.8,0.6,0.6,0.56666666,0.55,-0.6,-0.2,-0.2,-0.13333334,-0.11666667,0.07963819,0.30866715,0.399324,0.44930673,0.46679926,0.9203618,0.6913328,0.600676,0.5506933,0.53320074,-0.84072363,-0.3826657,-0.20135202,-0.10138655,-0.06640151,1.1049932,1.0247259,0.9101456,0.83393556,0.801083,0.16976494,0.16712128,0.3152932,0.3118904,0.30150363,0.7183762,0.7197212,1.1627182,1.1780032,1.1485673,0.49399295,0.5649679,0.5095933,0.53065634,0.50346035,0.5060071,0.43503213,0.4904067,0.46934363,0.49653968,-0.012014117,0.12993573,0.019186588,0.061312713,0.006920659
SZ000001,-0.03767179920474081,0.0,,2026-05-26,0.007469653,0.015873013,0.47058824,0.0037348266,0.23529412,0.0046685333,0.29411766,0.00840336,0.5294118,0.9925857,1.0037072,0.9879518,0.9971026,1.0064871,1.0426345,1.0194614,1.0287306,1.0064871,0.99388474,1.0057468,1.028407,1.0277739,1.0204057,0.0048414012,0.014948076,0.02715246,0.022310013,0.02027092,0.00018524619,-0.004414602,-0.0039433,-0.001132158,0.00035879234,0.0036601294,0.79951006,0.738192,0.1995796,0.09555189,0.005744759,0.014118907,0.009054419,-0.011357538,-0.030990075,1.0083421,1.0454105,1.0750726,1.0750726,1.0750726,0.9861008,0.9861008,0.9861008,0.9861008,0.9666336,0.99851805,1.01965,1.0539408,1.0483806,1.0359601,0.9898079,0.99128985,0.9996295,1.0064871,1.0050079,1.0,0.5,0.25,0.16666667,0.15,0.62492615,0.2343497,0.15622035,0.15622035,0.30769697,0.2,0.1,0.25,0.5,0.75,0.8,0.9,0.95,0.96666664,0.3,-0.6,-0.8,-0.7,-0.46666667,0.45,-0.17691137,0.22285585,0.5511446,0.3947749,0.22187847,0.07396344,0.17612803,0.70835334,0.6169108,0.27025378,0.2,0.1,0.25,0.33333334,0.43333334,0.6,0.7,0.6,0.56666666,0.5,-0.4,-0.6,-0.35,-0.23333333,-0.06666667,0.37929305,0.16173112,0.42953318,0.42439288,0.4927541,0.6207069,0.8382689,0.5704668,0.5756071,0.5072459,-0.24141388,-0.67653775,-0.14093365,-0.15121424,-0.014491823,1.0300198,1.0448972,1.3040226,1.1167479,1.071131,0.20971167,0.16316639,0.7149582,0.6456787,0.50504065,0.77518237,0.68256414,2.3213956,2.4939184,2.0278442,0.52127415,0.4410578,0.5126237,0.5138189,0.49285945,0.47872588,0.5589422,0.48737627,0.48618105,0.5071405,0.042548265,-0.1178844,0.025247434,0.027637891,-0.014281073
SH600905,-0.03954192606478324,0.0,,2026-05-26,0.0,0.00973235,0.0,0.0024330874,0.25,0.0072992626,0.75,0.004866175,0.5,1.0,1.0024331,0.99270076,0.9966928,1.0229886,1.0229886,1.0091954,0.9977012,1.0,1.0,1.008046,1.0063219,1.0042146,1.0246744,0.0028155004,0.012925029,0.011209434,0.009829209,0.031760506,0.00022987767,-0.0028282902,0.0002402547,0.0003605544,-0.0010175243,0.016665654,0.43893114,0.016078461,0.10428125,0.31305066,-0.0004597763,0.004681284,-0.008604307,-0.009442641,0.0053425888,1.021761,1.0440829,1.0440829,1.0440829,1.1371295,0.99270076,0.99270076,0.9905348,0.9905348,0.9905348,1.0022988,1.0156323,1.0142529,1.010115,1.0551724,0.9990805,1.0,0.9977012,0.9977012,0.9977012,0.5,0.3,0.4,0.45,0.29166666,0.25117707,0.1420582,0.1767605,0.1767605,0.06456708,0.2,0.1,0.55,0.7,0.33333334,0.6,0.8,0.25,0.5,0.46666667,-0.4,-0.7,0.3,0.2,-0.13333334,-0.33265537,0.713981,0.7721121,0.7576926,0.8810995,-0.29506198,0.44690222,0.39940965,0.4730365,0.46393603,0.4,0.5,0.5,0.46666667,0.45,0.6,0.5,0.4,0.4,0.43333334,-0.2,0.0,0.1,0.06666667,0.016666668,0.18749928,0.3958331,0.46969697,0.5060239,0.5,0.8125007,0.6041669,0.53030306,0.49397612,0.5,-0.62500143,-0.2083338,-0.06060608,0.0120477965,0.0,1.1042576,1.4335406,1.3582854,1.2384473,1.9029813,0.25898346,0.49413168,0.4468508,0.4417322,1.1107136,1.2177625,0.8363202,1.0567932,1.2011398,1.4368585,0.1859505,0.3572105,0.43076652,0.49947664,0.4970704,0.8140495,0.64278954,0.5692335,0.5005234,0.5029296,-0.628099,-0.28557903,-0.13846697,-0.001046731,-0.0058592106
SH601456,-0.04005331653159133,0.125,,2026-05-26,0.0044150692,0.026490103,0.16666862,0.015452548,0.58333284,0.006622487,0.24999854,-0.0044149915,-0.16666569,0.99560434,1.0153847,0.989011,1.0010325,1.0201057,1.0624338,1.0253968,1.0010582,1.079365,1.0048677,1.0189418,1.0338624,1.0305467,1.0279012,0.009687024,0.020522,0.024438903,0.020445248,0.02387606,-0.0047619017,-0.0061632176,-0.0023757792,-0.00024153781,-0.0002378674,0.6041156,0.8267744,0.3307629,0.010816511,0.030272223,0.004656096,0.008792702,-0.011292501,-0.027044408,-0.020884119,1.0488203,1.064336,1.0702884,1.0702884,1.0828196,0.989011,0.989011,0.989011,0.989011,0.9850254,1.0150265,1.0277249,1.0596825,1.0582011,1.0471957,0.9974603,0.9995767,1.0143915,1.0167196,1.0035979,0.6,0.3,0.15,0.1,0.16666667,0.18373479,0.14588842,0.13520399,0.13520399,0.15312363,0.4,0.2,0.25,0.5,0.016666668,1.0,1.0,1.0,1.0,0.46666667,-0.6,-0.8,-0.75,-0.5,-0.45,-0.12949125,-0.3076904,0.1798408,0.18512249,0.38565135,0.39297512,0.25490323,0.34800673,0.37045875,0.32989126,0.6,0.4,0.5,0.53333336,0.45,0.4,0.5,0.45,0.4,0.48333332,0.2,-0.1,0.05,0.13333334,-0.033333335,0.1724151,0.10666673,0.4154929,0.49746192,0.4179431,0.8275849,0.89333326,0.5845071,0.5025381,0.5820569,-0.6551698,-0.7866665,-0.16901419,-0.0050761946,-0.16411382,0.860742,0.746158,0.8259899,0.7664047,0.7146297,0.2855676,0.23576543,0.31380463,0.30828372,0.26692155,1.4831003,1.1620327,1.5576817,1.5484904,1.3347043,0.6260887,0.56644124,0.5438999,0.53231883,0.5016118,0.3739113,0.43355876,0.4561001,0.46768114,0.49838817,0.2521774,0.13288248,0.08779977,0.06463769,0.0032236634
SH601186,-0.041880593975769216,0.125,,2026-05-26,0.0,0.009463702,0.0,0.0015772589,0.16666405,0.007886443,0.83333594,0.0063091842,0.6666719,1.0,1.0015773,0.99211353,0.9960708,1.0395721,1.0663102,1.082353,1.0994651,1.1497326,1.0083423,1.0259893,1.0462031,1.0615686,1.0956684,0.009872075,0.022023028,0.025835842,0.030642692,0.044994574,-0.005882354,-0.006968076,-0.0039419406,-0.0032889787,-0.0024213796,0.88761646,0.9176628,0.8147849,0.8928325,0.8832941,0.0034224798,0.0053670597,-0.008754756,-0.013878421,-0.024237733,1.0377232,1.066037,1.0816808,1.1074064,1.1965692,0.99211353,0.99211353,0.99211353,0.99211353,0.99211353,1.0149733,1.0417112,1.0663102,1.08877,1.139893,1.0008556,1.0036364,1.0213903,1.0365775,1.0641711,0.2,0.1,0.05,0.033333335,0.016666668,0.17291185,0.10668377,0.0880506,0.06840363,0.038572874,0.2,0.2,0.05,0.033333335,0.2,1.0,1.0,1.0,1.0,1.0,-0.8,-0.8,-0.95,-0.96666664,-0.8,-0.8817474,0.28001377,-0.009926805,-0.3948544,0.5853753,0.5976413,0.13010962,-0.08362164,-0.18025735,-0.1060823,0.0,0.1,0.25,0.23333333,0.33333334,1.0,0.9,0.75,0.7,0.5833333,-1.0,-0.8,-0.5,-0.46666667,-0.25,0.0,0.15555562,0.22695054,0.22807063,0.3516949,1.0,0.8444444,0.7730495,0.7719294,0.64830506,-1.0,-0.6888887,-0.5460989,-0.54385877,-0.29661015,0.91885614,1.0097294,1.0007617,0.9389534,1.2420912,0.093461744,0.13311248,0.17009905,0.1915211,0.5829713,0.6913344,0.625397,0.6853996,0.84807545,1.2902626,0.3470852,0.5064338,0.52755594,0.53703284,0.39702496,0.6529148,0.49356622,0.47244406,0.4629672,0.602975,-0.3058296,0.012867575,0.055111904,0.07406563,-0.20595007
SH688271,-0.0526398828636293,0.125,,2026-05-26,0.012114415,0.038749058,0.31263766,0.023111967,0.59645236,0.0035226753,0.09090996,-0.0074748774,-0.19290476,0.9880306,1.0228354,0.98455006,1.0042996,0.95940244,0.9721472,0.99037814,0.95746124,1.0819548,0.994919,0.9738268,0.9678343,0.97005403,0.9866546,0.03453157,0.033510443,0.027745502,0.023661524,0.042437218,0.0043889154,0.0063833795,0.001827534,0.00035694914,-0.0014337273,0.040385157,0.33262312,0.15184967,0.017637175,0.34812817,-0.0036968337,-0.0025520436,0.01480416,0.024770185,0.055640355,1.1100909,1.1100909,1.1100909,1.1100909,1.1335642,0.93975747,0.92654234,0.92654234,0.92654234,0.9254436,1.0093518,0.993788,0.98575294,0.98811615,1.0174206,0.97800475,0.95050645,0.9491898,0.9507428,0.9531567,0.8,0.9,0.95,0.96666664,0.73333335,0.35367426,0.4002084,0.4002084,0.4002084,0.3582366,0.4,0.7,0.85,0.9,0.016666668,0.2,0.4,0.7,0.8,0.46666667,0.2,0.3,0.15,0.1,-0.45,0.8552218,0.8670214,0.6680387,0.4339977,0.12762095,0.89299977,0.8337933,0.72186166,0.7016487,0.555433,0.6,0.4,0.5,0.53333336,0.43333334,0.4,0.6,0.5,0.46666667,0.55,0.2,-0.2,0.0,0.06666667,-0.11666667,0.6117045,0.55555546,0.512544,0.54425704,0.4578083,0.3882955,0.44444457,0.48745602,0.45574293,0.5421917,0.22340901,0.111110866,0.025087941,0.088514134,-0.08438343,1.5261444,1.0663803,0.85758287,0.7027035,0.5467539,0.9601441,0.803437,0.6109368,0.5439615,0.42333862,1.4649091,1.965,2.3450282,2.7207253,2.9248195,0.53804976,0.5419524,0.5454565,0.54604644,0.5301955,0.46195024,0.45804766,0.45454347,0.45395356,0.46980456,0.076099485,0.08390469,0.090913065,0.09209285,0.060390905
SH600276,-0.05274835579723168,0.125,,2026-05-26,0.002444985,0.027913623,0.087591104,0.01976365,0.70802885,0.005704987,0.20438004,-0.011613679,-0.41605774,0.997561,1.0197154,0.9918699,1.0040938,1.0485761,1.1404451,1.1463392,1.1577218,1.1760145,1.0223565,1.0562797,1.081879,1.1032983,1.1145447,0.019655794,0.04431174,0.043315135,0.047608968,0.0411653,-0.011219717,-0.0142093105,-0.0060228086,-0.0046941307,-0.0010326462,0.8145592,0.9425835,0.67668545,0.7534155,0.19192886,8.289038e-05,0.0076622088,-0.02466229,-0.03523336,-0.08408172,1.0729661,1.16382,1.1965426,1.1965426,1.1965426,0.9918699,0.9918699,0.9918699,0.9918699,0.9918699,1.0376017,1.0986993,1.1192681,1.1424793,1.1460149,1.0037378,1.021583,1.0436982,1.0622354,1.0892684,0.2,0.1,0.05,0.033333335,0.016666668,0.10025244,0.047281705,0.039722417,0.039722417,0.039722417,0.4,0.1,0.5,0.6666667,0.8333333,1.0,1.0,1.0,1.0,1.0,-0.6,-0.9,-0.5,-0.33333334,-0.16666667,0.5620154,0.64464337,0.1709882,-0.08986268,-0.15455204,0.25727597,0.1000577,0.47572306,0.40118286,0.25417322,0.2,0.1,0.25,0.33333334,0.36666667,0.8,0.9,0.75,0.6666667,0.6333333,-0.6,-0.8,-0.5,-0.33333334,-0.26666668,0.14747785,0.0632028,0.26347324,0.33115783,0.42037585,0.85252213,0.9367972,0.7365267,0.66884214,0.5796242,-0.70504427,-0.8735944,-0.4730535,-0.33768433,-0.15924832,1.1350814,1.1975569,1.2152818,1.1161011,0.9211803,0.17407738,0.270756,0.5915303,0.52530247,0.45966664,0.47567958,0.60103154,1.6529077,1.5623064,1.4257563,0.5081691,0.17612642,0.47923285,0.51411164,0.5113045,0.4918309,0.8238736,0.52076715,0.48588836,0.4886955,0.016338225,-0.64774716,-0.041534282,0.02822328,0.022608994
SH601169,-0.05394043916639832,0.0,,2026-05-26,-0.0019608338,0.007843119,-0.25000685,0.0039215595,0.5,0.001960726,0.24999315,-0.0039216676,-0.5000137,1.0019647,1.005894,0.99803543,1.0008769,1.0135567,1.0334929,1.076555,1.0610049,1.0530304,1.0035088,1.0137161,1.029386,1.0420787,1.0548711,0.00417618,0.012547243,0.021669049,0.025529878,0.023417208,-0.0025119847,-0.004025905,-0.0034068439,-0.0026531338,-0.0009206768,0.90451455,0.9437171,0.86515284,0.83699435,0.4714591,0.001515153,0.0044004223,0.002979,-0.0036082892,-0.027711157,1.017426,1.0354288,1.0844716,1.0844716,1.0904237,0.99803543,0.99803543,0.99803543,0.99803543,0.99803543,1.0066986,1.0283095,1.0410687,1.0669857,1.0745615,1.0,1.0015949,1.0088518,1.0151516,1.0334929,0.3,0.15,0.075,0.05,0.025,0.10131593,0.05253811,0.022728661,0.022728661,0.021264356,0.2,0.1,0.1,0.4,0.23333333,0.8,0.9,0.95,0.96666664,0.98333335,-0.6,-0.8,-0.85,-0.56666666,-0.75,-0.63085496,0.104506455,0.4766734,0.057444446,0.18139355,0.37711456,-0.0550065,-0.75552917,-0.2998124,-0.24747008,0.0,0.0,0.05,0.2,0.36666667,0.8,0.8,0.65,0.56666666,0.5,-0.8,-0.8,-0.6,-0.36666667,-0.13333334,0.0,0.0,0.08620724,0.28808853,0.43137246,1.0,1.0,0.9137928,0.7119115,0.56862754,-1.0,-1.0,-0.8275855,-0.42382294,-0.13725506,0.92433906,0.96214896,1.3505057,1.2204857,1.3361412,0.06176518,0.09835972,0.8895249,0.778514,0.6460393,0.62525564,1.1433471,3.304949,3.3102906,2.2901702,0.5746537,0.48250967,0.4497489,0.5098547,0.4891586,0.42534634,0.5174903,0.5502511,0.49014533,0.51084137,0.14930734,-0.03498066,-0.10050219,0.019709328,-0.021682777
SH601728,-0.05582752323379036,0.25,,2026-05-26,-0.0032787335,0.024590155,-0.1333352,0.014754054,0.5999984,0.006557368,0.2666664,-0.01147542,-0.4666672,1.0032895,1.0180922,0.9934211,1.0039023,1.1709634,1.0067843,0.9810041,0.944369,0.94301224,1.0320218,1.0545454,1.0223881,1.0032564,0.9843283,0.0390976,0.05642069,0.051585745,0.050462224,0.044024788,-0.022659434,-0.004835327,0.0046112575,0.0040485216,0.0012842781,0.83972657,0.067326546,0.27967092,0.49884066,0.25955144,0.013297147,-0.03278649,-0.06619501,-0.061960008,-0.022214562,1.1443031,1.2153679,1.2153679,1.2153679,1.2153679,0.9900505,0.9900505,0.94817096,0.9439994,0.9192888,1.0548168,1.1004071,1.0415196,1.0233378,1.0056988,1.0065129,1.0113976,0.98507464,0.96526456,0.9525102,0.2,0.1,0.45,0.6333333,0.75,0.06450133,0.044157702,0.19397314,0.20636366,0.27260005,0.2,0.5,0.75,0.8333333,0.9166667,0.8,0.9,0.05,0.06666667,0.38333333,-0.6,-0.4,0.7,0.76666665,0.53333336,0.92651373,0.88734585,0.9061077,0.91630244,0.81095564,0.5298669,0.88708985,0.74054444,0.70650095,0.56448984,0.0,0.5,0.5,0.56666666,0.53333336,1.0,0.5,0.5,0.43333334,0.45,-1.0,0.0,0.0,0.13333334,0.083333336,0.0,0.48987848,0.5228758,0.5571031,0.5379061,1.0,0.5101215,0.4771242,0.4428969,0.46209386,-1.0,-0.02024305,0.045751564,0.114206195,0.07581226,1.813736,1.9832757,1.3237176,1.0793912,0.94510174,0.7982703,1.1784106,1.0604113,0.93139935,0.7100847,1.08831,1.1453147,1.7272056,2.0737014,2.3680434,0.0,0.52398586,0.52078056,0.52551967,0.50908995,1.0,0.47601417,0.4792194,0.4744803,0.49091005,-1.0,0.047971673,0.041561175,0.051039383,0.018179867
SH601229,-0.06020720996841146,0.125,,2026-05-26,0.0022123794,0.008849607,0.24999747,0.0033186139,0.37500128,0.0033186139,0.37500128,0.0022123794,0.24999747,0.9977925,1.0033113,0.9944812,0.9979788,1.0108632,1.0240752,1.0892543,1.0616559,1.0760423,1.0009983,1.0172343,1.0285525,1.044637,1.063349,0.002202965,0.020539392,0.023528855,0.030611504,0.030077586,-0.00096888153,-0.0060054413,-0.003269993,-0.0030340366,-0.0012875793,0.48357758,0.7836572,0.6760208,0.7613318,0.5589357,0.00093949545,0.009790178,0.0025123588,-0.00064340996,-0.025365422,1.0175054,1.0616157,1.0949477,1.1003835,1.1125301,0.9944812,0.9944812,0.9944812,0.9944812,0.9944812,1.0022901,1.038579,1.0512037,1.0785673,1.0892543,0.99953026,1.0016441,1.0029948,1.0172049,1.0334704,0.4,0.2,0.1,0.06666667,0.033333335,0.23969534,0.0822049,0.054931566,0.052112035,0.046749968,0.2,0.3,0.05,0.16666667,0.23333333,1.0,1.0,1.0,1.0,1.0,-0.8,-0.7,-0.95,-0.8333333,-0.76666665,0.32091752,0.86265045,0.7659794,0.13692217,-0.04171471,0.2708489,0.19885275,0.011409819,0.40070018,0.1476048,0.4,0.4,0.25,0.3,0.35,0.6,0.6,0.75,0.7,0.6166667,-0.2,-0.2,-0.5,-0.4,-0.26666668,0.19671836,0.35763836,0.22161143,0.3722627,0.42484036,0.80328166,0.64236164,0.77838856,0.6277373,0.57515967,-0.60656327,-0.2847233,-0.5567771,-0.2554746,-0.15031928,1.0797862,1.4538531,1.6844687,1.582374,1.4732679,0.14950097,0.45031878,0.4494705,0.52278024,0.44668126,1.046716,0.975204,0.87551624,0.9521556,0.93526465,0.17158443,0.23847102,0.3220332,0.5051047,0.4858338,0.8284156,0.76152897,0.6779668,0.49489528,0.5141662,-0.65683115,-0.52305794,-0.35593358,0.010209427,-0.028332394
SZ001965,-0.06514715967107772,0.0,,2026-05-26,0.0049309973,0.022682486,0.21739227,0.0049309973,0.21739227,0.0128204925,0.56521547,0.0128204925,0.56521547,0.9950932,1.0049068,0.9823356,0.9972189,0.9867354,0.9528371,0.9277818,0.85703754,0.9454679,0.98776716,0.9805453,0.9553795,0.93497914,0.94976664,0.0105330665,0.011791754,0.028272599,0.039797742,0.043464426,0.0051584383,0.0033496395,0.0046071317,0.00437086,-0.0003896111,0.59960717,0.73969173,0.9293896,0.9347997,0.024507249,0.0019159893,0.004381316,0.00085273763,0.0016434179,0.06172689,1.0049068,1.0049068,1.0049068,1.0049068,1.0201397,0.9648815,0.95088947,0.9020116,0.85016805,0.85016805,0.9946942,0.9910096,0.9831982,0.9733235,0.99056745,0.98039794,0.9697863,0.9291083,0.9065586,0.913633,1.0,1.0,1.0,1.0,0.875,0.8774076,0.90916246,0.95231265,0.9682898,0.8815117,1.0,1.0,1.0,1.0,0.26666668,0.2,0.1,0.25,0.06666667,0.53333336,0.8,0.9,0.75,0.93333334,-0.26666668,0.8720493,0.27284202,0.25478223,0.01235667,0.01796092,0.94734,0.91151506,0.7732688,0.6997176,-0.083787516,0.6,0.7,0.65,0.7,0.6,0.4,0.3,0.3,0.26666668,0.35,0.2,0.4,0.35,0.43333334,0.25,0.60465133,0.716216,0.6884617,0.74619323,0.53838176,0.39534864,0.28378397,0.31153825,0.25380674,0.4616182,0.2093027,0.43243206,0.37692347,0.4923865,0.07676354,0.88770735,0.921554,0.87921053,0.9176151,1.1624516,0.24005611,0.20226626,0.19792084,0.30980694,0.55526465,0.6589635,0.60277975,0.6231831,1.2946782,2.3370008,0.5445301,0.55033344,0.534701,0.4802159,0.5009857,0.45546988,0.44966656,0.46529898,0.5197841,0.4990143,0.08906022,0.10066688,0.06940201,-0.03956818,0.0019714076
SH601668,-0.06948302855575372,0.125,,2026-05-26,-0.002096479,0.0062892996,-0.33334062,0.0020964104,0.33332968,0.0020964104,0.33332968,-0.002096479,-0.33334062,1.0021008,1.0042017,0.9978992,1.0009674,1.0274336,1.0486726,1.019469,1.042478,1.0566372,1.0065486,1.0206195,1.025354,1.0281711,1.040944,0.0065808855,0.016205674,0.015174578,0.014519158,0.019402692,-0.0039823027,-0.005282917,-0.00087364536,-0.00074989937,-0.00080956635,0.9154611,0.97414786,0.116012596,0.20674016,0.53098315,0.0014159281,0.0031536554,-0.017054362,-0.01729756,-0.017061759,1.0294193,1.0547533,1.0591804,1.0591804,1.0928087,0.9978992,0.9978992,0.9978992,0.9978992,0.9978992,1.0104425,1.0366372,1.0366372,1.0442477,1.0566372,1.002124,1.0040708,1.0102655,1.0164602,1.0244248,0.2,0.1,0.05,0.033333335,0.016666668,0.066649914,0.036950964,0.034281578,0.034281578,0.02213493,0.2,0.1,0.5,0.6666667,0.2,1.0,1.0,1.0,1.0,1.0,-0.8,-0.9,-0.5,-0.33333334,-0.8,0.41396102,0.6935799,0.7089892,0.24019377,0.45400944,-0.804033,-0.4900904,0.6560084,0.27875116,0.13518971,0.0,0.0,0.25,0.26666668,0.38333333,1.0,0.9,0.65,0.56666666,0.46666667,-1.0,-0.9,-0.4,-0.3,-0.083333336,0.0,0.0,0.40517232,0.3636362,0.4282511,1.0,1.0,0.5948277,0.6363638,0.5717489,-1.0,-1.0,-0.18965538,-0.2727276,-0.14349784,1.2388402,1.3901141,1.4807408,1.4943538,1.7899549,0.18976496,0.27274877,0.43209705,0.4818608,0.70291805,0.70084715,0.72303015,1.3367648,1.2318515,1.3978095,0.38028413,0.26440355,0.4750261,0.49304584,0.43800598,0.61971587,0.7355964,0.52497387,0.50695413,0.561994,-0.23943174,-0.4711929,-0.04994778,-0.013908307,-0.123988
SH601136,-0.08386268329135352,0.0,,2026-05-26,0.005280522,0.022442238,0.23529391,0.007920744,0.35293913,0.009240972,0.41176695,0.00660075,0.29412174,0.9947472,1.0078791,0.98555475,0.99779665,1.044843,1.1044202,1.0659833,1.0550928,1.1864189,1.0075592,1.0359385,1.0608264,1.0662823,1.0929853,0.013831941,0.035746407,0.038975112,0.03273162,0.047616307,-0.007367068,-0.011348591,-0.004359554,-0.0020704907,-0.0021914586,0.7091908,0.923912,0.43790257,0.31010824,0.64603347,0.007174906,0.01513019,-0.019410603,-0.036260158,-0.028337209,1.0553375,1.1116751,1.1202602,1.1202602,1.2083285,0.9830072,0.9830072,0.9830072,0.9830072,0.9830072,1.0204996,1.060474,1.1016015,1.0942985,1.1455477,0.99666876,0.99935937,1.0243434,1.0439461,1.0545803,0.6,0.3,0.15,0.1,0.05,0.23493323,0.13206716,0.1238065,0.1238065,0.075415924,0.4,0.2,0.2,0.46666667,0.016666668,0.8,0.9,0.95,0.96666664,0.98333335,-0.4,-0.7,-0.75,-0.5,-0.96666664,0.1620555,0.024189362,0.40055746,0.19485697,0.022224274,0.045621794,-0.2639666,0.60243624,0.61092687,0.3821672,0.4,0.3,0.35,0.4,0.4,0.6,0.7,0.6,0.53333336,0.56666666,-0.2,-0.4,-0.25,-0.13333334,-0.16666667,0.0731712,0.06878325,0.35812667,0.4150198,0.36414573,0.9268288,0.9312168,0.64187336,0.5849802,0.6358543,-0.8536576,-0.8624335,-0.28374666,-0.16996036,-0.27170855,1.2845881,1.2692072,1.414697,1.2519796,1.085842,0.33393258,0.24996161,0.60532796,0.5738215,0.5178669,0.9574688,0.81746143,1.7215677,1.7541562,1.6206101,0.50374717,0.38427138,0.5178429,0.50109994,0.4940107,0.49625286,0.6157286,0.4821571,0.49890006,0.5059893,0.007494278,-0.23145722,0.035685748,0.0021999094,-0.011978616
SZ000876,-0.08486986566332545,0.0,,2026-05-26,-0.004968925,0.012422365,-0.3999983,0.0,0.0,0.0074534398,0.6000017,0.002484515,0.20000339,1.0049938,1.0049938,0.99250937,0.9976853,1.0412264,1.0761421,1.0836878,1.0424612,1.0811496,1.0124846,1.0302167,1.0569351,1.0683838,1.0676349,0.010101028,0.022223054,0.03225196,0.033177476,0.033461493,-0.0063657397,-0.007006404,-0.0046696165,-0.0028445965,-0.0006801196,0.9929027,0.9111592,0.7336994,0.5697133,0.1260027,0.00024695415,0.0013120958,-0.012573705,-0.027137179,-0.047571454,1.0411849,1.0761695,1.1098499,1.123597,1.1285768,0.99250937,0.99250937,0.99250937,0.99250937,0.99250937,1.0192344,1.0474275,1.0886266,1.0946357,1.0986418,1.0049938,1.0112361,1.0244614,1.0387295,1.028742,0.2,0.1,0.05,0.033333335,0.016666668,0.1538896,0.08953677,0.06383694,0.05714235,0.055051103,0.2,0.2,0.2,0.16666667,0.21666667,1.0,1.0,1.0,1.0,1.0,-0.8,-0.8,-0.8,-0.8333333,-0.78333336,-0.9409224,0.66898966,0.72236943,0.74034494,0.711148,0.6584804,0.07545658,0.54968387,0.6404093,0.46263868,0.0,0.2,0.3,0.33333334,0.41666666,1.0,0.8,0.6,0.53333336,0.5,-1.0,-0.6,-0.3,-0.2,-0.083333336,0.0,0.18573005,0.2919509,0.43089977,0.43381453,1.0,0.81426996,0.70804906,0.5691002,0.5661855,-1.0,-0.62853986,-0.41609815,-0.13820045,-0.13237093,0.8475322,0.98948646,1.1828529,1.3915718,1.3778136,0.11180456,0.22933379,0.39009646,0.65733975,0.575495,0.3744966,0.61874986,0.7509552,1.9448314,1.6341528,0.7297863,0.4111271,0.469128,0.5063203,0.4962605,0.27021372,0.5888729,0.530872,0.4936797,0.50373954,0.45957255,-0.17774583,-0.061743997,0.012640618,-0.0074790223
SH600050,-0.08641083072802776,0.0,,2026-05-26,0.0,0.013483118,0.0,0.006741559,0.5,0.006741559,0.5,0.0,0.0,1.0,1.0067415,0.9932584,0.9974392,1.1134146,1.0426829,1.0121951,1.0158536,1.097561,1.0187805,1.0487804,1.0346951,1.0327642,1.0502642,0.027937217,0.041535106,0.034330327,0.028630087,0.046383373,-0.015243898,-0.009238731,0.0014056473,0.000650587,-0.0014151965,0.74433047,0.45352942,0.058676593,0.040019084,0.28392825,0.011707344,-0.007206174,-0.04804875,-0.04219772,-0.008515911,1.1018318,1.1494038,1.1494038,1.1494038,1.1514889,0.9932584,0.9932584,0.9932584,0.9932584,0.984458,1.0317073,1.0739024,1.0619512,1.0502439,1.1095121,1.0019512,1.002439,1.0082927,1.0117073,1.0097561,0.2,0.1,0.075,0.05,0.05,0.062092178,0.0431749,0.0431749,0.0431749,0.09304864,0.2,0.5,0.75,0.8333333,0.2,1.0,1.0,1.0,1.0,0.38333333,-0.8,-0.5,-0.25,-0.16666667,-0.18333334,0.5388678,0.76380986,0.7534392,0.6113041,0.34442154,-0.20392984,0.7430963,0.67676204,0.47669816,0.24816433,0.0,0.3,0.45,0.46666667,0.43333334,0.8,0.6,0.5,0.43333334,0.45,-0.8,-0.3,-0.05,0.033333335,-0.016666668,0.0,0.40331507,0.48175183,0.48137534,0.43527505,1.0,0.59668493,0.51824814,0.51862466,0.564725,-1.0,-0.19336985,-0.036496326,-0.037249308,-0.12944992,1.7268934,2.1374938,1.6614214,1.4097245,1.259184,0.64310294,0.9720045,0.9689402,0.89599943,0.74357325,0.97853744,1.1934946,1.459655,1.6485614,1.8349044,0.04879589,0.46336293,0.50218666,0.51168865,0.4966191,0.9512041,0.53663707,0.4978133,0.48831135,0.5033809,-0.90240824,-0.07327413,0.00437335,0.023377316,-0.0067618126
SH600999,-0.09519592644974915,0.0,,2026-05-26,0.021142904,0.039428532,0.5362336,0.012571389,0.31883988,0.0057142396,0.1449265,0.014285754,0.3623202,0.97929484,1.0123111,0.9736989,1.0001979,0.9356562,0.91098684,0.86495423,0.87131226,0.9366734,0.9757375,0.94020855,0.91262716,0.9015598,0.89343846,0.016617477,0.041120514,0.04178151,0.03777326,0.032086268,0.0095879985,0.012834856,0.0064317086,0.0032705045,0.0005665927,0.83227295,0.89305127,0.8293779,0.5809815,0.09510501,0.0050864764,0.002034606,0.026271615,0.051017843,0.08984707,1.0212153,1.0212153,1.0212153,1.0212153,1.0212153,0.92767036,0.8773648,0.8534067,0.8534067,0.835351,0.98331636,0.9760936,0.95722276,0.9159207,0.9049847,0.96698874,0.9016277,0.87914544,0.8750254,0.87004066,1.0,1.0,1.0,1.0,1.0,0.7732071,0.8525182,0.8735742,0.8735742,0.8858558,0.4,0.7,0.85,0.9,0.95,0.2,0.3,0.05,0.36666667,0.3,0.2,0.4,0.8,0.53333336,0.65,0.066855356,0.740909,0.73359334,0.6932385,0.6639839,0.84321135,0.6022941,0.5226321,0.38640168,0.2008829,0.8,0.6,0.7,0.56666666,0.48333332,0.2,0.4,0.3,0.4,0.46666667,0.6,0.2,0.4,0.16666667,0.016666668,0.9317398,0.7887784,0.80552316,0.7346937,0.55853313,0.0682602,0.21122158,0.19447686,0.26530626,0.44146687,0.8634796,0.57755685,0.61104625,0.46938744,0.11706625,1.0711836,0.8315469,0.6555828,0.53598017,0.42062795,0.4459473,0.4364074,0.36573023,0.35001868,0.28478193,0.80457133,0.8575638,1.1483068,1.3694993,1.4588095,0.51050234,0.5777761,0.5634977,0.557843,0.5123427,0.48949766,0.4222239,0.4365023,0.44215694,0.48765734,0.02100468,0.1555522,0.12699541,0.1156861,0.024685333
SH601816,-0.09828978425797678,0.0,,2026-05-26,0.0041321754,0.014462845,0.2857097,0.008264505,0.5714301,0.0020661647,0.14286019,-0.0020661647,-0.14286019,0.99588484,1.0082304,0.99382716,1.0003943,1.0247619,1.0380954,1.0114286,1.0266666,1.0095239,0.99961907,1.0112381,1.0099047,1.0119365,1.0246985,0.0041294424,0.012901556,0.012056284,0.010622165,0.017812993,-0.0015238276,-0.0036363672,-0.00014321577,-0.00030171056,-0.00064568204,0.3404308,0.72822016,0.004938816,0.06252543,0.4007407,0.0034285812,0.0051255235,-0.0085442485,-0.0075617386,-0.005650828,1.0262811,1.0432818,1.079208,1.079208,1.079208,0.9922314,0.9922314,0.9922314,0.9922314,0.9922314,1.0011429,1.0251429,1.0201906,1.0175239,1.0419048,0.9973334,0.99961907,0.99961907,1.0015239,1.0072381,0.7,0.35,0.275,0.18333334,0.09166667,0.22815402,0.15217447,0.08931786,0.08931786,0.08931786,0.2,0.5,0.5,0.6666667,0.8333333,0.8,0.9,0.95,0.96666664,0.98333335,-0.6,-0.4,-0.45,-0.3,-0.15,0.85822916,0.84713167,0.7558795,0.55885845,0.20302643,0.7114957,0.5567077,0.78017867,0.74743885,0.36778373,0.4,0.4,0.4,0.36666667,0.46666667,0.6,0.6,0.55,0.53333336,0.46666667,-0.2,-0.2,-0.15,-0.16666667,0.0,0.19047491,0.23684113,0.46153823,0.43396223,0.4897119,0.8095251,0.76315886,0.5384618,0.5660378,0.5102881,-0.6190502,-0.5263178,-0.07692356,-0.13207556,-0.020576194,1.1228116,1.4218823,1.3708997,1.2217193,1.2537519,0.20615165,0.4146396,0.7867965,0.67914456,0.6078541,0.99950933,0.85468614,2.1437745,2.2642875,1.7827163,0.13007423,0.09930841,0.501909,0.5102206,0.49310976,0.8699258,0.90069157,0.49809095,0.48977938,0.50689024,-0.73985153,-0.8013832,0.0038180915,0.020441234,-0.013780499
SZ001391,-0.10338632459150815,0.0,,2026-05-26,-0.0038095273,0.013333293,-0.2857154,0.0038095273,0.2857154,0.0057142386,0.4285692,-0.0019048159,-0.14286162,1.0038241,1.0076482,0.9942639,1.0002514,1.0265151,1.0094697,1.0170455,1.0075758,1.1420454,1.0034091,1.0170455,1.0102273,1.0121844,1.035543,0.003112057,0.016798157,0.015342201,0.012822994,0.041202076,-0.0011363626,-0.0043388433,0.0007063108,-4.0869985e-05,-0.0017904808,0.33333334,0.61155576,0.07417958,0.0007872847,0.5759715,-0.0011363626,0.002479346,-0.01693722,-0.01159172,0.017276257,1.0228894,1.0759814,1.0759814,1.0759814,1.1458491,0.9942639,0.9942639,0.98477554,0.98477554,0.98477554,1.0056819,1.0276515,1.0219697,1.0189394,1.0890151,1.0,1.0045455,0.9977273,1.0,1.005303,0.3,0.15,0.325,0.21666667,0.14166667,0.20038436,0.070194125,0.16692412,0.16692412,0.09451868,0.2,0.2,0.6,0.73333335,0.033333335,0.6,0.8,0.2,0.46666667,0.73333335,-0.4,-0.6,0.4,0.26666668,-0.7,0.5784572,0.91394264,0.8077947,0.5978849,0.2127402,0.52893066,0.87190634,0.6909068,0.67257434,0.25835004,0.2,0.3,0.4,0.43333334,0.38333333,0.6,0.5,0.45,0.43333334,0.5,-0.4,-0.2,-0.05,0.0,-0.11666667,0.15,0.45454556,0.45161295,0.48245615,0.371134,0.85,0.54545444,0.54838705,0.51754385,0.628866,-0.7,-0.09090891,-0.09677408,-0.035087686,-0.257732,1.224163,2.1307893,1.8413446,1.5977443,1.6278236,0.24970269,1.9341086,1.4773265,1.2633009,0.9992876,1.2044407,2.0595837,2.1403217,2.446993,1.8946772,0.11127996,0.48702392,0.4996214,0.48972324,0.49401066,0.88872004,0.5129761,0.5003786,0.51027673,0.5059894,-0.7774401,-0.025952173,-0.0007572245,-0.02055352,-0.0119787
