exp_name,rid,datetime,instrument,score,real_label,error,abs_error
EXP_LGBModel_Alpha158_csi300_expanding_step40_s_20260121_01,0d5b2c317ad04013b1cb76da95b478fc,2026-05-26,SH600000,-0.03206778527464764,,,
EXP_LinearModel_Alpha158_csi300_sliding_step40_s_20260111_11,91c306e388e8433fbae734de03637583,2026-05-26,SH601127,-0.09391637146472931,,,
EXP_LinearModel_Alpha158_csi300_sliding_step40_s_20260111_11,91c306e388e8433fbae734de03637583,2026-05-26,SH601136,-0.08400364220142365,,,
EXP_LinearModel_Alpha158_csi300_sliding_step40_s_20260111_11,91c306e388e8433fbae734de03637583,2026-05-26,SH601138,-0.04691152274608612,,,
EXP_LinearModel_Alpha158_csi300_sliding_step40_s_20260111_11,91c306e388e8433fbae734de03637583,2026-05-26,SH601166,-0.0047235749661922455,,,
EXP_LinearModel_Alpha158_csi300_sliding_step40_s_20260111_11,91c306e388e8433fbae734de03637583,2026-05-26,SH601169,-0.08644851297140121,,,
EXP_LinearModel_Alpha158_csi300_sliding_step40_s_20260111_11,91c306e388e8433fbae734de03637583,2026-05-26,SH601186,-0.05513501539826393,,,
EXP_LinearModel_Alpha158_csi300_sliding_step40_s_20260111_11,91c306e388e8433fbae734de03637583,2026-05-26,SH601117,-0.055178262293338776,,,
EXP_LinearModel_Alpha158_csi300_sliding_step40_s_20260111_11,91c306e388e8433fbae734de03637583,2026-05-26,SH601211,-0.03350542485713959,,,
EXP_LinearModel_Alpha158_csi300_sliding_step40_s_20260111_11,91c306e388e8433fbae734de03637583,2026-05-26,SH601229,-0.004513635765761137,,,
EXP_LinearModel_Alpha158_csi300_sliding_step40_s_20260111_11,91c306e388e8433fbae734de03637583,2026-05-26,SH601236,0.012416323646903038,,,
EXP_LinearModel_Alpha158_csi300_sliding_step40_s_20260111_11,91c306e388e8433fbae734de03637583,2026-05-26,SH601238,0.08037761598825455,,,
EXP_LinearModel_Alpha158_csi300_sliding_step40_s_20260111_11,91c306e388e8433fbae734de03637583,2026-05-26,SH601288,0.06608729064464569,,,
EXP_LinearModel_Alpha158_csi300_sliding_step40_s_20260111_11,91c306e388e8433fbae734de03637583,2026-05-26,SH601298,-0.02223994955420494,,,
EXP_LinearModel_Alpha158_csi300_sliding_step40_s_20260111_11,91c306e388e8433fbae734de03637583,2026-05-26,SH601318,-0.06042422726750374,,,
EXP_LinearModel_Alpha158_csi300_sliding_step40_s_20260111_11,91c306e388e8433fbae734de03637583,2026-05-26,SH601225,0.04391401633620262,,,
EXP_LinearModel_Alpha158_csi300_sliding_step40_s_20260111_11,91c306e388e8433fbae734de03637583,2026-05-26,SH601111,-0.0038620540872216225,,,
EXP_LinearModel_Alpha158_csi300_sliding_step40_s_20260111_11,91c306e388e8433fbae734de03637583,2026-05-26,SH601100,0.03607841208577156,,,
EXP_LinearModel_Alpha158_csi300_sliding_step40_s_20260111_11,91c306e388e8433fbae734de03637583,2026-05-26,SH601088,-0.00985055509954691,,,
EXP_LinearModel_Alpha158_csi300_sliding_step40_s_20260111_11,91c306e388e8433fbae734de03637583,2026-05-26,SH600930,-0.045198630541563034,,,
EXP_LinearModel_Alpha158_csi300_sliding_step40_s_20260111_11,91c306e388e8433fbae734de03637583,2026-05-26,SH600938,0.030029939487576485,,,
EXP_LinearModel_Alpha158_csi300_sliding_step40_s_20260111_11,91c306e388e8433fbae734de03637583,2026-05-26,SH600941,0.03143465146422386,,,
EXP_LinearModel_Alpha158_csi300_sliding_step40_s_20260111_11,91c306e388e8433fbae734de03637583,2026-05-26,SH600958,,,,
EXP_LinearModel_Alpha158_csi300_sliding_step40_s_20260111_11,91c306e388e8433fbae734de03637583,2026-05-26,SH600989,0.0518859401345253,,,
EXP_LinearModel_Alpha158_csi300_sliding_step40_s_20260111_11,91c306e388e8433fbae734de03637583,2026-05-26,SH600999,-0.05952157825231552,,,
EXP_LinearModel_Alpha158_csi300_sliding_step40_s_20260111_11,91c306e388e8433fbae734de03637583,2026-05-26,SH601006,0.021720794960856438,,,
EXP_LinearModel_Alpha158_csi300_sliding_step40_s_20260111_11,91c306e388e8433fbae734de03637583,2026-05-26,SH601009,0.05363184213638306,,,
EXP_LinearModel_Alpha158_csi300_sliding_step40_s_20260111_11,91c306e388e8433fbae734de03637583,2026-05-26,SH601012,0.035528358072042465,,,
EXP_LinearModel_Alpha158_csi300_sliding_step40_s_20260111_11,91c306e388e8433fbae734de03637583,2026-05-26,SH601018,0.05341179296374321,,,
EXP_LinearModel_Alpha158_csi300_sliding_step40_s_20260111_11,91c306e388e8433fbae734de03637583,2026-05-26,SH601021,-0.03473544120788574,,,
EXP_LinearModel_Alpha158_csi300_sliding_step40_s_20260111_11,91c306e388e8433fbae734de03637583,2026-05-26,SH601058,-0.11541952192783356,,,
EXP_LinearModel_Alpha158_csi300_sliding_step40_s_20260111_11,91c306e388e8433fbae734de03637583,2026-05-26,SH601059,0.006888576317578554,,,
EXP_LinearModel_Alpha158_csi300_sliding_step40_s_20260111_11,91c306e388e8433fbae734de03637583,2026-05-26,SH601066,-0.004637737758457661,,,
EXP_LinearModel_Alpha158_csi300_sliding_step40_s_20260111_11,91c306e388e8433fbae734de03637583,2026-05-26,SH601077,0.044034674763679504,,,
EXP_LinearModel_Alpha158_csi300_sliding_step40_s_20260111_11,91c306e388e8433fbae734de03637583,2026-05-26,SH601319,-1.9145081751048565e-06,,,
EXP_LinearModel_Alpha158_csi300_sliding_step40_s_20260111_11,91c306e388e8433fbae734de03637583,2026-05-26,SH601328,-0.0025695068761706352,,,
EXP_LinearModel_Alpha158_csi300_sliding_step40_s_20260111_11,91c306e388e8433fbae734de03637583,2026-05-26,SH601336,-0.08078406751155853,,,
EXP_LinearModel_Alpha158_csi300_sliding_step40_s_20260111_11,91c306e388e8433fbae734de03637583,2026-05-26,SH601360,0.03281739726662636,,,
EXP_LinearModel_Alpha158_csi300_sliding_step40_s_20260111_11,91c306e388e8433fbae734de03637583,2026-05-26,SH601800,-0.04041259363293648,,,
EXP_LinearModel_Alpha158_csi300_sliding_step40_s_20260111_11,91c306e388e8433fbae734de03637583,2026-05-26,SH601808,0.05612153932452202,,,
EXP_LinearModel_Alpha158_csi300_sliding_step40_s_20260111_11,91c306e388e8433fbae734de03637583,2026-05-26,SH601816,-0.05719200521707535,,,
EXP_LinearModel_Alpha158_csi300_sliding_step40_s_20260111_11,91c306e388e8433fbae734de03637583,2026-05-26,SH601818,0.02975863590836525,,,
EXP_LinearModel_Alpha158_csi300_sliding_step40_s_20260111_11,91c306e388e8433fbae734de03637583,2026-05-26,SH601825,-0.008338644169270992,,,
EXP_LinearModel_Alpha158_csi300_sliding_step40_s_20260111_11,91c306e388e8433fbae734de03637583,2026-05-26,SH601838,-0.002048531314358115,,,
EXP_LinearModel_Alpha158_csi300_sliding_step40_s_20260111_11,91c306e388e8433fbae734de03637583,2026-05-26,SH601857,0.011784798465669155,,,
EXP_LinearModel_Alpha158_csi300_sliding_step40_s_20260111_11,91c306e388e8433fbae734de03637583,2026-05-26,SH601868,-0.000665371073409915,,,
EXP_LinearModel_Alpha158_csi300_sliding_step40_s_20260111_11,91c306e388e8433fbae734de03637583,2026-05-26,SH601872,0.03612721338868141,,,
EXP_LinearModel_Alpha158_csi300_sliding_step40_s_20260111_11,91c306e388e8433fbae734de03637583,2026-05-26,SH601877,-0.023941118270158768,,,
EXP_LinearModel_Alpha158_csi300_sliding_step40_s_20260111_11,91c306e388e8433fbae734de03637583,2026-05-26,SH601878,-0.06456760317087173,,,
EXP_LinearModel_Alpha158_csi300_sliding_step40_s_20260111_11,91c306e388e8433fbae734de03637583,2026-05-26,SH601881,-0.013329657725989819,,,
EXP_LinearModel_Alpha158_csi300_sliding_step40_s_20260111_11,91c306e388e8433fbae734de03637583,2026-05-26,SH601888,-0.01485652755945921,,,
EXP_LinearModel_Alpha158_csi300_sliding_step40_s_20260111_11,91c306e388e8433fbae734de03637583,2026-05-26,SH601898,0.03445545583963394,,,
EXP_LinearModel_Alpha158_csi300_sliding_step40_s_20260111_11,91c306e388e8433fbae734de03637583,2026-05-26,SH601899,-0.03182815760374069,,,
EXP_LinearModel_Alpha158_csi300_sliding_step40_s_20260111_11,91c306e388e8433fbae734de03637583,2026-05-26,SH601788,-0.03411082178354263,,,
EXP_LinearModel_Alpha158_csi300_sliding_step40_s_20260111_11,91c306e388e8433fbae734de03637583,2026-05-26,SH600926,-0.0015165979275479913,,,
EXP_LinearModel_Alpha158_csi300_sliding_step40_s_20260111_11,91c306e388e8433fbae734de03637583,2026-05-26,SH601766,-0.06673125177621841,,,
EXP_LinearModel_Alpha158_csi300_sliding_step40_s_20260111_11,91c306e388e8433fbae734de03637583,2026-05-26,SH601698,0.06469516456127167,,,
EXP_LinearModel_Alpha158_csi300_sliding_step40_s_20260111_11,91c306e388e8433fbae734de03637583,2026-05-26,SH601377,0.004762819968163967,,,
EXP_LinearModel_Alpha158_csi300_sliding_step40_s_20260111_11,91c306e388e8433fbae734de03637583,2026-05-26,SH601390,-0.009168368764221668,,,
EXP_LinearModel_Alpha158_csi300_sliding_step40_s_20260111_11,91c306e388e8433fbae734de03637583,2026-05-26,SH601398,0.05303877219557762,,,
EXP_LinearModel_Alpha158_csi300_sliding_step40_s_20260111_11,91c306e388e8433fbae734de03637583,2026-05-26,SH601456,-0.04007735103368759,,,
EXP_LinearModel_Alpha158_csi300_sliding_step40_s_20260111_11,91c306e388e8433fbae734de03637583,2026-05-26,SH601600,0.0004999986849725246,,,
EXP_LinearModel_Alpha158_csi300_sliding_step40_s_20260111_11,91c306e388e8433fbae734de03637583,2026-05-26,SH601601,0.004067350644618273,,,
EXP_LinearModel_Alpha158_csi300_sliding_step40_s_20260111_11,91c306e388e8433fbae734de03637583,2026-05-26,SH601607,0.010885869152843952,,,
EXP_LinearModel_Alpha158_csi300_sliding_step40_s_20260111_11,91c306e388e8433fbae734de03637583,2026-05-26,SH601618,-0.005964464507997036,,,
EXP_LinearModel_Alpha158_csi300_sliding_step40_s_20260111_11,91c306e388e8433fbae734de03637583,2026-05-26,SH601628,-0.014312717132270336,,,
EXP_LinearModel_Alpha158_csi300_sliding_step40_s_20260111_11,91c306e388e8433fbae734de03637583,2026-05-26,SH601633,0.04605479538440704,,,
EXP_LinearModel_Alpha158_csi300_sliding_step40_s_20260111_11,91c306e388e8433fbae734de03637583,2026-05-26,SH601658,-0.03261268511414528,,,
EXP_LinearModel_Alpha158_csi300_sliding_step40_s_20260111_11,91c306e388e8433fbae734de03637583,2026-05-26,SH601668,-0.012033144012093544,,,
EXP_LinearModel_Alpha158_csi300_sliding_step40_s_20260111_11,91c306e388e8433fbae734de03637583,2026-05-26,SH601669,-0.025623710826039314,,,
EXP_LinearModel_Alpha158_csi300_sliding_step40_s_20260111_11,91c306e388e8433fbae734de03637583,2026-05-26,SH601688,-0.030979303643107414,,,
EXP_LinearModel_Alpha158_csi300_sliding_step40_s_20260111_11,91c306e388e8433fbae734de03637583,2026-05-26,SH601689,0.01446707732975483,,,
EXP_LinearModel_Alpha158_csi300_sliding_step40_s_20260111_11,91c306e388e8433fbae734de03637583,2026-05-26,SH601728,0.011412492953240871,,,
EXP_LinearModel_Alpha158_csi300_sliding_step40_s_20260111_11,91c306e388e8433fbae734de03637583,2026-05-26,SH601901,-0.018821367993950844,,,
EXP_LinearModel_Alpha158_csi300_sliding_step40_s_20260111_11,91c306e388e8433fbae734de03637583,2026-05-26,SH600919,0.024242427200078964,,,
EXP_LinearModel_Alpha158_csi300_sliding_step40_s_20260111_11,91c306e388e8433fbae734de03637583,2026-05-26,SH600905,-0.037231024354696274,,,
EXP_LinearModel_Alpha158_csi300_sliding_step40_s_20260111_11,91c306e388e8433fbae734de03637583,2026-05-26,SH600066,-0.026837021112442017,,,
EXP_LinearModel_Alpha158_csi300_sliding_step40_s_20260111_11,91c306e388e8433fbae734de03637583,2026-05-26,SH600085,-0.0019386770436540246,,,
EXP_LinearModel_Alpha158_csi300_sliding_step40_s_20260111_11,91c306e388e8433fbae734de03637583,2026-05-26,SH600089,-0.042510736733675,,,
EXP_LinearModel_Alpha158_csi300_sliding_step40_s_20260111_11,91c306e388e8433fbae734de03637583,2026-05-26,SH600104,0.07632790505886078,,,
EXP_LinearModel_Alpha158_csi300_sliding_step40_s_20260111_11,91c306e388e8433fbae734de03637583,2026-05-26,SH600111,-0.07405570894479752,,,
EXP_LinearModel_Alpha158_csi300_sliding_step40_s_20260111_11,91c306e388e8433fbae734de03637583,2026-05-26,SH600115,0.06351949274539948,,,
EXP_LinearModel_Alpha158_csi300_sliding_step40_s_20260111_11,91c306e388e8433fbae734de03637583,2026-05-26,SH600061,-0.04451591148972511,,,
EXP_LinearModel_Alpha158_csi300_sliding_step40_s_20260111_11,91c306e388e8433fbae734de03637583,2026-05-26,SH600150,-0.058377187699079514,,,
EXP_LinearModel_Alpha158_csi300_sliding_step40_s_20260111_11,91c306e388e8433fbae734de03637583,2026-05-26,SH600161,-0.08613728731870651,,,
EXP_LinearModel_Alpha158_csi300_sliding_step40_s_20260111_11,91c306e388e8433fbae734de03637583,2026-05-26,SH600176,0.044897500425577164,,,
EXP_LinearModel_Alpha158_csi300_sliding_step40_s_20260111_11,91c306e388e8433fbae734de03637583,2026-05-26,SH600183,-0.0577605701982975,,,
EXP_LinearModel_Alpha158_csi300_sliding_step40_s_20260111_11,91c306e388e8433fbae734de03637583,2026-05-26,SH600188,0.07574313133955002,,,
EXP_LinearModel_Alpha158_csi300_sliding_step40_s_20260111_11,91c306e388e8433fbae734de03637583,2026-05-26,SH600196,0.006602378562092781,,,
EXP_LinearModel_Alpha158_csi300_sliding_step40_s_20260111_11,91c306e388e8433fbae734de03637583,2026-05-26,SH600219,0.012058720923960209,,,
EXP_LinearModel_Alpha158_csi300_sliding_step40_s_20260111_11,91c306e388e8433fbae734de03637583,2026-05-26,SH600160,-0.050015710294246674,,,
EXP_LinearModel_Alpha158_csi300_sliding_step40_s_20260111_11,91c306e388e8433fbae734de03637583,2026-05-26,SH600050,-0.07162796705961227,,,
EXP_LinearModel_Alpha158_csi300_sliding_step40_s_20260111_11,91c306e388e8433fbae734de03637583,2026-05-26,SH600048,-0.06103409454226494,,,
EXP_LinearModel_Alpha158_csi300_sliding_step40_s_20260111_11,91c306e388e8433fbae734de03637583,2026-05-26,SH600039,-0.014216960407793522,,,
EXP_LinearModel_Alpha158_csi300_sliding_step40_s_20260111_11,91c306e388e8433fbae734de03637583,2026-05-26,SH600010,0.030550241470336914,,,
EXP_LinearModel_Alpha158_csi300_sliding_step40_s_20260111_11,91c306e388e8433fbae734de03637583,2026-05-26,SH600011,3.929995000362396e-05,,,
EXP_LinearModel_Alpha158_csi300_sliding_step40_s_20260111_11,91c306e388e8433fbae734de03637583,2026-05-26,SH600015,-0.09056927263736725,,,
EXP_LinearModel_Alpha158_csi300_sliding_step40_s_20260111_11,91c306e388e8433fbae734de03637583,2026-05-26,SH600016,0.0647173821926117,,,
EXP_LinearModel_Alpha158_csi300_sliding_step40_s_20260111_11,91c306e388e8433fbae734de03637583,2026-05-26,SH600018,0.010047672316432,,,
EXP_LinearModel_Alpha158_csi300_sliding_step40_s_20260111_11,91c306e388e8433fbae734de03637583,2026-05-26,SH600019,-0.1030954048037529,,,
EXP_LinearModel_Alpha158_csi300_sliding_step40_s_20260111_11,91c306e388e8433fbae734de03637583,2026-05-26,SH600023,0.061723802238702774,,,
EXP_LinearModel_Alpha158_csi300_sliding_step40_s_20260111_11,91c306e388e8433fbae734de03637583,2026-05-26,SH600025,-0.02532266452908516,,,
EXP_LinearModel_Alpha158_csi300_sliding_step40_s_20260111_11,91c306e388e8433fbae734de03637583,2026-05-26,SH600026,-0.006734316237270832,,,
EXP_LinearModel_Alpha158_csi300_sliding_step40_s_20260111_11,91c306e388e8433fbae734de03637583,2026-05-26,SH600027,0.0585816353559494,,,
EXP_LinearModel_Alpha158_csi300_sliding_step40_s_20260111_11,91c306e388e8433fbae734de03637583,2026-05-26,SH600028,0.041327498853206635,,,
EXP_LinearModel_Alpha158_csi300_sliding_step40_s_20260111_11,91c306e388e8433fbae734de03637583,2026-05-26,SH600029,0.0008699329919181764,,,
EXP_LinearModel_Alpha158_csi300_sliding_step40_s_20260111_11,91c306e388e8433fbae734de03637583,2026-05-26,SH600030,-0.02715810015797615,,,
EXP_LinearModel_Alpha158_csi300_sliding_step40_s_20260111_11,91c306e388e8433fbae734de03637583,2026-05-26,SH600031,-0.012106460519134998,,,
EXP_LinearModel_Alpha158_csi300_sliding_step40_s_20260111_11,91c306e388e8433fbae734de03637583,2026-05-26,SH600036,-0.04539033770561218,,,
EXP_LinearModel_Alpha158_csi300_sliding_step40_s_20260111_11,91c306e388e8433fbae734de03637583,2026-05-26,SH600233,-0.031132720410823822,,,
EXP_LinearModel_Alpha158_csi300_sliding_step40_s_20260111_11,91c306e388e8433fbae734de03637583,2026-05-26,SH600276,-0.058836858719587326,,,
EXP_LinearModel_Alpha158_csi300_sliding_step40_s_20260111_11,91c306e388e8433fbae734de03637583,2026-05-26,SH600309,0.0036458484828472137,,,
EXP_LinearModel_Alpha158_csi300_sliding_step40_s_20260111_11,91c306e388e8433fbae734de03637583,2026-05-26,SH600346,0.006050437223166227,,,
EXP_LinearModel_Alpha158_csi300_sliding_step40_s_20260111_11,91c306e388e8433fbae734de03637583,2026-05-26,SH600600,-0.10386917740106583,,,
EXP_LinearModel_Alpha158_csi300_sliding_step40_s_20260111_11,91c306e388e8433fbae734de03637583,2026-05-26,SH600660,-0.053624752908945084,,,
EXP_LinearModel_Alpha158_csi300_sliding_step40_s_20260111_11,91c306e388e8433fbae734de03637583,2026-05-26,SH600674,-0.03783399239182472,,,
EXP_LinearModel_Alpha158_csi300_sliding_step40_s_20260111_11,91c306e388e8433fbae734de03637583,2026-05-26,SH600690,-0.0416085384786129,,,
EXP_LinearModel_Alpha158_csi300_sliding_step40_s_20260111_11,91c306e388e8433fbae734de03637583,2026-05-26,SH600741,0.05188150331377983,,,
EXP_LinearModel_Alpha158_csi300_sliding_step40_s_20260111_11,91c306e388e8433fbae734de03637583,2026-05-26,SH600760,0.007836366072297096,,,
EXP_LinearModel_Alpha158_csi300_sliding_step40_s_20260111_11,91c306e388e8433fbae734de03637583,2026-05-26,SH600795,0.02356094680726528,,,
EXP_LinearModel_Alpha158_csi300_sliding_step40_s_20260111_11,91c306e388e8433fbae734de03637583,2026-05-26,SH600803,-0.08601770550012589,,,
EXP_LinearModel_Alpha158_csi300_sliding_step40_s_20260111_11,91c306e388e8433fbae734de03637583,2026-05-26,SH600809,-0.048298429697752,,,
EXP_LinearModel_Alpha158_csi300_sliding_step40_s_20260111_11,91c306e388e8433fbae734de03637583,2026-05-26,SH600845,-0.015987444669008255,,,
EXP_LinearModel_Alpha158_csi300_sliding_step40_s_20260111_11,91c306e388e8433fbae734de03637583,2026-05-26,SH600875,0.0002556959807407111,,,
EXP_LinearModel_Alpha158_csi300_sliding_step40_s_20260111_11,91c306e388e8433fbae734de03637583,2026-05-26,SH600886,0.026533076539635658,,,
EXP_LinearModel_Alpha158_csi300_sliding_step40_s_20260111_11,91c306e388e8433fbae734de03637583,2026-05-26,SH600887,-0.020956313237547874,,,
EXP_LinearModel_Alpha158_csi300_sliding_step40_s_20260111_11,91c306e388e8433fbae734de03637583,2026-05-26,SH600893,-0.08509557694196701,,,
EXP_LinearModel_Alpha158_csi300_sliding_step40_s_20260111_11,91c306e388e8433fbae734de03637583,2026-05-26,SH600900,0.016477545723319054,,,
EXP_LinearModel_Alpha158_csi300_sliding_step40_s_20260111_11,91c306e388e8433fbae734de03637583,2026-05-26,SH600588,0.038337141275405884,,,
EXP_LinearModel_Alpha158_csi300_sliding_step40_s_20260111_11,91c306e388e8433fbae734de03637583,2026-05-26,SH600918,-0.03914588689804077,,,
EXP_LinearModel_Alpha158_csi300_sliding_step40_s_20260111_11,91c306e388e8433fbae734de03637583,2026-05-26,SH600585,0.030938290059566498,,,
EXP_LinearModel_Alpha158_csi300_sliding_step40_s_20260111_11,91c306e388e8433fbae734de03637583,2026-05-26,SH600570,-0.053641047328710556,,,
EXP_LinearModel_Alpha158_csi300_sliding_step40_s_20260111_11,91c306e388e8433fbae734de03637583,2026-05-26,SH600362,-0.08043082058429718,,,
EXP_LinearModel_Alpha158_csi300_sliding_step40_s_20260111_11,91c306e388e8433fbae734de03637583,2026-05-26,SH600372,0.015415245667099953,,,
EXP_LinearModel_Alpha158_csi300_sliding_step40_s_20260111_11,91c306e388e8433fbae734de03637583,2026-05-26,SH600377,0.025561222806572914,,,
EXP_LinearModel_Alpha158_csi300_sliding_step40_s_20260111_11,91c306e388e8433fbae734de03637583,2026-05-26,SH600406,-0.023802578449249268,,,
EXP_LinearModel_Alpha158_csi300_sliding_step40_s_20260111_11,91c306e388e8433fbae734de03637583,2026-05-26,SH600415,0.026427237316966057,,,
EXP_LinearModel_Alpha158_csi300_sliding_step40_s_20260111_11,91c306e388e8433fbae734de03637583,2026-05-26,SH600426,0.0664549246430397,,,
EXP_LinearModel_Alpha158_csi300_sliding_step40_s_20260111_11,91c306e388e8433fbae734de03637583,2026-05-26,SH600436,0.009754047729074955,,,
EXP_LinearModel_Alpha158_csi300_sliding_step40_s_20260111_11,91c306e388e8433fbae734de03637583,2026-05-26,SH600438,,,,
EXP_LinearModel_Alpha158_csi300_sliding_step40_s_20260111_11,91c306e388e8433fbae734de03637583,2026-05-26,SH600460,-0.07224931567907333,,,
EXP_LinearModel_Alpha158_csi300_sliding_step40_s_20260111_11,91c306e388e8433fbae734de03637583,2026-05-26,SH600482,0.0030731610022485256,,,
EXP_LinearModel_Alpha158_csi300_sliding_step40_s_20260111_11,91c306e388e8433fbae734de03637583,2026-05-26,SH600489,-0.047928523272275925,,,
EXP_LinearModel_Alpha158_csi300_sliding_step40_s_20260111_11,91c306e388e8433fbae734de03637583,2026-05-26,SH600515,-0.004121652338653803,,,
EXP_LinearModel_Alpha158_csi300_sliding_step40_s_20260111_11,91c306e388e8433fbae734de03637583,2026-05-26,SH600519,0.06445413827896118,,,
EXP_LinearModel_Alpha158_csi300_sliding_step40_s_20260111_11,91c306e388e8433fbae734de03637583,2026-05-26,SH600522,0.08289465308189392,,,
EXP_LinearModel_Alpha158_csi300_sliding_step40_s_20260111_11,91c306e388e8433fbae734de03637583,2026-05-26,SH600547,-0.031016625463962555,,,
EXP_LinearModel_Alpha158_csi300_sliding_step40_s_20260111_11,91c306e388e8433fbae734de03637583,2026-05-26,SH600584,-0.138825461268425,,,
EXP_LinearModel_Alpha158_csi300_sliding_step40_s_20260111_11,91c306e388e8433fbae734de03637583,2026-05-26,SH600009,-0.01424835342913866,,,
EXP_LinearModel_Alpha158_csi300_sliding_step40_s_20260111_11,91c306e388e8433fbae734de03637583,2026-05-26,SH601916,0.029744766652584076,,,
EXP_LinearModel_Alpha158_csi300_sliding_step40_s_20260111_11,91c306e388e8433fbae734de03637583,2026-05-26,SH601939,-0.08349534869194031,,,
EXP_LinearModel_Alpha158_csi300_sliding_step40_s_20260111_11,91c306e388e8433fbae734de03637583,2026-05-26,SZ002422,0.0027590044774115086,,,
EXP_LinearModel_Alpha158_csi300_sliding_step40_s_20260111_11,91c306e388e8433fbae734de03637583,2026-05-26,SZ002459,0.029883012175559998,,,
EXP_LinearModel_Alpha158_csi300_sliding_step40_s_20260111_11,91c306e388e8433fbae734de03637583,2026-05-26,SZ002460,-0.004654513206332922,,,
EXP_LinearModel_Alpha158_csi300_sliding_step40_s_20260111_11,91c306e388e8433fbae734de03637583,2026-05-26,SZ002463,-0.008660799823701382,,,
EXP_LinearModel_Alpha158_csi300_sliding_step40_s_20260111_11,91c306e388e8433fbae734de03637583,2026-05-26,SZ002466,-0.004517260938882828,,,
EXP_LinearModel_Alpha158_csi300_sliding_step40_s_20260111_11,91c306e388e8433fbae734de03637583,2026-05-26,SZ002475,-0.015076031908392906,,,
EXP_LinearModel_Alpha158_csi300_sliding_step40_s_20260111_11,91c306e388e8433fbae734de03637583,2026-05-26,SZ002415,0.005093914456665516,,,
EXP_LinearModel_Alpha158_csi300_sliding_step40_s_20260111_11,91c306e388e8433fbae734de03637583,2026-05-26,SZ002493,-0.014006543904542923,,,
EXP_LinearModel_Alpha158_csi300_sliding_step40_s_20260111_11,91c306e388e8433fbae734de03637583,2026-05-26,SZ002600,0.034341588616371155,,,
EXP_LinearModel_Alpha158_csi300_sliding_step40_s_20260111_11,91c306e388e8433fbae734de03637583,2026-05-26,SZ002601,0.0482756569981575,,,
EXP_LinearModel_Alpha158_csi300_sliding_step40_s_20260111_11,91c306e388e8433fbae734de03637583,2026-05-26,SZ002625,-0.03219718486070633,,,
EXP_LinearModel_Alpha158_csi300_sliding_step40_s_20260111_11,91c306e388e8433fbae734de03637583,2026-05-26,SZ002648,-0.004538438748568296,,,
EXP_LinearModel_Alpha158_csi300_sliding_step40_s_20260111_11,91c306e388e8433fbae734de03637583,2026-05-26,SZ002709,0.06487711519002914,,,
EXP_LinearModel_Alpha158_csi300_sliding_step40_s_20260111_11,91c306e388e8433fbae734de03637583,2026-05-26,SZ002714,-0.014088244177401066,,,
EXP_LinearModel_Alpha158_csi300_sliding_step40_s_20260111_11,91c306e388e8433fbae734de03637583,2026-05-26,SZ002594,-0.08104710280895233,,,
EXP_LinearModel_Alpha158_csi300_sliding_step40_s_20260111_11,91c306e388e8433fbae734de03637583,2026-05-26,SZ002384,0.10200837254524231,,,
EXP_LinearModel_Alpha158_csi300_sliding_step40_s_20260111_11,91c306e388e8433fbae734de03637583,2026-05-26,SZ002371,-0.05009675398468971,,,
EXP_LinearModel_Alpha158_csi300_sliding_step40_s_20260111_11,91c306e388e8433fbae734de03637583,2026-05-26,SZ002352,-0.022711316123604774,,,
EXP_LinearModel_Alpha158_csi300_sliding_step40_s_20260111_11,91c306e388e8433fbae734de03637583,2026-05-26,SZ001979,-0.012611377984285355,,,
EXP_LinearModel_Alpha158_csi300_sliding_step40_s_20260111_11,91c306e388e8433fbae734de03637583,2026-05-26,SZ002001,-0.05510116368532181,,,
EXP_LinearModel_Alpha158_csi300_sliding_step40_s_20260111_11,91c306e388e8433fbae734de03637583,2026-05-26,SZ002027,-0.005569484084844589,,,
EXP_LinearModel_Alpha158_csi300_sliding_step40_s_20260111_11,91c306e388e8433fbae734de03637583,2026-05-26,SZ002028,0.015202900394797325,,,
EXP_LinearModel_Alpha158_csi300_sliding_step40_s_20260111_11,91c306e388e8433fbae734de03637583,2026-05-26,SZ002049,-0.0025481521151959896,,,
EXP_LinearModel_Alpha158_csi300_sliding_step40_s_20260111_11,91c306e388e8433fbae734de03637583,2026-05-26,SZ002050,-0.034926917403936386,,,
EXP_LinearModel_Alpha158_csi300_sliding_step40_s_20260111_11,91c306e388e8433fbae734de03637583,2026-05-26,SZ002074,-0.021203210577368736,,,
EXP_LinearModel_Alpha158_csi300_sliding_step40_s_20260111_11,91c306e388e8433fbae734de03637583,2026-05-26,SZ002142,-0.04363558813929558,,,
EXP_LinearModel_Alpha158_csi300_sliding_step40_s_20260111_11,91c306e388e8433fbae734de03637583,2026-05-26,SZ002179,0.06495250016450882,,,
EXP_LinearModel_Alpha158_csi300_sliding_step40_s_20260111_11,91c306e388e8433fbae734de03637583,2026-05-26,SZ002230,0.03081631474196911,,,
EXP_LinearModel_Alpha158_csi300_sliding_step40_s_20260111_11,91c306e388e8433fbae734de03637583,2026-05-26,SZ002236,0.03005239926278591,,,
EXP_LinearModel_Alpha158_csi300_sliding_step40_s_20260111_11,91c306e388e8433fbae734de03637583,2026-05-26,SZ002241,0.0192335806787014,,,
EXP_LinearModel_Alpha158_csi300_sliding_step40_s_20260111_11,91c306e388e8433fbae734de03637583,2026-05-26,SZ002252,-0.01942315883934498,,,
EXP_LinearModel_Alpha158_csi300_sliding_step40_s_20260111_11,91c306e388e8433fbae734de03637583,2026-05-26,SZ002304,-0.022707413882017136,,,
EXP_LinearModel_Alpha158_csi300_sliding_step40_s_20260111_11,91c306e388e8433fbae734de03637583,2026-05-26,SZ002311,-0.056562863290309906,,,
EXP_LinearModel_Alpha158_csi300_sliding_step40_s_20260111_11,91c306e388e8433fbae734de03637583,2026-05-26,SZ002736,-0.007401896640658379,,,
EXP_LinearModel_Alpha158_csi300_sliding_step40_s_20260111_11,91c306e388e8433fbae734de03637583,2026-05-26,SZ002916,-0.10020563751459122,,,
EXP_LinearModel_Alpha158_csi300_sliding_step40_s_20260111_11,91c306e388e8433fbae734de03637583,2026-05-26,SZ002920,0.07202982902526855,,,
EXP_LinearModel_Alpha158_csi300_sliding_step40_s_20260111_11,91c306e388e8433fbae734de03637583,2026-05-26,SZ002938,-0.07074330002069473,,,
EXP_LinearModel_Alpha158_csi300_sliding_step40_s_20260111_11,91c306e388e8433fbae734de03637583,2026-05-26,SZ300498,0.07282301038503647,,,
EXP_LinearModel_Alpha158_csi300_sliding_step40_s_20260111_11,91c306e388e8433fbae734de03637583,2026-05-26,SZ300502,0.012630213052034378,,,
EXP_LinearModel_Alpha158_csi300_sliding_step40_s_20260111_11,91c306e388e8433fbae734de03637583,2026-05-26,SZ300628,0.07266498357057571,,,
EXP_LinearModel_Alpha158_csi300_sliding_step40_s_20260111_11,91c306e388e8433fbae734de03637583,2026-05-26,SZ300661,-0.06237706169486046,,,
EXP_LinearModel_Alpha158_csi300_sliding_step40_s_20260111_11,91c306e388e8433fbae734de03637583,2026-05-26,SZ300750,0.04860362038016319,,,
EXP_LinearModel_Alpha158_csi300_sliding_step40_s_20260111_11,91c306e388e8433fbae734de03637583,2026-05-26,SZ300759,-0.01864415779709816,,,
EXP_LinearModel_Alpha158_csi300_sliding_step40_s_20260111_11,91c306e388e8433fbae734de03637583,2026-05-26,SZ300760,-0.011004050262272358,,,
EXP_LinearModel_Alpha158_csi300_sliding_step40_s_20260111_11,91c306e388e8433fbae734de03637583,2026-05-26,SZ300782,0.03209685906767845,,,
EXP_LinearModel_Alpha158_csi300_sliding_step40_s_20260111_11,91c306e388e8433fbae734de03637583,2026-05-26,SZ300803,-0.022132694721221924,,,
EXP_LinearModel_Alpha158_csi300_sliding_step40_s_20260111_11,91c306e388e8433fbae734de03637583,2026-05-26,SZ300832,-0.008376915007829666,,,
EXP_LinearModel_Alpha158_csi300_sliding_step40_s_20260111_11,91c306e388e8433fbae734de03637583,2026-05-26,SZ300866,-0.017228910699486732,,,
EXP_LinearModel_Alpha158_csi300_sliding_step40_s_20260111_11,91c306e388e8433fbae734de03637583,2026-05-26,SZ300896,-0.033936385065317154,,,
EXP_LinearModel_Alpha158_csi300_sliding_step40_s_20260111_11,91c306e388e8433fbae734de03637583,2026-05-26,SZ300979,0.01230686716735363,,,
EXP_LinearModel_Alpha158_csi300_sliding_step40_s_20260111_11,91c306e388e8433fbae734de03637583,2026-05-26,SZ300999,-0.04830700904130936,,,
EXP_LinearModel_Alpha158_csi300_sliding_step40_s_20260111_11,91c306e388e8433fbae734de03637583,2026-05-26,SZ301236,0.03306559845805168,,,
EXP_LinearModel_Alpha158_csi300_sliding_step40_s_20260111_11,91c306e388e8433fbae734de03637583,2026-05-26,SZ300476,0.03491377830505371,,,
EXP_LinearModel_Alpha158_csi300_sliding_step40_s_20260111_11,91c306e388e8433fbae734de03637583,2026-05-26,SZ001965,-0.11042538285255432,,,
EXP_LinearModel_Alpha158_csi300_sliding_step40_s_20260111_11,91c306e388e8433fbae734de03637583,2026-05-26,SZ300442,0.010724833235144615,,,
EXP_LinearModel_Alpha158_csi300_sliding_step40_s_20260111_11,91c306e388e8433fbae734de03637583,2026-05-26,SZ300418,-0.014164946042001247,,,
EXP_LinearModel_Alpha158_csi300_sliding_step40_s_20260111_11,91c306e388e8433fbae734de03637583,2026-05-26,SZ003816,0.13054586946964264,,,
EXP_LinearModel_Alpha158_csi300_sliding_step40_s_20260111_11,91c306e388e8433fbae734de03637583,2026-05-26,SZ300014,0.023798523470759392,,,
EXP_LinearModel_Alpha158_csi300_sliding_step40_s_20260111_11,91c306e388e8433fbae734de03637583,2026-05-26,SZ300015,-0.050617728382349014,,,
EXP_LinearModel_Alpha158_csi300_sliding_step40_s_20260111_11,91c306e388e8433fbae734de03637583,2026-05-26,SZ300033,0.04107009992003441,,,
EXP_LinearModel_Alpha158_csi300_sliding_step40_s_20260111_11,91c306e388e8433fbae734de03637583,2026-05-26,SZ300059,-0.026087284088134766,,,
EXP_LinearModel_Alpha158_csi300_sliding_step40_s_20260111_11,91c306e388e8433fbae734de03637583,2026-05-26,SZ300122,-0.06283538788557053,,,
EXP_LinearModel_Alpha158_csi300_sliding_step40_s_20260111_11,91c306e388e8433fbae734de03637583,2026-05-26,SZ300124,-0.030356239527463913,,,
EXP_LinearModel_Alpha158_csi300_sliding_step40_s_20260111_11,91c306e388e8433fbae734de03637583,2026-05-26,SZ300251,0.02515900321304798,,,
EXP_LinearModel_Alpha158_csi300_sliding_step40_s_20260111_11,91c306e388e8433fbae734de03637583,2026-05-26,SZ300274,-0.0635102316737175,,,
EXP_LinearModel_Alpha158_csi300_sliding_step40_s_20260111_11,91c306e388e8433fbae734de03637583,2026-05-26,SZ300308,0.05332547053694725,,,
EXP_LinearModel_Alpha158_csi300_sliding_step40_s_20260111_11,91c306e388e8433fbae734de03637583,2026-05-26,SZ300316,-0.004380097147077322,,,
EXP_LinearModel_Alpha158_csi300_sliding_step40_s_20260111_11,91c306e388e8433fbae734de03637583,2026-05-26,SZ300347,0.0820089727640152,,,
EXP_LinearModel_Alpha158_csi300_sliding_step40_s_20260111_11,91c306e388e8433fbae734de03637583,2026-05-26,SZ300394,0.04985331743955612,,,
EXP_LinearModel_Alpha158_csi300_sliding_step40_s_20260111_11,91c306e388e8433fbae734de03637583,2026-05-26,SZ300408,-0.12559552490711212,,,
EXP_LinearModel_Alpha158_csi300_sliding_step40_s_20260111_11,91c306e388e8433fbae734de03637583,2026-05-26,SZ300413,0.018684200942516327,,,
EXP_LinearModel_Alpha158_csi300_sliding_step40_s_20260111_11,91c306e388e8433fbae734de03637583,2026-05-26,SZ300433,-0.039818599820137024,,,
EXP_LinearModel_Alpha158_csi300_sliding_step40_s_20260111_11,91c306e388e8433fbae734de03637583,2026-05-26,SH601919,-0.04812941327691078,,,
EXP_LinearModel_Alpha158_csi300_sliding_step40_s_20260111_11,91c306e388e8433fbae734de03637583,2026-05-26,SZ001391,-0.11554547399282455,,,
EXP_LinearModel_Alpha158_csi300_sliding_step40_s_20260111_11,91c306e388e8433fbae734de03637583,2026-05-26,SZ000983,-0.0389142706990242,,,
EXP_LinearModel_Alpha158_csi300_sliding_step40_s_20260111_11,91c306e388e8433fbae734de03637583,2026-05-26,SH688008,-0.02755562961101532,,,
EXP_LinearModel_Alpha158_csi300_sliding_step40_s_20260111_11,91c306e388e8433fbae734de03637583,2026-05-26,SH688009,0.06059670448303223,,,
EXP_LinearModel_Alpha158_csi300_sliding_step40_s_20260111_11,91c306e388e8433fbae734de03637583,2026-05-26,SH688012,-0.017058828845620155,,,
EXP_LinearModel_Alpha158_csi300_sliding_step40_s_20260111_11,91c306e388e8433fbae734de03637583,2026-05-26,SH688036,0.05818026140332222,,,
EXP_LinearModel_Alpha158_csi300_sliding_step40_s_20260111_11,91c306e388e8433fbae734de03637583,2026-05-26,SH688041,-0.0036373338662087917,,,
EXP_LinearModel_Alpha158_csi300_sliding_step40_s_20260111_11,91c306e388e8433fbae734de03637583,2026-05-26,SH688047,0.02405552752315998,,,
EXP_LinearModel_Alpha158_csi300_sliding_step40_s_20260111_11,91c306e388e8433fbae734de03637583,2026-05-26,SH605499,-0.022767629474401474,,,
EXP_LinearModel_Alpha158_csi300_sliding_step40_s_20260111_11,91c306e388e8433fbae734de03637583,2026-05-26,SH688082,-0.046195320785045624,,,
EXP_LinearModel_Alpha158_csi300_sliding_step40_s_20260111_11,91c306e388e8433fbae734de03637583,2026-05-26,SH688126,0.05548941344022751,,,
EXP_LinearModel_Alpha158_csi300_sliding_step40_s_20260111_11,91c306e388e8433fbae734de03637583,2026-05-26,SH688169,0.012442399747669697,,,
EXP_LinearModel_Alpha158_csi300_sliding_step40_s_20260111_11,91c306e388e8433fbae734de03637583,2026-05-26,SH688187,0.016276845708489418,,,
EXP_LinearModel_Alpha158_csi300_sliding_step40_s_20260111_11,91c306e388e8433fbae734de03637583,2026-05-26,SH688223,-0.0819903090596199,,,
EXP_LinearModel_Alpha158_csi300_sliding_step40_s_20260111_11,91c306e388e8433fbae734de03637583,2026-05-26,SH688256,0.0028026653453707695,,,
EXP_LinearModel_Alpha158_csi300_sliding_step40_s_20260111_11,91c306e388e8433fbae734de03637583,2026-05-26,SH688271,0.001961148576810956,,,
EXP_LinearModel_Alpha158_csi300_sliding_step40_s_20260111_11,91c306e388e8433fbae734de03637583,2026-05-26,SH688111,-0.016930891200900078,,,
EXP_LinearModel_Alpha158_csi300_sliding_step40_s_20260111_11,91c306e388e8433fbae734de03637583,2026-05-26,SH605117,0.03921203315258026,,,
EXP_LinearModel_Alpha158_csi300_sliding_step40_s_20260111_11,91c306e388e8433fbae734de03637583,2026-05-26,SH603993,0.009616730734705925,,,
EXP_LinearModel_Alpha158_csi300_sliding_step40_s_20260111_11,91c306e388e8433fbae734de03637583,2026-05-26,SH603986,-0.1051212027668953,,,
EXP_LinearModel_Alpha158_csi300_sliding_step40_s_20260111_11,91c306e388e8433fbae734de03637583,2026-05-26,SH601985,-0.0017203042516484857,,,
EXP_LinearModel_Alpha158_csi300_sliding_step40_s_20260111_11,91c306e388e8433fbae734de03637583,2026-05-26,SH601988,0.019360560923814774,,,
EXP_LinearModel_Alpha158_csi300_sliding_step40_s_20260111_11,91c306e388e8433fbae734de03637583,2026-05-26,SH601995,0.024499990046024323,,,
EXP_LinearModel_Alpha158_csi300_sliding_step40_s_20260111_11,91c306e388e8433fbae734de03637583,2026-05-26,SH601998,-0.011637973599135876,,,
EXP_LinearModel_Alpha158_csi300_sliding_step40_s_20260111_11,91c306e388e8433fbae734de03637583,2026-05-26,SH603019,0.027115818113088608,,,
EXP_LinearModel_Alpha158_csi300_sliding_step40_s_20260111_11,91c306e388e8433fbae734de03637583,2026-05-26,SH603195,0.014970354735851288,,,
EXP_LinearModel_Alpha158_csi300_sliding_step40_s_20260111_11,91c306e388e8433fbae734de03637583,2026-05-26,SH603259,0.033522699028253555,,,
EXP_LinearModel_Alpha158_csi300_sliding_step40_s_20260111_11,91c306e388e8433fbae734de03637583,2026-05-26,SH603260,-0.026630030944943428,,,
EXP_LinearModel_Alpha158_csi300_sliding_step40_s_20260111_11,91c306e388e8433fbae734de03637583,2026-05-26,SH603288,0.0021632807329297066,,,
EXP_LinearModel_Alpha158_csi300_sliding_step40_s_20260111_11,91c306e388e8433fbae734de03637583,2026-05-26,SH603296,0.042170554399490356,,,
EXP_LinearModel_Alpha158_csi300_sliding_step40_s_20260111_11,91c306e388e8433fbae734de03637583,2026-05-26,SH603369,0.0016198810189962387,,,
EXP_LinearModel_Alpha158_csi300_sliding_step40_s_20260111_11,91c306e388e8433fbae734de03637583,2026-05-26,SH603392,-0.006723389495164156,,,
EXP_LinearModel_Alpha158_csi300_sliding_step40_s_20260111_11,91c306e388e8433fbae734de03637583,2026-05-26,SH603501,-0.04860397055745125,,,
EXP_LinearModel_Alpha158_csi300_sliding_step40_s_20260111_11,91c306e388e8433fbae734de03637583,2026-05-26,SH603799,-0.05650464445352554,,,
EXP_LinearModel_Alpha158_csi300_sliding_step40_s_20260111_11,91c306e388e8433fbae734de03637583,2026-05-26,SH603893,0.0042110406793653965,,,
EXP_LinearModel_Alpha158_csi300_sliding_step40_s_20260111_11,91c306e388e8433fbae734de03637583,2026-05-26,SH688303,-0.010406975634396076,,,
EXP_LinearModel_Alpha158_csi300_sliding_step40_s_20260111_11,91c306e388e8433fbae734de03637583,2026-05-26,SH688396,0.02479611150920391,,,
EXP_LinearModel_Alpha158_csi300_sliding_step40_s_20260111_11,91c306e388e8433fbae734de03637583,2026-05-26,SH688472,-0.0745788961648941,,,
EXP_LinearModel_Alpha158_csi300_sliding_step40_s_20260111_11,91c306e388e8433fbae734de03637583,2026-05-26,SH688506,-0.00042129441862925887,,,
EXP_LinearModel_Alpha158_csi300_sliding_step40_s_20260111_11,91c306e388e8433fbae734de03637583,2026-05-26,SZ000661,-0.03452286124229431,,,
EXP_LinearModel_Alpha158_csi300_sliding_step40_s_20260111_11,91c306e388e8433fbae734de03637583,2026-05-26,SZ000708,-0.03630610555410385,,,
EXP_LinearModel_Alpha158_csi300_sliding_step40_s_20260111_11,91c306e388e8433fbae734de03637583,2026-05-26,SZ000725,-0.11283721774816513,,,
EXP_LinearModel_Alpha158_csi300_sliding_step40_s_20260111_11,91c306e388e8433fbae734de03637583,2026-05-26,SZ000768,-0.06687109917402267,,,
EXP_LinearModel_Alpha158_csi300_sliding_step40_s_20260111_11,91c306e388e8433fbae734de03637583,2026-05-26,SZ000776,-0.06192902475595474,,,
EXP_LinearModel_Alpha158_csi300_sliding_step40_s_20260111_11,91c306e388e8433fbae734de03637583,2026-05-26,SZ000786,0.03299744054675102,,,
EXP_LinearModel_Alpha158_csi300_sliding_step40_s_20260111_11,91c306e388e8433fbae734de03637583,2026-05-26,SZ000792,-0.025663716718554497,,,
EXP_LinearModel_Alpha158_csi300_sliding_step40_s_20260111_11,91c306e388e8433fbae734de03637583,2026-05-26,SZ000807,0.0020310848485678434,,,
EXP_LinearModel_Alpha158_csi300_sliding_step40_s_20260111_11,91c306e388e8433fbae734de03637583,2026-05-26,SZ000858,0.005359330214560032,,,
EXP_LinearModel_Alpha158_csi300_sliding_step40_s_20260111_11,91c306e388e8433fbae734de03637583,2026-05-26,SZ000876,-0.07801397889852524,,,
EXP_LinearModel_Alpha158_csi300_sliding_step40_s_20260111_11,91c306e388e8433fbae734de03637583,2026-05-26,SZ000895,0.08178364485502243,,,
EXP_LinearModel_Alpha158_csi300_sliding_step40_s_20260111_11,91c306e388e8433fbae734de03637583,2026-05-26,SZ000938,0.07450731843709946,,,
EXP_LinearModel_Alpha158_csi300_sliding_step40_s_20260111_11,91c306e388e8433fbae734de03637583,2026-05-26,SZ000963,0.046877000480890274,,,
EXP_LinearModel_Alpha158_csi300_sliding_step40_s_20260111_11,91c306e388e8433fbae734de03637583,2026-05-26,SZ000975,-0.040842205286026,,,
EXP_LinearModel_Alpha158_csi300_sliding_step40_s_20260111_11,91c306e388e8433fbae734de03637583,2026-05-26,SZ000977,0.05096159875392914,,,
EXP_LinearModel_Alpha158_csi300_sliding_step40_s_20260111_11,91c306e388e8433fbae734de03637583,2026-05-26,SZ000651,-0.06534334272146225,,,
EXP_LinearModel_Alpha158_csi300_sliding_step40_s_20260111_11,91c306e388e8433fbae734de03637583,2026-05-26,SZ000999,-0.03444526344537735,,,
EXP_LinearModel_Alpha158_csi300_sliding_step40_s_20260111_11,91c306e388e8433fbae734de03637583,2026-05-26,SZ000630,-0.026015473529696465,,,
EXP_LinearModel_Alpha158_csi300_sliding_step40_s_20260111_11,91c306e388e8433fbae734de03637583,2026-05-26,SZ000617,0.04772933945059776,,,
EXP_LinearModel_Alpha158_csi300_sliding_step40_s_20260111_11,91c306e388e8433fbae734de03637583,2026-05-26,SH688981,-0.08188889920711517,,,
EXP_LinearModel_Alpha158_csi300_sliding_step40_s_20260111_11,91c306e388e8433fbae734de03637583,2026-05-26,SZ000001,-0.10669852793216705,,,
EXP_LinearModel_Alpha158_csi300_sliding_step40_s_20260111_11,91c306e388e8433fbae734de03637583,2026-05-26,SZ000002,0.041243068873882294,,,
EXP_LinearModel_Alpha158_csi300_sliding_step40_s_20260111_11,91c306e388e8433fbae734de03637583,2026-05-26,SZ000063,0.03943503275513649,,,
EXP_LinearModel_Alpha158_csi300_sliding_step40_s_20260111_11,91c306e388e8433fbae734de03637583,2026-05-26,SZ000100,-0.021929964423179626,,,
EXP_LinearModel_Alpha158_csi300_sliding_step40_s_20260111_11,91c306e388e8433fbae734de03637583,2026-05-26,SZ000157,-0.06746461987495422,,,
EXP_LinearModel_Alpha158_csi300_sliding_step40_s_20260111_11,91c306e388e8433fbae734de03637583,2026-05-26,SZ000166,-0.05729486048221588,,,
EXP_LinearModel_Alpha158_csi300_sliding_step40_s_20260111_11,91c306e388e8433fbae734de03637583,2026-05-26,SZ000301,0.006337257567793131,,,
EXP_LinearModel_Alpha158_csi300_sliding_step40_s_20260111_11,91c306e388e8433fbae734de03637583,2026-05-26,SZ000333,0.07305318117141724,,,
EXP_LinearModel_Alpha158_csi300_sliding_step40_s_20260111_11,91c306e388e8433fbae734de03637583,2026-05-26,SZ000338,0.06931427121162415,,,
EXP_LinearModel_Alpha158_csi300_sliding_step40_s_20260111_11,91c306e388e8433fbae734de03637583,2026-05-26,SZ000408,-0.039420004934072495,,,
EXP_LinearModel_Alpha158_csi300_sliding_step40_s_20260111_11,91c306e388e8433fbae734de03637583,2026-05-26,SZ000425,-0.025281816720962524,,,
EXP_LinearModel_Alpha158_csi300_sliding_step40_s_20260111_11,91c306e388e8433fbae734de03637583,2026-05-26,SZ000538,0.05228779837489128,,,
EXP_LinearModel_Alpha158_csi300_sliding_step40_s_20260111_11,91c306e388e8433fbae734de03637583,2026-05-26,SZ000568,-0.018457138910889626,,,
EXP_LinearModel_Alpha158_csi300_sliding_step40_s_20260111_11,91c306e388e8433fbae734de03637583,2026-05-26,SZ000596,0.016950994729995728,,,
EXP_LinearModel_Alpha158_csi300_sliding_step40_s_20260111_11,91c306e388e8433fbae734de03637583,2026-05-26,SZ000625,0.04605269804596901,,,
EXP_LinearModel_Alpha158_csi300_sliding_step40_s_20260111_11,91c306e388e8433fbae734de03637583,2026-05-26,SZ301269,-0.1291152536869049,,,
EXP_LinearModel_Alpha158_csi300_sliding_step40_s_20260111_11,91c306e388e8433fbae734de03637583,2026-05-26,SH600000,-0.014312122017145157,,,
EXP_LinearModel_Alpha158_csi300_expanding_step40_s_20260111_12,ab464936a4bd47ddb5b42e4aa3319072,2026-05-26,SZ301269,-0.06702574342489243,,,
EXP_LinearModel_Alpha158_csi300_expanding_step40_s_20260111_12,ab464936a4bd47ddb5b42e4aa3319072,2026-05-26,SH601127,-0.020003076642751694,,,
EXP_LinearModel_Alpha158_csi300_expanding_step40_s_20260111_12,ab464936a4bd47ddb5b42e4aa3319072,2026-05-26,SH601136,-0.016402224078774452,,,
EXP_LinearModel_Alpha158_csi300_expanding_step40_s_20260111_12,ab464936a4bd47ddb5b42e4aa3319072,2026-05-26,SH601138,-0.0008215303532779217,,,
EXP_LinearModel_Alpha158_csi300_expanding_step40_s_20260111_12,ab464936a4bd47ddb5b42e4aa3319072,2026-05-26,SH601166,-0.0008038235828280449,,,
EXP_LinearModel_Alpha158_csi300_expanding_step40_s_20260111_12,ab464936a4bd47ddb5b42e4aa3319072,2026-05-26,SH601169,-0.01490701362490654,,,
EXP_LinearModel_Alpha158_csi300_expanding_step40_s_20260111_12,ab464936a4bd47ddb5b42e4aa3319072,2026-05-26,SH601186,0.03931616246700287,,,
EXP_LinearModel_Alpha158_csi300_expanding_step40_s_20260111_12,ab464936a4bd47ddb5b42e4aa3319072,2026-05-26,SH601117,-0.021563932299613953,,,
EXP_LinearModel_Alpha158_csi300_expanding_step40_s_20260111_12,ab464936a4bd47ddb5b42e4aa3319072,2026-05-26,SH601211,-0.0064519839361310005,,,
EXP_LinearModel_Alpha158_csi300_expanding_step40_s_20260111_12,ab464936a4bd47ddb5b42e4aa3319072,2026-05-26,SH601229,0.0037555829621851444,,,
EXP_LinearModel_Alpha158_csi300_expanding_step40_s_20260111_12,ab464936a4bd47ddb5b42e4aa3319072,2026-05-26,SH601236,0.019933108240365982,,,
EXP_LinearModel_Alpha158_csi300_expanding_step40_s_20260111_12,ab464936a4bd47ddb5b42e4aa3319072,2026-05-26,SH601238,0.04202842712402344,,,
EXP_LinearModel_Alpha158_csi300_expanding_step40_s_20260111_12,ab464936a4bd47ddb5b42e4aa3319072,2026-05-26,SH601288,0.03932030871510506,,,
EXP_LinearModel_Alpha158_csi300_expanding_step40_s_20260111_12,ab464936a4bd47ddb5b42e4aa3319072,2026-05-26,SH601298,0.03475480154156685,,,
EXP_LinearModel_Alpha158_csi300_expanding_step40_s_20260111_12,ab464936a4bd47ddb5b42e4aa3319072,2026-05-26,SH601318,0.0019185415003448725,,,
EXP_LinearModel_Alpha158_csi300_expanding_step40_s_20260111_12,ab464936a4bd47ddb5b42e4aa3319072,2026-05-26,SH601225,0.018115974962711334,,,
EXP_LinearModel_Alpha158_csi300_expanding_step40_s_20260111_12,ab464936a4bd47ddb5b42e4aa3319072,2026-05-26,SH601111,-0.013036208227276802,,,
EXP_LinearModel_Alpha158_csi300_expanding_step40_s_20260111_12,ab464936a4bd47ddb5b42e4aa3319072,2026-05-26,SH601100,0.03397287428379059,,,
EXP_LinearModel_Alpha158_csi300_expanding_step40_s_20260111_12,ab464936a4bd47ddb5b42e4aa3319072,2026-05-26,SH601088,0.031704846769571304,,,
EXP_LinearModel_Alpha158_csi300_expanding_step40_s_20260111_12,ab464936a4bd47ddb5b42e4aa3319072,2026-05-26,SH600930,-0.03531840071082115,,,
EXP_LinearModel_Alpha158_csi300_expanding_step40_s_20260111_12,ab464936a4bd47ddb5b42e4aa3319072,2026-05-26,SH600938,-0.0031004210468381643,,,
EXP_LinearModel_Alpha158_csi300_expanding_step40_s_20260111_12,ab464936a4bd47ddb5b42e4aa3319072,2026-05-26,SH600941,-0.017779672518372536,,,
EXP_LinearModel_Alpha158_csi300_expanding_step40_s_20260111_12,ab464936a4bd47ddb5b42e4aa3319072,2026-05-26,SH600958,,,,
EXP_LinearModel_Alpha158_csi300_expanding_step40_s_20260111_12,ab464936a4bd47ddb5b42e4aa3319072,2026-05-26,SH600989,0.045485083013772964,,,
EXP_LinearModel_Alpha158_csi300_expanding_step40_s_20260111_12,ab464936a4bd47ddb5b42e4aa3319072,2026-05-26,SH600999,-0.0165275689214468,,,
EXP_LinearModel_Alpha158_csi300_expanding_step40_s_20260111_12,ab464936a4bd47ddb5b42e4aa3319072,2026-05-26,SH601006,0.04132702574133873,,,
EXP_LinearModel_Alpha158_csi300_expanding_step40_s_20260111_12,ab464936a4bd47ddb5b42e4aa3319072,2026-05-26,SH601009,0.047801002860069275,,,
EXP_LinearModel_Alpha158_csi300_expanding_step40_s_20260111_12,ab464936a4bd47ddb5b42e4aa3319072,2026-05-26,SH601012,0.033133335411548615,,,
EXP_LinearModel_Alpha158_csi300_expanding_step40_s_20260111_12,ab464936a4bd47ddb5b42e4aa3319072,2026-05-26,SH601018,0.05663319677114487,,,
EXP_LinearModel_Alpha158_csi300_expanding_step40_s_20260111_12,ab464936a4bd47ddb5b42e4aa3319072,2026-05-26,SH601021,-0.00790580827742815,,,
EXP_LinearModel_Alpha158_csi300_expanding_step40_s_20260111_12,ab464936a4bd47ddb5b42e4aa3319072,2026-05-26,SH601058,-0.02662069909274578,,,
EXP_LinearModel_Alpha158_csi300_expanding_step40_s_20260111_12,ab464936a4bd47ddb5b42e4aa3319072,2026-05-26,SH601059,-0.006709214299917221,,,
EXP_LinearModel_Alpha158_csi300_expanding_step40_s_20260111_12,ab464936a4bd47ddb5b42e4aa3319072,2026-05-26,SH601066,-0.04931765794754028,,,
EXP_LinearModel_Alpha158_csi300_expanding_step40_s_20260111_12,ab464936a4bd47ddb5b42e4aa3319072,2026-05-26,SH601077,0.06985132396221161,,,
EXP_LinearModel_Alpha158_csi300_expanding_step40_s_20260111_12,ab464936a4bd47ddb5b42e4aa3319072,2026-05-26,SH601319,0.00744911702349782,,,
EXP_LinearModel_Alpha158_csi300_expanding_step40_s_20260111_12,ab464936a4bd47ddb5b42e4aa3319072,2026-05-26,SH601328,0.054426923394203186,,,
EXP_LinearModel_Alpha158_csi300_expanding_step40_s_20260111_12,ab464936a4bd47ddb5b42e4aa3319072,2026-05-26,SH601336,-0.018934985622763634,,,
EXP_LinearModel_Alpha158_csi300_expanding_step40_s_20260111_12,ab464936a4bd47ddb5b42e4aa3319072,2026-05-26,SH601360,0.017154840752482414,,,
EXP_LinearModel_Alpha158_csi300_expanding_step40_s_20260111_12,ab464936a4bd47ddb5b42e4aa3319072,2026-05-26,SH601800,0.03486625477671623,,,
EXP_LinearModel_Alpha158_csi300_expanding_step40_s_20260111_12,ab464936a4bd47ddb5b42e4aa3319072,2026-05-26,SH601808,0.005269211251288652,,,
EXP_LinearModel_Alpha158_csi300_expanding_step40_s_20260111_12,ab464936a4bd47ddb5b42e4aa3319072,2026-05-26,SH601816,-0.039037223905324936,,,
EXP_LinearModel_Alpha158_csi300_expanding_step40_s_20260111_12,ab464936a4bd47ddb5b42e4aa3319072,2026-05-26,SH601818,0.02443793974816799,,,
EXP_LinearModel_Alpha158_csi300_expanding_step40_s_20260111_12,ab464936a4bd47ddb5b42e4aa3319072,2026-05-26,SH601825,0.04015247896313667,,,
EXP_LinearModel_Alpha158_csi300_expanding_step40_s_20260111_12,ab464936a4bd47ddb5b42e4aa3319072,2026-05-26,SH601838,0.03326887637376785,,,
EXP_LinearModel_Alpha158_csi300_expanding_step40_s_20260111_12,ab464936a4bd47ddb5b42e4aa3319072,2026-05-26,SH601857,-0.004002303350716829,,,
EXP_LinearModel_Alpha158_csi300_expanding_step40_s_20260111_12,ab464936a4bd47ddb5b42e4aa3319072,2026-05-26,SH601868,-0.02187630534172058,,,
EXP_LinearModel_Alpha158_csi300_expanding_step40_s_20260111_12,ab464936a4bd47ddb5b42e4aa3319072,2026-05-26,SH601872,0.03184226527810097,,,
EXP_LinearModel_Alpha158_csi300_expanding_step40_s_20260111_12,ab464936a4bd47ddb5b42e4aa3319072,2026-05-26,SH601877,0.025679949671030045,,,
EXP_LinearModel_Alpha158_csi300_expanding_step40_s_20260111_12,ab464936a4bd47ddb5b42e4aa3319072,2026-05-26,SH601878,-0.026843950152397156,,,
EXP_LinearModel_Alpha158_csi300_expanding_step40_s_20260111_12,ab464936a4bd47ddb5b42e4aa3319072,2026-05-26,SH601881,-0.0036691937129944563,,,
EXP_LinearModel_Alpha158_csi300_expanding_step40_s_20260111_12,ab464936a4bd47ddb5b42e4aa3319072,2026-05-26,SH601888,0.03928735479712486,,,
EXP_LinearModel_Alpha158_csi300_expanding_step40_s_20260111_12,ab464936a4bd47ddb5b42e4aa3319072,2026-05-26,SH601898,0.05001136660575867,,,
EXP_LinearModel_Alpha158_csi300_expanding_step40_s_20260111_12,ab464936a4bd47ddb5b42e4aa3319072,2026-05-26,SH601899,-0.009086089208722115,,,
EXP_LinearModel_Alpha158_csi300_expanding_step40_s_20260111_12,ab464936a4bd47ddb5b42e4aa3319072,2026-05-26,SH601788,0.019185665994882584,,,
EXP_LinearModel_Alpha158_csi300_expanding_step40_s_20260111_12,ab464936a4bd47ddb5b42e4aa3319072,2026-05-26,SH600926,0.03982078284025192,,,
EXP_LinearModel_Alpha158_csi300_expanding_step40_s_20260111_12,ab464936a4bd47ddb5b42e4aa3319072,2026-05-26,SH601766,0.001746451947838068,,,
EXP_LinearModel_Alpha158_csi300_expanding_step40_s_20260111_12,ab464936a4bd47ddb5b42e4aa3319072,2026-05-26,SH601698,0.0012433858355507255,,,
EXP_LinearModel_Alpha158_csi300_expanding_step40_s_20260111_12,ab464936a4bd47ddb5b42e4aa3319072,2026-05-26,SH601377,0.010670828633010387,,,
EXP_LinearModel_Alpha158_csi300_expanding_step40_s_20260111_12,ab464936a4bd47ddb5b42e4aa3319072,2026-05-26,SH601390,-0.000936634314712137,,,
EXP_LinearModel_Alpha158_csi300_expanding_step40_s_20260111_12,ab464936a4bd47ddb5b42e4aa3319072,2026-05-26,SH601398,0.05298972129821777,,,
EXP_LinearModel_Alpha158_csi300_expanding_step40_s_20260111_12,ab464936a4bd47ddb5b42e4aa3319072,2026-05-26,SH601456,4.158525189268403e-05,,,
EXP_LinearModel_Alpha158_csi300_expanding_step40_s_20260111_12,ab464936a4bd47ddb5b42e4aa3319072,2026-05-26,SH601600,-0.03183595463633537,,,
EXP_LinearModel_Alpha158_csi300_expanding_step40_s_20260111_12,ab464936a4bd47ddb5b42e4aa3319072,2026-05-26,SH601601,0.026646824553608894,,,
EXP_LinearModel_Alpha158_csi300_expanding_step40_s_20260111_12,ab464936a4bd47ddb5b42e4aa3319072,2026-05-26,SH601607,0.03263148292899132,,,
EXP_LinearModel_Alpha158_csi300_expanding_step40_s_20260111_12,ab464936a4bd47ddb5b42e4aa3319072,2026-05-26,SH601618,0.011473862454295158,,,
EXP_LinearModel_Alpha158_csi300_expanding_step40_s_20260111_12,ab464936a4bd47ddb5b42e4aa3319072,2026-05-26,SH601628,0.020531659945845604,,,
EXP_LinearModel_Alpha158_csi300_expanding_step40_s_20260111_12,ab464936a4bd47ddb5b42e4aa3319072,2026-05-26,SH601633,0.06833045929670334,,,
EXP_LinearModel_Alpha158_csi300_expanding_step40_s_20260111_12,ab464936a4bd47ddb5b42e4aa3319072,2026-05-26,SH601658,0.003995609935373068,,,
EXP_LinearModel_Alpha158_csi300_expanding_step40_s_20260111_12,ab464936a4bd47ddb5b42e4aa3319072,2026-05-26,SH601668,0.004337698686867952,,,
EXP_LinearModel_Alpha158_csi300_expanding_step40_s_20260111_12,ab464936a4bd47ddb5b42e4aa3319072,2026-05-26,SH601669,-0.02615906111896038,,,
EXP_LinearModel_Alpha158_csi300_expanding_step40_s_20260111_12,ab464936a4bd47ddb5b42e4aa3319072,2026-05-26,SH601688,-0.012728175148367882,,,
EXP_LinearModel_Alpha158_csi300_expanding_step40_s_20260111_12,ab464936a4bd47ddb5b42e4aa3319072,2026-05-26,SH601689,0.016121432185173035,,,
EXP_LinearModel_Alpha158_csi300_expanding_step40_s_20260111_12,ab464936a4bd47ddb5b42e4aa3319072,2026-05-26,SH601728,-0.018295587971806526,,,
EXP_LinearModel_Alpha158_csi300_expanding_step40_s_20260111_12,ab464936a4bd47ddb5b42e4aa3319072,2026-05-26,SH601901,0.0028248107992112637,,,
EXP_LinearModel_Alpha158_csi300_expanding_step40_s_20260111_12,ab464936a4bd47ddb5b42e4aa3319072,2026-05-26,SH600919,0.03903800621628761,,,
EXP_LinearModel_Alpha158_csi300_expanding_step40_s_20260111_12,ab464936a4bd47ddb5b42e4aa3319072,2026-05-26,SH600905,-0.008085985668003559,,,
EXP_LinearModel_Alpha158_csi300_expanding_step40_s_20260111_12,ab464936a4bd47ddb5b42e4aa3319072,2026-05-26,SH600066,-0.0074177696369588375,,,
EXP_LinearModel_Alpha158_csi300_expanding_step40_s_20260111_12,ab464936a4bd47ddb5b42e4aa3319072,2026-05-26,SH600085,0.026533907279372215,,,
EXP_LinearModel_Alpha158_csi300_expanding_step40_s_20260111_12,ab464936a4bd47ddb5b42e4aa3319072,2026-05-26,SH600089,-0.016831273213028908,,,
EXP_LinearModel_Alpha158_csi300_expanding_step40_s_20260111_12,ab464936a4bd47ddb5b42e4aa3319072,2026-05-26,SH600104,0.035441894084215164,,,
EXP_LinearModel_Alpha158_csi300_expanding_step40_s_20260111_12,ab464936a4bd47ddb5b42e4aa3319072,2026-05-26,SH600111,-0.03712693601846695,,,
EXP_LinearModel_Alpha158_csi300_expanding_step40_s_20260111_12,ab464936a4bd47ddb5b42e4aa3319072,2026-05-26,SH600115,-0.00011179417924722657,,,
EXP_LinearModel_Alpha158_csi300_expanding_step40_s_20260111_12,ab464936a4bd47ddb5b42e4aa3319072,2026-05-26,SH600061,0.0018539406592026353,,,
EXP_LinearModel_Alpha158_csi300_expanding_step40_s_20260111_12,ab464936a4bd47ddb5b42e4aa3319072,2026-05-26,SH600150,-0.04476037994027138,,,
EXP_LinearModel_Alpha158_csi300_expanding_step40_s_20260111_12,ab464936a4bd47ddb5b42e4aa3319072,2026-05-26,SH600161,0.009340106509625912,,,
EXP_LinearModel_Alpha158_csi300_expanding_step40_s_20260111_12,ab464936a4bd47ddb5b42e4aa3319072,2026-05-26,SH600176,0.01631937548518181,,,
EXP_LinearModel_Alpha158_csi300_expanding_step40_s_20260111_12,ab464936a4bd47ddb5b42e4aa3319072,2026-05-26,SH600183,0.006762851495295763,,,
EXP_LinearModel_Alpha158_csi300_expanding_step40_s_20260111_12,ab464936a4bd47ddb5b42e4aa3319072,2026-05-26,SH600188,0.012852214276790619,,,
EXP_LinearModel_Alpha158_csi300_expanding_step40_s_20260111_12,ab464936a4bd47ddb5b42e4aa3319072,2026-05-26,SH600196,0.028263786807656288,,,
EXP_LinearModel_Alpha158_csi300_expanding_step40_s_20260111_12,ab464936a4bd47ddb5b42e4aa3319072,2026-05-26,SH600219,-0.023653557524085045,,,
EXP_LinearModel_Alpha158_csi300_expanding_step40_s_20260111_12,ab464936a4bd47ddb5b42e4aa3319072,2026-05-26,SH600160,-0.015544114634394646,,,
EXP_LinearModel_Alpha158_csi300_expanding_step40_s_20260111_12,ab464936a4bd47ddb5b42e4aa3319072,2026-05-26,SH600050,-0.007751163095235825,,,
EXP_LinearModel_Alpha158_csi300_expanding_step40_s_20260111_12,ab464936a4bd47ddb5b42e4aa3319072,2026-05-26,SH600048,-0.0032435234170407057,,,
EXP_LinearModel_Alpha158_csi300_expanding_step40_s_20260111_12,ab464936a4bd47ddb5b42e4aa3319072,2026-05-26,SH600039,0.01711798831820488,,,
EXP_LinearModel_Alpha158_csi300_expanding_step40_s_20260111_12,ab464936a4bd47ddb5b42e4aa3319072,2026-05-26,SH600010,0.006767439190298319,,,
EXP_LinearModel_Alpha158_csi300_expanding_step40_s_20260111_12,ab464936a4bd47ddb5b42e4aa3319072,2026-05-26,SH600011,-0.014589725993573666,,,
EXP_LinearModel_Alpha158_csi300_expanding_step40_s_20260111_12,ab464936a4bd47ddb5b42e4aa3319072,2026-05-26,SH600015,0.026866793632507324,,,
EXP_LinearModel_Alpha158_csi300_expanding_step40_s_20260111_12,ab464936a4bd47ddb5b42e4aa3319072,2026-05-26,SH600016,0.03276605159044266,,,
EXP_LinearModel_Alpha158_csi300_expanding_step40_s_20260111_12,ab464936a4bd47ddb5b42e4aa3319072,2026-05-26,SH600018,0.01603700965642929,,,
EXP_LinearModel_Alpha158_csi300_expanding_step40_s_20260111_12,ab464936a4bd47ddb5b42e4aa3319072,2026-05-26,SH600019,-0.018651926890015602,,,
EXP_LinearModel_Alpha158_csi300_expanding_step40_s_20260111_12,ab464936a4bd47ddb5b42e4aa3319072,2026-05-26,SH600023,-0.013007880188524723,,,
EXP_LinearModel_Alpha158_csi300_expanding_step40_s_20260111_12,ab464936a4bd47ddb5b42e4aa3319072,2026-05-26,SH600025,0.009719706140458584,,,
EXP_LinearModel_Alpha158_csi300_expanding_step40_s_20260111_12,ab464936a4bd47ddb5b42e4aa3319072,2026-05-26,SH600026,0.031964901834726334,,,
EXP_LinearModel_Alpha158_csi300_expanding_step40_s_20260111_12,ab464936a4bd47ddb5b42e4aa3319072,2026-05-26,SH600027,0.010519266128540039,,,
EXP_LinearModel_Alpha158_csi300_expanding_step40_s_20260111_12,ab464936a4bd47ddb5b42e4aa3319072,2026-05-26,SH600028,0.01605323515832424,,,
EXP_LinearModel_Alpha158_csi300_expanding_step40_s_20260111_12,ab464936a4bd47ddb5b42e4aa3319072,2026-05-26,SH600029,-0.006420964375138283,,,
EXP_LinearModel_Alpha158_csi300_expanding_step40_s_20260111_12,ab464936a4bd47ddb5b42e4aa3319072,2026-05-26,SH600030,-0.03327963128685951,,,
EXP_LinearModel_Alpha158_csi300_expanding_step40_s_20260111_12,ab464936a4bd47ddb5b42e4aa3319072,2026-05-26,SH600031,0.008521676994860172,,,
EXP_LinearModel_Alpha158_csi300_expanding_step40_s_20260111_12,ab464936a4bd47ddb5b42e4aa3319072,2026-05-26,SH600036,0.008423423394560814,,,
EXP_LinearModel_Alpha158_csi300_expanding_step40_s_20260111_12,ab464936a4bd47ddb5b42e4aa3319072,2026-05-26,SH600233,0.002253948478028178,,,
EXP_LinearModel_Alpha158_csi300_expanding_step40_s_20260111_12,ab464936a4bd47ddb5b42e4aa3319072,2026-05-26,SH600276,0.002394753275439143,,,
EXP_LinearModel_Alpha158_csi300_expanding_step40_s_20260111_12,ab464936a4bd47ddb5b42e4aa3319072,2026-05-26,SH600309,0.012919798493385315,,,
EXP_LinearModel_Alpha158_csi300_expanding_step40_s_20260111_12,ab464936a4bd47ddb5b42e4aa3319072,2026-05-26,SH600346,0.03066866099834442,,,
EXP_LinearModel_Alpha158_csi300_expanding_step40_s_20260111_12,ab464936a4bd47ddb5b42e4aa3319072,2026-05-26,SH600600,-0.002702502068132162,,,
EXP_LinearModel_Alpha158_csi300_expanding_step40_s_20260111_12,ab464936a4bd47ddb5b42e4aa3319072,2026-05-26,SH600660,-0.000938642187975347,,,
EXP_LinearModel_Alpha158_csi300_expanding_step40_s_20260111_12,ab464936a4bd47ddb5b42e4aa3319072,2026-05-26,SH600674,-0.017307410016655922,,,
EXP_LinearModel_Alpha158_csi300_expanding_step40_s_20260111_12,ab464936a4bd47ddb5b42e4aa3319072,2026-05-26,SH600690,0.003753487952053547,,,
EXP_LinearModel_Alpha158_csi300_expanding_step40_s_20260111_12,ab464936a4bd47ddb5b42e4aa3319072,2026-05-26,SH600741,0.05173376202583313,,,
EXP_LinearModel_Alpha158_csi300_expanding_step40_s_20260111_12,ab464936a4bd47ddb5b42e4aa3319072,2026-05-26,SH600760,0.014479600824415684,,,
EXP_LinearModel_Alpha158_csi300_expanding_step40_s_20260111_12,ab464936a4bd47ddb5b42e4aa3319072,2026-05-26,SH600795,0.01623613014817238,,,
EXP_LinearModel_Alpha158_csi300_expanding_step40_s_20260111_12,ab464936a4bd47ddb5b42e4aa3319072,2026-05-26,SH600803,-0.03772439435124397,,,
EXP_LinearModel_Alpha158_csi300_expanding_step40_s_20260111_12,ab464936a4bd47ddb5b42e4aa3319072,2026-05-26,SH600809,0.015772966668009758,,,
EXP_LinearModel_Alpha158_csi300_expanding_step40_s_20260111_12,ab464936a4bd47ddb5b42e4aa3319072,2026-05-26,SH600845,0.03699250519275665,,,
EXP_LinearModel_Alpha158_csi300_expanding_step40_s_20260111_12,ab464936a4bd47ddb5b42e4aa3319072,2026-05-26,SH600875,0.00495855463668704,,,
EXP_LinearModel_Alpha158_csi300_expanding_step40_s_20260111_12,ab464936a4bd47ddb5b42e4aa3319072,2026-05-26,SH600886,-0.01637183129787445,,,
EXP_LinearModel_Alpha158_csi300_expanding_step40_s_20260111_12,ab464936a4bd47ddb5b42e4aa3319072,2026-05-26,SH600887,-0.013410980813205242,,,
EXP_LinearModel_Alpha158_csi300_expanding_step40_s_20260111_12,ab464936a4bd47ddb5b42e4aa3319072,2026-05-26,SH600893,-0.003644959768280387,,,
EXP_LinearModel_Alpha158_csi300_expanding_step40_s_20260111_12,ab464936a4bd47ddb5b42e4aa3319072,2026-05-26,SH600900,-0.04021622613072395,,,
EXP_LinearModel_Alpha158_csi300_expanding_step40_s_20260111_12,ab464936a4bd47ddb5b42e4aa3319072,2026-05-26,SH600588,0.03677988424897194,,,
EXP_LinearModel_Alpha158_csi300_expanding_step40_s_20260111_12,ab464936a4bd47ddb5b42e4aa3319072,2026-05-26,SH600918,0.030969562008976936,,,
EXP_LinearModel_Alpha158_csi300_expanding_step40_s_20260111_12,ab464936a4bd47ddb5b42e4aa3319072,2026-05-26,SH600585,0.004168489016592503,,,
EXP_LinearModel_Alpha158_csi300_expanding_step40_s_20260111_12,ab464936a4bd47ddb5b42e4aa3319072,2026-05-26,SH600570,0.017559649422764778,,,
EXP_LinearModel_Alpha158_csi300_expanding_step40_s_20260111_12,ab464936a4bd47ddb5b42e4aa3319072,2026-05-26,SH600362,-0.043288011103868484,,,
EXP_LinearModel_Alpha158_csi300_expanding_step40_s_20260111_12,ab464936a4bd47ddb5b42e4aa3319072,2026-05-26,SH600372,0.012772087007761002,,,
EXP_LinearModel_Alpha158_csi300_expanding_step40_s_20260111_12,ab464936a4bd47ddb5b42e4aa3319072,2026-05-26,SH600377,-0.009221361018717289,,,
EXP_LinearModel_Alpha158_csi300_expanding_step40_s_20260111_12,ab464936a4bd47ddb5b42e4aa3319072,2026-05-26,SH600406,-0.0019479331094771624,,,
EXP_LinearModel_Alpha158_csi300_expanding_step40_s_20260111_12,ab464936a4bd47ddb5b42e4aa3319072,2026-05-26,SH600415,0.0028751068748533726,,,
EXP_LinearModel_Alpha158_csi300_expanding_step40_s_20260111_12,ab464936a4bd47ddb5b42e4aa3319072,2026-05-26,SH600426,0.05298184975981712,,,
EXP_LinearModel_Alpha158_csi300_expanding_step40_s_20260111_12,ab464936a4bd47ddb5b42e4aa3319072,2026-05-26,SH600436,0.044977642595767975,,,
EXP_LinearModel_Alpha158_csi300_expanding_step40_s_20260111_12,ab464936a4bd47ddb5b42e4aa3319072,2026-05-26,SH600438,,,,
EXP_LinearModel_Alpha158_csi300_expanding_step40_s_20260111_12,ab464936a4bd47ddb5b42e4aa3319072,2026-05-26,SH600460,-0.003931182436645031,,,
EXP_LinearModel_Alpha158_csi300_expanding_step40_s_20260111_12,ab464936a4bd47ddb5b42e4aa3319072,2026-05-26,SH600482,0.010842072777450085,,,
EXP_LinearModel_Alpha158_csi300_expanding_step40_s_20260111_12,ab464936a4bd47ddb5b42e4aa3319072,2026-05-26,SH600489,-0.024473370984196663,,,
EXP_LinearModel_Alpha158_csi300_expanding_step40_s_20260111_12,ab464936a4bd47ddb5b42e4aa3319072,2026-05-26,SH600515,0.018098104745149612,,,
EXP_LinearModel_Alpha158_csi300_expanding_step40_s_20260111_12,ab464936a4bd47ddb5b42e4aa3319072,2026-05-26,SH600519,0.049443311989307404,,,
EXP_LinearModel_Alpha158_csi300_expanding_step40_s_20260111_12,ab464936a4bd47ddb5b42e4aa3319072,2026-05-26,SH600522,0.03367118164896965,,,
EXP_LinearModel_Alpha158_csi300_expanding_step40_s_20260111_12,ab464936a4bd47ddb5b42e4aa3319072,2026-05-26,SH600547,-0.015557513572275639,,,
EXP_LinearModel_Alpha158_csi300_expanding_step40_s_20260111_12,ab464936a4bd47ddb5b42e4aa3319072,2026-05-26,SH600584,-0.04280170798301697,,,
EXP_LinearModel_Alpha158_csi300_expanding_step40_s_20260111_12,ab464936a4bd47ddb5b42e4aa3319072,2026-05-26,SZ302132,-0.025225922465324402,,,
EXP_LinearModel_Alpha158_csi300_expanding_step40_s_20260111_12,ab464936a4bd47ddb5b42e4aa3319072,2026-05-26,SH601916,0.007317870389670134,,,
EXP_LinearModel_Alpha158_csi300_expanding_step40_s_20260111_12,ab464936a4bd47ddb5b42e4aa3319072,2026-05-26,SH601939,0.0007211355841718614,,,
EXP_LinearModel_Alpha158_csi300_expanding_step40_s_20260111_12,ab464936a4bd47ddb5b42e4aa3319072,2026-05-26,SZ002422,-0.00910844188183546,,,
EXP_LinearModel_Alpha158_csi300_expanding_step40_s_20260111_12,ab464936a4bd47ddb5b42e4aa3319072,2026-05-26,SZ002459,0.028171876445412636,,,
EXP_LinearModel_Alpha158_csi300_expanding_step40_s_20260111_12,ab464936a4bd47ddb5b42e4aa3319072,2026-05-26,SZ002460,0.0004438440955709666,,,
EXP_LinearModel_Alpha158_csi300_expanding_step40_s_20260111_12,ab464936a4bd47ddb5b42e4aa3319072,2026-05-26,SZ002463,-0.014950639568269253,,,
EXP_LinearModel_Alpha158_csi300_expanding_step40_s_20260111_12,ab464936a4bd47ddb5b42e4aa3319072,2026-05-26,SZ002466,-0.022637635469436646,,,
EXP_LinearModel_Alpha158_csi300_expanding_step40_s_20260111_12,ab464936a4bd47ddb5b42e4aa3319072,2026-05-26,SZ002475,0.015719372779130936,,,
EXP_LinearModel_Alpha158_csi300_expanding_step40_s_20260111_12,ab464936a4bd47ddb5b42e4aa3319072,2026-05-26,SZ002415,-0.0031866407953202724,,,
EXP_LinearModel_Alpha158_csi300_expanding_step40_s_20260111_12,ab464936a4bd47ddb5b42e4aa3319072,2026-05-26,SZ002493,-0.006331712938845158,,,
EXP_LinearModel_Alpha158_csi300_expanding_step40_s_20260111_12,ab464936a4bd47ddb5b42e4aa3319072,2026-05-26,SZ002600,0.00768649997189641,,,
EXP_LinearModel_Alpha158_csi300_expanding_step40_s_20260111_12,ab464936a4bd47ddb5b42e4aa3319072,2026-05-26,SZ002601,0.0344441719353199,,,
EXP_LinearModel_Alpha158_csi300_expanding_step40_s_20260111_12,ab464936a4bd47ddb5b42e4aa3319072,2026-05-26,SZ002625,-0.008925814181566238,,,
EXP_LinearModel_Alpha158_csi300_expanding_step40_s_20260111_12,ab464936a4bd47ddb5b42e4aa3319072,2026-05-26,SZ002648,0.05030304566025734,,,
EXP_LinearModel_Alpha158_csi300_expanding_step40_s_20260111_12,ab464936a4bd47ddb5b42e4aa3319072,2026-05-26,SZ002709,0.035306256264448166,,,
EXP_LinearModel_Alpha158_csi300_expanding_step40_s_20260111_12,ab464936a4bd47ddb5b42e4aa3319072,2026-05-26,SZ002714,0.019877728074789047,,,
EXP_LinearModel_Alpha158_csi300_expanding_step40_s_20260111_12,ab464936a4bd47ddb5b42e4aa3319072,2026-05-26,SZ002594,-0.02958698756992817,,,
EXP_LinearModel_Alpha158_csi300_expanding_step40_s_20260111_12,ab464936a4bd47ddb5b42e4aa3319072,2026-05-26,SZ002384,0.07738017290830612,,,
EXP_LinearModel_Alpha158_csi300_expanding_step40_s_20260111_12,ab464936a4bd47ddb5b42e4aa3319072,2026-05-26,SZ002371,0.0049149957485497,,,
EXP_LinearModel_Alpha158_csi300_expanding_step40_s_20260111_12,ab464936a4bd47ddb5b42e4aa3319072,2026-05-26,SZ002352,-0.014217396266758442,,,
EXP_LinearModel_Alpha158_csi300_expanding_step40_s_20260111_12,ab464936a4bd47ddb5b42e4aa3319072,2026-05-26,SZ001979,-0.0017075365176424384,,,
EXP_LinearModel_Alpha158_csi300_expanding_step40_s_20260111_12,ab464936a4bd47ddb5b42e4aa3319072,2026-05-26,SZ002001,-0.0005885125137865543,,,
EXP_LinearModel_Alpha158_csi300_expanding_step40_s_20260111_12,ab464936a4bd47ddb5b42e4aa3319072,2026-05-26,SZ002027,0.031444281339645386,,,
EXP_LinearModel_Alpha158_csi300_expanding_step40_s_20260111_12,ab464936a4bd47ddb5b42e4aa3319072,2026-05-26,SZ002028,0.026408156380057335,,,
EXP_LinearModel_Alpha158_csi300_expanding_step40_s_20260111_12,ab464936a4bd47ddb5b42e4aa3319072,2026-05-26,SZ002049,-0.004698027390986681,,,
EXP_LinearModel_Alpha158_csi300_expanding_step40_s_20260111_12,ab464936a4bd47ddb5b42e4aa3319072,2026-05-26,SZ002050,-0.004852970130741596,,,
EXP_LinearModel_Alpha158_csi300_expanding_step40_s_20260111_12,ab464936a4bd47ddb5b42e4aa3319072,2026-05-26,SZ002074,-0.00943598523736,,,
EXP_LinearModel_Alpha158_csi300_expanding_step40_s_20260111_12,ab464936a4bd47ddb5b42e4aa3319072,2026-05-26,SZ002142,0.00034802730078808963,,,
EXP_LinearModel_Alpha158_csi300_expanding_step40_s_20260111_12,ab464936a4bd47ddb5b42e4aa3319072,2026-05-26,SZ002179,-0.0029889403376728296,,,
EXP_LinearModel_Alpha158_csi300_expanding_step40_s_20260111_12,ab464936a4bd47ddb5b42e4aa3319072,2026-05-26,SZ002230,-0.006598017178475857,,,
EXP_LinearModel_Alpha158_csi300_expanding_step40_s_20260111_12,ab464936a4bd47ddb5b42e4aa3319072,2026-05-26,SZ002236,0.021506110206246376,,,
EXP_LinearModel_Alpha158_csi300_expanding_step40_s_20260111_12,ab464936a4bd47ddb5b42e4aa3319072,2026-05-26,SZ002241,-0.0074577839113771915,,,
EXP_LinearModel_Alpha158_csi300_expanding_step40_s_20260111_12,ab464936a4bd47ddb5b42e4aa3319072,2026-05-26,SZ002252,0.02405429072678089,,,
EXP_LinearModel_Alpha158_csi300_expanding_step40_s_20260111_12,ab464936a4bd47ddb5b42e4aa3319072,2026-05-26,SZ002304,0.03515113517642021,,,
EXP_LinearModel_Alpha158_csi300_expanding_step40_s_20260111_12,ab464936a4bd47ddb5b42e4aa3319072,2026-05-26,SZ002311,-0.029879022389650345,,,
EXP_LinearModel_Alpha158_csi300_expanding_step40_s_20260111_12,ab464936a4bd47ddb5b42e4aa3319072,2026-05-26,SZ002736,-0.01915295235812664,,,
EXP_LinearModel_Alpha158_csi300_expanding_step40_s_20260111_12,ab464936a4bd47ddb5b42e4aa3319072,2026-05-26,SZ002916,-0.01714209094643593,,,
EXP_LinearModel_Alpha158_csi300_expanding_step40_s_20260111_12,ab464936a4bd47ddb5b42e4aa3319072,2026-05-26,SZ002920,-0.01614498347043991,,,
EXP_LinearModel_Alpha158_csi300_expanding_step40_s_20260111_12,ab464936a4bd47ddb5b42e4aa3319072,2026-05-26,SZ002938,0.04255153238773346,,,
EXP_LinearModel_Alpha158_csi300_expanding_step40_s_20260111_12,ab464936a4bd47ddb5b42e4aa3319072,2026-05-26,SZ300498,0.050528768450021744,,,
EXP_LinearModel_Alpha158_csi300_expanding_step40_s_20260111_12,ab464936a4bd47ddb5b42e4aa3319072,2026-05-26,SZ300502,0.0002443263365421444,,,
EXP_LinearModel_Alpha158_csi300_expanding_step40_s_20260111_12,ab464936a4bd47ddb5b42e4aa3319072,2026-05-26,SZ300628,0.018150968477129936,,,
EXP_LinearModel_Alpha158_csi300_expanding_step40_s_20260111_12,ab464936a4bd47ddb5b42e4aa3319072,2026-05-26,SZ300661,0.03222440183162689,,,
EXP_LinearModel_Alpha158_csi300_expanding_step40_s_20260111_12,ab464936a4bd47ddb5b42e4aa3319072,2026-05-26,SZ300750,0.05112019181251526,,,
EXP_LinearModel_Alpha158_csi300_expanding_step40_s_20260111_12,ab464936a4bd47ddb5b42e4aa3319072,2026-05-26,SZ300759,-0.0035895651672035456,,,
EXP_LinearModel_Alpha158_csi300_expanding_step40_s_20260111_12,ab464936a4bd47ddb5b42e4aa3319072,2026-05-26,SZ300760,0.007448209449648857,,,
EXP_LinearModel_Alpha158_csi300_expanding_step40_s_20260111_12,ab464936a4bd47ddb5b42e4aa3319072,2026-05-26,SZ300782,0.028389064595103264,,,
EXP_LinearModel_Alpha158_csi300_expanding_step40_s_20260111_12,ab464936a4bd47ddb5b42e4aa3319072,2026-05-26,SZ300803,-0.008989883586764336,,,
EXP_LinearModel_Alpha158_csi300_expanding_step40_s_20260111_12,ab464936a4bd47ddb5b42e4aa3319072,2026-05-26,SZ300832,-0.0018516487907618284,,,
EXP_LinearModel_Alpha158_csi300_expanding_step40_s_20260111_12,ab464936a4bd47ddb5b42e4aa3319072,2026-05-26,SZ300866,0.015008831396698952,,,
EXP_LinearModel_Alpha158_csi300_expanding_step40_s_20260111_12,ab464936a4bd47ddb5b42e4aa3319072,2026-05-26,SZ300896,0.016844071447849274,,,
EXP_LinearModel_Alpha158_csi300_expanding_step40_s_20260111_12,ab464936a4bd47ddb5b42e4aa3319072,2026-05-26,SZ300979,0.016658568754792213,,,
EXP_LinearModel_Alpha158_csi300_expanding_step40_s_20260111_12,ab464936a4bd47ddb5b42e4aa3319072,2026-05-26,SZ300999,-0.027417756617069244,,,
EXP_LinearModel_Alpha158_csi300_expanding_step40_s_20260111_12,ab464936a4bd47ddb5b42e4aa3319072,2026-05-26,SZ301236,0.007355600129812956,,,
EXP_LinearModel_Alpha158_csi300_expanding_step40_s_20260111_12,ab464936a4bd47ddb5b42e4aa3319072,2026-05-26,SZ300476,-0.001988531555980444,,,
EXP_LinearModel_Alpha158_csi300_expanding_step40_s_20260111_12,ab464936a4bd47ddb5b42e4aa3319072,2026-05-26,SZ001965,-0.015161444433033466,,,
EXP_LinearModel_Alpha158_csi300_expanding_step40_s_20260111_12,ab464936a4bd47ddb5b42e4aa3319072,2026-05-26,SZ300442,0.006836829707026482,,,
EXP_LinearModel_Alpha158_csi300_expanding_step40_s_20260111_12,ab464936a4bd47ddb5b42e4aa3319072,2026-05-26,SZ300418,0.0006426632171496749,,,
EXP_LinearModel_Alpha158_csi300_expanding_step40_s_20260111_12,ab464936a4bd47ddb5b42e4aa3319072,2026-05-26,SZ003816,0.05996280536055565,,,
EXP_LinearModel_Alpha158_csi300_expanding_step40_s_20260111_12,ab464936a4bd47ddb5b42e4aa3319072,2026-05-26,SZ300014,-0.0007607951993122697,,,
EXP_LinearModel_Alpha158_csi300_expanding_step40_s_20260111_12,ab464936a4bd47ddb5b42e4aa3319072,2026-05-26,SZ300015,-0.0015689058927819133,,,
EXP_LinearModel_Alpha158_csi300_expanding_step40_s_20260111_12,ab464936a4bd47ddb5b42e4aa3319072,2026-05-26,SZ300033,-0.009998498484492302,,,
EXP_LinearModel_Alpha158_csi300_expanding_step40_s_20260111_12,ab464936a4bd47ddb5b42e4aa3319072,2026-05-26,SZ300059,-0.028403494507074356,,,
EXP_LinearModel_Alpha158_csi300_expanding_step40_s_20260111_12,ab464936a4bd47ddb5b42e4aa3319072,2026-05-26,SZ300122,0.003871988272294402,,,
EXP_LinearModel_Alpha158_csi300_expanding_step40_s_20260111_12,ab464936a4bd47ddb5b42e4aa3319072,2026-05-26,SZ300124,0.0034599958453327417,,,
EXP_LinearModel_Alpha158_csi300_expanding_step40_s_20260111_12,ab464936a4bd47ddb5b42e4aa3319072,2026-05-26,SZ300251,-0.012393556535243988,,,
EXP_LinearModel_Alpha158_csi300_expanding_step40_s_20260111_12,ab464936a4bd47ddb5b42e4aa3319072,2026-05-26,SZ300274,-0.00810626894235611,,,
EXP_LinearModel_Alpha158_csi300_expanding_step40_s_20260111_12,ab464936a4bd47ddb5b42e4aa3319072,2026-05-26,SZ300308,0.039477910846471786,,,
EXP_LinearModel_Alpha158_csi300_expanding_step40_s_20260111_12,ab464936a4bd47ddb5b42e4aa3319072,2026-05-26,SZ300316,-0.007120204623788595,,,
EXP_LinearModel_Alpha158_csi300_expanding_step40_s_20260111_12,ab464936a4bd47ddb5b42e4aa3319072,2026-05-26,SZ300347,0.059427786618471146,,,
EXP_LinearModel_Alpha158_csi300_expanding_step40_s_20260111_12,ab464936a4bd47ddb5b42e4aa3319072,2026-05-26,SZ300394,-0.003414651844650507,,,
EXP_LinearModel_Alpha158_csi300_expanding_step40_s_20260111_12,ab464936a4bd47ddb5b42e4aa3319072,2026-05-26,SZ300408,-0.03631436452269554,,,
EXP_LinearModel_Alpha158_csi300_expanding_step40_s_20260111_12,ab464936a4bd47ddb5b42e4aa3319072,2026-05-26,SZ300413,0.06052057445049286,,,
EXP_LinearModel_Alpha158_csi300_expanding_step40_s_20260111_12,ab464936a4bd47ddb5b42e4aa3319072,2026-05-26,SZ300433,-0.003944752737879753,,,
EXP_LinearModel_Alpha158_csi300_expanding_step40_s_20260111_12,ab464936a4bd47ddb5b42e4aa3319072,2026-05-26,SH601919,-0.020160656422376633,,,
EXP_LinearModel_Alpha158_csi300_expanding_step40_s_20260111_12,ab464936a4bd47ddb5b42e4aa3319072,2026-05-26,SZ001391,-0.04315048083662987,,,
EXP_LinearModel_Alpha158_csi300_expanding_step40_s_20260111_12,ab464936a4bd47ddb5b42e4aa3319072,2026-05-26,SZ000983,-0.025591526180505753,,,
EXP_LinearModel_Alpha158_csi300_expanding_step40_s_20260111_12,ab464936a4bd47ddb5b42e4aa3319072,2026-05-26,SH688008,0.0015679261414334178,,,
EXP_LinearModel_Alpha158_csi300_expanding_step40_s_20260111_12,ab464936a4bd47ddb5b42e4aa3319072,2026-05-26,SH688009,0.03474587947130203,,,
EXP_LinearModel_Alpha158_csi300_expanding_step40_s_20260111_12,ab464936a4bd47ddb5b42e4aa3319072,2026-05-26,SH688012,-0.000574760022573173,,,
EXP_LinearModel_Alpha158_csi300_expanding_step40_s_20260111_12,ab464936a4bd47ddb5b42e4aa3319072,2026-05-26,SH688036,0.024825653061270714,,,
EXP_LinearModel_Alpha158_csi300_expanding_step40_s_20260111_12,ab464936a4bd47ddb5b42e4aa3319072,2026-05-26,SH688041,-0.017615560442209244,,,
EXP_LinearModel_Alpha158_csi300_expanding_step40_s_20260111_12,ab464936a4bd47ddb5b42e4aa3319072,2026-05-26,SH688047,-0.0028249116148799658,,,
EXP_LinearModel_Alpha158_csi300_expanding_step40_s_20260111_12,ab464936a4bd47ddb5b42e4aa3319072,2026-05-26,SH605499,0.031236786395311356,,,
EXP_LinearModel_Alpha158_csi300_expanding_step40_s_20260111_12,ab464936a4bd47ddb5b42e4aa3319072,2026-05-26,SH688082,-0.02656679041683674,,,
EXP_LinearModel_Alpha158_csi300_expanding_step40_s_20260111_12,ab464936a4bd47ddb5b42e4aa3319072,2026-05-26,SH688126,-0.009995916858315468,,,
EXP_LinearModel_Alpha158_csi300_expanding_step40_s_20260111_12,ab464936a4bd47ddb5b42e4aa3319072,2026-05-26,SH688169,0.013101931661367416,,,
EXP_LinearModel_Alpha158_csi300_expanding_step40_s_20260111_12,ab464936a4bd47ddb5b42e4aa3319072,2026-05-26,SH688187,-0.02486223354935646,,,
EXP_LinearModel_Alpha158_csi300_expanding_step40_s_20260111_12,ab464936a4bd47ddb5b42e4aa3319072,2026-05-26,SH688223,-0.01493454072624445,,,
EXP_LinearModel_Alpha158_csi300_expanding_step40_s_20260111_12,ab464936a4bd47ddb5b42e4aa3319072,2026-05-26,SH688256,-8.675055869389325e-05,,,
EXP_LinearModel_Alpha158_csi300_expanding_step40_s_20260111_12,ab464936a4bd47ddb5b42e4aa3319072,2026-05-26,SH688271,-0.050303731113672256,,,
EXP_LinearModel_Alpha158_csi300_expanding_step40_s_20260111_12,ab464936a4bd47ddb5b42e4aa3319072,2026-05-26,SH688111,-0.004936342127621174,,,
EXP_LinearModel_Alpha158_csi300_expanding_step40_s_20260111_12,ab464936a4bd47ddb5b42e4aa3319072,2026-05-26,SH605117,0.04811779037117958,,,
EXP_LinearModel_Alpha158_csi300_expanding_step40_s_20260111_12,ab464936a4bd47ddb5b42e4aa3319072,2026-05-26,SH603993,-0.034887634217739105,,,
EXP_LinearModel_Alpha158_csi300_expanding_step40_s_20260111_12,ab464936a4bd47ddb5b42e4aa3319072,2026-05-26,SH603986,0.001940324786119163,,,
EXP_LinearModel_Alpha158_csi300_expanding_step40_s_20260111_12,ab464936a4bd47ddb5b42e4aa3319072,2026-05-26,SH601985,0.01691306196153164,,,
EXP_LinearModel_Alpha158_csi300_expanding_step40_s_20260111_12,ab464936a4bd47ddb5b42e4aa3319072,2026-05-26,SH601988,0.009540616534650326,,,
EXP_LinearModel_Alpha158_csi300_expanding_step40_s_20260111_12,ab464936a4bd47ddb5b42e4aa3319072,2026-05-26,SH601995,0.001257222844287753,,,
EXP_LinearModel_Alpha158_csi300_expanding_step40_s_20260111_12,ab464936a4bd47ddb5b42e4aa3319072,2026-05-26,SH601998,0.05679744854569435,,,
EXP_LinearModel_Alpha158_csi300_expanding_step40_s_20260111_12,ab464936a4bd47ddb5b42e4aa3319072,2026-05-26,SH603019,0.015523224137723446,,,
EXP_LinearModel_Alpha158_csi300_expanding_step40_s_20260111_12,ab464936a4bd47ddb5b42e4aa3319072,2026-05-26,SH603195,-0.05753851309418678,,,
EXP_LinearModel_Alpha158_csi300_expanding_step40_s_20260111_12,ab464936a4bd47ddb5b42e4aa3319072,2026-05-26,SH603259,-0.025736715644598007,,,
EXP_LinearModel_Alpha158_csi300_expanding_step40_s_20260111_12,ab464936a4bd47ddb5b42e4aa3319072,2026-05-26,SH603260,-0.003337974427267909,,,
EXP_LinearModel_Alpha158_csi300_expanding_step40_s_20260111_12,ab464936a4bd47ddb5b42e4aa3319072,2026-05-26,SH603288,0.03538774698972702,,,
EXP_LinearModel_Alpha158_csi300_expanding_step40_s_20260111_12,ab464936a4bd47ddb5b42e4aa3319072,2026-05-26,SH603296,0.03444668650627136,,,
EXP_LinearModel_Alpha158_csi300_expanding_step40_s_20260111_12,ab464936a4bd47ddb5b42e4aa3319072,2026-05-26,SH603369,-0.03408503904938698,,,
EXP_LinearModel_Alpha158_csi300_expanding_step40_s_20260111_12,ab464936a4bd47ddb5b42e4aa3319072,2026-05-26,SH603392,-0.019227944314479828,,,
EXP_LinearModel_Alpha158_csi300_expanding_step40_s_20260111_12,ab464936a4bd47ddb5b42e4aa3319072,2026-05-26,SH603501,-0.0029607622418552637,,,
EXP_LinearModel_Alpha158_csi300_expanding_step40_s_20260111_12,ab464936a4bd47ddb5b42e4aa3319072,2026-05-26,SH603799,-0.023444367572665215,,,
EXP_LinearModel_Alpha158_csi300_expanding_step40_s_20260111_12,ab464936a4bd47ddb5b42e4aa3319072,2026-05-26,SH603893,0.010845103301107883,,,
EXP_LinearModel_Alpha158_csi300_expanding_step40_s_20260111_12,ab464936a4bd47ddb5b42e4aa3319072,2026-05-26,SH688303,0.004835445433855057,,,
EXP_LinearModel_Alpha158_csi300_expanding_step40_s_20260111_12,ab464936a4bd47ddb5b42e4aa3319072,2026-05-26,SH688396,0.021964125335216522,,,
EXP_LinearModel_Alpha158_csi300_expanding_step40_s_20260111_12,ab464936a4bd47ddb5b42e4aa3319072,2026-05-26,SH688472,-0.011035554111003876,,,
EXP_LinearModel_Alpha158_csi300_expanding_step40_s_20260111_12,ab464936a4bd47ddb5b42e4aa3319072,2026-05-26,SH688506,0.029327137395739555,,,
EXP_LinearModel_Alpha158_csi300_expanding_step40_s_20260111_12,ab464936a4bd47ddb5b42e4aa3319072,2026-05-26,SZ000661,5.640375457005575e-05,,,
EXP_LinearModel_Alpha158_csi300_expanding_step40_s_20260111_12,ab464936a4bd47ddb5b42e4aa3319072,2026-05-26,SZ000708,-0.02451219968497753,,,
EXP_LinearModel_Alpha158_csi300_expanding_step40_s_20260111_12,ab464936a4bd47ddb5b42e4aa3319072,2026-05-26,SZ000725,-0.07985977083444595,,,
EXP_LinearModel_Alpha158_csi300_expanding_step40_s_20260111_12,ab464936a4bd47ddb5b42e4aa3319072,2026-05-26,SZ000768,-0.032049760222435,,,
EXP_LinearModel_Alpha158_csi300_expanding_step40_s_20260111_12,ab464936a4bd47ddb5b42e4aa3319072,2026-05-26,SZ000776,-0.010850063525140285,,,
EXP_LinearModel_Alpha158_csi300_expanding_step40_s_20260111_12,ab464936a4bd47ddb5b42e4aa3319072,2026-05-26,SZ000786,0.017617082223296165,,,
EXP_LinearModel_Alpha158_csi300_expanding_step40_s_20260111_12,ab464936a4bd47ddb5b42e4aa3319072,2026-05-26,SZ000792,-0.0075174192897975445,,,
EXP_LinearModel_Alpha158_csi300_expanding_step40_s_20260111_12,ab464936a4bd47ddb5b42e4aa3319072,2026-05-26,SZ000807,0.013117889873683453,,,
EXP_LinearModel_Alpha158_csi300_expanding_step40_s_20260111_12,ab464936a4bd47ddb5b42e4aa3319072,2026-05-26,SZ000858,0.014054860919713974,,,
EXP_LinearModel_Alpha158_csi300_expanding_step40_s_20260111_12,ab464936a4bd47ddb5b42e4aa3319072,2026-05-26,SZ000876,-0.026413749903440475,,,
EXP_LinearModel_Alpha158_csi300_expanding_step40_s_20260111_12,ab464936a4bd47ddb5b42e4aa3319072,2026-05-26,SZ000895,0.06294018030166626,,,
EXP_LinearModel_Alpha158_csi300_expanding_step40_s_20260111_12,ab464936a4bd47ddb5b42e4aa3319072,2026-05-26,SZ000938,0.044312648475170135,,,
EXP_LinearModel_Alpha158_csi300_expanding_step40_s_20260111_12,ab464936a4bd47ddb5b42e4aa3319072,2026-05-26,SZ000963,0.014033084735274315,,,
EXP_LinearModel_Alpha158_csi300_expanding_step40_s_20260111_12,ab464936a4bd47ddb5b42e4aa3319072,2026-05-26,SZ000975,0.01262237410992384,,,
EXP_LinearModel_Alpha158_csi300_expanding_step40_s_20260111_12,ab464936a4bd47ddb5b42e4aa3319072,2026-05-26,SZ000977,0.027082843706011772,,,
EXP_LinearModel_Alpha158_csi300_expanding_step40_s_20260111_12,ab464936a4bd47ddb5b42e4aa3319072,2026-05-26,SZ000651,-0.04722077026963234,,,
EXP_LinearModel_Alpha158_csi300_expanding_step40_s_20260111_12,ab464936a4bd47ddb5b42e4aa3319072,2026-05-26,SZ000999,0.005600850097835064,,,
EXP_LinearModel_Alpha158_csi300_expanding_step40_s_20260111_12,ab464936a4bd47ddb5b42e4aa3319072,2026-05-26,SZ000630,-0.04530096426606178,,,
EXP_LinearModel_Alpha158_csi300_expanding_step40_s_20260111_12,ab464936a4bd47ddb5b42e4aa3319072,2026-05-26,SZ000617,0.013872685842216015,,,
EXP_LinearModel_Alpha158_csi300_expanding_step40_s_20260111_12,ab464936a4bd47ddb5b42e4aa3319072,2026-05-26,SH688981,-0.04390539601445198,,,
EXP_LinearModel_Alpha158_csi300_expanding_step40_s_20260111_12,ab464936a4bd47ddb5b42e4aa3319072,2026-05-26,SZ000001,-0.03406853973865509,,,
EXP_LinearModel_Alpha158_csi300_expanding_step40_s_20260111_12,ab464936a4bd47ddb5b42e4aa3319072,2026-05-26,SZ000002,0.021064719185233116,,,
EXP_LinearModel_Alpha158_csi300_expanding_step40_s_20260111_12,ab464936a4bd47ddb5b42e4aa3319072,2026-05-26,SZ000063,0.03991233557462692,,,
EXP_LinearModel_Alpha158_csi300_expanding_step40_s_20260111_12,ab464936a4bd47ddb5b42e4aa3319072,2026-05-26,SZ000100,-0.028914518654346466,,,
EXP_LinearModel_Alpha158_csi300_expanding_step40_s_20260111_12,ab464936a4bd47ddb5b42e4aa3319072,2026-05-26,SZ000157,-0.014263637363910675,,,
EXP_LinearModel_Alpha158_csi300_expanding_step40_s_20260111_12,ab464936a4bd47ddb5b42e4aa3319072,2026-05-26,SZ000166,0.009653130546212196,,,
EXP_LinearModel_Alpha158_csi300_expanding_step40_s_20260111_12,ab464936a4bd47ddb5b42e4aa3319072,2026-05-26,SZ000301,-0.003807664616033435,,,
EXP_LinearModel_Alpha158_csi300_expanding_step40_s_20260111_12,ab464936a4bd47ddb5b42e4aa3319072,2026-05-26,SZ000333,0.013302944600582123,,,
EXP_LinearModel_Alpha158_csi300_expanding_step40_s_20260111_12,ab464936a4bd47ddb5b42e4aa3319072,2026-05-26,SZ000338,0.05451984331011772,,,
EXP_LinearModel_Alpha158_csi300_expanding_step40_s_20260111_12,ab464936a4bd47ddb5b42e4aa3319072,2026-05-26,SZ000408,-0.0007068775012157857,,,
EXP_LinearModel_Alpha158_csi300_expanding_step40_s_20260111_12,ab464936a4bd47ddb5b42e4aa3319072,2026-05-26,SZ000425,0.0152518255636096,,,
EXP_LinearModel_Alpha158_csi300_expanding_step40_s_20260111_12,ab464936a4bd47ddb5b42e4aa3319072,2026-05-26,SZ000538,0.044920455664396286,,,
EXP_LinearModel_Alpha158_csi300_expanding_step40_s_20260111_12,ab464936a4bd47ddb5b42e4aa3319072,2026-05-26,SZ000568,0.006931832525879145,,,
EXP_LinearModel_Alpha158_csi300_expanding_step40_s_20260111_12,ab464936a4bd47ddb5b42e4aa3319072,2026-05-26,SZ000596,0.031157096847891808,,,
EXP_LinearModel_Alpha158_csi300_expanding_step40_s_20260111_12,ab464936a4bd47ddb5b42e4aa3319072,2026-05-26,SZ000625,0.0675835981965065,,,
EXP_LinearModel_Alpha158_csi300_expanding_step40_s_20260111_12,ab464936a4bd47ddb5b42e4aa3319072,2026-05-26,SH600009,0.012143312022089958,,,
EXP_LinearModel_Alpha158_csi300_sliding_step40_s_20260111_11,91c306e388e8433fbae734de03637583,2026-05-26,SZ302132,-0.06745129078626633,,,
EXP_XGBModel_Alpha158_csi300_sliding_step40_s_20260111_01,44df6c59b159490fa0b22d3c198cd0a9,2026-05-26,SH600009,-0.07613617181777954,,,
EXP_XGBModel_Alpha158_csi300_expanding_step40_s_20260111_00,2f2d4eb181db4668bdbd3b6e264ca822,2026-05-26,SH601127,-0.01694277487695217,,,
EXP_XGBModel_Alpha158_csi300_expanding_step40_s_20260111_00,2f2d4eb181db4668bdbd3b6e264ca822,2026-05-26,SH601136,-0.07782075554132462,,,
EXP_XGBModel_Alpha158_csi300_expanding_step40_s_20260111_00,2f2d4eb181db4668bdbd3b6e264ca822,2026-05-26,SH601138,-0.16119611263275146,,,
EXP_XGBModel_Alpha158_csi300_expanding_step40_s_20260111_00,2f2d4eb181db4668bdbd3b6e264ca822,2026-05-26,SH601166,0.005041484255343676,,,
EXP_XGBModel_Alpha158_csi300_expanding_step40_s_20260111_00,2f2d4eb181db4668bdbd3b6e264ca822,2026-05-26,SH601169,-0.038177281618118286,,,
EXP_XGBModel_Alpha158_csi300_expanding_step40_s_20260111_00,2f2d4eb181db4668bdbd3b6e264ca822,2026-05-26,SH601186,-0.049046389758586884,,,
EXP_XGBModel_Alpha158_csi300_expanding_step40_s_20260111_00,2f2d4eb181db4668bdbd3b6e264ca822,2026-05-26,SH601117,-0.03479521721601486,,,
EXP_XGBModel_Alpha158_csi300_expanding_step40_s_20260111_00,2f2d4eb181db4668bdbd3b6e264ca822,2026-05-26,SH601211,-0.048215631395578384,,,
EXP_XGBModel_Alpha158_csi300_expanding_step40_s_20260111_00,2f2d4eb181db4668bdbd3b6e264ca822,2026-05-26,SH601229,-0.06678249686956406,,,
EXP_XGBModel_Alpha158_csi300_expanding_step40_s_20260111_00,2f2d4eb181db4668bdbd3b6e264ca822,2026-05-26,SH601236,0.009556366130709648,,,
EXP_XGBModel_Alpha158_csi300_expanding_step40_s_20260111_00,2f2d4eb181db4668bdbd3b6e264ca822,2026-05-26,SH601238,0.038750093430280685,,,
EXP_XGBModel_Alpha158_csi300_expanding_step40_s_20260111_00,2f2d4eb181db4668bdbd3b6e264ca822,2026-05-26,SH601288,-0.025390662252902985,,,
EXP_XGBModel_Alpha158_csi300_expanding_step40_s_20260111_00,2f2d4eb181db4668bdbd3b6e264ca822,2026-05-26,SH601298,-0.01655569113790989,,,
EXP_XGBModel_Alpha158_csi300_expanding_step40_s_20260111_00,2f2d4eb181db4668bdbd3b6e264ca822,2026-05-26,SH601318,-0.044457849115133286,,,
EXP_XGBModel_Alpha158_csi300_expanding_step40_s_20260111_00,2f2d4eb181db4668bdbd3b6e264ca822,2026-05-26,SH601225,0.01993933878839016,,,
EXP_XGBModel_Alpha158_csi300_expanding_step40_s_20260111_00,2f2d4eb181db4668bdbd3b6e264ca822,2026-05-26,SH601111,0.03535578399896622,,,
EXP_XGBModel_Alpha158_csi300_expanding_step40_s_20260111_00,2f2d4eb181db4668bdbd3b6e264ca822,2026-05-26,SH601100,0.06666432321071625,,,
EXP_XGBModel_Alpha158_csi300_expanding_step40_s_20260111_00,2f2d4eb181db4668bdbd3b6e264ca822,2026-05-26,SH601088,-0.024659425020217896,,,
EXP_XGBModel_Alpha158_csi300_expanding_step40_s_20260111_00,2f2d4eb181db4668bdbd3b6e264ca822,2026-05-26,SH600930,-0.0937119573354721,,,
EXP_XGBModel_Alpha158_csi300_expanding_step40_s_20260111_00,2f2d4eb181db4668bdbd3b6e264ca822,2026-05-26,SH600938,-0.008027132600545883,,,
EXP_XGBModel_Alpha158_csi300_expanding_step40_s_20260111_00,2f2d4eb181db4668bdbd3b6e264ca822,2026-05-26,SH600941,-0.020938057452440262,,,
EXP_XGBModel_Alpha158_csi300_expanding_step40_s_20260111_00,2f2d4eb181db4668bdbd3b6e264ca822,2026-05-26,SH600958,-0.022414566949009895,,,
EXP_XGBModel_Alpha158_csi300_expanding_step40_s_20260111_00,2f2d4eb181db4668bdbd3b6e264ca822,2026-05-26,SH600989,0.05166034772992134,,,
EXP_XGBModel_Alpha158_csi300_expanding_step40_s_20260111_00,2f2d4eb181db4668bdbd3b6e264ca822,2026-05-26,SH600999,-0.06480170786380768,,,
EXP_XGBModel_Alpha158_csi300_expanding_step40_s_20260111_00,2f2d4eb181db4668bdbd3b6e264ca822,2026-05-26,SH601006,0.001749616116285324,,,
EXP_XGBModel_Alpha158_csi300_expanding_step40_s_20260111_00,2f2d4eb181db4668bdbd3b6e264ca822,2026-05-26,SH601009,0.01897149160504341,,,
EXP_XGBModel_Alpha158_csi300_expanding_step40_s_20260111_00,2f2d4eb181db4668bdbd3b6e264ca822,2026-05-26,SH601012,0.058096081018447876,,,
EXP_XGBModel_Alpha158_csi300_expanding_step40_s_20260111_00,2f2d4eb181db4668bdbd3b6e264ca822,2026-05-26,SH601018,0.0191025510430336,,,
EXP_XGBModel_Alpha158_csi300_expanding_step40_s_20260111_00,2f2d4eb181db4668bdbd3b6e264ca822,2026-05-26,SH601021,-0.006036196369677782,,,
EXP_XGBModel_Alpha158_csi300_expanding_step40_s_20260111_00,2f2d4eb181db4668bdbd3b6e264ca822,2026-05-26,SH601058,-0.08149482309818268,,,
EXP_XGBModel_Alpha158_csi300_expanding_step40_s_20260111_00,2f2d4eb181db4668bdbd3b6e264ca822,2026-05-26,SH601059,0.04133857414126396,,,
EXP_XGBModel_Alpha158_csi300_expanding_step40_s_20260111_00,2f2d4eb181db4668bdbd3b6e264ca822,2026-05-26,SH601066,-0.02975599840283394,,,
EXP_XGBModel_Alpha158_csi300_expanding_step40_s_20260111_00,2f2d4eb181db4668bdbd3b6e264ca822,2026-05-26,SH601077,0.03215455636382103,,,
EXP_XGBModel_Alpha158_csi300_expanding_step40_s_20260111_00,2f2d4eb181db4668bdbd3b6e264ca822,2026-05-26,SH601319,0.023802442476153374,,,
EXP_XGBModel_Alpha158_csi300_expanding_step40_s_20260111_00,2f2d4eb181db4668bdbd3b6e264ca822,2026-05-26,SH601328,0.0020899379160255194,,,
EXP_XGBModel_Alpha158_csi300_expanding_step40_s_20260111_00,2f2d4eb181db4668bdbd3b6e264ca822,2026-05-26,SH601336,0.019626883789896965,,,
EXP_XGBModel_Alpha158_csi300_expanding_step40_s_20260111_00,2f2d4eb181db4668bdbd3b6e264ca822,2026-05-26,SH601360,0.029838601127266884,,,
EXP_XGBModel_Alpha158_csi300_expanding_step40_s_20260111_00,2f2d4eb181db4668bdbd3b6e264ca822,2026-05-26,SH601800,-0.018532510846853256,,,
EXP_XGBModel_Alpha158_csi300_expanding_step40_s_20260111_00,2f2d4eb181db4668bdbd3b6e264ca822,2026-05-26,SH601808,-0.06654209643602371,,,
EXP_XGBModel_Alpha158_csi300_expanding_step40_s_20260111_00,2f2d4eb181db4668bdbd3b6e264ca822,2026-05-26,SH601816,-0.09708089381456375,,,
EXP_XGBModel_Alpha158_csi300_expanding_step40_s_20260111_00,2f2d4eb181db4668bdbd3b6e264ca822,2026-05-26,SH601818,-0.08106161653995514,,,
EXP_XGBModel_Alpha158_csi300_expanding_step40_s_20260111_00,2f2d4eb181db4668bdbd3b6e264ca822,2026-05-26,SH601825,0.010711098089814186,,,
EXP_XGBModel_Alpha158_csi300_expanding_step40_s_20260111_00,2f2d4eb181db4668bdbd3b6e264ca822,2026-05-26,SH601838,-0.029095783829689026,,,
EXP_XGBModel_Alpha158_csi300_expanding_step40_s_20260111_00,2f2d4eb181db4668bdbd3b6e264ca822,2026-05-26,SH601857,0.0006983085768297315,,,
EXP_XGBModel_Alpha158_csi300_expanding_step40_s_20260111_00,2f2d4eb181db4668bdbd3b6e264ca822,2026-05-26,SH601868,-0.052944615483284,,,
EXP_XGBModel_Alpha158_csi300_expanding_step40_s_20260111_00,2f2d4eb181db4668bdbd3b6e264ca822,2026-05-26,SH601872,0.05762285366654396,,,
EXP_XGBModel_Alpha158_csi300_expanding_step40_s_20260111_00,2f2d4eb181db4668bdbd3b6e264ca822,2026-05-26,SH601877,-0.03860523924231529,,,
EXP_XGBModel_Alpha158_csi300_expanding_step40_s_20260111_00,2f2d4eb181db4668bdbd3b6e264ca822,2026-05-26,SH601878,3.170703712385148e-05,,,
EXP_XGBModel_Alpha158_csi300_expanding_step40_s_20260111_00,2f2d4eb181db4668bdbd3b6e264ca822,2026-05-26,SH601881,0.05644392594695091,,,
EXP_XGBModel_Alpha158_csi300_expanding_step40_s_20260111_00,2f2d4eb181db4668bdbd3b6e264ca822,2026-05-26,SH601888,-0.04897337034344673,,,
EXP_XGBModel_Alpha158_csi300_expanding_step40_s_20260111_00,2f2d4eb181db4668bdbd3b6e264ca822,2026-05-26,SH601898,0.015663623809814453,,,
EXP_XGBModel_Alpha158_csi300_expanding_step40_s_20260111_00,2f2d4eb181db4668bdbd3b6e264ca822,2026-05-26,SH601899,0.07826071232557297,,,
EXP_XGBModel_Alpha158_csi300_expanding_step40_s_20260111_00,2f2d4eb181db4668bdbd3b6e264ca822,2026-05-26,SH601788,0.03793523460626602,,,
EXP_XGBModel_Alpha158_csi300_expanding_step40_s_20260111_00,2f2d4eb181db4668bdbd3b6e264ca822,2026-05-26,SH600926,-0.021242594346404076,,,
EXP_XGBModel_Alpha158_csi300_expanding_step40_s_20260111_00,2f2d4eb181db4668bdbd3b6e264ca822,2026-05-26,SH601766,-0.03699864447116852,,,
EXP_XGBModel_Alpha158_csi300_expanding_step40_s_20260111_00,2f2d4eb181db4668bdbd3b6e264ca822,2026-05-26,SH601698,0.03504585102200508,,,
EXP_XGBModel_Alpha158_csi300_expanding_step40_s_20260111_00,2f2d4eb181db4668bdbd3b6e264ca822,2026-05-26,SH601377,0.048323411494493484,,,
EXP_XGBModel_Alpha158_csi300_expanding_step40_s_20260111_00,2f2d4eb181db4668bdbd3b6e264ca822,2026-05-26,SH601390,-0.01719583012163639,,,
EXP_XGBModel_Alpha158_csi300_expanding_step40_s_20260111_00,2f2d4eb181db4668bdbd3b6e264ca822,2026-05-26,SH601398,0.05859322473406792,,,
EXP_XGBModel_Alpha158_csi300_expanding_step40_s_20260111_00,2f2d4eb181db4668bdbd3b6e264ca822,2026-05-26,SH601456,-0.028866885229945183,,,
EXP_XGBModel_Alpha158_csi300_expanding_step40_s_20260111_00,2f2d4eb181db4668bdbd3b6e264ca822,2026-05-26,SH601600,0.2273063212633133,,,
EXP_XGBModel_Alpha158_csi300_expanding_step40_s_20260111_00,2f2d4eb181db4668bdbd3b6e264ca822,2026-05-26,SH601601,0.019221633672714233,,,
EXP_XGBModel_Alpha158_csi300_expanding_step40_s_20260111_00,2f2d4eb181db4668bdbd3b6e264ca822,2026-05-26,SH601607,-0.03568599373102188,,,
EXP_XGBModel_Alpha158_csi300_expanding_step40_s_20260111_00,2f2d4eb181db4668bdbd3b6e264ca822,2026-05-26,SH601618,0.07824136316776276,,,
EXP_XGBModel_Alpha158_csi300_expanding_step40_s_20260111_00,2f2d4eb181db4668bdbd3b6e264ca822,2026-05-26,SH601628,0.18530169129371643,,,
EXP_XGBModel_Alpha158_csi300_expanding_step40_s_20260111_00,2f2d4eb181db4668bdbd3b6e264ca822,2026-05-26,SH601633,0.06981175392866135,,,
EXP_XGBModel_Alpha158_csi300_expanding_step40_s_20260111_00,2f2d4eb181db4668bdbd3b6e264ca822,2026-05-26,SH601658,-0.009840412065386772,,,
EXP_XGBModel_Alpha158_csi300_expanding_step40_s_20260111_00,2f2d4eb181db4668bdbd3b6e264ca822,2026-05-26,SH601668,-0.09094884246587753,,,
EXP_XGBModel_Alpha158_csi300_expanding_step40_s_20260111_00,2f2d4eb181db4668bdbd3b6e264ca822,2026-05-26,SH601669,-0.018046146258711815,,,
EXP_XGBModel_Alpha158_csi300_expanding_step40_s_20260111_00,2f2d4eb181db4668bdbd3b6e264ca822,2026-05-26,SH601688,0.018393173813819885,,,
EXP_XGBModel_Alpha158_csi300_expanding_step40_s_20260111_00,2f2d4eb181db4668bdbd3b6e264ca822,2026-05-26,SH601689,0.04408819600939751,,,
EXP_XGBModel_Alpha158_csi300_expanding_step40_s_20260111_00,2f2d4eb181db4668bdbd3b6e264ca822,2026-05-26,SH601728,0.0077393632382154465,,,
EXP_XGBModel_Alpha158_csi300_expanding_step40_s_20260111_00,2f2d4eb181db4668bdbd3b6e264ca822,2026-05-26,SH601901,0.08708241581916809,,,
EXP_XGBModel_Alpha158_csi300_expanding_step40_s_20260111_00,2f2d4eb181db4668bdbd3b6e264ca822,2026-05-26,SH600919,0.06831038743257523,,,
EXP_XGBModel_Alpha158_csi300_expanding_step40_s_20260111_00,2f2d4eb181db4668bdbd3b6e264ca822,2026-05-26,SH600905,-0.04423286020755768,,,
EXP_XGBModel_Alpha158_csi300_expanding_step40_s_20260111_00,2f2d4eb181db4668bdbd3b6e264ca822,2026-05-26,SH600066,-0.014906773343682289,,,
EXP_XGBModel_Alpha158_csi300_expanding_step40_s_20260111_00,2f2d4eb181db4668bdbd3b6e264ca822,2026-05-26,SH600085,-0.03532186523079872,,,
EXP_XGBModel_Alpha158_csi300_expanding_step40_s_20260111_00,2f2d4eb181db4668bdbd3b6e264ca822,2026-05-26,SH600089,-0.08498459309339523,,,
EXP_XGBModel_Alpha158_csi300_expanding_step40_s_20260111_00,2f2d4eb181db4668bdbd3b6e264ca822,2026-05-26,SH600104,0.15166185796260834,,,
EXP_XGBModel_Alpha158_csi300_expanding_step40_s_20260111_00,2f2d4eb181db4668bdbd3b6e264ca822,2026-05-26,SH600111,-0.11783596873283386,,,
EXP_XGBModel_Alpha158_csi300_expanding_step40_s_20260111_00,2f2d4eb181db4668bdbd3b6e264ca822,2026-05-26,SH600115,0.0401928573846817,,,
EXP_XGBModel_Alpha158_csi300_expanding_step40_s_20260111_00,2f2d4eb181db4668bdbd3b6e264ca822,2026-05-26,SH600061,0.06760816276073456,,,
EXP_XGBModel_Alpha158_csi300_expanding_step40_s_20260111_00,2f2d4eb181db4668bdbd3b6e264ca822,2026-05-26,SH600150,-0.1835954189300537,,,
EXP_XGBModel_Alpha158_csi300_expanding_step40_s_20260111_00,2f2d4eb181db4668bdbd3b6e264ca822,2026-05-26,SH600161,-0.06725819408893585,,,
EXP_XGBModel_Alpha158_csi300_expanding_step40_s_20260111_00,2f2d4eb181db4668bdbd3b6e264ca822,2026-05-26,SH600176,-0.13933798670768738,,,
EXP_XGBModel_Alpha158_csi300_expanding_step40_s_20260111_00,2f2d4eb181db4668bdbd3b6e264ca822,2026-05-26,SH600183,-0.021150389686226845,,,
EXP_XGBModel_Alpha158_csi300_expanding_step40_s_20260111_00,2f2d4eb181db4668bdbd3b6e264ca822,2026-05-26,SH600188,0.040108323097229004,,,
EXP_XGBModel_Alpha158_csi300_expanding_step40_s_20260111_00,2f2d4eb181db4668bdbd3b6e264ca822,2026-05-26,SH600196,0.04911315068602562,,,
EXP_XGBModel_Alpha158_csi300_expanding_step40_s_20260111_00,2f2d4eb181db4668bdbd3b6e264ca822,2026-05-26,SH600219,0.06096445769071579,,,
EXP_XGBModel_Alpha158_csi300_expanding_step40_s_20260111_00,2f2d4eb181db4668bdbd3b6e264ca822,2026-05-26,SH600160,-0.11231711506843567,,,
EXP_XGBModel_Alpha158_csi300_expanding_step40_s_20260111_00,2f2d4eb181db4668bdbd3b6e264ca822,2026-05-26,SH600050,-0.04082716628909111,,,
EXP_XGBModel_Alpha158_csi300_expanding_step40_s_20260111_00,2f2d4eb181db4668bdbd3b6e264ca822,2026-05-26,SH600048,-0.00947960652410984,,,
EXP_XGBModel_Alpha158_csi300_expanding_step40_s_20260111_00,2f2d4eb181db4668bdbd3b6e264ca822,2026-05-26,SH600039,-0.14677900075912476,,,
EXP_XGBModel_Alpha158_csi300_expanding_step40_s_20260111_00,2f2d4eb181db4668bdbd3b6e264ca822,2026-05-26,SH600010,-0.005812069401144981,,,
EXP_XGBModel_Alpha158_csi300_expanding_step40_s_20260111_00,2f2d4eb181db4668bdbd3b6e264ca822,2026-05-26,SH600011,0.018243826925754547,,,
EXP_XGBModel_Alpha158_csi300_expanding_step40_s_20260111_00,2f2d4eb181db4668bdbd3b6e264ca822,2026-05-26,SH600015,-0.03117506392300129,,,
EXP_XGBModel_Alpha158_csi300_expanding_step40_s_20260111_00,2f2d4eb181db4668bdbd3b6e264ca822,2026-05-26,SH600016,-0.01357380673289299,,,
EXP_XGBModel_Alpha158_csi300_expanding_step40_s_20260111_00,2f2d4eb181db4668bdbd3b6e264ca822,2026-05-26,SH600018,0.03078608028590679,,,
EXP_XGBModel_Alpha158_csi300_expanding_step40_s_20260111_00,2f2d4eb181db4668bdbd3b6e264ca822,2026-05-26,SH600019,-0.05391227453947067,,,
EXP_XGBModel_Alpha158_csi300_expanding_step40_s_20260111_00,2f2d4eb181db4668bdbd3b6e264ca822,2026-05-26,SH600023,0.1270037442445755,,,
EXP_XGBModel_Alpha158_csi300_expanding_step40_s_20260111_00,2f2d4eb181db4668bdbd3b6e264ca822,2026-05-26,SH600025,-0.0015856840182095766,,,
EXP_XGBModel_Alpha158_csi300_expanding_step40_s_20260111_00,2f2d4eb181db4668bdbd3b6e264ca822,2026-05-26,SH600026,0.02544463612139225,,,
EXP_XGBModel_Alpha158_csi300_expanding_step40_s_20260111_00,2f2d4eb181db4668bdbd3b6e264ca822,2026-05-26,SH600027,-0.04349299147725105,,,
EXP_XGBModel_Alpha158_csi300_expanding_step40_s_20260111_00,2f2d4eb181db4668bdbd3b6e264ca822,2026-05-26,SH600028,-0.13872255384922028,,,
EXP_XGBModel_Alpha158_csi300_expanding_step40_s_20260111_00,2f2d4eb181db4668bdbd3b6e264ca822,2026-05-26,SH600029,-0.007971784099936485,,,
EXP_XGBModel_Alpha158_csi300_expanding_step40_s_20260111_00,2f2d4eb181db4668bdbd3b6e264ca822,2026-05-26,SH600030,-0.010412137024104595,,,
EXP_XGBModel_Alpha158_csi300_expanding_step40_s_20260111_00,2f2d4eb181db4668bdbd3b6e264ca822,2026-05-26,SH600031,0.13468089699745178,,,
EXP_XGBModel_Alpha158_csi300_expanding_step40_s_20260111_00,2f2d4eb181db4668bdbd3b6e264ca822,2026-05-26,SH600036,-0.027428746223449707,,,
EXP_XGBModel_Alpha158_csi300_expanding_step40_s_20260111_00,2f2d4eb181db4668bdbd3b6e264ca822,2026-05-26,SH600233,-0.020247584208846092,,,
EXP_XGBModel_Alpha158_csi300_expanding_step40_s_20260111_00,2f2d4eb181db4668bdbd3b6e264ca822,2026-05-26,SH600276,-0.07993188500404358,,,
EXP_XGBModel_Alpha158_csi300_expanding_step40_s_20260111_00,2f2d4eb181db4668bdbd3b6e264ca822,2026-05-26,SH600309,0.03986235707998276,,,
EXP_XGBModel_Alpha158_csi300_expanding_step40_s_20260111_00,2f2d4eb181db4668bdbd3b6e264ca822,2026-05-26,SH600346,0.06894077360630035,,,
EXP_XGBModel_Alpha158_csi300_expanding_step40_s_20260111_00,2f2d4eb181db4668bdbd3b6e264ca822,2026-05-26,SH600600,-0.0082125598564744,,,
EXP_XGBModel_Alpha158_csi300_expanding_step40_s_20260111_00,2f2d4eb181db4668bdbd3b6e264ca822,2026-05-26,SH600660,-0.048644911497831345,,,
EXP_XGBModel_Alpha158_csi300_expanding_step40_s_20260111_00,2f2d4eb181db4668bdbd3b6e264ca822,2026-05-26,SH600674,-0.002280260669067502,,,
EXP_XGBModel_Alpha158_csi300_expanding_step40_s_20260111_00,2f2d4eb181db4668bdbd3b6e264ca822,2026-05-26,SH600690,-0.07318169623613358,,,
EXP_XGBModel_Alpha158_csi300_expanding_step40_s_20260111_00,2f2d4eb181db4668bdbd3b6e264ca822,2026-05-26,SH600741,0.1821044534444809,,,
EXP_XGBModel_Alpha158_csi300_expanding_step40_s_20260111_00,2f2d4eb181db4668bdbd3b6e264ca822,2026-05-26,SH600760,0.05914825573563576,,,
EXP_XGBModel_Alpha158_csi300_expanding_step40_s_20260111_00,2f2d4eb181db4668bdbd3b6e264ca822,2026-05-26,SH600795,-0.009286516346037388,,,
EXP_XGBModel_Alpha158_csi300_expanding_step40_s_20260111_00,2f2d4eb181db4668bdbd3b6e264ca822,2026-05-26,SH600803,-0.02858883887529373,,,
EXP_XGBModel_Alpha158_csi300_expanding_step40_s_20260111_00,2f2d4eb181db4668bdbd3b6e264ca822,2026-05-26,SH600809,0.10913410037755966,,,
EXP_XGBModel_Alpha158_csi300_expanding_step40_s_20260111_00,2f2d4eb181db4668bdbd3b6e264ca822,2026-05-26,SH600845,-0.05145254358649254,,,
EXP_XGBModel_Alpha158_csi300_expanding_step40_s_20260111_00,2f2d4eb181db4668bdbd3b6e264ca822,2026-05-26,SH600875,-0.027208175510168076,,,
EXP_XGBModel_Alpha158_csi300_expanding_step40_s_20260111_00,2f2d4eb181db4668bdbd3b6e264ca822,2026-05-26,SH600886,0.026956116780638695,,,
EXP_XGBModel_Alpha158_csi300_expanding_step40_s_20260111_00,2f2d4eb181db4668bdbd3b6e264ca822,2026-05-26,SH600887,0.04488952457904816,,,
EXP_XGBModel_Alpha158_csi300_expanding_step40_s_20260111_00,2f2d4eb181db4668bdbd3b6e264ca822,2026-05-26,SH600893,-0.06775618344545364,,,
EXP_XGBModel_Alpha158_csi300_expanding_step40_s_20260111_00,2f2d4eb181db4668bdbd3b6e264ca822,2026-05-26,SH600900,0.09584406763315201,,,
EXP_XGBModel_Alpha158_csi300_expanding_step40_s_20260111_00,2f2d4eb181db4668bdbd3b6e264ca822,2026-05-26,SH600588,0.014018990099430084,,,
EXP_XGBModel_Alpha158_csi300_expanding_step40_s_20260111_00,2f2d4eb181db4668bdbd3b6e264ca822,2026-05-26,SH600918,0.007572069764137268,,,
EXP_XGBModel_Alpha158_csi300_expanding_step40_s_20260111_00,2f2d4eb181db4668bdbd3b6e264ca822,2026-05-26,SH600585,-0.004479284398257732,,,
EXP_XGBModel_Alpha158_csi300_expanding_step40_s_20260111_00,2f2d4eb181db4668bdbd3b6e264ca822,2026-05-26,SH600570,0.04267347976565361,,,
EXP_XGBModel_Alpha158_csi300_expanding_step40_s_20260111_00,2f2d4eb181db4668bdbd3b6e264ca822,2026-05-26,SH600362,-0.004882627632468939,,,
EXP_XGBModel_Alpha158_csi300_expanding_step40_s_20260111_00,2f2d4eb181db4668bdbd3b6e264ca822,2026-05-26,SH600372,0.03595414012670517,,,
EXP_XGBModel_Alpha158_csi300_expanding_step40_s_20260111_00,2f2d4eb181db4668bdbd3b6e264ca822,2026-05-26,SH600377,0.027417607605457306,,,
EXP_XGBModel_Alpha158_csi300_expanding_step40_s_20260111_00,2f2d4eb181db4668bdbd3b6e264ca822,2026-05-26,SH600406,-0.02431781403720379,,,
EXP_XGBModel_Alpha158_csi300_expanding_step40_s_20260111_00,2f2d4eb181db4668bdbd3b6e264ca822,2026-05-26,SH600415,-0.029474861919879913,,,
EXP_XGBModel_Alpha158_csi300_expanding_step40_s_20260111_00,2f2d4eb181db4668bdbd3b6e264ca822,2026-05-26,SH600426,0.22870193421840668,,,
EXP_XGBModel_Alpha158_csi300_expanding_step40_s_20260111_00,2f2d4eb181db4668bdbd3b6e264ca822,2026-05-26,SH600436,-0.06733397394418716,,,
EXP_XGBModel_Alpha158_csi300_expanding_step40_s_20260111_00,2f2d4eb181db4668bdbd3b6e264ca822,2026-05-26,SH600438,-0.05491584166884422,,,
EXP_XGBModel_Alpha158_csi300_expanding_step40_s_20260111_00,2f2d4eb181db4668bdbd3b6e264ca822,2026-05-26,SH600460,-0.08349442481994629,,,
EXP_XGBModel_Alpha158_csi300_expanding_step40_s_20260111_00,2f2d4eb181db4668bdbd3b6e264ca822,2026-05-26,SH600482,-0.00983961671590805,,,
EXP_XGBModel_Alpha158_csi300_expanding_step40_s_20260111_00,2f2d4eb181db4668bdbd3b6e264ca822,2026-05-26,SH600489,-0.04940229654312134,,,
EXP_XGBModel_Alpha158_csi300_expanding_step40_s_20260111_00,2f2d4eb181db4668bdbd3b6e264ca822,2026-05-26,SH600515,0.04960836097598076,,,
EXP_XGBModel_Alpha158_csi300_expanding_step40_s_20260111_00,2f2d4eb181db4668bdbd3b6e264ca822,2026-05-26,SH600519,0.18302443623542786,,,
EXP_XGBModel_Alpha158_csi300_expanding_step40_s_20260111_00,2f2d4eb181db4668bdbd3b6e264ca822,2026-05-26,SH600522,0.06999363750219345,,,
EXP_XGBModel_Alpha158_csi300_expanding_step40_s_20260111_00,2f2d4eb181db4668bdbd3b6e264ca822,2026-05-26,SH600547,-0.027665913105010986,,,
EXP_XGBModel_Alpha158_csi300_expanding_step40_s_20260111_00,2f2d4eb181db4668bdbd3b6e264ca822,2026-05-26,SH600584,0.4337317943572998,,,
EXP_XGBModel_Alpha158_csi300_expanding_step40_s_20260111_00,2f2d4eb181db4668bdbd3b6e264ca822,2026-05-26,SH600009,-0.005760242231190205,,,
EXP_XGBModel_Alpha158_csi300_expanding_step40_s_20260111_00,2f2d4eb181db4668bdbd3b6e264ca822,2026-05-26,SH601916,-0.038098957389593124,,,
EXP_XGBModel_Alpha158_csi300_expanding_step40_s_20260111_00,2f2d4eb181db4668bdbd3b6e264ca822,2026-05-26,SH601939,-0.09294555336236954,,,
EXP_XGBModel_Alpha158_csi300_expanding_step40_s_20260111_00,2f2d4eb181db4668bdbd3b6e264ca822,2026-05-26,SZ002422,0.0365183986723423,,,
EXP_XGBModel_Alpha158_csi300_expanding_step40_s_20260111_00,2f2d4eb181db4668bdbd3b6e264ca822,2026-05-26,SZ002459,-0.02776484191417694,,,
EXP_XGBModel_Alpha158_csi300_expanding_step40_s_20260111_00,2f2d4eb181db4668bdbd3b6e264ca822,2026-05-26,SZ002460,-0.0220030527561903,,,
EXP_XGBModel_Alpha158_csi300_expanding_step40_s_20260111_00,2f2d4eb181db4668bdbd3b6e264ca822,2026-05-26,SZ002463,-0.1227932944893837,,,
EXP_XGBModel_Alpha158_csi300_expanding_step40_s_20260111_00,2f2d4eb181db4668bdbd3b6e264ca822,2026-05-26,SZ002466,-0.07701314240694046,,,
EXP_XGBModel_Alpha158_csi300_expanding_step40_s_20260111_00,2f2d4eb181db4668bdbd3b6e264ca822,2026-05-26,SZ002475,-0.11914582550525665,,,
EXP_XGBModel_Alpha158_csi300_expanding_step40_s_20260111_00,2f2d4eb181db4668bdbd3b6e264ca822,2026-05-26,SZ002415,0.0346488393843174,,,
EXP_XGBModel_Alpha158_csi300_expanding_step40_s_20260111_00,2f2d4eb181db4668bdbd3b6e264ca822,2026-05-26,SZ002493,0.037182413041591644,,,
EXP_XGBModel_Alpha158_csi300_expanding_step40_s_20260111_00,2f2d4eb181db4668bdbd3b6e264ca822,2026-05-26,SZ002600,-0.009173814207315445,,,
EXP_XGBModel_Alpha158_csi300_expanding_step40_s_20260111_00,2f2d4eb181db4668bdbd3b6e264ca822,2026-05-26,SZ002601,0.0512983612716198,,,
EXP_XGBModel_Alpha158_csi300_expanding_step40_s_20260111_00,2f2d4eb181db4668bdbd3b6e264ca822,2026-05-26,SZ002625,0.09128823131322861,,,
EXP_XGBModel_Alpha158_csi300_expanding_step40_s_20260111_00,2f2d4eb181db4668bdbd3b6e264ca822,2026-05-26,SZ002648,0.0138820456340909,,,
EXP_XGBModel_Alpha158_csi300_expanding_step40_s_20260111_00,2f2d4eb181db4668bdbd3b6e264ca822,2026-05-26,SZ002709,0.03914754092693329,,,
EXP_XGBModel_Alpha158_csi300_expanding_step40_s_20260111_00,2f2d4eb181db4668bdbd3b6e264ca822,2026-05-26,SZ002714,-0.003820918034762144,,,
EXP_XGBModel_Alpha158_csi300_expanding_step40_s_20260111_00,2f2d4eb181db4668bdbd3b6e264ca822,2026-05-26,SZ002594,-0.06370192766189575,,,
EXP_XGBModel_Alpha158_csi300_expanding_step40_s_20260111_00,2f2d4eb181db4668bdbd3b6e264ca822,2026-05-26,SZ002384,-0.5710358023643494,,,
EXP_XGBModel_Alpha158_csi300_expanding_step40_s_20260111_00,2f2d4eb181db4668bdbd3b6e264ca822,2026-05-26,SZ002371,0.0019740364514291286,,,
EXP_XGBModel_Alpha158_csi300_expanding_step40_s_20260111_00,2f2d4eb181db4668bdbd3b6e264ca822,2026-05-26,SZ002352,-0.00888900738209486,,,
EXP_XGBModel_Alpha158_csi300_expanding_step40_s_20260111_00,2f2d4eb181db4668bdbd3b6e264ca822,2026-05-26,SZ001979,-0.014811579138040543,,,
EXP_XGBModel_Alpha158_csi300_expanding_step40_s_20260111_00,2f2d4eb181db4668bdbd3b6e264ca822,2026-05-26,SZ002001,-0.028775373473763466,,,
EXP_XGBModel_Alpha158_csi300_expanding_step40_s_20260111_00,2f2d4eb181db4668bdbd3b6e264ca822,2026-05-26,SZ002027,-0.003360812086611986,,,
EXP_XGBModel_Alpha158_csi300_expanding_step40_s_20260111_00,2f2d4eb181db4668bdbd3b6e264ca822,2026-05-26,SZ002028,0.21113267540931702,,,
EXP_XGBModel_Alpha158_csi300_expanding_step40_s_20260111_00,2f2d4eb181db4668bdbd3b6e264ca822,2026-05-26,SZ002049,0.006390544585883617,,,
EXP_XGBModel_Alpha158_csi300_expanding_step40_s_20260111_00,2f2d4eb181db4668bdbd3b6e264ca822,2026-05-26,SZ002050,-0.06172296777367592,,,
EXP_XGBModel_Alpha158_csi300_expanding_step40_s_20260111_00,2f2d4eb181db4668bdbd3b6e264ca822,2026-05-26,SZ002074,-0.05614525452256203,,,
EXP_XGBModel_Alpha158_csi300_expanding_step40_s_20260111_00,2f2d4eb181db4668bdbd3b6e264ca822,2026-05-26,SZ002142,-0.021796202287077904,,,
EXP_XGBModel_Alpha158_csi300_expanding_step40_s_20260111_00,2f2d4eb181db4668bdbd3b6e264ca822,2026-05-26,SZ002179,0.047883983701467514,,,
EXP_XGBModel_Alpha158_csi300_expanding_step40_s_20260111_00,2f2d4eb181db4668bdbd3b6e264ca822,2026-05-26,SZ002230,0.045274294912815094,,,
EXP_XGBModel_Alpha158_csi300_expanding_step40_s_20260111_00,2f2d4eb181db4668bdbd3b6e264ca822,2026-05-26,SZ002236,0.04619539529085159,,,
EXP_XGBModel_Alpha158_csi300_expanding_step40_s_20260111_00,2f2d4eb181db4668bdbd3b6e264ca822,2026-05-26,SZ002241,0.22913429141044617,,,
EXP_XGBModel_Alpha158_csi300_expanding_step40_s_20260111_00,2f2d4eb181db4668bdbd3b6e264ca822,2026-05-26,SZ002252,0.08190184831619263,,,
EXP_XGBModel_Alpha158_csi300_expanding_step40_s_20260111_00,2f2d4eb181db4668bdbd3b6e264ca822,2026-05-26,SZ002304,0.07221268862485886,,,
EXP_XGBModel_Alpha158_csi300_expanding_step40_s_20260111_00,2f2d4eb181db4668bdbd3b6e264ca822,2026-05-26,SZ002311,0.0020465445704758167,,,
EXP_XGBModel_Alpha158_csi300_expanding_step40_s_20260111_00,2f2d4eb181db4668bdbd3b6e264ca822,2026-05-26,SZ002736,-0.027826763689517975,,,
EXP_XGBModel_Alpha158_csi300_expanding_step40_s_20260111_00,2f2d4eb181db4668bdbd3b6e264ca822,2026-05-26,SZ002916,-0.15668648481369019,,,
EXP_XGBModel_Alpha158_csi300_expanding_step40_s_20260111_00,2f2d4eb181db4668bdbd3b6e264ca822,2026-05-26,SZ002920,-0.039154715836048126,,,
EXP_XGBModel_Alpha158_csi300_expanding_step40_s_20260111_00,2f2d4eb181db4668bdbd3b6e264ca822,2026-05-26,SZ002938,-0.516421377658844,,,
EXP_XGBModel_Alpha158_csi300_expanding_step40_s_20260111_00,2f2d4eb181db4668bdbd3b6e264ca822,2026-05-26,SZ300498,0.04975566640496254,,,
EXP_XGBModel_Alpha158_csi300_expanding_step40_s_20260111_00,2f2d4eb181db4668bdbd3b6e264ca822,2026-05-26,SZ300502,-0.03778238222002983,,,
EXP_XGBModel_Alpha158_csi300_expanding_step40_s_20260111_00,2f2d4eb181db4668bdbd3b6e264ca822,2026-05-26,SZ300628,0.07497852295637131,,,
EXP_XGBModel_Alpha158_csi300_expanding_step40_s_20260111_00,2f2d4eb181db4668bdbd3b6e264ca822,2026-05-26,SZ300661,-0.1648627072572708,,,
EXP_XGBModel_Alpha158_csi300_expanding_step40_s_20260111_00,2f2d4eb181db4668bdbd3b6e264ca822,2026-05-26,SZ300750,0.02885333262383938,,,
EXP_XGBModel_Alpha158_csi300_expanding_step40_s_20260111_00,2f2d4eb181db4668bdbd3b6e264ca822,2026-05-26,SZ300759,-0.06452338397502899,,,
EXP_XGBModel_Alpha158_csi300_expanding_step40_s_20260111_00,2f2d4eb181db4668bdbd3b6e264ca822,2026-05-26,SZ300760,-0.022833094000816345,,,
EXP_XGBModel_Alpha158_csi300_expanding_step40_s_20260111_00,2f2d4eb181db4668bdbd3b6e264ca822,2026-05-26,SZ300782,0.056893303990364075,,,
EXP_XGBModel_Alpha158_csi300_expanding_step40_s_20260111_00,2f2d4eb181db4668bdbd3b6e264ca822,2026-05-26,SZ300803,0.003969924990087748,,,
EXP_XGBModel_Alpha158_csi300_expanding_step40_s_20260111_00,2f2d4eb181db4668bdbd3b6e264ca822,2026-05-26,SZ300832,0.020761540159583092,,,
EXP_XGBModel_Alpha158_csi300_expanding_step40_s_20260111_00,2f2d4eb181db4668bdbd3b6e264ca822,2026-05-26,SZ300866,0.004855611827224493,,,
EXP_XGBModel_Alpha158_csi300_expanding_step40_s_20260111_00,2f2d4eb181db4668bdbd3b6e264ca822,2026-05-26,SZ300896,-0.018105721101164818,,,
EXP_XGBModel_Alpha158_csi300_expanding_step40_s_20260111_00,2f2d4eb181db4668bdbd3b6e264ca822,2026-05-26,SZ300979,0.032103393226861954,,,
EXP_XGBModel_Alpha158_csi300_expanding_step40_s_20260111_00,2f2d4eb181db4668bdbd3b6e264ca822,2026-05-26,SZ300999,0.03969528153538704,,,
EXP_XGBModel_Alpha158_csi300_expanding_step40_s_20260111_00,2f2d4eb181db4668bdbd3b6e264ca822,2026-05-26,SZ301236,0.11348767578601837,,,
EXP_XGBModel_Alpha158_csi300_expanding_step40_s_20260111_00,2f2d4eb181db4668bdbd3b6e264ca822,2026-05-26,SZ300476,0.025178294628858566,,,
EXP_XGBModel_Alpha158_csi300_expanding_step40_s_20260111_00,2f2d4eb181db4668bdbd3b6e264ca822,2026-05-26,SZ001965,-0.12528975307941437,,,
EXP_XGBModel_Alpha158_csi300_expanding_step40_s_20260111_00,2f2d4eb181db4668bdbd3b6e264ca822,2026-05-26,SZ300442,0.008585856296122074,,,
EXP_XGBModel_Alpha158_csi300_expanding_step40_s_20260111_00,2f2d4eb181db4668bdbd3b6e264ca822,2026-05-26,SZ300418,-0.02843664400279522,,,
EXP_XGBModel_Alpha158_csi300_expanding_step40_s_20260111_00,2f2d4eb181db4668bdbd3b6e264ca822,2026-05-26,SZ003816,0.08480866253376007,,,
EXP_XGBModel_Alpha158_csi300_expanding_step40_s_20260111_00,2f2d4eb181db4668bdbd3b6e264ca822,2026-05-26,SZ300014,-0.007928755134344101,,,
EXP_XGBModel_Alpha158_csi300_expanding_step40_s_20260111_00,2f2d4eb181db4668bdbd3b6e264ca822,2026-05-26,SZ300015,-0.08125799149274826,,,
EXP_XGBModel_Alpha158_csi300_expanding_step40_s_20260111_00,2f2d4eb181db4668bdbd3b6e264ca822,2026-05-26,SZ300033,0.0792807787656784,,,
EXP_XGBModel_Alpha158_csi300_expanding_step40_s_20260111_00,2f2d4eb181db4668bdbd3b6e264ca822,2026-05-26,SZ300059,-0.02308386005461216,,,
EXP_XGBModel_Alpha158_csi300_expanding_step40_s_20260111_00,2f2d4eb181db4668bdbd3b6e264ca822,2026-05-26,SZ300122,-0.09682547301054001,,,
EXP_XGBModel_Alpha158_csi300_expanding_step40_s_20260111_00,2f2d4eb181db4668bdbd3b6e264ca822,2026-05-26,SZ300124,-0.09628931432962418,,,
EXP_XGBModel_Alpha158_csi300_expanding_step40_s_20260111_00,2f2d4eb181db4668bdbd3b6e264ca822,2026-05-26,SZ300251,-0.009030794724822044,,,
EXP_XGBModel_Alpha158_csi300_expanding_step40_s_20260111_00,2f2d4eb181db4668bdbd3b6e264ca822,2026-05-26,SZ300274,0.08745856583118439,,,
EXP_XGBModel_Alpha158_csi300_expanding_step40_s_20260111_00,2f2d4eb181db4668bdbd3b6e264ca822,2026-05-26,SZ300308,-0.508881688117981,,,
EXP_XGBModel_Alpha158_csi300_expanding_step40_s_20260111_00,2f2d4eb181db4668bdbd3b6e264ca822,2026-05-26,SZ300316,0.001556063536554575,,,
EXP_XGBModel_Alpha158_csi300_expanding_step40_s_20260111_00,2f2d4eb181db4668bdbd3b6e264ca822,2026-05-26,SZ300347,0.11273881047964096,,,
EXP_XGBModel_Alpha158_csi300_expanding_step40_s_20260111_00,2f2d4eb181db4668bdbd3b6e264ca822,2026-05-26,SZ300394,0.027682725340127945,,,
EXP_XGBModel_Alpha158_csi300_expanding_step40_s_20260111_00,2f2d4eb181db4668bdbd3b6e264ca822,2026-05-26,SZ300408,0.1115177720785141,,,
EXP_XGBModel_Alpha158_csi300_expanding_step40_s_20260111_00,2f2d4eb181db4668bdbd3b6e264ca822,2026-05-26,SZ300413,0.01633726991713047,,,
EXP_XGBModel_Alpha158_csi300_expanding_step40_s_20260111_00,2f2d4eb181db4668bdbd3b6e264ca822,2026-05-26,SZ300433,-0.03984291851520538,,,
EXP_XGBModel_Alpha158_csi300_expanding_step40_s_20260111_00,2f2d4eb181db4668bdbd3b6e264ca822,2026-05-26,SH601919,-0.01491956040263176,,,
EXP_XGBModel_Alpha158_csi300_expanding_step40_s_20260111_00,2f2d4eb181db4668bdbd3b6e264ca822,2026-05-26,SZ001391,-0.08746560662984848,,,
EXP_XGBModel_Alpha158_csi300_expanding_step40_s_20260111_00,2f2d4eb181db4668bdbd3b6e264ca822,2026-05-26,SZ000983,0.004322419874370098,,,
EXP_XGBModel_Alpha158_csi300_expanding_step40_s_20260111_00,2f2d4eb181db4668bdbd3b6e264ca822,2026-05-26,SH688008,-0.22806179523468018,,,
EXP_XGBModel_Alpha158_csi300_expanding_step40_s_20260111_00,2f2d4eb181db4668bdbd3b6e264ca822,2026-05-26,SH688009,-0.01866031624376774,,,
EXP_XGBModel_Alpha158_csi300_expanding_step40_s_20260111_00,2f2d4eb181db4668bdbd3b6e264ca822,2026-05-26,SH688012,0.13429225981235504,,,
EXP_XGBModel_Alpha158_csi300_expanding_step40_s_20260111_00,2f2d4eb181db4668bdbd3b6e264ca822,2026-05-26,SH688036,0.09290269762277603,,,
EXP_XGBModel_Alpha158_csi300_expanding_step40_s_20260111_00,2f2d4eb181db4668bdbd3b6e264ca822,2026-05-26,SH688041,-0.18772806227207184,,,
EXP_XGBModel_Alpha158_csi300_expanding_step40_s_20260111_00,2f2d4eb181db4668bdbd3b6e264ca822,2026-05-26,SH688047,0.04597993940114975,,,
EXP_XGBModel_Alpha158_csi300_expanding_step40_s_20260111_00,2f2d4eb181db4668bdbd3b6e264ca822,2026-05-26,SH605499,-0.036751870065927505,,,
EXP_XGBModel_Alpha158_csi300_expanding_step40_s_20260111_00,2f2d4eb181db4668bdbd3b6e264ca822,2026-05-26,SH688082,-0.18544794619083405,,,
EXP_XGBModel_Alpha158_csi300_expanding_step40_s_20260111_00,2f2d4eb181db4668bdbd3b6e264ca822,2026-05-26,SH688126,-0.6497342586517334,,,
EXP_XGBModel_Alpha158_csi300_expanding_step40_s_20260111_00,2f2d4eb181db4668bdbd3b6e264ca822,2026-05-26,SH688169,0.08011841028928757,,,
EXP_XGBModel_Alpha158_csi300_expanding_step40_s_20260111_00,2f2d4eb181db4668bdbd3b6e264ca822,2026-05-26,SH688187,-0.07247254997491837,,,
EXP_XGBModel_Alpha158_csi300_expanding_step40_s_20260111_00,2f2d4eb181db4668bdbd3b6e264ca822,2026-05-26,SH688223,-0.06174066662788391,,,
EXP_XGBModel_Alpha158_csi300_expanding_step40_s_20260111_00,2f2d4eb181db4668bdbd3b6e264ca822,2026-05-26,SH688256,-0.16542208194732666,,,
EXP_XGBModel_Alpha158_csi300_expanding_step40_s_20260111_00,2f2d4eb181db4668bdbd3b6e264ca822,2026-05-26,SH688271,-0.05918005108833313,,,
EXP_XGBModel_Alpha158_csi300_expanding_step40_s_20260111_00,2f2d4eb181db4668bdbd3b6e264ca822,2026-05-26,SH688111,-0.011731739155948162,,,
EXP_XGBModel_Alpha158_csi300_expanding_step40_s_20260111_00,2f2d4eb181db4668bdbd3b6e264ca822,2026-05-26,SH605117,0.07182577252388,,,
EXP_XGBModel_Alpha158_csi300_expanding_step40_s_20260111_00,2f2d4eb181db4668bdbd3b6e264ca822,2026-05-26,SH603993,0.0642007365822792,,,
EXP_XGBModel_Alpha158_csi300_expanding_step40_s_20260111_00,2f2d4eb181db4668bdbd3b6e264ca822,2026-05-26,SH603986,-0.6178717613220215,,,
EXP_XGBModel_Alpha158_csi300_expanding_step40_s_20260111_00,2f2d4eb181db4668bdbd3b6e264ca822,2026-05-26,SH601985,-0.02256859466433525,,,
EXP_XGBModel_Alpha158_csi300_expanding_step40_s_20260111_00,2f2d4eb181db4668bdbd3b6e264ca822,2026-05-26,SH601988,0.04467357322573662,,,
EXP_XGBModel_Alpha158_csi300_expanding_step40_s_20260111_00,2f2d4eb181db4668bdbd3b6e264ca822,2026-05-26,SH601995,0.06288816779851913,,,
EXP_XGBModel_Alpha158_csi300_expanding_step40_s_20260111_00,2f2d4eb181db4668bdbd3b6e264ca822,2026-05-26,SH601998,0.03713427856564522,,,
EXP_XGBModel_Alpha158_csi300_expanding_step40_s_20260111_00,2f2d4eb181db4668bdbd3b6e264ca822,2026-05-26,SH603019,0.0425589345395565,,,
EXP_XGBModel_Alpha158_csi300_expanding_step40_s_20260111_00,2f2d4eb181db4668bdbd3b6e264ca822,2026-05-26,SH603195,0.007613508030772209,,,
EXP_XGBModel_Alpha158_csi300_expanding_step40_s_20260111_00,2f2d4eb181db4668bdbd3b6e264ca822,2026-05-26,SH603259,-0.030510736629366875,,,
EXP_XGBModel_Alpha158_csi300_expanding_step40_s_20260111_00,2f2d4eb181db4668bdbd3b6e264ca822,2026-05-26,SH603260,0.06656558066606522,,,
EXP_XGBModel_Alpha158_csi300_expanding_step40_s_20260111_00,2f2d4eb181db4668bdbd3b6e264ca822,2026-05-26,SH603288,-0.03241675719618797,,,
EXP_XGBModel_Alpha158_csi300_expanding_step40_s_20260111_00,2f2d4eb181db4668bdbd3b6e264ca822,2026-05-26,SH603296,0.02661834843456745,,,
EXP_XGBModel_Alpha158_csi300_expanding_step40_s_20260111_00,2f2d4eb181db4668bdbd3b6e264ca822,2026-05-26,SH603369,-0.03857668489217758,,,
EXP_XGBModel_Alpha158_csi300_expanding_step40_s_20260111_00,2f2d4eb181db4668bdbd3b6e264ca822,2026-05-26,SH603392,0.04093596711754799,,,
EXP_XGBModel_Alpha158_csi300_expanding_step40_s_20260111_00,2f2d4eb181db4668bdbd3b6e264ca822,2026-05-26,SH603501,-0.09356633573770523,,,
EXP_XGBModel_Alpha158_csi300_expanding_step40_s_20260111_00,2f2d4eb181db4668bdbd3b6e264ca822,2026-05-26,SH603799,-0.0279980655759573,,,
EXP_XGBModel_Alpha158_csi300_expanding_step40_s_20260111_00,2f2d4eb181db4668bdbd3b6e264ca822,2026-05-26,SH603893,-0.12027294933795929,,,
EXP_XGBModel_Alpha158_csi300_expanding_step40_s_20260111_00,2f2d4eb181db4668bdbd3b6e264ca822,2026-05-26,SH688303,-0.05206158757209778,,,
EXP_XGBModel_Alpha158_csi300_expanding_step40_s_20260111_00,2f2d4eb181db4668bdbd3b6e264ca822,2026-05-26,SH688396,0.11403895914554596,,,
EXP_XGBModel_Alpha158_csi300_expanding_step40_s_20260111_00,2f2d4eb181db4668bdbd3b6e264ca822,2026-05-26,SH688472,0.012407151982188225,,,
EXP_XGBModel_Alpha158_csi300_expanding_step40_s_20260111_00,2f2d4eb181db4668bdbd3b6e264ca822,2026-05-26,SH688506,0.03233252093195915,,,
EXP_XGBModel_Alpha158_csi300_expanding_step40_s_20260111_00,2f2d4eb181db4668bdbd3b6e264ca822,2026-05-26,SZ000661,-0.02022799476981163,,,
EXP_XGBModel_Alpha158_csi300_expanding_step40_s_20260111_00,2f2d4eb181db4668bdbd3b6e264ca822,2026-05-26,SZ000708,0.04158851131796837,,,
EXP_XGBModel_Alpha158_csi300_expanding_step40_s_20260111_00,2f2d4eb181db4668bdbd3b6e264ca822,2026-05-26,SZ000725,-0.07659925520420074,,,
EXP_XGBModel_Alpha158_csi300_expanding_step40_s_20260111_00,2f2d4eb181db4668bdbd3b6e264ca822,2026-05-26,SZ000768,-0.12204591184854507,,,
EXP_XGBModel_Alpha158_csi300_expanding_step40_s_20260111_00,2f2d4eb181db4668bdbd3b6e264ca822,2026-05-26,SZ000776,0.01695350930094719,,,
EXP_XGBModel_Alpha158_csi300_expanding_step40_s_20260111_00,2f2d4eb181db4668bdbd3b6e264ca822,2026-05-26,SZ000786,0.0907406136393547,,,
EXP_XGBModel_Alpha158_csi300_expanding_step40_s_20260111_00,2f2d4eb181db4668bdbd3b6e264ca822,2026-05-26,SZ000792,0.02369455061852932,,,
EXP_XGBModel_Alpha158_csi300_expanding_step40_s_20260111_00,2f2d4eb181db4668bdbd3b6e264ca822,2026-05-26,SZ000807,-0.08013064414262772,,,
EXP_XGBModel_Alpha158_csi300_expanding_step40_s_20260111_00,2f2d4eb181db4668bdbd3b6e264ca822,2026-05-26,SZ000858,-0.18871667981147766,,,
EXP_XGBModel_Alpha158_csi300_expanding_step40_s_20260111_00,2f2d4eb181db4668bdbd3b6e264ca822,2026-05-26,SZ000876,-0.061273958534002304,,,
EXP_XGBModel_Alpha158_csi300_expanding_step40_s_20260111_00,2f2d4eb181db4668bdbd3b6e264ca822,2026-05-26,SZ000895,0.1303098350763321,,,
EXP_XGBModel_Alpha158_csi300_expanding_step40_s_20260111_00,2f2d4eb181db4668bdbd3b6e264ca822,2026-05-26,SZ000938,0.002538568340241909,,,
EXP_XGBModel_Alpha158_csi300_expanding_step40_s_20260111_00,2f2d4eb181db4668bdbd3b6e264ca822,2026-05-26,SZ000963,-0.04574424773454666,,,
EXP_XGBModel_Alpha158_csi300_expanding_step40_s_20260111_00,2f2d4eb181db4668bdbd3b6e264ca822,2026-05-26,SZ000975,-0.043903302401304245,,,
EXP_XGBModel_Alpha158_csi300_expanding_step40_s_20260111_00,2f2d4eb181db4668bdbd3b6e264ca822,2026-05-26,SZ000977,0.02550976723432541,,,
EXP_XGBModel_Alpha158_csi300_expanding_step40_s_20260111_00,2f2d4eb181db4668bdbd3b6e264ca822,2026-05-26,SZ000651,0.007610264699906111,,,
EXP_XGBModel_Alpha158_csi300_expanding_step40_s_20260111_00,2f2d4eb181db4668bdbd3b6e264ca822,2026-05-26,SZ000999,-0.18547910451889038,,,
EXP_XGBModel_Alpha158_csi300_expanding_step40_s_20260111_00,2f2d4eb181db4668bdbd3b6e264ca822,2026-05-26,SZ000630,0.014078214764595032,,,
EXP_XGBModel_Alpha158_csi300_expanding_step40_s_20260111_00,2f2d4eb181db4668bdbd3b6e264ca822,2026-05-26,SZ000617,-0.019320841878652573,,,
EXP_XGBModel_Alpha158_csi300_expanding_step40_s_20260111_00,2f2d4eb181db4668bdbd3b6e264ca822,2026-05-26,SH688981,0.03169447183609009,,,
EXP_XGBModel_Alpha158_csi300_expanding_step40_s_20260111_00,2f2d4eb181db4668bdbd3b6e264ca822,2026-05-26,SZ000001,-0.027072524651885033,,,
EXP_XGBModel_Alpha158_csi300_expanding_step40_s_20260111_00,2f2d4eb181db4668bdbd3b6e264ca822,2026-05-26,SZ000002,0.07833648473024368,,,
EXP_XGBModel_Alpha158_csi300_expanding_step40_s_20260111_00,2f2d4eb181db4668bdbd3b6e264ca822,2026-05-26,SZ000063,0.048038482666015625,,,
EXP_XGBModel_Alpha158_csi300_expanding_step40_s_20260111_00,2f2d4eb181db4668bdbd3b6e264ca822,2026-05-26,SZ000100,-0.07698347419500351,,,
EXP_XGBModel_Alpha158_csi300_expanding_step40_s_20260111_00,2f2d4eb181db4668bdbd3b6e264ca822,2026-05-26,SZ000157,-0.12107829004526138,,,
EXP_XGBModel_Alpha158_csi300_expanding_step40_s_20260111_00,2f2d4eb181db4668bdbd3b6e264ca822,2026-05-26,SZ000166,0.02543611451983452,,,
EXP_XGBModel_Alpha158_csi300_expanding_step40_s_20260111_00,2f2d4eb181db4668bdbd3b6e264ca822,2026-05-26,SZ000301,0.002310749376192689,,,
EXP_XGBModel_Alpha158_csi300_expanding_step40_s_20260111_00,2f2d4eb181db4668bdbd3b6e264ca822,2026-05-26,SZ000333,0.0106214489787817,,,
EXP_XGBModel_Alpha158_csi300_expanding_step40_s_20260111_00,2f2d4eb181db4668bdbd3b6e264ca822,2026-05-26,SZ000338,0.022523919120430946,,,
EXP_XGBModel_Alpha158_csi300_expanding_step40_s_20260111_00,2f2d4eb181db4668bdbd3b6e264ca822,2026-05-26,SZ000408,0.04361783713102341,,,
EXP_XGBModel_Alpha158_csi300_expanding_step40_s_20260111_00,2f2d4eb181db4668bdbd3b6e264ca822,2026-05-26,SZ000425,0.07902086526155472,,,
EXP_XGBModel_Alpha158_csi300_expanding_step40_s_20260111_00,2f2d4eb181db4668bdbd3b6e264ca822,2026-05-26,SZ000538,0.011467738077044487,,,
EXP_XGBModel_Alpha158_csi300_expanding_step40_s_20260111_00,2f2d4eb181db4668bdbd3b6e264ca822,2026-05-26,SZ000568,0.0580294132232666,,,
EXP_XGBModel_Alpha158_csi300_expanding_step40_s_20260111_00,2f2d4eb181db4668bdbd3b6e264ca822,2026-05-26,SZ000596,0.15991716086864471,,,
EXP_XGBModel_Alpha158_csi300_expanding_step40_s_20260111_00,2f2d4eb181db4668bdbd3b6e264ca822,2026-05-26,SZ000625,-0.08823871612548828,,,
EXP_XGBModel_Alpha158_csi300_sliding_step40_s_20260111_01,44df6c59b159490fa0b22d3c198cd0a9,2026-05-26,SH600000,-0.04440624639391899,,,
EXP_XGBModel_Alpha158_csi300_expanding_step40_s_20260111_00,2f2d4eb181db4668bdbd3b6e264ca822,2026-05-26,SH600000,-0.02018330805003643,,,
EXP_XGBModel_Alpha158_csi300_sliding_step40_s_20260111_01,44df6c59b159490fa0b22d3c198cd0a9,2026-05-26,SZ301269,-0.13222147524356842,,,
EXP_XGBModel_Alpha158_csi300_sliding_step40_s_20260111_01,44df6c59b159490fa0b22d3c198cd0a9,2026-05-26,SH601127,-0.15853695571422577,,,
EXP_XGBModel_Alpha158_csi300_sliding_step40_s_20260111_01,44df6c59b159490fa0b22d3c198cd0a9,2026-05-26,SH601136,-0.05458785966038704,,,
EXP_XGBModel_Alpha158_csi300_sliding_step40_s_20260111_01,44df6c59b159490fa0b22d3c198cd0a9,2026-05-26,SH601138,-0.2572802007198334,,,
EXP_XGBModel_Alpha158_csi300_sliding_step40_s_20260111_01,44df6c59b159490fa0b22d3c198cd0a9,2026-05-26,SH601166,0.031030047684907913,,,
EXP_XGBModel_Alpha158_csi300_sliding_step40_s_20260111_01,44df6c59b159490fa0b22d3c198cd0a9,2026-05-26,SH601169,-0.07799957692623138,,,
EXP_XGBModel_Alpha158_csi300_sliding_step40_s_20260111_01,44df6c59b159490fa0b22d3c198cd0a9,2026-05-26,SH601186,-0.04969020560383797,,,
EXP_XGBModel_Alpha158_csi300_sliding_step40_s_20260111_01,44df6c59b159490fa0b22d3c198cd0a9,2026-05-26,SH601117,-0.1263367384672165,,,
EXP_XGBModel_Alpha158_csi300_sliding_step40_s_20260111_01,44df6c59b159490fa0b22d3c198cd0a9,2026-05-26,SH601211,-0.051499463617801666,,,
EXP_XGBModel_Alpha158_csi300_sliding_step40_s_20260111_01,44df6c59b159490fa0b22d3c198cd0a9,2026-05-26,SH601229,-0.04826599359512329,,,
EXP_XGBModel_Alpha158_csi300_sliding_step40_s_20260111_01,44df6c59b159490fa0b22d3c198cd0a9,2026-05-26,SH601236,0.049058206379413605,,,
EXP_XGBModel_Alpha158_csi300_sliding_step40_s_20260111_01,44df6c59b159490fa0b22d3c198cd0a9,2026-05-26,SH601238,0.1511618047952652,,,
EXP_XGBModel_Alpha158_csi300_sliding_step40_s_20260111_01,44df6c59b159490fa0b22d3c198cd0a9,2026-05-26,SH601288,-0.010956557467579842,,,
EXP_XGBModel_Alpha158_csi300_sliding_step40_s_20260111_01,44df6c59b159490fa0b22d3c198cd0a9,2026-05-26,SH601298,-0.041624944657087326,,,
EXP_XGBModel_Alpha158_csi300_sliding_step40_s_20260111_01,44df6c59b159490fa0b22d3c198cd0a9,2026-05-26,SH601318,-0.11994471400976181,,,
EXP_XGBModel_Alpha158_csi300_sliding_step40_s_20260111_01,44df6c59b159490fa0b22d3c198cd0a9,2026-05-26,SH601225,0.05551786720752716,,,
EXP_XGBModel_Alpha158_csi300_sliding_step40_s_20260111_01,44df6c59b159490fa0b22d3c198cd0a9,2026-05-26,SH601111,0.02893843501806259,,,
EXP_XGBModel_Alpha158_csi300_sliding_step40_s_20260111_01,44df6c59b159490fa0b22d3c198cd0a9,2026-05-26,SH601100,-0.025507211685180664,,,
EXP_XGBModel_Alpha158_csi300_sliding_step40_s_20260111_01,44df6c59b159490fa0b22d3c198cd0a9,2026-05-26,SH601088,-0.02248072810471058,,,
EXP_XGBModel_Alpha158_csi300_sliding_step40_s_20260111_01,44df6c59b159490fa0b22d3c198cd0a9,2026-05-26,SH600930,-0.04810082167387009,,,
EXP_XGBModel_Alpha158_csi300_sliding_step40_s_20260111_01,44df6c59b159490fa0b22d3c198cd0a9,2026-05-26,SH600938,-0.010538917034864426,,,
EXP_XGBModel_Alpha158_csi300_sliding_step40_s_20260111_01,44df6c59b159490fa0b22d3c198cd0a9,2026-05-26,SH600941,-0.01706695929169655,,,
EXP_XGBModel_Alpha158_csi300_sliding_step40_s_20260111_01,44df6c59b159490fa0b22d3c198cd0a9,2026-05-26,SH600958,-0.02033967711031437,,,
EXP_XGBModel_Alpha158_csi300_sliding_step40_s_20260111_01,44df6c59b159490fa0b22d3c198cd0a9,2026-05-26,SH600989,0.06714791059494019,,,
EXP_XGBModel_Alpha158_csi300_sliding_step40_s_20260111_01,44df6c59b159490fa0b22d3c198cd0a9,2026-05-26,SH600999,-0.05040755495429039,,,
EXP_XGBModel_Alpha158_csi300_sliding_step40_s_20260111_01,44df6c59b159490fa0b22d3c198cd0a9,2026-05-26,SH601006,0.014520804397761822,,,
EXP_XGBModel_Alpha158_csi300_sliding_step40_s_20260111_01,44df6c59b159490fa0b22d3c198cd0a9,2026-05-26,SH601009,-0.10443001985549927,,,
EXP_XGBModel_Alpha158_csi300_sliding_step40_s_20260111_01,44df6c59b159490fa0b22d3c198cd0a9,2026-05-26,SH601012,0.02362890914082527,,,
EXP_XGBModel_Alpha158_csi300_sliding_step40_s_20260111_01,44df6c59b159490fa0b22d3c198cd0a9,2026-05-26,SH601018,-0.0716557651758194,,,
EXP_XGBModel_Alpha158_csi300_sliding_step40_s_20260111_01,44df6c59b159490fa0b22d3c198cd0a9,2026-05-26,SH601021,-0.07823705673217773,,,
EXP_XGBModel_Alpha158_csi300_sliding_step40_s_20260111_01,44df6c59b159490fa0b22d3c198cd0a9,2026-05-26,SH601058,-0.04038471356034279,,,
EXP_XGBModel_Alpha158_csi300_sliding_step40_s_20260111_01,44df6c59b159490fa0b22d3c198cd0a9,2026-05-26,SH601059,0.04033433273434639,,,
EXP_XGBModel_Alpha158_csi300_sliding_step40_s_20260111_01,44df6c59b159490fa0b22d3c198cd0a9,2026-05-26,SH601066,0.26953887939453125,,,
EXP_XGBModel_Alpha158_csi300_sliding_step40_s_20260111_01,44df6c59b159490fa0b22d3c198cd0a9,2026-05-26,SH601077,0.05790233239531517,,,
EXP_XGBModel_Alpha158_csi300_sliding_step40_s_20260111_01,44df6c59b159490fa0b22d3c198cd0a9,2026-05-26,SH601319,0.020779769867658615,,,
EXP_XGBModel_Alpha158_csi300_sliding_step40_s_20260111_01,44df6c59b159490fa0b22d3c198cd0a9,2026-05-26,SH601328,0.006954792886972427,,,
EXP_XGBModel_Alpha158_csi300_sliding_step40_s_20260111_01,44df6c59b159490fa0b22d3c198cd0a9,2026-05-26,SH601336,-0.04509885236620903,,,
EXP_XGBModel_Alpha158_csi300_sliding_step40_s_20260111_01,44df6c59b159490fa0b22d3c198cd0a9,2026-05-26,SH601360,0.03749270364642143,,,
EXP_XGBModel_Alpha158_csi300_sliding_step40_s_20260111_01,44df6c59b159490fa0b22d3c198cd0a9,2026-05-26,SH601800,-0.13690651953220367,,,
EXP_XGBModel_Alpha158_csi300_sliding_step40_s_20260111_01,44df6c59b159490fa0b22d3c198cd0a9,2026-05-26,SH601808,-0.047450534999370575,,,
EXP_XGBModel_Alpha158_csi300_sliding_step40_s_20260111_01,44df6c59b159490fa0b22d3c198cd0a9,2026-05-26,SH601816,-0.14457321166992188,,,
EXP_XGBModel_Alpha158_csi300_sliding_step40_s_20260111_01,44df6c59b159490fa0b22d3c198cd0a9,2026-05-26,SH601818,-0.02554095908999443,,,
EXP_XGBModel_Alpha158_csi300_sliding_step40_s_20260111_01,44df6c59b159490fa0b22d3c198cd0a9,2026-05-26,SH601825,0.08896716684103012,,,
EXP_XGBModel_Alpha158_csi300_sliding_step40_s_20260111_01,44df6c59b159490fa0b22d3c198cd0a9,2026-05-26,SH601838,0.04576743021607399,,,
EXP_XGBModel_Alpha158_csi300_sliding_step40_s_20260111_01,44df6c59b159490fa0b22d3c198cd0a9,2026-05-26,SH601857,-0.0056901490315794945,,,
EXP_XGBModel_Alpha158_csi300_sliding_step40_s_20260111_01,44df6c59b159490fa0b22d3c198cd0a9,2026-05-26,SH601868,-0.005650638602674007,,,
EXP_XGBModel_Alpha158_csi300_sliding_step40_s_20260111_01,44df6c59b159490fa0b22d3c198cd0a9,2026-05-26,SH601872,-0.03226548060774803,,,
EXP_XGBModel_Alpha158_csi300_sliding_step40_s_20260111_01,44df6c59b159490fa0b22d3c198cd0a9,2026-05-26,SH601877,-0.05866660922765732,,,
EXP_XGBModel_Alpha158_csi300_sliding_step40_s_20260111_01,44df6c59b159490fa0b22d3c198cd0a9,2026-05-26,SH601878,-0.03299250453710556,,,
EXP_XGBModel_Alpha158_csi300_sliding_step40_s_20260111_01,44df6c59b159490fa0b22d3c198cd0a9,2026-05-26,SH601881,0.002709870459511876,,,
EXP_XGBModel_Alpha158_csi300_sliding_step40_s_20260111_01,44df6c59b159490fa0b22d3c198cd0a9,2026-05-26,SH601888,0.10168622434139252,,,
EXP_XGBModel_Alpha158_csi300_sliding_step40_s_20260111_01,44df6c59b159490fa0b22d3c198cd0a9,2026-05-26,SH601898,-0.045551151037216187,,,
EXP_XGBModel_Alpha158_csi300_sliding_step40_s_20260111_01,44df6c59b159490fa0b22d3c198cd0a9,2026-05-26,SH601899,0.08680937439203262,,,
EXP_XGBModel_Alpha158_csi300_sliding_step40_s_20260111_01,44df6c59b159490fa0b22d3c198cd0a9,2026-05-26,SH601788,-0.06388526409864426,,,
EXP_XGBModel_Alpha158_csi300_sliding_step40_s_20260111_01,44df6c59b159490fa0b22d3c198cd0a9,2026-05-26,SH600926,0.07113457471132278,,,
EXP_XGBModel_Alpha158_csi300_sliding_step40_s_20260111_01,44df6c59b159490fa0b22d3c198cd0a9,2026-05-26,SH601766,0.0058543444611132145,,,
EXP_XGBModel_Alpha158_csi300_sliding_step40_s_20260111_01,44df6c59b159490fa0b22d3c198cd0a9,2026-05-26,SH601698,0.058584701269865036,,,
EXP_XGBModel_Alpha158_csi300_sliding_step40_s_20260111_01,44df6c59b159490fa0b22d3c198cd0a9,2026-05-26,SH601377,0.028421761468052864,,,
EXP_XGBModel_Alpha158_csi300_sliding_step40_s_20260111_01,44df6c59b159490fa0b22d3c198cd0a9,2026-05-26,SH601390,-0.0415235236287117,,,
EXP_XGBModel_Alpha158_csi300_sliding_step40_s_20260111_01,44df6c59b159490fa0b22d3c198cd0a9,2026-05-26,SH601398,0.06928892433643341,,,
EXP_XGBModel_Alpha158_csi300_sliding_step40_s_20260111_01,44df6c59b159490fa0b22d3c198cd0a9,2026-05-26,SH601456,-0.013224861584603786,,,
EXP_XGBModel_Alpha158_csi300_sliding_step40_s_20260111_01,44df6c59b159490fa0b22d3c198cd0a9,2026-05-26,SH601600,-0.0003336892696097493,,,
EXP_XGBModel_Alpha158_csi300_sliding_step40_s_20260111_01,44df6c59b159490fa0b22d3c198cd0a9,2026-05-26,SH601601,0.04898948222398758,,,
EXP_XGBModel_Alpha158_csi300_sliding_step40_s_20260111_01,44df6c59b159490fa0b22d3c198cd0a9,2026-05-26,SH601607,-0.04136510193347931,,,
EXP_XGBModel_Alpha158_csi300_sliding_step40_s_20260111_01,44df6c59b159490fa0b22d3c198cd0a9,2026-05-26,SH601618,0.02809174731373787,,,
EXP_XGBModel_Alpha158_csi300_sliding_step40_s_20260111_01,44df6c59b159490fa0b22d3c198cd0a9,2026-05-26,SH601628,0.0776890441775322,,,
EXP_XGBModel_Alpha158_csi300_sliding_step40_s_20260111_01,44df6c59b159490fa0b22d3c198cd0a9,2026-05-26,SH601633,-0.052529700100421906,,,
EXP_XGBModel_Alpha158_csi300_sliding_step40_s_20260111_01,44df6c59b159490fa0b22d3c198cd0a9,2026-05-26,SH601658,0.052257854491472244,,,
EXP_XGBModel_Alpha158_csi300_sliding_step40_s_20260111_01,44df6c59b159490fa0b22d3c198cd0a9,2026-05-26,SH601668,-0.07638993859291077,,,
EXP_XGBModel_Alpha158_csi300_sliding_step40_s_20260111_01,44df6c59b159490fa0b22d3c198cd0a9,2026-05-26,SH601669,-0.0475686714053154,,,
EXP_XGBModel_Alpha158_csi300_sliding_step40_s_20260111_01,44df6c59b159490fa0b22d3c198cd0a9,2026-05-26,SH601688,-0.0140629718080163,,,
EXP_XGBModel_Alpha158_csi300_sliding_step40_s_20260111_01,44df6c59b159490fa0b22d3c198cd0a9,2026-05-26,SH601689,0.016562359407544136,,,
EXP_XGBModel_Alpha158_csi300_sliding_step40_s_20260111_01,44df6c59b159490fa0b22d3c198cd0a9,2026-05-26,SH601728,-0.12860152125358582,,,
EXP_XGBModel_Alpha158_csi300_sliding_step40_s_20260111_01,44df6c59b159490fa0b22d3c198cd0a9,2026-05-26,SH601901,0.025890938937664032,,,
EXP_XGBModel_Alpha158_csi300_sliding_step40_s_20260111_01,44df6c59b159490fa0b22d3c198cd0a9,2026-05-26,SH600919,0.07038914412260056,,,
EXP_XGBModel_Alpha158_csi300_sliding_step40_s_20260111_01,44df6c59b159490fa0b22d3c198cd0a9,2026-05-26,SH600905,-0.04610618203878403,,,
EXP_XGBModel_Alpha158_csi300_sliding_step40_s_20260111_01,44df6c59b159490fa0b22d3c198cd0a9,2026-05-26,SH600066,0.0493316724896431,,,
EXP_XGBModel_Alpha158_csi300_sliding_step40_s_20260111_01,44df6c59b159490fa0b22d3c198cd0a9,2026-05-26,SH600085,-0.0037848232313990593,,,
EXP_XGBModel_Alpha158_csi300_sliding_step40_s_20260111_01,44df6c59b159490fa0b22d3c198cd0a9,2026-05-26,SH600089,-0.12405261397361755,,,
EXP_XGBModel_Alpha158_csi300_sliding_step40_s_20260111_01,44df6c59b159490fa0b22d3c198cd0a9,2026-05-26,SH600104,-0.05255233123898506,,,
EXP_XGBModel_Alpha158_csi300_sliding_step40_s_20260111_01,44df6c59b159490fa0b22d3c198cd0a9,2026-05-26,SH600111,-0.14313644170761108,,,
EXP_XGBModel_Alpha158_csi300_sliding_step40_s_20260111_01,44df6c59b159490fa0b22d3c198cd0a9,2026-05-26,SH600115,0.05407584831118584,,,
EXP_XGBModel_Alpha158_csi300_sliding_step40_s_20260111_01,44df6c59b159490fa0b22d3c198cd0a9,2026-05-26,SH600061,0.06862980127334595,,,
EXP_XGBModel_Alpha158_csi300_sliding_step40_s_20260111_01,44df6c59b159490fa0b22d3c198cd0a9,2026-05-26,SH600150,-0.252126544713974,,,
EXP_XGBModel_Alpha158_csi300_sliding_step40_s_20260111_01,44df6c59b159490fa0b22d3c198cd0a9,2026-05-26,SH600161,-0.10275252908468246,,,
EXP_XGBModel_Alpha158_csi300_sliding_step40_s_20260111_01,44df6c59b159490fa0b22d3c198cd0a9,2026-05-26,SH600176,0.17491966485977173,,,
EXP_XGBModel_Alpha158_csi300_sliding_step40_s_20260111_01,44df6c59b159490fa0b22d3c198cd0a9,2026-05-26,SH600183,0.30520814657211304,,,
EXP_XGBModel_Alpha158_csi300_sliding_step40_s_20260111_01,44df6c59b159490fa0b22d3c198cd0a9,2026-05-26,SH600188,0.029070543125271797,,,
EXP_XGBModel_Alpha158_csi300_sliding_step40_s_20260111_01,44df6c59b159490fa0b22d3c198cd0a9,2026-05-26,SH600196,0.05636519938707352,,,
EXP_XGBModel_Alpha158_csi300_sliding_step40_s_20260111_01,44df6c59b159490fa0b22d3c198cd0a9,2026-05-26,SH600219,0.031045537441968918,,,
EXP_XGBModel_Alpha158_csi300_sliding_step40_s_20260111_01,44df6c59b159490fa0b22d3c198cd0a9,2026-05-26,SH600160,-0.07086598873138428,,,
EXP_XGBModel_Alpha158_csi300_sliding_step40_s_20260111_01,44df6c59b159490fa0b22d3c198cd0a9,2026-05-26,SH600050,-0.15989436209201813,,,
EXP_XGBModel_Alpha158_csi300_sliding_step40_s_20260111_01,44df6c59b159490fa0b22d3c198cd0a9,2026-05-26,SH600048,-0.00623317202553153,,,
EXP_XGBModel_Alpha158_csi300_sliding_step40_s_20260111_01,44df6c59b159490fa0b22d3c198cd0a9,2026-05-26,SH600039,0.34747812151908875,,,
EXP_XGBModel_Alpha158_csi300_sliding_step40_s_20260111_01,44df6c59b159490fa0b22d3c198cd0a9,2026-05-26,SH600010,-0.08647189289331436,,,
EXP_XGBModel_Alpha158_csi300_sliding_step40_s_20260111_01,44df6c59b159490fa0b22d3c198cd0a9,2026-05-26,SH600011,-0.06445883214473724,,,
EXP_XGBModel_Alpha158_csi300_sliding_step40_s_20260111_01,44df6c59b159490fa0b22d3c198cd0a9,2026-05-26,SH600015,-0.029378606006503105,,,
EXP_XGBModel_Alpha158_csi300_sliding_step40_s_20260111_01,44df6c59b159490fa0b22d3c198cd0a9,2026-05-26,SH600016,-0.013249089941382408,,,
EXP_XGBModel_Alpha158_csi300_sliding_step40_s_20260111_01,44df6c59b159490fa0b22d3c198cd0a9,2026-05-26,SH600018,0.007241652347147465,,,
EXP_XGBModel_Alpha158_csi300_sliding_step40_s_20260111_01,44df6c59b159490fa0b22d3c198cd0a9,2026-05-26,SH600019,-0.06967513263225555,,,
EXP_XGBModel_Alpha158_csi300_sliding_step40_s_20260111_01,44df6c59b159490fa0b22d3c198cd0a9,2026-05-26,SH600023,-0.09732285141944885,,,
EXP_XGBModel_Alpha158_csi300_sliding_step40_s_20260111_01,44df6c59b159490fa0b22d3c198cd0a9,2026-05-26,SH600025,0.09081622958183289,,,
EXP_XGBModel_Alpha158_csi300_sliding_step40_s_20260111_01,44df6c59b159490fa0b22d3c198cd0a9,2026-05-26,SH600026,-0.0016150183510035276,,,
EXP_XGBModel_Alpha158_csi300_sliding_step40_s_20260111_01,44df6c59b159490fa0b22d3c198cd0a9,2026-05-26,SH600027,0.11321298778057098,,,
EXP_XGBModel_Alpha158_csi300_sliding_step40_s_20260111_01,44df6c59b159490fa0b22d3c198cd0a9,2026-05-26,SH600028,-0.2198754847049713,,,
EXP_XGBModel_Alpha158_csi300_sliding_step40_s_20260111_01,44df6c59b159490fa0b22d3c198cd0a9,2026-05-26,SH600029,0.012110860086977482,,,
EXP_XGBModel_Alpha158_csi300_sliding_step40_s_20260111_01,44df6c59b159490fa0b22d3c198cd0a9,2026-05-26,SH600030,-0.015651462599635124,,,
EXP_XGBModel_Alpha158_csi300_sliding_step40_s_20260111_01,44df6c59b159490fa0b22d3c198cd0a9,2026-05-26,SH600031,0.16675065457820892,,,
EXP_XGBModel_Alpha158_csi300_sliding_step40_s_20260111_01,44df6c59b159490fa0b22d3c198cd0a9,2026-05-26,SH600036,-0.024260971695184708,,,
EXP_XGBModel_Alpha158_csi300_sliding_step40_s_20260111_01,44df6c59b159490fa0b22d3c198cd0a9,2026-05-26,SH600233,0.004255856852978468,,,
EXP_XGBModel_Alpha158_csi300_sliding_step40_s_20260111_01,44df6c59b159490fa0b22d3c198cd0a9,2026-05-26,SH600276,-0.059795577079057693,,,
EXP_XGBModel_Alpha158_csi300_sliding_step40_s_20260111_01,44df6c59b159490fa0b22d3c198cd0a9,2026-05-26,SH600309,0.08148501813411713,,,
EXP_XGBModel_Alpha158_csi300_sliding_step40_s_20260111_01,44df6c59b159490fa0b22d3c198cd0a9,2026-05-26,SH600346,-0.028832638636231422,,,
EXP_XGBModel_Alpha158_csi300_sliding_step40_s_20260111_01,44df6c59b159490fa0b22d3c198cd0a9,2026-05-26,SH600600,-0.026831338182091713,,,
EXP_XGBModel_Alpha158_csi300_sliding_step40_s_20260111_01,44df6c59b159490fa0b22d3c198cd0a9,2026-05-26,SH600660,-0.0937054380774498,,,
EXP_XGBModel_Alpha158_csi300_sliding_step40_s_20260111_01,44df6c59b159490fa0b22d3c198cd0a9,2026-05-26,SH600674,-0.03323369473218918,,,
EXP_XGBModel_Alpha158_csi300_sliding_step40_s_20260111_01,44df6c59b159490fa0b22d3c198cd0a9,2026-05-26,SH600690,-0.022929854691028595,,,
EXP_XGBModel_Alpha158_csi300_sliding_step40_s_20260111_01,44df6c59b159490fa0b22d3c198cd0a9,2026-05-26,SH600741,0.22129711508750916,,,
EXP_XGBModel_Alpha158_csi300_sliding_step40_s_20260111_01,44df6c59b159490fa0b22d3c198cd0a9,2026-05-26,SH600760,-0.032594360411167145,,,
EXP_XGBModel_Alpha158_csi300_sliding_step40_s_20260111_01,44df6c59b159490fa0b22d3c198cd0a9,2026-05-26,SH600795,0.022396698594093323,,,
EXP_XGBModel_Alpha158_csi300_sliding_step40_s_20260111_01,44df6c59b159490fa0b22d3c198cd0a9,2026-05-26,SH600803,-0.060437846928834915,,,
EXP_XGBModel_Alpha158_csi300_sliding_step40_s_20260111_01,44df6c59b159490fa0b22d3c198cd0a9,2026-05-26,SH600809,-0.04099128022789955,,,
EXP_XGBModel_Alpha158_csi300_sliding_step40_s_20260111_01,44df6c59b159490fa0b22d3c198cd0a9,2026-05-26,SH600845,-0.10754607617855072,,,
EXP_XGBModel_Alpha158_csi300_sliding_step40_s_20260111_01,44df6c59b159490fa0b22d3c198cd0a9,2026-05-26,SH600875,-0.010507514700293541,,,
EXP_XGBModel_Alpha158_csi300_sliding_step40_s_20260111_01,44df6c59b159490fa0b22d3c198cd0a9,2026-05-26,SH600886,0.0331432931125164,,,
EXP_XGBModel_Alpha158_csi300_sliding_step40_s_20260111_01,44df6c59b159490fa0b22d3c198cd0a9,2026-05-26,SH600887,0.07781549543142319,,,
EXP_XGBModel_Alpha158_csi300_sliding_step40_s_20260111_01,44df6c59b159490fa0b22d3c198cd0a9,2026-05-26,SH600893,-0.07412616163492203,,,
EXP_XGBModel_Alpha158_csi300_sliding_step40_s_20260111_01,44df6c59b159490fa0b22d3c198cd0a9,2026-05-26,SH600900,0.22037075459957123,,,
EXP_XGBModel_Alpha158_csi300_sliding_step40_s_20260111_01,44df6c59b159490fa0b22d3c198cd0a9,2026-05-26,SH600588,-0.0025744508020579815,,,
EXP_XGBModel_Alpha158_csi300_sliding_step40_s_20260111_01,44df6c59b159490fa0b22d3c198cd0a9,2026-05-26,SH600918,-0.004212433472275734,,,
EXP_XGBModel_Alpha158_csi300_sliding_step40_s_20260111_01,44df6c59b159490fa0b22d3c198cd0a9,2026-05-26,SH600585,0.0593298077583313,,,
EXP_XGBModel_Alpha158_csi300_sliding_step40_s_20260111_01,44df6c59b159490fa0b22d3c198cd0a9,2026-05-26,SH600570,0.010878200642764568,,,
EXP_XGBModel_Alpha158_csi300_sliding_step40_s_20260111_01,44df6c59b159490fa0b22d3c198cd0a9,2026-05-26,SH600362,-0.10798197984695435,,,
EXP_XGBModel_Alpha158_csi300_sliding_step40_s_20260111_01,44df6c59b159490fa0b22d3c198cd0a9,2026-05-26,SH600372,0.049355730414390564,,,
EXP_XGBModel_Alpha158_csi300_sliding_step40_s_20260111_01,44df6c59b159490fa0b22d3c198cd0a9,2026-05-26,SH600377,0.10973680764436722,,,
EXP_XGBModel_Alpha158_csi300_sliding_step40_s_20260111_01,44df6c59b159490fa0b22d3c198cd0a9,2026-05-26,SH600406,-0.014924615621566772,,,
EXP_XGBModel_Alpha158_csi300_sliding_step40_s_20260111_01,44df6c59b159490fa0b22d3c198cd0a9,2026-05-26,SH600415,-0.037256404757499695,,,
EXP_XGBModel_Alpha158_csi300_sliding_step40_s_20260111_01,44df6c59b159490fa0b22d3c198cd0a9,2026-05-26,SH600426,0.12945005297660828,,,
EXP_XGBModel_Alpha158_csi300_sliding_step40_s_20260111_01,44df6c59b159490fa0b22d3c198cd0a9,2026-05-26,SH600436,0.04913707822561264,,,
EXP_XGBModel_Alpha158_csi300_sliding_step40_s_20260111_01,44df6c59b159490fa0b22d3c198cd0a9,2026-05-26,SH600438,-0.06725846230983734,,,
EXP_XGBModel_Alpha158_csi300_sliding_step40_s_20260111_01,44df6c59b159490fa0b22d3c198cd0a9,2026-05-26,SH600460,0.013642656616866589,,,
EXP_XGBModel_Alpha158_csi300_sliding_step40_s_20260111_01,44df6c59b159490fa0b22d3c198cd0a9,2026-05-26,SH600482,0.03687761351466179,,,
EXP_XGBModel_Alpha158_csi300_sliding_step40_s_20260111_01,44df6c59b159490fa0b22d3c198cd0a9,2026-05-26,SH600489,-0.22956620156764984,,,
EXP_XGBModel_Alpha158_csi300_sliding_step40_s_20260111_01,44df6c59b159490fa0b22d3c198cd0a9,2026-05-26,SH600515,-0.018461886793375015,,,
EXP_XGBModel_Alpha158_csi300_sliding_step40_s_20260111_01,44df6c59b159490fa0b22d3c198cd0a9,2026-05-26,SH600519,-0.10459758341312408,,,
EXP_XGBModel_Alpha158_csi300_sliding_step40_s_20260111_01,44df6c59b159490fa0b22d3c198cd0a9,2026-05-26,SH600522,-0.10699902474880219,,,
EXP_XGBModel_Alpha158_csi300_sliding_step40_s_20260111_01,44df6c59b159490fa0b22d3c198cd0a9,2026-05-26,SH600547,0.1255299150943756,,,
EXP_XGBModel_Alpha158_csi300_sliding_step40_s_20260111_01,44df6c59b159490fa0b22d3c198cd0a9,2026-05-26,SH600584,0.8011581897735596,,,
EXP_XGBModel_Alpha158_csi300_sliding_step40_s_20260111_01,44df6c59b159490fa0b22d3c198cd0a9,2026-05-26,SZ302132,-0.1591200977563858,,,
EXP_XGBModel_Alpha158_csi300_sliding_step40_s_20260111_01,44df6c59b159490fa0b22d3c198cd0a9,2026-05-26,SH601916,0.06448572874069214,,,
EXP_XGBModel_Alpha158_csi300_sliding_step40_s_20260111_01,44df6c59b159490fa0b22d3c198cd0a9,2026-05-26,SH601939,-0.1714228242635727,,,
EXP_XGBModel_Alpha158_csi300_sliding_step40_s_20260111_01,44df6c59b159490fa0b22d3c198cd0a9,2026-05-26,SZ002422,-0.059872742742300034,,,
EXP_XGBModel_Alpha158_csi300_sliding_step40_s_20260111_01,44df6c59b159490fa0b22d3c198cd0a9,2026-05-26,SZ002459,0.011136042885482311,,,
EXP_XGBModel_Alpha158_csi300_sliding_step40_s_20260111_01,44df6c59b159490fa0b22d3c198cd0a9,2026-05-26,SZ002460,-0.023617997765541077,,,
EXP_XGBModel_Alpha158_csi300_sliding_step40_s_20260111_01,44df6c59b159490fa0b22d3c198cd0a9,2026-05-26,SZ002463,0.09542425721883774,,,
EXP_XGBModel_Alpha158_csi300_sliding_step40_s_20260111_01,44df6c59b159490fa0b22d3c198cd0a9,2026-05-26,SZ002466,-0.10513609647750854,,,
EXP_XGBModel_Alpha158_csi300_sliding_step40_s_20260111_01,44df6c59b159490fa0b22d3c198cd0a9,2026-05-26,SZ002475,-0.1897755265235901,,,
EXP_XGBModel_Alpha158_csi300_sliding_step40_s_20260111_01,44df6c59b159490fa0b22d3c198cd0a9,2026-05-26,SZ002415,0.035456232726573944,,,
EXP_XGBModel_Alpha158_csi300_sliding_step40_s_20260111_01,44df6c59b159490fa0b22d3c198cd0a9,2026-05-26,SZ002493,-0.07608954608440399,,,
EXP_XGBModel_Alpha158_csi300_sliding_step40_s_20260111_01,44df6c59b159490fa0b22d3c198cd0a9,2026-05-26,SZ002600,-0.03310355544090271,,,
EXP_XGBModel_Alpha158_csi300_sliding_step40_s_20260111_01,44df6c59b159490fa0b22d3c198cd0a9,2026-05-26,SZ002601,0.04474393650889397,,,
EXP_XGBModel_Alpha158_csi300_sliding_step40_s_20260111_01,44df6c59b159490fa0b22d3c198cd0a9,2026-05-26,SZ002625,0.09442286938428879,,,
EXP_XGBModel_Alpha158_csi300_sliding_step40_s_20260111_01,44df6c59b159490fa0b22d3c198cd0a9,2026-05-26,SZ002648,0.019499247893691063,,,
EXP_XGBModel_Alpha158_csi300_sliding_step40_s_20260111_01,44df6c59b159490fa0b22d3c198cd0a9,2026-05-26,SZ002709,0.11552134156227112,,,
EXP_XGBModel_Alpha158_csi300_sliding_step40_s_20260111_01,44df6c59b159490fa0b22d3c198cd0a9,2026-05-26,SZ002714,0.05615188926458359,,,
EXP_XGBModel_Alpha158_csi300_sliding_step40_s_20260111_01,44df6c59b159490fa0b22d3c198cd0a9,2026-05-26,SZ002594,-0.07289520651102066,,,
EXP_XGBModel_Alpha158_csi300_sliding_step40_s_20260111_01,44df6c59b159490fa0b22d3c198cd0a9,2026-05-26,SZ002384,0.38295257091522217,,,
EXP_XGBModel_Alpha158_csi300_sliding_step40_s_20260111_01,44df6c59b159490fa0b22d3c198cd0a9,2026-05-26,SZ002371,-0.41279181838035583,,,
EXP_XGBModel_Alpha158_csi300_sliding_step40_s_20260111_01,44df6c59b159490fa0b22d3c198cd0a9,2026-05-26,SZ002352,-0.022266073152422905,,,
EXP_XGBModel_Alpha158_csi300_sliding_step40_s_20260111_01,44df6c59b159490fa0b22d3c198cd0a9,2026-05-26,SZ001979,-0.009852293878793716,,,
EXP_XGBModel_Alpha158_csi300_sliding_step40_s_20260111_01,44df6c59b159490fa0b22d3c198cd0a9,2026-05-26,SZ002001,-0.05795448273420334,,,
EXP_XGBModel_Alpha158_csi300_sliding_step40_s_20260111_01,44df6c59b159490fa0b22d3c198cd0a9,2026-05-26,SZ002027,0.10433275252580643,,,
EXP_XGBModel_Alpha158_csi300_sliding_step40_s_20260111_01,44df6c59b159490fa0b22d3c198cd0a9,2026-05-26,SZ002028,0.26401880383491516,,,
EXP_XGBModel_Alpha158_csi300_sliding_step40_s_20260111_01,44df6c59b159490fa0b22d3c198cd0a9,2026-05-26,SZ002049,0.11167839169502258,,,
EXP_XGBModel_Alpha158_csi300_sliding_step40_s_20260111_01,44df6c59b159490fa0b22d3c198cd0a9,2026-05-26,SZ002050,-0.1675816774368286,,,
EXP_XGBModel_Alpha158_csi300_sliding_step40_s_20260111_01,44df6c59b159490fa0b22d3c198cd0a9,2026-05-26,SZ002074,-0.07624582946300507,,,
EXP_XGBModel_Alpha158_csi300_sliding_step40_s_20260111_01,44df6c59b159490fa0b22d3c198cd0a9,2026-05-26,SZ002142,-0.03449498116970062,,,
EXP_XGBModel_Alpha158_csi300_sliding_step40_s_20260111_01,44df6c59b159490fa0b22d3c198cd0a9,2026-05-26,SZ002179,-0.04893528297543526,,,
EXP_XGBModel_Alpha158_csi300_sliding_step40_s_20260111_01,44df6c59b159490fa0b22d3c198cd0a9,2026-05-26,SZ002230,0.04438550025224686,,,
EXP_XGBModel_Alpha158_csi300_sliding_step40_s_20260111_01,44df6c59b159490fa0b22d3c198cd0a9,2026-05-26,SZ002236,0.030337030068039894,,,
EXP_XGBModel_Alpha158_csi300_sliding_step40_s_20260111_01,44df6c59b159490fa0b22d3c198cd0a9,2026-05-26,SZ002241,-0.02386188507080078,,,
EXP_XGBModel_Alpha158_csi300_sliding_step40_s_20260111_01,44df6c59b159490fa0b22d3c198cd0a9,2026-05-26,SZ002252,0.019152330234646797,,,
EXP_XGBModel_Alpha158_csi300_sliding_step40_s_20260111_01,44df6c59b159490fa0b22d3c198cd0a9,2026-05-26,SZ002304,0.03492393717169762,,,
EXP_XGBModel_Alpha158_csi300_sliding_step40_s_20260111_01,44df6c59b159490fa0b22d3c198cd0a9,2026-05-26,SZ002311,-0.04956040158867836,,,
EXP_XGBModel_Alpha158_csi300_sliding_step40_s_20260111_01,44df6c59b159490fa0b22d3c198cd0a9,2026-05-26,SZ002736,-0.0002519810223020613,,,
EXP_XGBModel_Alpha158_csi300_sliding_step40_s_20260111_01,44df6c59b159490fa0b22d3c198cd0a9,2026-05-26,SZ002916,-0.32487720251083374,,,
EXP_XGBModel_Alpha158_csi300_sliding_step40_s_20260111_01,44df6c59b159490fa0b22d3c198cd0a9,2026-05-26,SZ002920,-0.06046782806515694,,,
EXP_XGBModel_Alpha158_csi300_sliding_step40_s_20260111_01,44df6c59b159490fa0b22d3c198cd0a9,2026-05-26,SZ002938,1.1453808546066284,,,
EXP_XGBModel_Alpha158_csi300_sliding_step40_s_20260111_01,44df6c59b159490fa0b22d3c198cd0a9,2026-05-26,SZ300498,0.06712785363197327,,,
EXP_XGBModel_Alpha158_csi300_sliding_step40_s_20260111_01,44df6c59b159490fa0b22d3c198cd0a9,2026-05-26,SZ300502,0.3813600242137909,,,
EXP_XGBModel_Alpha158_csi300_sliding_step40_s_20260111_01,44df6c59b159490fa0b22d3c198cd0a9,2026-05-26,SZ300628,0.0521886944770813,,,
EXP_XGBModel_Alpha158_csi300_sliding_step40_s_20260111_01,44df6c59b159490fa0b22d3c198cd0a9,2026-05-26,SZ300661,-0.17455406486988068,,,
EXP_XGBModel_Alpha158_csi300_sliding_step40_s_20260111_01,44df6c59b159490fa0b22d3c198cd0a9,2026-05-26,SZ300750,0.014744751155376434,,,
EXP_XGBModel_Alpha158_csi300_sliding_step40_s_20260111_01,44df6c59b159490fa0b22d3c198cd0a9,2026-05-26,SZ300759,-0.053835317492485046,,,
EXP_XGBModel_Alpha158_csi300_sliding_step40_s_20260111_01,44df6c59b159490fa0b22d3c198cd0a9,2026-05-26,SZ300760,-0.018975425511598587,,,
EXP_XGBModel_Alpha158_csi300_sliding_step40_s_20260111_01,44df6c59b159490fa0b22d3c198cd0a9,2026-05-26,SZ300782,0.06746619939804077,,,
EXP_XGBModel_Alpha158_csi300_sliding_step40_s_20260111_01,44df6c59b159490fa0b22d3c198cd0a9,2026-05-26,SZ300803,-0.02248229645192623,,,
EXP_XGBModel_Alpha158_csi300_sliding_step40_s_20260111_01,44df6c59b159490fa0b22d3c198cd0a9,2026-05-26,SZ300832,0.017026768997311592,,,
EXP_XGBModel_Alpha158_csi300_sliding_step40_s_20260111_01,44df6c59b159490fa0b22d3c198cd0a9,2026-05-26,SZ300866,0.08784375339746475,,,
EXP_XGBModel_Alpha158_csi300_sliding_step40_s_20260111_01,44df6c59b159490fa0b22d3c198cd0a9,2026-05-26,SZ300896,0.02709062770009041,,,
EXP_XGBModel_Alpha158_csi300_sliding_step40_s_20260111_01,44df6c59b159490fa0b22d3c198cd0a9,2026-05-26,SZ300979,-0.10052486509084702,,,
EXP_XGBModel_Alpha158_csi300_sliding_step40_s_20260111_01,44df6c59b159490fa0b22d3c198cd0a9,2026-05-26,SZ300999,-0.048053521662950516,,,
EXP_XGBModel_Alpha158_csi300_sliding_step40_s_20260111_01,44df6c59b159490fa0b22d3c198cd0a9,2026-05-26,SZ301236,0.09144551306962967,,,
EXP_XGBModel_Alpha158_csi300_sliding_step40_s_20260111_01,44df6c59b159490fa0b22d3c198cd0a9,2026-05-26,SZ300476,-0.07417513430118561,,,
EXP_XGBModel_Alpha158_csi300_sliding_step40_s_20260111_01,44df6c59b159490fa0b22d3c198cd0a9,2026-05-26,SZ001965,-0.01952548697590828,,,
EXP_XGBModel_Alpha158_csi300_sliding_step40_s_20260111_01,44df6c59b159490fa0b22d3c198cd0a9,2026-05-26,SZ300442,-0.04914333298802376,,,
EXP_XGBModel_Alpha158_csi300_sliding_step40_s_20260111_01,44df6c59b159490fa0b22d3c198cd0a9,2026-05-26,SZ300418,-0.10403084009885788,,,
EXP_XGBModel_Alpha158_csi300_sliding_step40_s_20260111_01,44df6c59b159490fa0b22d3c198cd0a9,2026-05-26,SZ003816,0.11391405016183853,,,
EXP_XGBModel_Alpha158_csi300_sliding_step40_s_20260111_01,44df6c59b159490fa0b22d3c198cd0a9,2026-05-26,SZ300014,-0.012470174580812454,,,
EXP_XGBModel_Alpha158_csi300_sliding_step40_s_20260111_01,44df6c59b159490fa0b22d3c198cd0a9,2026-05-26,SZ300015,-0.0809333473443985,,,
EXP_XGBModel_Alpha158_csi300_sliding_step40_s_20260111_01,44df6c59b159490fa0b22d3c198cd0a9,2026-05-26,SZ300033,0.2203233689069748,,,
EXP_XGBModel_Alpha158_csi300_sliding_step40_s_20260111_01,44df6c59b159490fa0b22d3c198cd0a9,2026-05-26,SZ300059,-0.022856414318084717,,,
EXP_XGBModel_Alpha158_csi300_sliding_step40_s_20260111_01,44df6c59b159490fa0b22d3c198cd0a9,2026-05-26,SZ300122,0.037450309842824936,,,
EXP_XGBModel_Alpha158_csi300_sliding_step40_s_20260111_01,44df6c59b159490fa0b22d3c198cd0a9,2026-05-26,SZ300124,-0.17423391342163086,,,
EXP_XGBModel_Alpha158_csi300_sliding_step40_s_20260111_01,44df6c59b159490fa0b22d3c198cd0a9,2026-05-26,SZ300251,-0.05379509925842285,,,
EXP_XGBModel_Alpha158_csi300_sliding_step40_s_20260111_01,44df6c59b159490fa0b22d3c198cd0a9,2026-05-26,SZ300274,0.15649403631687164,,,
EXP_XGBModel_Alpha158_csi300_sliding_step40_s_20260111_01,44df6c59b159490fa0b22d3c198cd0a9,2026-05-26,SZ300308,0.0014084838330745697,,,
EXP_XGBModel_Alpha158_csi300_sliding_step40_s_20260111_01,44df6c59b159490fa0b22d3c198cd0a9,2026-05-26,SZ300316,-0.48316505551338196,,,
EXP_XGBModel_Alpha158_csi300_sliding_step40_s_20260111_01,44df6c59b159490fa0b22d3c198cd0a9,2026-05-26,SZ300347,0.1844455897808075,,,
EXP_XGBModel_Alpha158_csi300_sliding_step40_s_20260111_01,44df6c59b159490fa0b22d3c198cd0a9,2026-05-26,SZ300394,0.5846731662750244,,,
EXP_XGBModel_Alpha158_csi300_sliding_step40_s_20260111_01,44df6c59b159490fa0b22d3c198cd0a9,2026-05-26,SZ300408,0.11748485267162323,,,
EXP_XGBModel_Alpha158_csi300_sliding_step40_s_20260111_01,44df6c59b159490fa0b22d3c198cd0a9,2026-05-26,SZ300413,-0.06487981975078583,,,
EXP_XGBModel_Alpha158_csi300_sliding_step40_s_20260111_01,44df6c59b159490fa0b22d3c198cd0a9,2026-05-26,SZ300433,-1.0204635858535767,,,
EXP_XGBModel_Alpha158_csi300_sliding_step40_s_20260111_01,44df6c59b159490fa0b22d3c198cd0a9,2026-05-26,SH601919,-0.023793088272213936,,,
EXP_XGBModel_Alpha158_csi300_sliding_step40_s_20260111_01,44df6c59b159490fa0b22d3c198cd0a9,2026-05-26,SZ001391,-0.10744862258434296,,,
EXP_XGBModel_Alpha158_csi300_sliding_step40_s_20260111_01,44df6c59b159490fa0b22d3c198cd0a9,2026-05-26,SZ000983,0.0053965384140610695,,,
EXP_XGBModel_Alpha158_csi300_sliding_step40_s_20260111_01,44df6c59b159490fa0b22d3c198cd0a9,2026-05-26,SH688008,0.4584607481956482,,,
EXP_XGBModel_Alpha158_csi300_sliding_step40_s_20260111_01,44df6c59b159490fa0b22d3c198cd0a9,2026-05-26,SH688009,0.001878612325526774,,,
EXP_XGBModel_Alpha158_csi300_sliding_step40_s_20260111_01,44df6c59b159490fa0b22d3c198cd0a9,2026-05-26,SH688012,0.1487077921628952,,,
EXP_XGBModel_Alpha158_csi300_sliding_step40_s_20260111_01,44df6c59b159490fa0b22d3c198cd0a9,2026-05-26,SH688036,0.0056410785764455795,,,
EXP_XGBModel_Alpha158_csi300_sliding_step40_s_20260111_01,44df6c59b159490fa0b22d3c198cd0a9,2026-05-26,SH688041,-0.1580934077501297,,,
EXP_XGBModel_Alpha158_csi300_sliding_step40_s_20260111_01,44df6c59b159490fa0b22d3c198cd0a9,2026-05-26,SH688047,0.035994838923215866,,,
EXP_XGBModel_Alpha158_csi300_sliding_step40_s_20260111_01,44df6c59b159490fa0b22d3c198cd0a9,2026-05-26,SH605499,-0.014501315541565418,,,
EXP_XGBModel_Alpha158_csi300_sliding_step40_s_20260111_01,44df6c59b159490fa0b22d3c198cd0a9,2026-05-26,SH688082,0.12940716743469238,,,
EXP_XGBModel_Alpha158_csi300_sliding_step40_s_20260111_01,44df6c59b159490fa0b22d3c198cd0a9,2026-05-26,SH688126,-0.07521507143974304,,,
EXP_XGBModel_Alpha158_csi300_sliding_step40_s_20260111_01,44df6c59b159490fa0b22d3c198cd0a9,2026-05-26,SH688169,0.07052752375602722,,,
EXP_XGBModel_Alpha158_csi300_sliding_step40_s_20260111_01,44df6c59b159490fa0b22d3c198cd0a9,2026-05-26,SH688187,-0.3980902433395386,,,
EXP_XGBModel_Alpha158_csi300_sliding_step40_s_20260111_01,44df6c59b159490fa0b22d3c198cd0a9,2026-05-26,SH688223,-0.07965096831321716,,,
EXP_XGBModel_Alpha158_csi300_sliding_step40_s_20260111_01,44df6c59b159490fa0b22d3c198cd0a9,2026-05-26,SH688256,-0.30011194944381714,,,
EXP_XGBModel_Alpha158_csi300_sliding_step40_s_20260111_01,44df6c59b159490fa0b22d3c198cd0a9,2026-05-26,SH688271,-0.04475654289126396,,,
EXP_XGBModel_Alpha158_csi300_sliding_step40_s_20260111_01,44df6c59b159490fa0b22d3c198cd0a9,2026-05-26,SH688111,-0.00045384367695078254,,,
EXP_XGBModel_Alpha158_csi300_sliding_step40_s_20260111_01,44df6c59b159490fa0b22d3c198cd0a9,2026-05-26,SH605117,0.005111629143357277,,,
EXP_XGBModel_Alpha158_csi300_sliding_step40_s_20260111_01,44df6c59b159490fa0b22d3c198cd0a9,2026-05-26,SH603993,0.04337236285209656,,,
EXP_XGBModel_Alpha158_csi300_sliding_step40_s_20260111_01,44df6c59b159490fa0b22d3c198cd0a9,2026-05-26,SH603986,-1.193569302558899,,,
EXP_XGBModel_Alpha158_csi300_sliding_step40_s_20260111_01,44df6c59b159490fa0b22d3c198cd0a9,2026-05-26,SH601985,0.005727801937609911,,,
EXP_XGBModel_Alpha158_csi300_sliding_step40_s_20260111_01,44df6c59b159490fa0b22d3c198cd0a9,2026-05-26,SH601988,0.07229123264551163,,,
EXP_XGBModel_Alpha158_csi300_sliding_step40_s_20260111_01,44df6c59b159490fa0b22d3c198cd0a9,2026-05-26,SH601995,0.06492329388856888,,,
EXP_XGBModel_Alpha158_csi300_sliding_step40_s_20260111_01,44df6c59b159490fa0b22d3c198cd0a9,2026-05-26,SH601998,-0.03828909993171692,,,
EXP_XGBModel_Alpha158_csi300_sliding_step40_s_20260111_01,44df6c59b159490fa0b22d3c198cd0a9,2026-05-26,SH603019,-0.00990497600287199,,,
EXP_XGBModel_Alpha158_csi300_sliding_step40_s_20260111_01,44df6c59b159490fa0b22d3c198cd0a9,2026-05-26,SH603195,-0.08247705549001694,,,
EXP_XGBModel_Alpha158_csi300_sliding_step40_s_20260111_01,44df6c59b159490fa0b22d3c198cd0a9,2026-05-26,SH603259,-0.04182947054505348,,,
EXP_XGBModel_Alpha158_csi300_sliding_step40_s_20260111_01,44df6c59b159490fa0b22d3c198cd0a9,2026-05-26,SH603260,0.11733488738536835,,,
EXP_XGBModel_Alpha158_csi300_sliding_step40_s_20260111_01,44df6c59b159490fa0b22d3c198cd0a9,2026-05-26,SH603288,-0.06613709032535553,,,
EXP_XGBModel_Alpha158_csi300_sliding_step40_s_20260111_01,44df6c59b159490fa0b22d3c198cd0a9,2026-05-26,SH603296,-0.0396500900387764,,,
EXP_XGBModel_Alpha158_csi300_sliding_step40_s_20260111_01,44df6c59b159490fa0b22d3c198cd0a9,2026-05-26,SH603369,-0.09483757615089417,,,
EXP_XGBModel_Alpha158_csi300_sliding_step40_s_20260111_01,44df6c59b159490fa0b22d3c198cd0a9,2026-05-26,SH603392,-0.06886087357997894,,,
EXP_XGBModel_Alpha158_csi300_sliding_step40_s_20260111_01,44df6c59b159490fa0b22d3c198cd0a9,2026-05-26,SH603501,-0.09654929488897324,,,
EXP_XGBModel_Alpha158_csi300_sliding_step40_s_20260111_01,44df6c59b159490fa0b22d3c198cd0a9,2026-05-26,SH603799,-0.1511700302362442,,,
EXP_XGBModel_Alpha158_csi300_sliding_step40_s_20260111_01,44df6c59b159490fa0b22d3c198cd0a9,2026-05-26,SH603893,-0.2632964849472046,,,
EXP_XGBModel_Alpha158_csi300_sliding_step40_s_20260111_01,44df6c59b159490fa0b22d3c198cd0a9,2026-05-26,SH688303,-0.12087800353765488,,,
EXP_XGBModel_Alpha158_csi300_sliding_step40_s_20260111_01,44df6c59b159490fa0b22d3c198cd0a9,2026-05-26,SH688396,-0.1253352016210556,,,
EXP_XGBModel_Alpha158_csi300_sliding_step40_s_20260111_01,44df6c59b159490fa0b22d3c198cd0a9,2026-05-26,SH688472,0.0036213062703609467,,,
EXP_XGBModel_Alpha158_csi300_sliding_step40_s_20260111_01,44df6c59b159490fa0b22d3c198cd0a9,2026-05-26,SH688506,0.18171440064907074,,,
EXP_XGBModel_Alpha158_csi300_sliding_step40_s_20260111_01,44df6c59b159490fa0b22d3c198cd0a9,2026-05-26,SZ000661,-0.07141921669244766,,,
EXP_XGBModel_Alpha158_csi300_sliding_step40_s_20260111_01,44df6c59b159490fa0b22d3c198cd0a9,2026-05-26,SZ000708,0.011606380343437195,,,
EXP_XGBModel_Alpha158_csi300_sliding_step40_s_20260111_01,44df6c59b159490fa0b22d3c198cd0a9,2026-05-26,SZ000725,-0.011120274662971497,,,
EXP_XGBModel_Alpha158_csi300_sliding_step40_s_20260111_01,44df6c59b159490fa0b22d3c198cd0a9,2026-05-26,SZ000768,0.08828983455896378,,,
EXP_XGBModel_Alpha158_csi300_sliding_step40_s_20260111_01,44df6c59b159490fa0b22d3c198cd0a9,2026-05-26,SZ000776,-0.007973973639309406,,,
EXP_XGBModel_Alpha158_csi300_sliding_step40_s_20260111_01,44df6c59b159490fa0b22d3c198cd0a9,2026-05-26,SZ000786,0.03478620946407318,,,
EXP_XGBModel_Alpha158_csi300_sliding_step40_s_20260111_01,44df6c59b159490fa0b22d3c198cd0a9,2026-05-26,SZ000792,-0.08209887892007828,,,
EXP_XGBModel_Alpha158_csi300_sliding_step40_s_20260111_01,44df6c59b159490fa0b22d3c198cd0a9,2026-05-26,SZ000807,-0.1291176825761795,,,
EXP_XGBModel_Alpha158_csi300_sliding_step40_s_20260111_01,44df6c59b159490fa0b22d3c198cd0a9,2026-05-26,SZ000858,-0.04442350193858147,,,
EXP_XGBModel_Alpha158_csi300_sliding_step40_s_20260111_01,44df6c59b159490fa0b22d3c198cd0a9,2026-05-26,SZ000876,-0.12914246320724487,,,
EXP_XGBModel_Alpha158_csi300_sliding_step40_s_20260111_01,44df6c59b159490fa0b22d3c198cd0a9,2026-05-26,SZ000895,0.06706729531288147,,,
EXP_XGBModel_Alpha158_csi300_sliding_step40_s_20260111_01,44df6c59b159490fa0b22d3c198cd0a9,2026-05-26,SZ000938,0.21001242101192474,,,
EXP_XGBModel_Alpha158_csi300_sliding_step40_s_20260111_01,44df6c59b159490fa0b22d3c198cd0a9,2026-05-26,SZ000963,-0.081402488052845,,,
EXP_XGBModel_Alpha158_csi300_sliding_step40_s_20260111_01,44df6c59b159490fa0b22d3c198cd0a9,2026-05-26,SZ000975,-0.2932780385017395,,,
EXP_XGBModel_Alpha158_csi300_sliding_step40_s_20260111_01,44df6c59b159490fa0b22d3c198cd0a9,2026-05-26,SZ000977,0.0380011610686779,,,
EXP_XGBModel_Alpha158_csi300_sliding_step40_s_20260111_01,44df6c59b159490fa0b22d3c198cd0a9,2026-05-26,SZ000651,0.03610067069530487,,,
EXP_XGBModel_Alpha158_csi300_sliding_step40_s_20260111_01,44df6c59b159490fa0b22d3c198cd0a9,2026-05-26,SZ000999,-0.2797371745109558,,,
EXP_XGBModel_Alpha158_csi300_sliding_step40_s_20260111_01,44df6c59b159490fa0b22d3c198cd0a9,2026-05-26,SZ000630,-0.07701608538627625,,,
EXP_XGBModel_Alpha158_csi300_sliding_step40_s_20260111_01,44df6c59b159490fa0b22d3c198cd0a9,2026-05-26,SZ000617,0.06463152170181274,,,
EXP_XGBModel_Alpha158_csi300_sliding_step40_s_20260111_01,44df6c59b159490fa0b22d3c198cd0a9,2026-05-26,SH688981,0.32202789187431335,,,
EXP_XGBModel_Alpha158_csi300_sliding_step40_s_20260111_01,44df6c59b159490fa0b22d3c198cd0a9,2026-05-26,SZ000001,-0.02586478739976883,,,
EXP_XGBModel_Alpha158_csi300_sliding_step40_s_20260111_01,44df6c59b159490fa0b22d3c198cd0a9,2026-05-26,SZ000002,0.1269305795431137,,,
EXP_XGBModel_Alpha158_csi300_sliding_step40_s_20260111_01,44df6c59b159490fa0b22d3c198cd0a9,2026-05-26,SZ000063,0.023739507421851158,,,
EXP_XGBModel_Alpha158_csi300_sliding_step40_s_20260111_01,44df6c59b159490fa0b22d3c198cd0a9,2026-05-26,SZ000100,-0.009788240306079388,,,
EXP_XGBModel_Alpha158_csi300_sliding_step40_s_20260111_01,44df6c59b159490fa0b22d3c198cd0a9,2026-05-26,SZ000157,-0.034426022320985794,,,
EXP_XGBModel_Alpha158_csi300_sliding_step40_s_20260111_01,44df6c59b159490fa0b22d3c198cd0a9,2026-05-26,SZ000166,-0.037631161510944366,,,
EXP_XGBModel_Alpha158_csi300_sliding_step40_s_20260111_01,44df6c59b159490fa0b22d3c198cd0a9,2026-05-26,SZ000301,-0.008367559872567654,,,
EXP_XGBModel_Alpha158_csi300_sliding_step40_s_20260111_01,44df6c59b159490fa0b22d3c198cd0a9,2026-05-26,SZ000333,-0.026652494445443153,,,
EXP_XGBModel_Alpha158_csi300_sliding_step40_s_20260111_01,44df6c59b159490fa0b22d3c198cd0a9,2026-05-26,SZ000338,-0.4597353935241699,,,
EXP_XGBModel_Alpha158_csi300_sliding_step40_s_20260111_01,44df6c59b159490fa0b22d3c198cd0a9,2026-05-26,SZ000408,0.11663718521595001,,,
EXP_XGBModel_Alpha158_csi300_sliding_step40_s_20260111_01,44df6c59b159490fa0b22d3c198cd0a9,2026-05-26,SZ000425,0.06459355354309082,,,
EXP_XGBModel_Alpha158_csi300_sliding_step40_s_20260111_01,44df6c59b159490fa0b22d3c198cd0a9,2026-05-26,SZ000538,-0.04026881977915764,,,
EXP_XGBModel_Alpha158_csi300_sliding_step40_s_20260111_01,44df6c59b159490fa0b22d3c198cd0a9,2026-05-26,SZ000568,-0.061213504523038864,,,
EXP_XGBModel_Alpha158_csi300_sliding_step40_s_20260111_01,44df6c59b159490fa0b22d3c198cd0a9,2026-05-26,SZ000596,0.11839090287685394,,,
EXP_XGBModel_Alpha158_csi300_sliding_step40_s_20260111_01,44df6c59b159490fa0b22d3c198cd0a9,2026-05-26,SZ000625,0.04227317124605179,,,
EXP_LinearModel_Alpha158_csi300_expanding_step40_s_20260111_12,ab464936a4bd47ddb5b42e4aa3319072,2026-05-26,SH600000,0.010728266090154648,,,
EXP_DEnsembleModel_Alpha158_csi300_sliding_step40_s_20260111_23,12f4cb9e2e654b22a3588e4374ed56b1,2026-05-26,SZ302132,-0.08358872188181977,,,
EXP_DEnsembleModel_Alpha158_csi300_sliding_step40_s_20260111_23,12f4cb9e2e654b22a3588e4374ed56b1,2026-05-26,SZ301269,-0.23443040270873305,,,
EXP_LGBModel_Alpha158_csi300_sliding_step40_s_20260121_01,741bdd0f113c4c1eaf23c429f63dfa1d,2026-05-26,SH601117,-0.07520178122349423,,,
EXP_LGBModel_Alpha158_csi300_sliding_step40_s_20260121_01,741bdd0f113c4c1eaf23c429f63dfa1d,2026-05-26,SH601127,-0.015337003316813806,,,
EXP_LGBModel_Alpha158_csi300_sliding_step40_s_20260121_01,741bdd0f113c4c1eaf23c429f63dfa1d,2026-05-26,SH601136,-0.110860951080858,,,
EXP_LGBModel_Alpha158_csi300_sliding_step40_s_20260121_01,741bdd0f113c4c1eaf23c429f63dfa1d,2026-05-26,SH601138,-0.1950901558657644,,,
EXP_LGBModel_Alpha158_csi300_sliding_step40_s_20260121_01,741bdd0f113c4c1eaf23c429f63dfa1d,2026-05-26,SH601166,0.013644157106657574,,,
EXP_LGBModel_Alpha158_csi300_sliding_step40_s_20260121_01,741bdd0f113c4c1eaf23c429f63dfa1d,2026-05-26,SH601169,-0.061836456691700396,,,
EXP_LGBModel_Alpha158_csi300_sliding_step40_s_20260121_01,741bdd0f113c4c1eaf23c429f63dfa1d,2026-05-26,SH601111,0.07421703012840436,,,
EXP_LGBModel_Alpha158_csi300_sliding_step40_s_20260121_01,741bdd0f113c4c1eaf23c429f63dfa1d,2026-05-26,SH601186,-0.0662419155904489,,,
EXP_LGBModel_Alpha158_csi300_sliding_step40_s_20260121_01,741bdd0f113c4c1eaf23c429f63dfa1d,2026-05-26,SH601225,0.06959637292589581,,,
EXP_LGBModel_Alpha158_csi300_sliding_step40_s_20260121_01,741bdd0f113c4c1eaf23c429f63dfa1d,2026-05-26,SH601229,-0.10846998453416419,,,
EXP_LGBModel_Alpha158_csi300_sliding_step40_s_20260121_01,741bdd0f113c4c1eaf23c429f63dfa1d,2026-05-26,SH601236,0.03852881925459774,,,
EXP_LGBModel_Alpha158_csi300_sliding_step40_s_20260121_01,741bdd0f113c4c1eaf23c429f63dfa1d,2026-05-26,SH601238,0.01977205301633075,,,
EXP_LGBModel_Alpha158_csi300_sliding_step40_s_20260121_01,741bdd0f113c4c1eaf23c429f63dfa1d,2026-05-26,SH601288,-0.04549945967546525,,,
EXP_LGBModel_Alpha158_csi300_sliding_step40_s_20260121_01,741bdd0f113c4c1eaf23c429f63dfa1d,2026-05-26,SH601298,-0.03055225196173619,,,
EXP_LGBModel_Alpha158_csi300_sliding_step40_s_20260121_01,741bdd0f113c4c1eaf23c429f63dfa1d,2026-05-26,SH601211,-0.047234689234522106,,,
EXP_LGBModel_Alpha158_csi300_sliding_step40_s_20260121_01,741bdd0f113c4c1eaf23c429f63dfa1d,2026-05-26,SH601100,0.1307129150086808,,,
EXP_LGBModel_Alpha158_csi300_sliding_step40_s_20260121_01,741bdd0f113c4c1eaf23c429f63dfa1d,2026-05-26,SH601088,-0.03659692290174095,,,
EXP_LGBModel_Alpha158_csi300_sliding_step40_s_20260121_01,741bdd0f113c4c1eaf23c429f63dfa1d,2026-05-26,SH601077,0.02852591416965472,,,
EXP_LGBModel_Alpha158_csi300_sliding_step40_s_20260121_01,741bdd0f113c4c1eaf23c429f63dfa1d,2026-05-26,SH600926,0.028346843610468055,,,
EXP_LGBModel_Alpha158_csi300_sliding_step40_s_20260121_01,741bdd0f113c4c1eaf23c429f63dfa1d,2026-05-26,SH600930,-0.11284092195963615,,,
EXP_LGBModel_Alpha158_csi300_sliding_step40_s_20260121_01,741bdd0f113c4c1eaf23c429f63dfa1d,2026-05-26,SH600938,0.03704644622972972,,,
EXP_LGBModel_Alpha158_csi300_sliding_step40_s_20260121_01,741bdd0f113c4c1eaf23c429f63dfa1d,2026-05-26,SH600941,0.04065278252679002,,,
EXP_LGBModel_Alpha158_csi300_sliding_step40_s_20260121_01,741bdd0f113c4c1eaf23c429f63dfa1d,2026-05-26,SH600958,0.008545621142311678,,,
EXP_LGBModel_Alpha158_csi300_sliding_step40_s_20260121_01,741bdd0f113c4c1eaf23c429f63dfa1d,2026-05-26,SH600989,-0.004499619464609441,,,
EXP_LGBModel_Alpha158_csi300_sliding_step40_s_20260121_01,741bdd0f113c4c1eaf23c429f63dfa1d,2026-05-26,SH600999,-0.1015101762851103,,,
EXP_LGBModel_Alpha158_csi300_sliding_step40_s_20260121_01,741bdd0f113c4c1eaf23c429f63dfa1d,2026-05-26,SH601006,-0.003535503151478726,,,
EXP_LGBModel_Alpha158_csi300_sliding_step40_s_20260121_01,741bdd0f113c4c1eaf23c429f63dfa1d,2026-05-26,SH601009,0.02857826358491855,,,
EXP_LGBModel_Alpha158_csi300_sliding_step40_s_20260121_01,741bdd0f113c4c1eaf23c429f63dfa1d,2026-05-26,SH601012,0.08753365399419642,,,
EXP_LGBModel_Alpha158_csi300_sliding_step40_s_20260121_01,741bdd0f113c4c1eaf23c429f63dfa1d,2026-05-26,SH601018,0.02370330888019378,,,
EXP_LGBModel_Alpha158_csi300_sliding_step40_s_20260121_01,741bdd0f113c4c1eaf23c429f63dfa1d,2026-05-26,SH601021,-0.027100726382968825,,,
EXP_LGBModel_Alpha158_csi300_sliding_step40_s_20260121_01,741bdd0f113c4c1eaf23c429f63dfa1d,2026-05-26,SH601058,-0.06885619181976621,,,
EXP_LGBModel_Alpha158_csi300_sliding_step40_s_20260121_01,741bdd0f113c4c1eaf23c429f63dfa1d,2026-05-26,SH601059,0.045786825204106485,,,
EXP_LGBModel_Alpha158_csi300_sliding_step40_s_20260121_01,741bdd0f113c4c1eaf23c429f63dfa1d,2026-05-26,SH601066,0.01975122931360349,,,
EXP_LGBModel_Alpha158_csi300_sliding_step40_s_20260121_01,741bdd0f113c4c1eaf23c429f63dfa1d,2026-05-26,SH601318,-0.027578526034905702,,,
EXP_LGBModel_Alpha158_csi300_sliding_step40_s_20260121_01,741bdd0f113c4c1eaf23c429f63dfa1d,2026-05-26,SH601319,0.05435069438425906,,,
EXP_LGBModel_Alpha158_csi300_sliding_step40_s_20260121_01,741bdd0f113c4c1eaf23c429f63dfa1d,2026-05-26,SH601328,-0.016833118291213242,,,
EXP_LGBModel_Alpha158_csi300_sliding_step40_s_20260121_01,741bdd0f113c4c1eaf23c429f63dfa1d,2026-05-26,SH601336,0.039671142901226586,,,
EXP_LGBModel_Alpha158_csi300_sliding_step40_s_20260121_01,741bdd0f113c4c1eaf23c429f63dfa1d,2026-05-26,SH601788,-0.010252533803967526,,,
EXP_LGBModel_Alpha158_csi300_sliding_step40_s_20260121_01,741bdd0f113c4c1eaf23c429f63dfa1d,2026-05-26,SH601800,-0.1339548645377959,,,
EXP_LGBModel_Alpha158_csi300_sliding_step40_s_20260121_01,741bdd0f113c4c1eaf23c429f63dfa1d,2026-05-26,SH601808,-0.050188557368200326,,,
EXP_LGBModel_Alpha158_csi300_sliding_step40_s_20260121_01,741bdd0f113c4c1eaf23c429f63dfa1d,2026-05-26,SH601816,-0.10811903859351578,,,
EXP_LGBModel_Alpha158_csi300_sliding_step40_s_20260121_01,741bdd0f113c4c1eaf23c429f63dfa1d,2026-05-26,SH601818,-0.07390731503832619,,,
EXP_LGBModel_Alpha158_csi300_sliding_step40_s_20260121_01,741bdd0f113c4c1eaf23c429f63dfa1d,2026-05-26,SH601825,-0.046641672221191255,,,
EXP_LGBModel_Alpha158_csi300_sliding_step40_s_20260121_01,741bdd0f113c4c1eaf23c429f63dfa1d,2026-05-26,SH601838,-0.012499683751732217,,,
EXP_LGBModel_Alpha158_csi300_sliding_step40_s_20260121_01,741bdd0f113c4c1eaf23c429f63dfa1d,2026-05-26,SH601857,0.05558302713769238,,,
EXP_LGBModel_Alpha158_csi300_sliding_step40_s_20260121_01,741bdd0f113c4c1eaf23c429f63dfa1d,2026-05-26,SH601868,-0.0024426486454488215,,,
EXP_LGBModel_Alpha158_csi300_sliding_step40_s_20260121_01,741bdd0f113c4c1eaf23c429f63dfa1d,2026-05-26,SH601872,0.178013234768689,,,
EXP_LGBModel_Alpha158_csi300_sliding_step40_s_20260121_01,741bdd0f113c4c1eaf23c429f63dfa1d,2026-05-26,SH601877,-0.019777914246688143,,,
EXP_LGBModel_Alpha158_csi300_sliding_step40_s_20260121_01,741bdd0f113c4c1eaf23c429f63dfa1d,2026-05-26,SH601878,0.03078045219442002,,,
EXP_LGBModel_Alpha158_csi300_sliding_step40_s_20260121_01,741bdd0f113c4c1eaf23c429f63dfa1d,2026-05-26,SH601881,0.05038607152008931,,,
EXP_LGBModel_Alpha158_csi300_sliding_step40_s_20260121_01,741bdd0f113c4c1eaf23c429f63dfa1d,2026-05-26,SH601888,-0.11656535197295632,,,
EXP_LGBModel_Alpha158_csi300_sliding_step40_s_20260121_01,741bdd0f113c4c1eaf23c429f63dfa1d,2026-05-26,SH601898,-0.046556412165612945,,,
EXP_LGBModel_Alpha158_csi300_sliding_step40_s_20260121_01,741bdd0f113c4c1eaf23c429f63dfa1d,2026-05-26,SH601766,-0.03819135224064208,,,
EXP_LGBModel_Alpha158_csi300_sliding_step40_s_20260121_01,741bdd0f113c4c1eaf23c429f63dfa1d,2026-05-26,SH600919,-0.04606505553658637,,,
EXP_LGBModel_Alpha158_csi300_sliding_step40_s_20260121_01,741bdd0f113c4c1eaf23c429f63dfa1d,2026-05-26,SH601728,-0.11578042625104282,,,
EXP_LGBModel_Alpha158_csi300_sliding_step40_s_20260121_01,741bdd0f113c4c1eaf23c429f63dfa1d,2026-05-26,SH601689,-0.07263112360275288,,,
EXP_LGBModel_Alpha158_csi300_sliding_step40_s_20260121_01,741bdd0f113c4c1eaf23c429f63dfa1d,2026-05-26,SH601360,0.009344785790612467,,,
EXP_LGBModel_Alpha158_csi300_sliding_step40_s_20260121_01,741bdd0f113c4c1eaf23c429f63dfa1d,2026-05-26,SH601377,-0.012795410788308233,,,
EXP_LGBModel_Alpha158_csi300_sliding_step40_s_20260121_01,741bdd0f113c4c1eaf23c429f63dfa1d,2026-05-26,SH601390,-0.0403561284386033,,,
EXP_LGBModel_Alpha158_csi300_sliding_step40_s_20260121_01,741bdd0f113c4c1eaf23c429f63dfa1d,2026-05-26,SH601398,0.05552260767542201,,,
EXP_LGBModel_Alpha158_csi300_sliding_step40_s_20260121_01,741bdd0f113c4c1eaf23c429f63dfa1d,2026-05-26,SH601456,-0.06481055296846883,,,
EXP_LGBModel_Alpha158_csi300_sliding_step40_s_20260121_01,741bdd0f113c4c1eaf23c429f63dfa1d,2026-05-26,SH601600,0.09303214694034709,,,
EXP_LGBModel_Alpha158_csi300_sliding_step40_s_20260121_01,741bdd0f113c4c1eaf23c429f63dfa1d,2026-05-26,SH601601,0.05387989029401727,,,
EXP_LGBModel_Alpha158_csi300_sliding_step40_s_20260121_01,741bdd0f113c4c1eaf23c429f63dfa1d,2026-05-26,SH601607,-0.033955502841437835,,,
EXP_LGBModel_Alpha158_csi300_sliding_step40_s_20260121_01,741bdd0f113c4c1eaf23c429f63dfa1d,2026-05-26,SH601618,0.027991139711379082,,,
EXP_LGBModel_Alpha158_csi300_sliding_step40_s_20260121_01,741bdd0f113c4c1eaf23c429f63dfa1d,2026-05-26,SH601628,-0.10504991590357354,,,
EXP_LGBModel_Alpha158_csi300_sliding_step40_s_20260121_01,741bdd0f113c4c1eaf23c429f63dfa1d,2026-05-26,SH601633,0.09807026521097593,,,
EXP_LGBModel_Alpha158_csi300_sliding_step40_s_20260121_01,741bdd0f113c4c1eaf23c429f63dfa1d,2026-05-26,SH601658,0.02388441485536912,,,
EXP_LGBModel_Alpha158_csi300_sliding_step40_s_20260121_01,741bdd0f113c4c1eaf23c429f63dfa1d,2026-05-26,SH601668,-0.08662103571299205,,,
EXP_LGBModel_Alpha158_csi300_sliding_step40_s_20260121_01,741bdd0f113c4c1eaf23c429f63dfa1d,2026-05-26,SH601669,-0.0259332882460803,,,
EXP_LGBModel_Alpha158_csi300_sliding_step40_s_20260121_01,741bdd0f113c4c1eaf23c429f63dfa1d,2026-05-26,SH601688,0.09181665725146931,,,
EXP_LGBModel_Alpha158_csi300_sliding_step40_s_20260121_01,741bdd0f113c4c1eaf23c429f63dfa1d,2026-05-26,SH601698,-0.00956256005538781,,,
EXP_LGBModel_Alpha158_csi300_sliding_step40_s_20260121_01,741bdd0f113c4c1eaf23c429f63dfa1d,2026-05-26,SH601899,0.16774552077000088,,,
EXP_LGBModel_Alpha158_csi300_sliding_step40_s_20260121_01,741bdd0f113c4c1eaf23c429f63dfa1d,2026-05-26,SH600918,0.012732410970679021,,,
EXP_LGBModel_Alpha158_csi300_sliding_step40_s_20260121_01,741bdd0f113c4c1eaf23c429f63dfa1d,2026-05-26,SH600900,0.09136490319741171,,,
EXP_LGBModel_Alpha158_csi300_sliding_step40_s_20260121_01,741bdd0f113c4c1eaf23c429f63dfa1d,2026-05-26,SH600061,0.026259166780280733,,,
EXP_LGBModel_Alpha158_csi300_sliding_step40_s_20260121_01,741bdd0f113c4c1eaf23c429f63dfa1d,2026-05-26,SH600066,0.0040246022810016685,,,
EXP_LGBModel_Alpha158_csi300_sliding_step40_s_20260121_01,741bdd0f113c4c1eaf23c429f63dfa1d,2026-05-26,SH600085,0.0002247897070104211,,,
EXP_LGBModel_Alpha158_csi300_sliding_step40_s_20260121_01,741bdd0f113c4c1eaf23c429f63dfa1d,2026-05-26,SH600089,-0.13174601204534048,,,
EXP_LGBModel_Alpha158_csi300_sliding_step40_s_20260121_01,741bdd0f113c4c1eaf23c429f63dfa1d,2026-05-26,SH600104,0.010046655847935447,,,
EXP_LGBModel_Alpha158_csi300_sliding_step40_s_20260121_01,741bdd0f113c4c1eaf23c429f63dfa1d,2026-05-26,SH600111,-0.1567515850218663,,,
EXP_LGBModel_Alpha158_csi300_sliding_step40_s_20260121_01,741bdd0f113c4c1eaf23c429f63dfa1d,2026-05-26,SH600050,-0.09452310614261464,,,
EXP_LGBModel_Alpha158_csi300_sliding_step40_s_20260121_01,741bdd0f113c4c1eaf23c429f63dfa1d,2026-05-26,SH600115,0.02010095710831522,,,
EXP_LGBModel_Alpha158_csi300_sliding_step40_s_20260121_01,741bdd0f113c4c1eaf23c429f63dfa1d,2026-05-26,SH600160,-0.16641179934946831,,,
EXP_LGBModel_Alpha158_csi300_sliding_step40_s_20260121_01,741bdd0f113c4c1eaf23c429f63dfa1d,2026-05-26,SH600161,-0.14232001700495656,,,
EXP_LGBModel_Alpha158_csi300_sliding_step40_s_20260121_01,741bdd0f113c4c1eaf23c429f63dfa1d,2026-05-26,SH600176,-0.06953101195221555,,,
EXP_LGBModel_Alpha158_csi300_sliding_step40_s_20260121_01,741bdd0f113c4c1eaf23c429f63dfa1d,2026-05-26,SH600183,-0.07576397477851148,,,
EXP_LGBModel_Alpha158_csi300_sliding_step40_s_20260121_01,741bdd0f113c4c1eaf23c429f63dfa1d,2026-05-26,SH600188,0.08270437374689019,,,
EXP_LGBModel_Alpha158_csi300_sliding_step40_s_20260121_01,741bdd0f113c4c1eaf23c429f63dfa1d,2026-05-26,SH600196,-0.013273642786188936,,,
EXP_LGBModel_Alpha158_csi300_sliding_step40_s_20260121_01,741bdd0f113c4c1eaf23c429f63dfa1d,2026-05-26,SH600150,-0.24077723773154378,,,
EXP_LGBModel_Alpha158_csi300_sliding_step40_s_20260121_01,741bdd0f113c4c1eaf23c429f63dfa1d,2026-05-26,SH600048,-0.01949370279151605,,,
EXP_LGBModel_Alpha158_csi300_sliding_step40_s_20260121_01,741bdd0f113c4c1eaf23c429f63dfa1d,2026-05-26,SH600039,-0.05349049088364545,,,
EXP_LGBModel_Alpha158_csi300_sliding_step40_s_20260121_01,741bdd0f113c4c1eaf23c429f63dfa1d,2026-05-26,SH600036,-0.05341648210772147,,,
EXP_LGBModel_Alpha158_csi300_sliding_step40_s_20260121_01,741bdd0f113c4c1eaf23c429f63dfa1d,2026-05-26,SH600009,-0.052350857423093644,,,
EXP_LGBModel_Alpha158_csi300_sliding_step40_s_20260121_01,741bdd0f113c4c1eaf23c429f63dfa1d,2026-05-26,SH600010,-0.005537141841428505,,,
EXP_LGBModel_Alpha158_csi300_sliding_step40_s_20260121_01,741bdd0f113c4c1eaf23c429f63dfa1d,2026-05-26,SH600011,0.06284686380716735,,,
EXP_LGBModel_Alpha158_csi300_sliding_step40_s_20260121_01,741bdd0f113c4c1eaf23c429f63dfa1d,2026-05-26,SH600015,-0.04549515497747818,,,
EXP_LGBModel_Alpha158_csi300_sliding_step40_s_20260121_01,741bdd0f113c4c1eaf23c429f63dfa1d,2026-05-26,SH600016,-0.030842901197785804,,,
EXP_LGBModel_Alpha158_csi300_sliding_step40_s_20260121_01,741bdd0f113c4c1eaf23c429f63dfa1d,2026-05-26,SH600018,0.026005379901744438,,,
EXP_LGBModel_Alpha158_csi300_sliding_step40_s_20260121_01,741bdd0f113c4c1eaf23c429f63dfa1d,2026-05-26,SH600019,-0.04022066102492472,,,
EXP_LGBModel_Alpha158_csi300_sliding_step40_s_20260121_01,741bdd0f113c4c1eaf23c429f63dfa1d,2026-05-26,SH600023,0.04319989963535223,,,
EXP_LGBModel_Alpha158_csi300_sliding_step40_s_20260121_01,741bdd0f113c4c1eaf23c429f63dfa1d,2026-05-26,SH600025,0.07481344223064017,,,
EXP_LGBModel_Alpha158_csi300_sliding_step40_s_20260121_01,741bdd0f113c4c1eaf23c429f63dfa1d,2026-05-26,SH600026,0.020939017796428178,,,
EXP_LGBModel_Alpha158_csi300_sliding_step40_s_20260121_01,741bdd0f113c4c1eaf23c429f63dfa1d,2026-05-26,SH600027,0.007553376102849206,,,
EXP_LGBModel_Alpha158_csi300_sliding_step40_s_20260121_01,741bdd0f113c4c1eaf23c429f63dfa1d,2026-05-26,SH600028,0.019234721907119025,,,
EXP_LGBModel_Alpha158_csi300_sliding_step40_s_20260121_01,741bdd0f113c4c1eaf23c429f63dfa1d,2026-05-26,SH600029,0.0664956922855152,,,
EXP_LGBModel_Alpha158_csi300_sliding_step40_s_20260121_01,741bdd0f113c4c1eaf23c429f63dfa1d,2026-05-26,SH600030,0.008177005156243398,,,
EXP_LGBModel_Alpha158_csi300_sliding_step40_s_20260121_01,741bdd0f113c4c1eaf23c429f63dfa1d,2026-05-26,SH600031,-0.030554502245628057,,,
EXP_LGBModel_Alpha158_csi300_sliding_step40_s_20260121_01,741bdd0f113c4c1eaf23c429f63dfa1d,2026-05-26,SH600219,-0.16138402448599107,,,
EXP_LGBModel_Alpha158_csi300_sliding_step40_s_20260121_01,741bdd0f113c4c1eaf23c429f63dfa1d,2026-05-26,SH600233,0.007429760129281422,,,
EXP_LGBModel_Alpha158_csi300_sliding_step40_s_20260121_01,741bdd0f113c4c1eaf23c429f63dfa1d,2026-05-26,SH600276,-0.01635642013177639,,,
EXP_LGBModel_Alpha158_csi300_sliding_step40_s_20260121_01,741bdd0f113c4c1eaf23c429f63dfa1d,2026-05-26,SH600309,0.026650730566907487,,,
EXP_LGBModel_Alpha158_csi300_sliding_step40_s_20260121_01,741bdd0f113c4c1eaf23c429f63dfa1d,2026-05-26,SH600588,-0.007636197215919579,,,
EXP_LGBModel_Alpha158_csi300_sliding_step40_s_20260121_01,741bdd0f113c4c1eaf23c429f63dfa1d,2026-05-26,SH600600,-0.030744102096550024,,,
EXP_LGBModel_Alpha158_csi300_sliding_step40_s_20260121_01,741bdd0f113c4c1eaf23c429f63dfa1d,2026-05-26,SH600660,0.022156473226635935,,,
EXP_LGBModel_Alpha158_csi300_sliding_step40_s_20260121_01,741bdd0f113c4c1eaf23c429f63dfa1d,2026-05-26,SH600674,0.0650555986313528,,,
EXP_LGBModel_Alpha158_csi300_sliding_step40_s_20260121_01,741bdd0f113c4c1eaf23c429f63dfa1d,2026-05-26,SH600690,-0.053212771881613885,,,
EXP_LGBModel_Alpha158_csi300_sliding_step40_s_20260121_01,741bdd0f113c4c1eaf23c429f63dfa1d,2026-05-26,SH600741,-0.00010771795683228366,,,
EXP_LGBModel_Alpha158_csi300_sliding_step40_s_20260121_01,741bdd0f113c4c1eaf23c429f63dfa1d,2026-05-26,SH600760,-0.0015545485595619183,,,
EXP_LGBModel_Alpha158_csi300_sliding_step40_s_20260121_01,741bdd0f113c4c1eaf23c429f63dfa1d,2026-05-26,SH600795,0.03751885880950679,,,
EXP_LGBModel_Alpha158_csi300_sliding_step40_s_20260121_01,741bdd0f113c4c1eaf23c429f63dfa1d,2026-05-26,SH600803,0.008905662676632857,,,
EXP_LGBModel_Alpha158_csi300_sliding_step40_s_20260121_01,741bdd0f113c4c1eaf23c429f63dfa1d,2026-05-26,SH600809,0.04550848522667509,,,
EXP_LGBModel_Alpha158_csi300_sliding_step40_s_20260121_01,741bdd0f113c4c1eaf23c429f63dfa1d,2026-05-26,SH600845,-0.030570865646290035,,,
EXP_LGBModel_Alpha158_csi300_sliding_step40_s_20260121_01,741bdd0f113c4c1eaf23c429f63dfa1d,2026-05-26,SH600875,0.008699108660492902,,,
EXP_LGBModel_Alpha158_csi300_sliding_step40_s_20260121_01,741bdd0f113c4c1eaf23c429f63dfa1d,2026-05-26,SH600886,0.06210823338136204,,,
EXP_LGBModel_Alpha158_csi300_sliding_step40_s_20260121_01,741bdd0f113c4c1eaf23c429f63dfa1d,2026-05-26,SH600887,0.15490846756209414,,,
EXP_LGBModel_Alpha158_csi300_sliding_step40_s_20260121_01,741bdd0f113c4c1eaf23c429f63dfa1d,2026-05-26,SH600893,-0.032014484296693624,,,
EXP_LGBModel_Alpha158_csi300_sliding_step40_s_20260121_01,741bdd0f113c4c1eaf23c429f63dfa1d,2026-05-26,SH600585,-0.022331931524951637,,,
EXP_LGBModel_Alpha158_csi300_sliding_step40_s_20260121_01,741bdd0f113c4c1eaf23c429f63dfa1d,2026-05-26,SH600905,-0.03606359891211495,,,
EXP_LGBModel_Alpha158_csi300_sliding_step40_s_20260121_01,741bdd0f113c4c1eaf23c429f63dfa1d,2026-05-26,SH600584,-0.10879486151350821,,,
EXP_LGBModel_Alpha158_csi300_sliding_step40_s_20260121_01,741bdd0f113c4c1eaf23c429f63dfa1d,2026-05-26,SH600547,-0.09213971851820434,,,
EXP_LGBModel_Alpha158_csi300_sliding_step40_s_20260121_01,741bdd0f113c4c1eaf23c429f63dfa1d,2026-05-26,SH600346,0.06752207964162736,,,
EXP_LGBModel_Alpha158_csi300_sliding_step40_s_20260121_01,741bdd0f113c4c1eaf23c429f63dfa1d,2026-05-26,SH600362,0.09613746876529673,,,
EXP_LGBModel_Alpha158_csi300_sliding_step40_s_20260121_01,741bdd0f113c4c1eaf23c429f63dfa1d,2026-05-26,SH600372,0.03266170606259573,,,
EXP_LGBModel_Alpha158_csi300_sliding_step40_s_20260121_01,741bdd0f113c4c1eaf23c429f63dfa1d,2026-05-26,SH600377,0.04152555149202922,,,
EXP_LGBModel_Alpha158_csi300_sliding_step40_s_20260121_01,741bdd0f113c4c1eaf23c429f63dfa1d,2026-05-26,SH600406,0.07581023540530905,,,
EXP_LGBModel_Alpha158_csi300_sliding_step40_s_20260121_01,741bdd0f113c4c1eaf23c429f63dfa1d,2026-05-26,SH600415,-0.006283250765339438,,,
EXP_LGBModel_Alpha158_csi300_sliding_step40_s_20260121_01,741bdd0f113c4c1eaf23c429f63dfa1d,2026-05-26,SH600426,-0.018864719577510247,,,
EXP_LGBModel_Alpha158_csi300_sliding_step40_s_20260121_01,741bdd0f113c4c1eaf23c429f63dfa1d,2026-05-26,SH600436,-0.049217743368638135,,,
EXP_LGBModel_Alpha158_csi300_sliding_step40_s_20260121_01,741bdd0f113c4c1eaf23c429f63dfa1d,2026-05-26,SH600438,-0.009163476781355064,,,
EXP_LGBModel_Alpha158_csi300_sliding_step40_s_20260121_01,741bdd0f113c4c1eaf23c429f63dfa1d,2026-05-26,SH600460,-0.24601828864755643,,,
EXP_LGBModel_Alpha158_csi300_sliding_step40_s_20260121_01,741bdd0f113c4c1eaf23c429f63dfa1d,2026-05-26,SH600482,0.02073517585634548,,,
EXP_LGBModel_Alpha158_csi300_sliding_step40_s_20260121_01,741bdd0f113c4c1eaf23c429f63dfa1d,2026-05-26,SH600489,-0.0869038028729732,,,
EXP_LGBModel_Alpha158_csi300_sliding_step40_s_20260121_01,741bdd0f113c4c1eaf23c429f63dfa1d,2026-05-26,SH600515,0.006379000829944857,,,
EXP_LGBModel_Alpha158_csi300_sliding_step40_s_20260121_01,741bdd0f113c4c1eaf23c429f63dfa1d,2026-05-26,SH600519,0.061488398381047436,,,
EXP_LGBModel_Alpha158_csi300_sliding_step40_s_20260121_01,741bdd0f113c4c1eaf23c429f63dfa1d,2026-05-26,SH600522,0.1003935950991795,,,
EXP_LGBModel_Alpha158_csi300_sliding_step40_s_20260121_01,741bdd0f113c4c1eaf23c429f63dfa1d,2026-05-26,SH600570,0.02857722274457479,,,
EXP_LGBModel_Alpha158_csi300_sliding_step40_s_20260121_01,741bdd0f113c4c1eaf23c429f63dfa1d,2026-05-26,SH600000,-0.05533280503240531,,,
EXP_LGBModel_Alpha158_csi300_sliding_step40_s_20260121_01,741bdd0f113c4c1eaf23c429f63dfa1d,2026-05-26,SH601901,0.039960803800678804,,,
EXP_LGBModel_Alpha158_csi300_sliding_step40_s_20260121_01,741bdd0f113c4c1eaf23c429f63dfa1d,2026-05-26,SH601919,0.015714291809856642,,,
EXP_LGBModel_Alpha158_csi300_sliding_step40_s_20260121_01,741bdd0f113c4c1eaf23c429f63dfa1d,2026-05-26,SZ002415,0.11542164545840196,,,
EXP_LGBModel_Alpha158_csi300_sliding_step40_s_20260121_01,741bdd0f113c4c1eaf23c429f63dfa1d,2026-05-26,SZ002422,0.12912387663135516,,,
EXP_LGBModel_Alpha158_csi300_sliding_step40_s_20260121_01,741bdd0f113c4c1eaf23c429f63dfa1d,2026-05-26,SZ002459,0.007817846860939719,,,
EXP_LGBModel_Alpha158_csi300_sliding_step40_s_20260121_01,741bdd0f113c4c1eaf23c429f63dfa1d,2026-05-26,SZ002460,-0.012773696943141653,,,
EXP_LGBModel_Alpha158_csi300_sliding_step40_s_20260121_01,741bdd0f113c4c1eaf23c429f63dfa1d,2026-05-26,SZ002463,-0.06290063850647938,,,
EXP_LGBModel_Alpha158_csi300_sliding_step40_s_20260121_01,741bdd0f113c4c1eaf23c429f63dfa1d,2026-05-26,SZ002466,-0.06339132842919626,,,
EXP_LGBModel_Alpha158_csi300_sliding_step40_s_20260121_01,741bdd0f113c4c1eaf23c429f63dfa1d,2026-05-26,SZ002384,-0.10500288417517832,,,
EXP_LGBModel_Alpha158_csi300_sliding_step40_s_20260121_01,741bdd0f113c4c1eaf23c429f63dfa1d,2026-05-26,SZ002475,-0.17091267228388016,,,
EXP_LGBModel_Alpha158_csi300_sliding_step40_s_20260121_01,741bdd0f113c4c1eaf23c429f63dfa1d,2026-05-26,SZ002594,0.03793968841401048,,,
EXP_LGBModel_Alpha158_csi300_sliding_step40_s_20260121_01,741bdd0f113c4c1eaf23c429f63dfa1d,2026-05-26,SZ002600,0.06219994273738925,,,
EXP_LGBModel_Alpha158_csi300_sliding_step40_s_20260121_01,741bdd0f113c4c1eaf23c429f63dfa1d,2026-05-26,SZ002601,0.04309460941644743,,,
EXP_LGBModel_Alpha158_csi300_sliding_step40_s_20260121_01,741bdd0f113c4c1eaf23c429f63dfa1d,2026-05-26,SZ002625,0.09493864531836103,,,
EXP_LGBModel_Alpha158_csi300_sliding_step40_s_20260121_01,741bdd0f113c4c1eaf23c429f63dfa1d,2026-05-26,SZ002648,0.011342139373952842,,,
EXP_LGBModel_Alpha158_csi300_sliding_step40_s_20260121_01,741bdd0f113c4c1eaf23c429f63dfa1d,2026-05-26,SZ002709,0.02170871818737532,,,
EXP_LGBModel_Alpha158_csi300_sliding_step40_s_20260121_01,741bdd0f113c4c1eaf23c429f63dfa1d,2026-05-26,SZ002493,-0.06442660245818348,,,
EXP_LGBModel_Alpha158_csi300_sliding_step40_s_20260121_01,741bdd0f113c4c1eaf23c429f63dfa1d,2026-05-26,SZ002371,0.043326620340544825,,,
EXP_LGBModel_Alpha158_csi300_sliding_step40_s_20260121_01,741bdd0f113c4c1eaf23c429f63dfa1d,2026-05-26,SZ002352,0.037805654061518625,,,
EXP_LGBModel_Alpha158_csi300_sliding_step40_s_20260121_01,741bdd0f113c4c1eaf23c429f63dfa1d,2026-05-26,SZ002311,0.04125589994919969,,,
EXP_LGBModel_Alpha158_csi300_sliding_step40_s_20260121_01,741bdd0f113c4c1eaf23c429f63dfa1d,2026-05-26,SZ001965,-0.07132625565881218,,,
EXP_LGBModel_Alpha158_csi300_sliding_step40_s_20260121_01,741bdd0f113c4c1eaf23c429f63dfa1d,2026-05-26,SZ001979,-0.016066930381460214,,,
EXP_LGBModel_Alpha158_csi300_sliding_step40_s_20260121_01,741bdd0f113c4c1eaf23c429f63dfa1d,2026-05-26,SZ002001,-0.020176595472128907,,,
EXP_LGBModel_Alpha158_csi300_sliding_step40_s_20260121_01,741bdd0f113c4c1eaf23c429f63dfa1d,2026-05-26,SZ002027,-0.0514646478430002,,,
EXP_LGBModel_Alpha158_csi300_sliding_step40_s_20260121_01,741bdd0f113c4c1eaf23c429f63dfa1d,2026-05-26,SZ002028,0.1974849792181692,,,
EXP_LGBModel_Alpha158_csi300_sliding_step40_s_20260121_01,741bdd0f113c4c1eaf23c429f63dfa1d,2026-05-26,SZ002049,-0.017571340958851288,,,
EXP_LGBModel_Alpha158_csi300_sliding_step40_s_20260121_01,741bdd0f113c4c1eaf23c429f63dfa1d,2026-05-26,SZ002050,-0.24471978237695308,,,
EXP_LGBModel_Alpha158_csi300_sliding_step40_s_20260121_01,741bdd0f113c4c1eaf23c429f63dfa1d,2026-05-26,SZ002074,-0.007859916369095572,,,
EXP_LGBModel_Alpha158_csi300_sliding_step40_s_20260121_01,741bdd0f113c4c1eaf23c429f63dfa1d,2026-05-26,SZ002142,0.021930793448726595,,,
EXP_LGBModel_Alpha158_csi300_sliding_step40_s_20260121_01,741bdd0f113c4c1eaf23c429f63dfa1d,2026-05-26,SZ002179,0.13705358016580835,,,
EXP_LGBModel_Alpha158_csi300_sliding_step40_s_20260121_01,741bdd0f113c4c1eaf23c429f63dfa1d,2026-05-26,SZ002230,0.1510031653227303,,,
EXP_LGBModel_Alpha158_csi300_sliding_step40_s_20260121_01,741bdd0f113c4c1eaf23c429f63dfa1d,2026-05-26,SZ002236,0.13567886742847707,,,
EXP_LGBModel_Alpha158_csi300_sliding_step40_s_20260121_01,741bdd0f113c4c1eaf23c429f63dfa1d,2026-05-26,SZ002241,0.1274685228495332,,,
EXP_LGBModel_Alpha158_csi300_sliding_step40_s_20260121_01,741bdd0f113c4c1eaf23c429f63dfa1d,2026-05-26,SZ002252,0.013089786165632784,,,
EXP_LGBModel_Alpha158_csi300_sliding_step40_s_20260121_01,741bdd0f113c4c1eaf23c429f63dfa1d,2026-05-26,SZ002304,0.015863336473443974,,,
EXP_LGBModel_Alpha158_csi300_sliding_step40_s_20260121_01,741bdd0f113c4c1eaf23c429f63dfa1d,2026-05-26,SZ002714,-0.052832111119726535,,,
EXP_LGBModel_Alpha158_csi300_sliding_step40_s_20260121_01,741bdd0f113c4c1eaf23c429f63dfa1d,2026-05-26,SZ002736,-0.11138059191590083,,,
EXP_LGBModel_Alpha158_csi300_sliding_step40_s_20260121_01,741bdd0f113c4c1eaf23c429f63dfa1d,2026-05-26,SZ002916,-0.210417845837827,,,
EXP_LGBModel_Alpha158_csi300_sliding_step40_s_20260121_01,741bdd0f113c4c1eaf23c429f63dfa1d,2026-05-26,SZ002920,-0.09262870060985348,,,
EXP_LGBModel_Alpha158_csi300_sliding_step40_s_20260121_01,741bdd0f113c4c1eaf23c429f63dfa1d,2026-05-26,SZ300476,-0.03838876702422001,,,
EXP_LGBModel_Alpha158_csi300_sliding_step40_s_20260121_01,741bdd0f113c4c1eaf23c429f63dfa1d,2026-05-26,SZ300498,0.02038896755722184,,,
EXP_LGBModel_Alpha158_csi300_sliding_step40_s_20260121_01,741bdd0f113c4c1eaf23c429f63dfa1d,2026-05-26,SZ300502,-0.05806278550919838,,,
EXP_LGBModel_Alpha158_csi300_sliding_step40_s_20260121_01,741bdd0f113c4c1eaf23c429f63dfa1d,2026-05-26,SZ300628,0.12407757277023583,,,
EXP_LGBModel_Alpha158_csi300_sliding_step40_s_20260121_01,741bdd0f113c4c1eaf23c429f63dfa1d,2026-05-26,SZ300661,-0.12354711674023203,,,
EXP_LGBModel_Alpha158_csi300_sliding_step40_s_20260121_01,741bdd0f113c4c1eaf23c429f63dfa1d,2026-05-26,SZ300750,0.03245182908458127,,,
EXP_LGBModel_Alpha158_csi300_sliding_step40_s_20260121_01,741bdd0f113c4c1eaf23c429f63dfa1d,2026-05-26,SZ300759,-0.09144794867138845,,,
EXP_LGBModel_Alpha158_csi300_sliding_step40_s_20260121_01,741bdd0f113c4c1eaf23c429f63dfa1d,2026-05-26,SZ300760,0.05004559620222426,,,
EXP_LGBModel_Alpha158_csi300_sliding_step40_s_20260121_01,741bdd0f113c4c1eaf23c429f63dfa1d,2026-05-26,SZ300782,0.022821944883544706,,,
EXP_LGBModel_Alpha158_csi300_sliding_step40_s_20260121_01,741bdd0f113c4c1eaf23c429f63dfa1d,2026-05-26,SZ300803,0.021623983108546338,,,
EXP_LGBModel_Alpha158_csi300_sliding_step40_s_20260121_01,741bdd0f113c4c1eaf23c429f63dfa1d,2026-05-26,SZ300832,0.1332608786005219,,,
EXP_LGBModel_Alpha158_csi300_sliding_step40_s_20260121_01,741bdd0f113c4c1eaf23c429f63dfa1d,2026-05-26,SZ300866,0.09436977221611763,,,
EXP_LGBModel_Alpha158_csi300_sliding_step40_s_20260121_01,741bdd0f113c4c1eaf23c429f63dfa1d,2026-05-26,SZ300896,0.03780710948792837,,,
EXP_LGBModel_Alpha158_csi300_sliding_step40_s_20260121_01,741bdd0f113c4c1eaf23c429f63dfa1d,2026-05-26,SZ300979,0.06680957848749129,,,
EXP_LGBModel_Alpha158_csi300_sliding_step40_s_20260121_01,741bdd0f113c4c1eaf23c429f63dfa1d,2026-05-26,SZ300999,-0.0346388325958988,,,
EXP_LGBModel_Alpha158_csi300_sliding_step40_s_20260121_01,741bdd0f113c4c1eaf23c429f63dfa1d,2026-05-26,SZ300442,0.028044821343220963,,,
EXP_LGBModel_Alpha158_csi300_sliding_step40_s_20260121_01,741bdd0f113c4c1eaf23c429f63dfa1d,2026-05-26,SZ001391,-0.10530028260930478,,,
EXP_LGBModel_Alpha158_csi300_sliding_step40_s_20260121_01,741bdd0f113c4c1eaf23c429f63dfa1d,2026-05-26,SZ300433,-0.11071315867625742,,,
EXP_LGBModel_Alpha158_csi300_sliding_step40_s_20260121_01,741bdd0f113c4c1eaf23c429f63dfa1d,2026-05-26,SZ300413,0.011271402141480468,,,
EXP_LGBModel_Alpha158_csi300_sliding_step40_s_20260121_01,741bdd0f113c4c1eaf23c429f63dfa1d,2026-05-26,SZ002938,-0.013695944348186844,,,
EXP_LGBModel_Alpha158_csi300_sliding_step40_s_20260121_01,741bdd0f113c4c1eaf23c429f63dfa1d,2026-05-26,SZ003816,0.0848895395122437,,,
EXP_LGBModel_Alpha158_csi300_sliding_step40_s_20260121_01,741bdd0f113c4c1eaf23c429f63dfa1d,2026-05-26,SZ300014,-0.022092652367298446,,,
EXP_LGBModel_Alpha158_csi300_sliding_step40_s_20260121_01,741bdd0f113c4c1eaf23c429f63dfa1d,2026-05-26,SZ300015,-0.04533661195048128,,,
EXP_LGBModel_Alpha158_csi300_sliding_step40_s_20260121_01,741bdd0f113c4c1eaf23c429f63dfa1d,2026-05-26,SZ300033,0.10946914196093242,,,
EXP_LGBModel_Alpha158_csi300_sliding_step40_s_20260121_01,741bdd0f113c4c1eaf23c429f63dfa1d,2026-05-26,SZ300059,0.025159441490114492,,,
EXP_LGBModel_Alpha158_csi300_sliding_step40_s_20260121_01,741bdd0f113c4c1eaf23c429f63dfa1d,2026-05-26,SZ300122,-0.04397342546766597,,,
EXP_LGBModel_Alpha158_csi300_sliding_step40_s_20260121_01,741bdd0f113c4c1eaf23c429f63dfa1d,2026-05-26,SZ300124,-0.18450712114023451,,,
EXP_LGBModel_Alpha158_csi300_sliding_step40_s_20260121_01,741bdd0f113c4c1eaf23c429f63dfa1d,2026-05-26,SZ300251,-0.01502496539231522,,,
EXP_LGBModel_Alpha158_csi300_sliding_step40_s_20260121_01,741bdd0f113c4c1eaf23c429f63dfa1d,2026-05-26,SZ300274,-0.2639458620351919,,,
EXP_LGBModel_Alpha158_csi300_sliding_step40_s_20260121_01,741bdd0f113c4c1eaf23c429f63dfa1d,2026-05-26,SZ300308,-0.027249615685875223,,,
EXP_LGBModel_Alpha158_csi300_sliding_step40_s_20260121_01,741bdd0f113c4c1eaf23c429f63dfa1d,2026-05-26,SZ300316,-0.12281459673959087,,,
EXP_LGBModel_Alpha158_csi300_sliding_step40_s_20260121_01,741bdd0f113c4c1eaf23c429f63dfa1d,2026-05-26,SZ300347,0.03219265590501849,,,
EXP_LGBModel_Alpha158_csi300_sliding_step40_s_20260121_01,741bdd0f113c4c1eaf23c429f63dfa1d,2026-05-26,SZ300394,0.0760775560331525,,,
EXP_LGBModel_Alpha158_csi300_sliding_step40_s_20260121_01,741bdd0f113c4c1eaf23c429f63dfa1d,2026-05-26,SZ300408,-0.19594507063914485,,,
EXP_LGBModel_Alpha158_csi300_sliding_step40_s_20260121_01,741bdd0f113c4c1eaf23c429f63dfa1d,2026-05-26,SZ300418,0.06640609894503938,,,
EXP_LGBModel_Alpha158_csi300_sliding_step40_s_20260121_01,741bdd0f113c4c1eaf23c429f63dfa1d,2026-05-26,SH601916,-0.0569078115968296,,,
EXP_LGBModel_Alpha158_csi300_sliding_step40_s_20260121_01,741bdd0f113c4c1eaf23c429f63dfa1d,2026-05-26,SZ000999,-0.04975474793548031,,,
EXP_LGBModel_Alpha158_csi300_sliding_step40_s_20260121_01,741bdd0f113c4c1eaf23c429f63dfa1d,2026-05-26,SZ000977,0.012894478058196159,,,
EXP_LGBModel_Alpha158_csi300_sliding_step40_s_20260121_01,741bdd0f113c4c1eaf23c429f63dfa1d,2026-05-26,SH605499,-0.06020748380501007,,,
EXP_LGBModel_Alpha158_csi300_sliding_step40_s_20260121_01,741bdd0f113c4c1eaf23c429f63dfa1d,2026-05-26,SH688008,-0.06606878862337569,,,
EXP_LGBModel_Alpha158_csi300_sliding_step40_s_20260121_01,741bdd0f113c4c1eaf23c429f63dfa1d,2026-05-26,SH688009,-0.05602608240510466,,,
EXP_LGBModel_Alpha158_csi300_sliding_step40_s_20260121_01,741bdd0f113c4c1eaf23c429f63dfa1d,2026-05-26,SH688012,-0.017936598136639424,,,
EXP_LGBModel_Alpha158_csi300_sliding_step40_s_20260121_01,741bdd0f113c4c1eaf23c429f63dfa1d,2026-05-26,SH688036,0.05195616783403926,,,
EXP_LGBModel_Alpha158_csi300_sliding_step40_s_20260121_01,741bdd0f113c4c1eaf23c429f63dfa1d,2026-05-26,SH688041,-0.22677140612532032,,,
EXP_LGBModel_Alpha158_csi300_sliding_step40_s_20260121_01,741bdd0f113c4c1eaf23c429f63dfa1d,2026-05-26,SH605117,0.014342779758841318,,,
EXP_LGBModel_Alpha158_csi300_sliding_step40_s_20260121_01,741bdd0f113c4c1eaf23c429f63dfa1d,2026-05-26,SH688047,0.01351556213792072,,,
EXP_LGBModel_Alpha158_csi300_sliding_step40_s_20260121_01,741bdd0f113c4c1eaf23c429f63dfa1d,2026-05-26,SH688111,-0.060091550828072056,,,
EXP_LGBModel_Alpha158_csi300_sliding_step40_s_20260121_01,741bdd0f113c4c1eaf23c429f63dfa1d,2026-05-26,SH688126,-0.13368942146155668,,,
EXP_LGBModel_Alpha158_csi300_sliding_step40_s_20260121_01,741bdd0f113c4c1eaf23c429f63dfa1d,2026-05-26,SH688169,0.17585289143302266,,,
EXP_LGBModel_Alpha158_csi300_sliding_step40_s_20260121_01,741bdd0f113c4c1eaf23c429f63dfa1d,2026-05-26,SH688187,-0.25792520086105997,,,
EXP_LGBModel_Alpha158_csi300_sliding_step40_s_20260121_01,741bdd0f113c4c1eaf23c429f63dfa1d,2026-05-26,SH688223,-0.013296566938280182,,,
EXP_LGBModel_Alpha158_csi300_sliding_step40_s_20260121_01,741bdd0f113c4c1eaf23c429f63dfa1d,2026-05-26,SH688256,-0.09620284839992717,,,
EXP_LGBModel_Alpha158_csi300_sliding_step40_s_20260121_01,741bdd0f113c4c1eaf23c429f63dfa1d,2026-05-26,SH688082,-0.12827171820329955,,,
EXP_LGBModel_Alpha158_csi300_sliding_step40_s_20260121_01,741bdd0f113c4c1eaf23c429f63dfa1d,2026-05-26,SH603993,0.09308267522311632,,,
EXP_LGBModel_Alpha158_csi300_sliding_step40_s_20260121_01,741bdd0f113c4c1eaf23c429f63dfa1d,2026-05-26,SH603986,-0.19917011669587747,,,
EXP_LGBModel_Alpha158_csi300_sliding_step40_s_20260121_01,741bdd0f113c4c1eaf23c429f63dfa1d,2026-05-26,SH603893,-0.06919054159455369,,,
EXP_LGBModel_Alpha158_csi300_sliding_step40_s_20260121_01,741bdd0f113c4c1eaf23c429f63dfa1d,2026-05-26,SH601939,-0.0047514221631314735,,,
EXP_LGBModel_Alpha158_csi300_sliding_step40_s_20260121_01,741bdd0f113c4c1eaf23c429f63dfa1d,2026-05-26,SH601985,-0.020051473875667282,,,
EXP_LGBModel_Alpha158_csi300_sliding_step40_s_20260121_01,741bdd0f113c4c1eaf23c429f63dfa1d,2026-05-26,SH601988,0.009898542310847512,,,
EXP_LGBModel_Alpha158_csi300_sliding_step40_s_20260121_01,741bdd0f113c4c1eaf23c429f63dfa1d,2026-05-26,SH601995,0.09264743083917855,,,
EXP_LGBModel_Alpha158_csi300_sliding_step40_s_20260121_01,741bdd0f113c4c1eaf23c429f63dfa1d,2026-05-26,SH601998,0.07195984749193121,,,
EXP_LGBModel_Alpha158_csi300_sliding_step40_s_20260121_01,741bdd0f113c4c1eaf23c429f63dfa1d,2026-05-26,SH603019,0.03633968009390769,,,
EXP_LGBModel_Alpha158_csi300_sliding_step40_s_20260121_01,741bdd0f113c4c1eaf23c429f63dfa1d,2026-05-26,SH603195,-0.047752487079875575,,,
EXP_LGBModel_Alpha158_csi300_sliding_step40_s_20260121_01,741bdd0f113c4c1eaf23c429f63dfa1d,2026-05-26,SH603259,-0.057358353376242316,,,
EXP_LGBModel_Alpha158_csi300_sliding_step40_s_20260121_01,741bdd0f113c4c1eaf23c429f63dfa1d,2026-05-26,SH603260,0.019530234093590965,,,
EXP_LGBModel_Alpha158_csi300_sliding_step40_s_20260121_01,741bdd0f113c4c1eaf23c429f63dfa1d,2026-05-26,SH603288,0.016288318219389114,,,
EXP_LGBModel_Alpha158_csi300_sliding_step40_s_20260121_01,741bdd0f113c4c1eaf23c429f63dfa1d,2026-05-26,SH603296,0.0032604145852020423,,,
EXP_LGBModel_Alpha158_csi300_sliding_step40_s_20260121_01,741bdd0f113c4c1eaf23c429f63dfa1d,2026-05-26,SH603369,0.05662128090781917,,,
EXP_LGBModel_Alpha158_csi300_sliding_step40_s_20260121_01,741bdd0f113c4c1eaf23c429f63dfa1d,2026-05-26,SH603392,-0.030410692406554366,,,
EXP_LGBModel_Alpha158_csi300_sliding_step40_s_20260121_01,741bdd0f113c4c1eaf23c429f63dfa1d,2026-05-26,SH603501,-0.05741041156002158,,,
EXP_LGBModel_Alpha158_csi300_sliding_step40_s_20260121_01,741bdd0f113c4c1eaf23c429f63dfa1d,2026-05-26,SH603799,0.0388335263136624,,,
EXP_LGBModel_Alpha158_csi300_sliding_step40_s_20260121_01,741bdd0f113c4c1eaf23c429f63dfa1d,2026-05-26,SH688271,-0.08161818931853676,,,
EXP_LGBModel_Alpha158_csi300_sliding_step40_s_20260121_01,741bdd0f113c4c1eaf23c429f63dfa1d,2026-05-26,SH688303,-0.0771065617636939,,,
EXP_LGBModel_Alpha158_csi300_sliding_step40_s_20260121_01,741bdd0f113c4c1eaf23c429f63dfa1d,2026-05-26,SH688396,-0.07454059039061023,,,
EXP_LGBModel_Alpha158_csi300_sliding_step40_s_20260121_01,741bdd0f113c4c1eaf23c429f63dfa1d,2026-05-26,SH688472,0.08378186973447807,,,
EXP_LGBModel_Alpha158_csi300_sliding_step40_s_20260121_01,741bdd0f113c4c1eaf23c429f63dfa1d,2026-05-26,SZ000651,0.04982654162132578,,,
EXP_LGBModel_Alpha158_csi300_sliding_step40_s_20260121_01,741bdd0f113c4c1eaf23c429f63dfa1d,2026-05-26,SZ000661,0.054117465075047645,,,
EXP_LGBModel_Alpha158_csi300_sliding_step40_s_20260121_01,741bdd0f113c4c1eaf23c429f63dfa1d,2026-05-26,SZ000708,-0.011984978407784539,,,
EXP_LGBModel_Alpha158_csi300_sliding_step40_s_20260121_01,741bdd0f113c4c1eaf23c429f63dfa1d,2026-05-26,SZ000725,-0.04981728690846566,,,
EXP_LGBModel_Alpha158_csi300_sliding_step40_s_20260121_01,741bdd0f113c4c1eaf23c429f63dfa1d,2026-05-26,SZ000768,-0.019662888458417908,,,
EXP_LGBModel_Alpha158_csi300_sliding_step40_s_20260121_01,741bdd0f113c4c1eaf23c429f63dfa1d,2026-05-26,SZ000776,0.026548833883473923,,,
EXP_LGBModel_Alpha158_csi300_sliding_step40_s_20260121_01,741bdd0f113c4c1eaf23c429f63dfa1d,2026-05-26,SZ000786,0.2174506785297134,,,
EXP_LGBModel_Alpha158_csi300_sliding_step40_s_20260121_01,741bdd0f113c4c1eaf23c429f63dfa1d,2026-05-26,SZ000792,0.0016064695980905989,,,
EXP_LGBModel_Alpha158_csi300_sliding_step40_s_20260121_01,741bdd0f113c4c1eaf23c429f63dfa1d,2026-05-26,SZ000807,-0.1583051293468471,,,
EXP_LGBModel_Alpha158_csi300_sliding_step40_s_20260121_01,741bdd0f113c4c1eaf23c429f63dfa1d,2026-05-26,SZ000858,-0.05407303687673125,,,
EXP_LGBModel_Alpha158_csi300_sliding_step40_s_20260121_01,741bdd0f113c4c1eaf23c429f63dfa1d,2026-05-26,SZ000876,-0.0713037129196866,,,
EXP_LGBModel_Alpha158_csi300_sliding_step40_s_20260121_01,741bdd0f113c4c1eaf23c429f63dfa1d,2026-05-26,SZ000895,0.0988989976101645,,,
EXP_LGBModel_Alpha158_csi300_sliding_step40_s_20260121_01,741bdd0f113c4c1eaf23c429f63dfa1d,2026-05-26,SZ000938,0.06483426409533978,,,
EXP_LGBModel_Alpha158_csi300_sliding_step40_s_20260121_01,741bdd0f113c4c1eaf23c429f63dfa1d,2026-05-26,SZ000963,-0.04181544483508806,,,
EXP_LGBModel_Alpha158_csi300_sliding_step40_s_20260121_01,741bdd0f113c4c1eaf23c429f63dfa1d,2026-05-26,SZ000975,-0.162469821077646,,,
EXP_LGBModel_Alpha158_csi300_sliding_step40_s_20260121_01,741bdd0f113c4c1eaf23c429f63dfa1d,2026-05-26,SZ000630,0.03939609847173651,,,
EXP_LGBModel_Alpha158_csi300_sliding_step40_s_20260121_01,741bdd0f113c4c1eaf23c429f63dfa1d,2026-05-26,SZ000983,-0.0019757248459460076,,,
EXP_LGBModel_Alpha158_csi300_sliding_step40_s_20260121_01,741bdd0f113c4c1eaf23c429f63dfa1d,2026-05-26,SZ000625,0.0008154182936195727,,,
EXP_LGBModel_Alpha158_csi300_sliding_step40_s_20260121_01,741bdd0f113c4c1eaf23c429f63dfa1d,2026-05-26,SZ000596,0.161155789487126,,,
EXP_LGBModel_Alpha158_csi300_sliding_step40_s_20260121_01,741bdd0f113c4c1eaf23c429f63dfa1d,2026-05-26,SH688506,0.022841735639135306,,,
EXP_LGBModel_Alpha158_csi300_sliding_step40_s_20260121_01,741bdd0f113c4c1eaf23c429f63dfa1d,2026-05-26,SH688981,-0.1032380110952463,,,
EXP_LGBModel_Alpha158_csi300_sliding_step40_s_20260121_01,741bdd0f113c4c1eaf23c429f63dfa1d,2026-05-26,SZ000001,-0.011031817961971259,,,
EXP_LGBModel_Alpha158_csi300_sliding_step40_s_20260121_01,741bdd0f113c4c1eaf23c429f63dfa1d,2026-05-26,SZ000002,0.09757103124377288,,,
EXP_LGBModel_Alpha158_csi300_sliding_step40_s_20260121_01,741bdd0f113c4c1eaf23c429f63dfa1d,2026-05-26,SZ000063,0.05466920351594752,,,
EXP_LGBModel_Alpha158_csi300_sliding_step40_s_20260121_01,741bdd0f113c4c1eaf23c429f63dfa1d,2026-05-26,SZ000100,-0.2096842575693376,,,
EXP_LGBModel_Alpha158_csi300_sliding_step40_s_20260121_01,741bdd0f113c4c1eaf23c429f63dfa1d,2026-05-26,SZ000157,-0.13424452727891276,,,
EXP_LGBModel_Alpha158_csi300_sliding_step40_s_20260121_01,741bdd0f113c4c1eaf23c429f63dfa1d,2026-05-26,SZ000166,-0.0352056468855874,,,
EXP_LGBModel_Alpha158_csi300_sliding_step40_s_20260121_01,741bdd0f113c4c1eaf23c429f63dfa1d,2026-05-26,SZ000301,-0.07487388781681449,,,
EXP_LGBModel_Alpha158_csi300_sliding_step40_s_20260121_01,741bdd0f113c4c1eaf23c429f63dfa1d,2026-05-26,SZ000333,0.003584244643505828,,,
EXP_LGBModel_Alpha158_csi300_sliding_step40_s_20260121_01,741bdd0f113c4c1eaf23c429f63dfa1d,2026-05-26,SZ000338,-0.023108660208784194,,,
EXP_LGBModel_Alpha158_csi300_sliding_step40_s_20260121_01,741bdd0f113c4c1eaf23c429f63dfa1d,2026-05-26,SZ000408,0.04120165870581074,,,
EXP_LGBModel_Alpha158_csi300_sliding_step40_s_20260121_01,741bdd0f113c4c1eaf23c429f63dfa1d,2026-05-26,SZ000425,0.03569320007347291,,,
EXP_LGBModel_Alpha158_csi300_sliding_step40_s_20260121_01,741bdd0f113c4c1eaf23c429f63dfa1d,2026-05-26,SZ000538,0.10718950522899842,,,
EXP_LGBModel_Alpha158_csi300_sliding_step40_s_20260121_01,741bdd0f113c4c1eaf23c429f63dfa1d,2026-05-26,SZ000568,0.03987285765599036,,,
EXP_LGBModel_Alpha158_csi300_sliding_step40_s_20260121_01,741bdd0f113c4c1eaf23c429f63dfa1d,2026-05-26,SZ000617,-0.023957155714763787,,,
EXP_LGBModel_Alpha158_csi300_sliding_step40_s_20260121_01,741bdd0f113c4c1eaf23c429f63dfa1d,2026-05-26,SZ301236,0.18905277546682708,,,
EXP_LGBModel_Alpha158_csi300_expanding_step40_s_20260121_01,0d5b2c317ad04013b1cb76da95b478fc,2026-05-26,SZ302132,-0.11513733926422509,,,
EXP_LGBModel_Alpha158_csi300_expanding_step40_s_20260121_01,0d5b2c317ad04013b1cb76da95b478fc,2026-05-26,SZ301236,0.19429763522498233,,,
EXP_LGBModel_Alpha158_csi300_expanding_step40_s_20260121_01,0d5b2c317ad04013b1cb76da95b478fc,2026-05-26,SH601117,-0.04905595829995846,,,
EXP_LGBModel_Alpha158_csi300_expanding_step40_s_20260121_01,0d5b2c317ad04013b1cb76da95b478fc,2026-05-26,SH601127,-0.029047775552679723,,,
EXP_LGBModel_Alpha158_csi300_expanding_step40_s_20260121_01,0d5b2c317ad04013b1cb76da95b478fc,2026-05-26,SH601136,-0.130661378212682,,,
EXP_LGBModel_Alpha158_csi300_expanding_step40_s_20260121_01,0d5b2c317ad04013b1cb76da95b478fc,2026-05-26,SH601138,-0.16911798033621436,,,
EXP_LGBModel_Alpha158_csi300_expanding_step40_s_20260121_01,0d5b2c317ad04013b1cb76da95b478fc,2026-05-26,SH601166,-0.00898820248009856,,,
EXP_LGBModel_Alpha158_csi300_expanding_step40_s_20260121_01,0d5b2c317ad04013b1cb76da95b478fc,2026-05-26,SH601169,-0.05076157570934549,,,
EXP_LGBModel_Alpha158_csi300_expanding_step40_s_20260121_01,0d5b2c317ad04013b1cb76da95b478fc,2026-05-26,SH601111,0.09801576859147469,,,
EXP_LGBModel_Alpha158_csi300_expanding_step40_s_20260121_01,0d5b2c317ad04013b1cb76da95b478fc,2026-05-26,SH601186,-0.038258336109567484,,,
EXP_LGBModel_Alpha158_csi300_expanding_step40_s_20260121_01,0d5b2c317ad04013b1cb76da95b478fc,2026-05-26,SH601225,0.048093222332108464,,,
EXP_LGBModel_Alpha158_csi300_expanding_step40_s_20260121_01,0d5b2c317ad04013b1cb76da95b478fc,2026-05-26,SH601229,-0.09537725518090268,,,
EXP_LGBModel_Alpha158_csi300_expanding_step40_s_20260121_01,0d5b2c317ad04013b1cb76da95b478fc,2026-05-26,SH601236,-0.0004389404076734658,,,
EXP_LGBModel_Alpha158_csi300_expanding_step40_s_20260121_01,0d5b2c317ad04013b1cb76da95b478fc,2026-05-26,SH601238,0.023122646202564337,,,
EXP_LGBModel_Alpha158_csi300_expanding_step40_s_20260121_01,0d5b2c317ad04013b1cb76da95b478fc,2026-05-26,SH601288,-0.050033947489132855,,,
EXP_LGBModel_Alpha158_csi300_expanding_step40_s_20260121_01,0d5b2c317ad04013b1cb76da95b478fc,2026-05-26,SH601298,-0.02222499468866003,,,
EXP_LGBModel_Alpha158_csi300_expanding_step40_s_20260121_01,0d5b2c317ad04013b1cb76da95b478fc,2026-05-26,SH601211,-0.03115237527193432,,,
EXP_LGBModel_Alpha158_csi300_expanding_step40_s_20260121_01,0d5b2c317ad04013b1cb76da95b478fc,2026-05-26,SH601100,0.15647791732231475,,,
EXP_LGBModel_Alpha158_csi300_expanding_step40_s_20260121_01,0d5b2c317ad04013b1cb76da95b478fc,2026-05-26,SH601088,-0.046786262359167906,,,
EXP_LGBModel_Alpha158_csi300_expanding_step40_s_20260121_01,0d5b2c317ad04013b1cb76da95b478fc,2026-05-26,SH601077,0.037259215409561744,,,
EXP_LGBModel_Alpha158_csi300_expanding_step40_s_20260121_01,0d5b2c317ad04013b1cb76da95b478fc,2026-05-26,SH600926,-0.02171333788860536,,,
EXP_LGBModel_Alpha158_csi300_expanding_step40_s_20260121_01,0d5b2c317ad04013b1cb76da95b478fc,2026-05-26,SH600930,-0.10184843891534699,,,
EXP_LGBModel_Alpha158_csi300_expanding_step40_s_20260121_01,0d5b2c317ad04013b1cb76da95b478fc,2026-05-26,SH600938,-0.0069857472509698496,,,
EXP_LGBModel_Alpha158_csi300_expanding_step40_s_20260121_01,0d5b2c317ad04013b1cb76da95b478fc,2026-05-26,SH600941,0.002909561630791734,,,
EXP_LGBModel_Alpha158_csi300_expanding_step40_s_20260121_01,0d5b2c317ad04013b1cb76da95b478fc,2026-05-26,SH600958,-0.026213418455985356,,,
EXP_LGBModel_Alpha158_csi300_expanding_step40_s_20260121_01,0d5b2c317ad04013b1cb76da95b478fc,2026-05-26,SH600989,0.009817524734735354,,,
EXP_LGBModel_Alpha158_csi300_expanding_step40_s_20260121_01,0d5b2c317ad04013b1cb76da95b478fc,2026-05-26,SH600999,-0.17367385181276762,,,
EXP_LGBModel_Alpha158_csi300_expanding_step40_s_20260121_01,0d5b2c317ad04013b1cb76da95b478fc,2026-05-26,SH601006,0.02380150218666768,,,
EXP_LGBModel_Alpha158_csi300_expanding_step40_s_20260121_01,0d5b2c317ad04013b1cb76da95b478fc,2026-05-26,SH601009,-0.029885985445239523,,,
EXP_LGBModel_Alpha158_csi300_expanding_step40_s_20260121_01,0d5b2c317ad04013b1cb76da95b478fc,2026-05-26,SH601012,0.07738724138133045,,,
EXP_LGBModel_Alpha158_csi300_expanding_step40_s_20260121_01,0d5b2c317ad04013b1cb76da95b478fc,2026-05-26,SH601018,0.03987791406050221,,,
EXP_LGBModel_Alpha158_csi300_expanding_step40_s_20260121_01,0d5b2c317ad04013b1cb76da95b478fc,2026-05-26,SH601021,0.065721094792367,,,
EXP_LGBModel_Alpha158_csi300_expanding_step40_s_20260121_01,0d5b2c317ad04013b1cb76da95b478fc,2026-05-26,SH601058,-0.0708881504801456,,,
EXP_LGBModel_Alpha158_csi300_expanding_step40_s_20260121_01,0d5b2c317ad04013b1cb76da95b478fc,2026-05-26,SH601059,0.019630754641174867,,,
EXP_LGBModel_Alpha158_csi300_expanding_step40_s_20260121_01,0d5b2c317ad04013b1cb76da95b478fc,2026-05-26,SH601066,0.04503889589661124,,,
EXP_LGBModel_Alpha158_csi300_expanding_step40_s_20260121_01,0d5b2c317ad04013b1cb76da95b478fc,2026-05-26,SH601318,-0.021609644916696032,,,
EXP_LGBModel_Alpha158_csi300_expanding_step40_s_20260121_01,0d5b2c317ad04013b1cb76da95b478fc,2026-05-26,SH601319,0.057195944471890366,,,
EXP_LGBModel_Alpha158_csi300_expanding_step40_s_20260121_01,0d5b2c317ad04013b1cb76da95b478fc,2026-05-26,SH601328,-0.009185739055773317,,,
EXP_LGBModel_Alpha158_csi300_expanding_step40_s_20260121_01,0d5b2c317ad04013b1cb76da95b478fc,2026-05-26,SH601336,0.0033300703541788274,,,
EXP_LGBModel_Alpha158_csi300_expanding_step40_s_20260121_01,0d5b2c317ad04013b1cb76da95b478fc,2026-05-26,SH601788,0.05854258004208074,,,
EXP_LGBModel_Alpha158_csi300_expanding_step40_s_20260121_01,0d5b2c317ad04013b1cb76da95b478fc,2026-05-26,SH601800,-0.06919343319217346,,,
EXP_LGBModel_Alpha158_csi300_expanding_step40_s_20260121_01,0d5b2c317ad04013b1cb76da95b478fc,2026-05-26,SH601808,-0.03417423844226172,,,
EXP_LGBModel_Alpha158_csi300_expanding_step40_s_20260121_01,0d5b2c317ad04013b1cb76da95b478fc,2026-05-26,SH601816,-0.116945859826762,,,
EXP_LGBModel_Alpha158_csi300_expanding_step40_s_20260121_01,0d5b2c317ad04013b1cb76da95b478fc,2026-05-26,SH601818,-0.09898704725911821,,,
EXP_LGBModel_Alpha158_csi300_expanding_step40_s_20260121_01,0d5b2c317ad04013b1cb76da95b478fc,2026-05-26,SH601825,-0.01124664169211922,,,
EXP_LGBModel_Alpha158_csi300_expanding_step40_s_20260121_01,0d5b2c317ad04013b1cb76da95b478fc,2026-05-26,SH601838,0.029814716053117384,,,
EXP_LGBModel_Alpha158_csi300_expanding_step40_s_20260121_01,0d5b2c317ad04013b1cb76da95b478fc,2026-05-26,SH601857,0.005760131642543913,,,
EXP_LGBModel_Alpha158_csi300_expanding_step40_s_20260121_01,0d5b2c317ad04013b1cb76da95b478fc,2026-05-26,SH601868,0.008077231763676397,,,
EXP_LGBModel_Alpha158_csi300_expanding_step40_s_20260121_01,0d5b2c317ad04013b1cb76da95b478fc,2026-05-26,SH601872,0.1393934982654888,,,
EXP_LGBModel_Alpha158_csi300_expanding_step40_s_20260121_01,0d5b2c317ad04013b1cb76da95b478fc,2026-05-26,SH601877,-0.01940816295950436,,,
EXP_LGBModel_Alpha158_csi300_expanding_step40_s_20260121_01,0d5b2c317ad04013b1cb76da95b478fc,2026-05-26,SH601878,-0.029154143697090042,,,
EXP_LGBModel_Alpha158_csi300_expanding_step40_s_20260121_01,0d5b2c317ad04013b1cb76da95b478fc,2026-05-26,SH601881,0.06019787673396636,,,
EXP_LGBModel_Alpha158_csi300_expanding_step40_s_20260121_01,0d5b2c317ad04013b1cb76da95b478fc,2026-05-26,SH601888,0.009811136294244086,,,
EXP_LGBModel_Alpha158_csi300_expanding_step40_s_20260121_01,0d5b2c317ad04013b1cb76da95b478fc,2026-05-26,SH601898,-0.049645286141547965,,,
EXP_LGBModel_Alpha158_csi300_expanding_step40_s_20260121_01,0d5b2c317ad04013b1cb76da95b478fc,2026-05-26,SH601766,-0.006849422146911684,,,
EXP_LGBModel_Alpha158_csi300_expanding_step40_s_20260121_01,0d5b2c317ad04013b1cb76da95b478fc,2026-05-26,SH600919,0.014307546428930971,,,
EXP_LGBModel_Alpha158_csi300_expanding_step40_s_20260121_01,0d5b2c317ad04013b1cb76da95b478fc,2026-05-26,SH601728,-0.060021465480826444,,,
EXP_LGBModel_Alpha158_csi300_expanding_step40_s_20260121_01,0d5b2c317ad04013b1cb76da95b478fc,2026-05-26,SH601689,-0.05701502004086122,,,
EXP_LGBModel_Alpha158_csi300_expanding_step40_s_20260121_01,0d5b2c317ad04013b1cb76da95b478fc,2026-05-26,SH601360,0.04717619329352922,,,
EXP_LGBModel_Alpha158_csi300_expanding_step40_s_20260121_01,0d5b2c317ad04013b1cb76da95b478fc,2026-05-26,SH601377,-0.010320228203839266,,,
EXP_LGBModel_Alpha158_csi300_expanding_step40_s_20260121_01,0d5b2c317ad04013b1cb76da95b478fc,2026-05-26,SH601390,-0.011778802037617038,,,
EXP_LGBModel_Alpha158_csi300_expanding_step40_s_20260121_01,0d5b2c317ad04013b1cb76da95b478fc,2026-05-26,SH601398,0.048524848417000686,,,
EXP_LGBModel_Alpha158_csi300_expanding_step40_s_20260121_01,0d5b2c317ad04013b1cb76da95b478fc,2026-05-26,SH601456,-0.10887071554956572,,,
EXP_LGBModel_Alpha158_csi300_expanding_step40_s_20260121_01,0d5b2c317ad04013b1cb76da95b478fc,2026-05-26,SH601600,0.04668968871354811,,,
EXP_LGBModel_Alpha158_csi300_expanding_step40_s_20260121_01,0d5b2c317ad04013b1cb76da95b478fc,2026-05-26,SH601601,0.13362720308375103,,,
EXP_LGBModel_Alpha158_csi300_expanding_step40_s_20260121_01,0d5b2c317ad04013b1cb76da95b478fc,2026-05-26,SH601607,-0.06051105727946951,,,
EXP_LGBModel_Alpha158_csi300_expanding_step40_s_20260121_01,0d5b2c317ad04013b1cb76da95b478fc,2026-05-26,SH601618,0.041832081307043474,,,
EXP_LGBModel_Alpha158_csi300_expanding_step40_s_20260121_01,0d5b2c317ad04013b1cb76da95b478fc,2026-05-26,SH601628,-0.021527698970884954,,,
EXP_LGBModel_Alpha158_csi300_expanding_step40_s_20260121_01,0d5b2c317ad04013b1cb76da95b478fc,2026-05-26,SH601633,0.06930624195966606,,,
EXP_LGBModel_Alpha158_csi300_expanding_step40_s_20260121_01,0d5b2c317ad04013b1cb76da95b478fc,2026-05-26,SH601658,-0.0178927371939039,,,
EXP_LGBModel_Alpha158_csi300_expanding_step40_s_20260121_01,0d5b2c317ad04013b1cb76da95b478fc,2026-05-26,SH601668,-0.09374493396628138,,,
EXP_LGBModel_Alpha158_csi300_expanding_step40_s_20260121_01,0d5b2c317ad04013b1cb76da95b478fc,2026-05-26,SH601669,-0.06739891600748449,,,
EXP_LGBModel_Alpha158_csi300_expanding_step40_s_20260121_01,0d5b2c317ad04013b1cb76da95b478fc,2026-05-26,SH601688,0.06531447417759983,,,
EXP_LGBModel_Alpha158_csi300_expanding_step40_s_20260121_01,0d5b2c317ad04013b1cb76da95b478fc,2026-05-26,SH601698,0.004984940436853683,,,
EXP_LGBModel_Alpha158_csi300_expanding_step40_s_20260121_01,0d5b2c317ad04013b1cb76da95b478fc,2026-05-26,SH601899,0.18440898693343263,,,
EXP_LGBModel_Alpha158_csi300_expanding_step40_s_20260121_01,0d5b2c317ad04013b1cb76da95b478fc,2026-05-26,SH600918,-0.03128786457887471,,,
EXP_LGBModel_Alpha158_csi300_expanding_step40_s_20260121_01,0d5b2c317ad04013b1cb76da95b478fc,2026-05-26,SH600900,0.04408545748905098,,,
EXP_LGBModel_Alpha158_csi300_expanding_step40_s_20260121_01,0d5b2c317ad04013b1cb76da95b478fc,2026-05-26,SH600061,0.09347469456599354,,,
EXP_LGBModel_Alpha158_csi300_expanding_step40_s_20260121_01,0d5b2c317ad04013b1cb76da95b478fc,2026-05-26,SH600066,-0.0013085621320224853,,,
EXP_LGBModel_Alpha158_csi300_expanding_step40_s_20260121_01,0d5b2c317ad04013b1cb76da95b478fc,2026-05-26,SH600085,0.00041488229060797214,,,
EXP_LGBModel_Alpha158_csi300_expanding_step40_s_20260121_01,0d5b2c317ad04013b1cb76da95b478fc,2026-05-26,SH600089,-0.19257226660428417,,,
EXP_LGBModel_Alpha158_csi300_expanding_step40_s_20260121_01,0d5b2c317ad04013b1cb76da95b478fc,2026-05-26,SH600104,-0.014383987141926659,,,
EXP_LGBModel_Alpha158_csi300_expanding_step40_s_20260121_01,0d5b2c317ad04013b1cb76da95b478fc,2026-05-26,SH600111,-0.21033736630030364,,,
EXP_LGBModel_Alpha158_csi300_expanding_step40_s_20260121_01,0d5b2c317ad04013b1cb76da95b478fc,2026-05-26,SH600050,-0.13186776722279628,,,
EXP_LGBModel_Alpha158_csi300_expanding_step40_s_20260121_01,0d5b2c317ad04013b1cb76da95b478fc,2026-05-26,SH600115,0.06963654050089169,,,
EXP_LGBModel_Alpha158_csi300_expanding_step40_s_20260121_01,0d5b2c317ad04013b1cb76da95b478fc,2026-05-26,SH600160,-0.20816781743865334,,,
EXP_LGBModel_Alpha158_csi300_expanding_step40_s_20260121_01,0d5b2c317ad04013b1cb76da95b478fc,2026-05-26,SH600161,-0.13187918916029864,,,
EXP_LGBModel_Alpha158_csi300_expanding_step40_s_20260121_01,0d5b2c317ad04013b1cb76da95b478fc,2026-05-26,SH600176,-0.0777365220636696,,,
EXP_LGBModel_Alpha158_csi300_expanding_step40_s_20260121_01,0d5b2c317ad04013b1cb76da95b478fc,2026-05-26,SH600183,-0.1049465091205092,,,
EXP_LGBModel_Alpha158_csi300_expanding_step40_s_20260121_01,0d5b2c317ad04013b1cb76da95b478fc,2026-05-26,SH600188,0.041264606161616056,,,
EXP_LGBModel_Alpha158_csi300_expanding_step40_s_20260121_01,0d5b2c317ad04013b1cb76da95b478fc,2026-05-26,SH600196,-0.08407408961803708,,,
EXP_LGBModel_Alpha158_csi300_expanding_step40_s_20260121_01,0d5b2c317ad04013b1cb76da95b478fc,2026-05-26,SH600150,-0.24610276371869966,,,
EXP_LGBModel_Alpha158_csi300_expanding_step40_s_20260121_01,0d5b2c317ad04013b1cb76da95b478fc,2026-05-26,SH600048,-0.04571492697485137,,,
EXP_LGBModel_Alpha158_csi300_expanding_step40_s_20260121_01,0d5b2c317ad04013b1cb76da95b478fc,2026-05-26,SH600039,-0.038302515583628335,,,
EXP_LGBModel_Alpha158_csi300_expanding_step40_s_20260121_01,0d5b2c317ad04013b1cb76da95b478fc,2026-05-26,SH600036,-0.04277283436518325,,,
EXP_LGBModel_Alpha158_csi300_expanding_step40_s_20260121_01,0d5b2c317ad04013b1cb76da95b478fc,2026-05-26,SH600009,-0.03643415266978369,,,
EXP_LGBModel_Alpha158_csi300_expanding_step40_s_20260121_01,0d5b2c317ad04013b1cb76da95b478fc,2026-05-26,SH600010,-0.055549570322673526,,,
EXP_LGBModel_Alpha158_csi300_expanding_step40_s_20260121_01,0d5b2c317ad04013b1cb76da95b478fc,2026-05-26,SH600011,0.027106121240154924,,,
EXP_LGBModel_Alpha158_csi300_expanding_step40_s_20260121_01,0d5b2c317ad04013b1cb76da95b478fc,2026-05-26,SH600015,-0.02703958194490307,,,
EXP_LGBModel_Alpha158_csi300_expanding_step40_s_20260121_01,0d5b2c317ad04013b1cb76da95b478fc,2026-05-26,SH600016,-0.02995395252394844,,,
EXP_LGBModel_Alpha158_csi300_expanding_step40_s_20260121_01,0d5b2c317ad04013b1cb76da95b478fc,2026-05-26,SH600018,0.022546320969369097,,,
EXP_LGBModel_Alpha158_csi300_expanding_step40_s_20260121_01,0d5b2c317ad04013b1cb76da95b478fc,2026-05-26,SH600019,-0.004971757627532634,,,
EXP_LGBModel_Alpha158_csi300_expanding_step40_s_20260121_01,0d5b2c317ad04013b1cb76da95b478fc,2026-05-26,SH600023,0.056517315419421205,,,
EXP_LGBModel_Alpha158_csi300_expanding_step40_s_20260121_01,0d5b2c317ad04013b1cb76da95b478fc,2026-05-26,SH600025,0.057946724211836366,,,
EXP_LGBModel_Alpha158_csi300_expanding_step40_s_20260121_01,0d5b2c317ad04013b1cb76da95b478fc,2026-05-26,SH600026,0.06152262965456736,,,
EXP_LGBModel_Alpha158_csi300_expanding_step40_s_20260121_01,0d5b2c317ad04013b1cb76da95b478fc,2026-05-26,SH600027,-0.0378068498718418,,,
EXP_LGBModel_Alpha158_csi300_expanding_step40_s_20260121_01,0d5b2c317ad04013b1cb76da95b478fc,2026-05-26,SH600028,0.006487220400151495,,,
EXP_LGBModel_Alpha158_csi300_expanding_step40_s_20260121_01,0d5b2c317ad04013b1cb76da95b478fc,2026-05-26,SH600029,0.0950025369037547,,,
EXP_LGBModel_Alpha158_csi300_expanding_step40_s_20260121_01,0d5b2c317ad04013b1cb76da95b478fc,2026-05-26,SH600030,-0.07381438884955381,,,
EXP_LGBModel_Alpha158_csi300_expanding_step40_s_20260121_01,0d5b2c317ad04013b1cb76da95b478fc,2026-05-26,SH600031,-0.025359315871868474,,,
EXP_LGBModel_Alpha158_csi300_expanding_step40_s_20260121_01,0d5b2c317ad04013b1cb76da95b478fc,2026-05-26,SH600219,-0.1489125779858243,,,
EXP_LGBModel_Alpha158_csi300_expanding_step40_s_20260121_01,0d5b2c317ad04013b1cb76da95b478fc,2026-05-26,SH600233,0.057029851895732356,,,
EXP_LGBModel_Alpha158_csi300_expanding_step40_s_20260121_01,0d5b2c317ad04013b1cb76da95b478fc,2026-05-26,SH600276,-0.0860168300043357,,,
EXP_LGBModel_Alpha158_csi300_expanding_step40_s_20260121_01,0d5b2c317ad04013b1cb76da95b478fc,2026-05-26,SH600309,0.06767683192297197,,,
EXP_LGBModel_Alpha158_csi300_expanding_step40_s_20260121_01,0d5b2c317ad04013b1cb76da95b478fc,2026-05-26,SH600588,0.010600342391806235,,,
EXP_LGBModel_Alpha158_csi300_expanding_step40_s_20260121_01,0d5b2c317ad04013b1cb76da95b478fc,2026-05-26,SH600600,0.0029324191165264217,,,
EXP_LGBModel_Alpha158_csi300_expanding_step40_s_20260121_01,0d5b2c317ad04013b1cb76da95b478fc,2026-05-26,SH600660,-0.03111500365149021,,,
EXP_LGBModel_Alpha158_csi300_expanding_step40_s_20260121_01,0d5b2c317ad04013b1cb76da95b478fc,2026-05-26,SH600674,-0.007228461911244957,,,
EXP_LGBModel_Alpha158_csi300_expanding_step40_s_20260121_01,0d5b2c317ad04013b1cb76da95b478fc,2026-05-26,SH600690,-0.09281198762938743,,,
EXP_LGBModel_Alpha158_csi300_expanding_step40_s_20260121_01,0d5b2c317ad04013b1cb76da95b478fc,2026-05-26,SH600741,0.02618043693684328,,,
EXP_LGBModel_Alpha158_csi300_expanding_step40_s_20260121_01,0d5b2c317ad04013b1cb76da95b478fc,2026-05-26,SH600760,-0.04381346860981713,,,
EXP_LGBModel_Alpha158_csi300_expanding_step40_s_20260121_01,0d5b2c317ad04013b1cb76da95b478fc,2026-05-26,SH600795,-0.006676876270234461,,,
EXP_LGBModel_Alpha158_csi300_expanding_step40_s_20260121_01,0d5b2c317ad04013b1cb76da95b478fc,2026-05-26,SH600803,-0.03489849779369913,,,
EXP_LGBModel_Alpha158_csi300_expanding_step40_s_20260121_01,0d5b2c317ad04013b1cb76da95b478fc,2026-05-26,SH600809,0.07299917400009591,,,
EXP_LGBModel_Alpha158_csi300_expanding_step40_s_20260121_01,0d5b2c317ad04013b1cb76da95b478fc,2026-05-26,SH600845,-0.08267043489103792,,,
EXP_LGBModel_Alpha158_csi300_expanding_step40_s_20260121_01,0d5b2c317ad04013b1cb76da95b478fc,2026-05-26,SH600875,-0.059934414942764386,,,
EXP_LGBModel_Alpha158_csi300_expanding_step40_s_20260121_01,0d5b2c317ad04013b1cb76da95b478fc,2026-05-26,SH600886,0.08142417097708875,,,
EXP_LGBModel_Alpha158_csi300_expanding_step40_s_20260121_01,0d5b2c317ad04013b1cb76da95b478fc,2026-05-26,SH600887,0.05937519185761465,,,
EXP_LGBModel_Alpha158_csi300_expanding_step40_s_20260121_01,0d5b2c317ad04013b1cb76da95b478fc,2026-05-26,SH600893,-0.0707995835807316,,,
EXP_LGBModel_Alpha158_csi300_expanding_step40_s_20260121_01,0d5b2c317ad04013b1cb76da95b478fc,2026-05-26,SH600585,0.02997035821114667,,,
EXP_LGBModel_Alpha158_csi300_expanding_step40_s_20260121_01,0d5b2c317ad04013b1cb76da95b478fc,2026-05-26,SH600905,-0.05689320154967933,,,
EXP_LGBModel_Alpha158_csi300_expanding_step40_s_20260121_01,0d5b2c317ad04013b1cb76da95b478fc,2026-05-26,SH600584,-0.13320878435864839,,,
EXP_LGBModel_Alpha158_csi300_expanding_step40_s_20260121_01,0d5b2c317ad04013b1cb76da95b478fc,2026-05-26,SH600547,-0.06664845437536389,,,
EXP_LGBModel_Alpha158_csi300_expanding_step40_s_20260121_01,0d5b2c317ad04013b1cb76da95b478fc,2026-05-26,SH600346,0.04240806856028989,,,
EXP_LGBModel_Alpha158_csi300_expanding_step40_s_20260121_01,0d5b2c317ad04013b1cb76da95b478fc,2026-05-26,SH600362,0.028567524340468192,,,
EXP_LGBModel_Alpha158_csi300_expanding_step40_s_20260121_01,0d5b2c317ad04013b1cb76da95b478fc,2026-05-26,SH600372,0.08226374947376472,,,
EXP_LGBModel_Alpha158_csi300_expanding_step40_s_20260121_01,0d5b2c317ad04013b1cb76da95b478fc,2026-05-26,SH600377,0.060688408682332495,,,
EXP_LGBModel_Alpha158_csi300_expanding_step40_s_20260121_01,0d5b2c317ad04013b1cb76da95b478fc,2026-05-26,SH600406,-0.04756212260159985,,,
EXP_LGBModel_Alpha158_csi300_expanding_step40_s_20260121_01,0d5b2c317ad04013b1cb76da95b478fc,2026-05-26,SH600415,-0.05632616742858491,,,
EXP_LGBModel_Alpha158_csi300_expanding_step40_s_20260121_01,0d5b2c317ad04013b1cb76da95b478fc,2026-05-26,SH600426,-0.0010754015701530987,,,
EXP_LGBModel_Alpha158_csi300_expanding_step40_s_20260121_01,0d5b2c317ad04013b1cb76da95b478fc,2026-05-26,SH600436,-0.015920238200938453,,,
EXP_LGBModel_Alpha158_csi300_expanding_step40_s_20260121_01,0d5b2c317ad04013b1cb76da95b478fc,2026-05-26,SH600438,0.011477071891045366,,,
EXP_LGBModel_Alpha158_csi300_expanding_step40_s_20260121_01,0d5b2c317ad04013b1cb76da95b478fc,2026-05-26,SH600460,-0.14194636808049468,,,
EXP_LGBModel_Alpha158_csi300_expanding_step40_s_20260121_01,0d5b2c317ad04013b1cb76da95b478fc,2026-05-26,SH600482,0.04726977970175825,,,
EXP_LGBModel_Alpha158_csi300_expanding_step40_s_20260121_01,0d5b2c317ad04013b1cb76da95b478fc,2026-05-26,SH600489,-0.11785011676089745,,,
EXP_LGBModel_Alpha158_csi300_expanding_step40_s_20260121_01,0d5b2c317ad04013b1cb76da95b478fc,2026-05-26,SH600515,0.07221699525934318,,,
EXP_LGBModel_Alpha158_csi300_expanding_step40_s_20260121_01,0d5b2c317ad04013b1cb76da95b478fc,2026-05-26,SH600519,0.03742102601991648,,,
EXP_LGBModel_Alpha158_csi300_expanding_step40_s_20260121_01,0d5b2c317ad04013b1cb76da95b478fc,2026-05-26,SH600522,0.13555509989409967,,,
EXP_LGBModel_Alpha158_csi300_expanding_step40_s_20260121_01,0d5b2c317ad04013b1cb76da95b478fc,2026-05-26,SH600570,0.019608244510575044,,,
EXP_LGBModel_Alpha158_csi300_expanding_step40_s_20260121_01,0d5b2c317ad04013b1cb76da95b478fc,2026-05-26,SZ301269,-0.147176747829369,,,
EXP_LGBModel_Alpha158_csi300_expanding_step40_s_20260121_01,0d5b2c317ad04013b1cb76da95b478fc,2026-05-26,SH601901,0.031079753037647248,,,
EXP_LGBModel_Alpha158_csi300_expanding_step40_s_20260121_01,0d5b2c317ad04013b1cb76da95b478fc,2026-05-26,SH601919,0.02011190907883112,,,
EXP_LGBModel_Alpha158_csi300_expanding_step40_s_20260121_01,0d5b2c317ad04013b1cb76da95b478fc,2026-05-26,SZ002415,0.12465631145077469,,,
EXP_LGBModel_Alpha158_csi300_expanding_step40_s_20260121_01,0d5b2c317ad04013b1cb76da95b478fc,2026-05-26,SZ002422,0.06965065914040167,,,
EXP_LGBModel_Alpha158_csi300_expanding_step40_s_20260121_01,0d5b2c317ad04013b1cb76da95b478fc,2026-05-26,SZ002459,0.033555226126029083,,,
EXP_LGBModel_Alpha158_csi300_expanding_step40_s_20260121_01,0d5b2c317ad04013b1cb76da95b478fc,2026-05-26,SZ002460,-0.022174173456740786,,,
EXP_LGBModel_Alpha158_csi300_expanding_step40_s_20260121_01,0d5b2c317ad04013b1cb76da95b478fc,2026-05-26,SZ002463,-0.047910706408959836,,,
EXP_LGBModel_Alpha158_csi300_expanding_step40_s_20260121_01,0d5b2c317ad04013b1cb76da95b478fc,2026-05-26,SZ002466,-0.08386404394399877,,,
EXP_LGBModel_Alpha158_csi300_expanding_step40_s_20260121_01,0d5b2c317ad04013b1cb76da95b478fc,2026-05-26,SZ002384,-0.22271256053727792,,,
EXP_LGBModel_Alpha158_csi300_expanding_step40_s_20260121_01,0d5b2c317ad04013b1cb76da95b478fc,2026-05-26,SZ002475,-0.21507785577701258,,,
EXP_LGBModel_Alpha158_csi300_expanding_step40_s_20260121_01,0d5b2c317ad04013b1cb76da95b478fc,2026-05-26,SZ002594,-0.021351291980802538,,,
EXP_LGBModel_Alpha158_csi300_expanding_step40_s_20260121_01,0d5b2c317ad04013b1cb76da95b478fc,2026-05-26,SZ002600,0.07418068649870675,,,
EXP_LGBModel_Alpha158_csi300_expanding_step40_s_20260121_01,0d5b2c317ad04013b1cb76da95b478fc,2026-05-26,SZ002601,0.06285150721525672,,,
EXP_LGBModel_Alpha158_csi300_expanding_step40_s_20260121_01,0d5b2c317ad04013b1cb76da95b478fc,2026-05-26,SZ002625,0.17786027974399388,,,
EXP_LGBModel_Alpha158_csi300_expanding_step40_s_20260121_01,0d5b2c317ad04013b1cb76da95b478fc,2026-05-26,SZ002648,0.006112648634437008,,,
EXP_LGBModel_Alpha158_csi300_expanding_step40_s_20260121_01,0d5b2c317ad04013b1cb76da95b478fc,2026-05-26,SZ002709,0.05164994406714498,,,
EXP_LGBModel_Alpha158_csi300_expanding_step40_s_20260121_01,0d5b2c317ad04013b1cb76da95b478fc,2026-05-26,SZ002493,-0.06347129399744439,,,
EXP_LGBModel_Alpha158_csi300_expanding_step40_s_20260121_01,0d5b2c317ad04013b1cb76da95b478fc,2026-05-26,SZ002371,-0.008112196686531077,,,
EXP_LGBModel_Alpha158_csi300_expanding_step40_s_20260121_01,0d5b2c317ad04013b1cb76da95b478fc,2026-05-26,SZ002352,-0.00426931336871095,,,
EXP_LGBModel_Alpha158_csi300_expanding_step40_s_20260121_01,0d5b2c317ad04013b1cb76da95b478fc,2026-05-26,SZ002311,0.048849451073726624,,,
EXP_LGBModel_Alpha158_csi300_expanding_step40_s_20260121_01,0d5b2c317ad04013b1cb76da95b478fc,2026-05-26,SZ001965,-0.09749876863883644,,,
EXP_LGBModel_Alpha158_csi300_expanding_step40_s_20260121_01,0d5b2c317ad04013b1cb76da95b478fc,2026-05-26,SZ001979,-0.0007055663007253504,,,
EXP_LGBModel_Alpha158_csi300_expanding_step40_s_20260121_01,0d5b2c317ad04013b1cb76da95b478fc,2026-05-26,SZ002001,0.029832867300220865,,,
EXP_LGBModel_Alpha158_csi300_expanding_step40_s_20260121_01,0d5b2c317ad04013b1cb76da95b478fc,2026-05-26,SZ002027,0.03033652239751079,,,
EXP_LGBModel_Alpha158_csi300_expanding_step40_s_20260121_01,0d5b2c317ad04013b1cb76da95b478fc,2026-05-26,SZ002028,0.2606662306797365,,,
EXP_LGBModel_Alpha158_csi300_expanding_step40_s_20260121_01,0d5b2c317ad04013b1cb76da95b478fc,2026-05-26,SZ002049,0.10574110544229413,,,
EXP_LGBModel_Alpha158_csi300_expanding_step40_s_20260121_01,0d5b2c317ad04013b1cb76da95b478fc,2026-05-26,SZ002050,-0.21122078452692314,,,
EXP_LGBModel_Alpha158_csi300_expanding_step40_s_20260121_01,0d5b2c317ad04013b1cb76da95b478fc,2026-05-26,SZ002074,-0.05124534748177568,,,
EXP_LGBModel_Alpha158_csi300_expanding_step40_s_20260121_01,0d5b2c317ad04013b1cb76da95b478fc,2026-05-26,SZ002142,-0.028397837472855222,,,
EXP_LGBModel_Alpha158_csi300_expanding_step40_s_20260121_01,0d5b2c317ad04013b1cb76da95b478fc,2026-05-26,SZ002179,0.07979975567494889,,,
EXP_LGBModel_Alpha158_csi300_expanding_step40_s_20260121_01,0d5b2c317ad04013b1cb76da95b478fc,2026-05-26,SZ002230,0.15783581910331224,,,
EXP_LGBModel_Alpha158_csi300_expanding_step40_s_20260121_01,0d5b2c317ad04013b1cb76da95b478fc,2026-05-26,SZ002236,0.06291896029990225,,,
EXP_LGBModel_Alpha158_csi300_expanding_step40_s_20260121_01,0d5b2c317ad04013b1cb76da95b478fc,2026-05-26,SZ002241,0.17475250360380767,,,
EXP_LGBModel_Alpha158_csi300_expanding_step40_s_20260121_01,0d5b2c317ad04013b1cb76da95b478fc,2026-05-26,SZ002252,0.04455051568652653,,,
EXP_LGBModel_Alpha158_csi300_expanding_step40_s_20260121_01,0d5b2c317ad04013b1cb76da95b478fc,2026-05-26,SZ002304,0.05207660975100793,,,
EXP_LGBModel_Alpha158_csi300_expanding_step40_s_20260121_01,0d5b2c317ad04013b1cb76da95b478fc,2026-05-26,SZ002714,0.004899352233216161,,,
EXP_LGBModel_Alpha158_csi300_expanding_step40_s_20260121_01,0d5b2c317ad04013b1cb76da95b478fc,2026-05-26,SZ002736,-0.0893843558598302,,,
EXP_LGBModel_Alpha158_csi300_expanding_step40_s_20260121_01,0d5b2c317ad04013b1cb76da95b478fc,2026-05-26,SZ002916,-0.20379986111290452,,,
EXP_LGBModel_Alpha158_csi300_expanding_step40_s_20260121_01,0d5b2c317ad04013b1cb76da95b478fc,2026-05-26,SZ002920,-0.09215525237143148,,,
EXP_LGBModel_Alpha158_csi300_expanding_step40_s_20260121_01,0d5b2c317ad04013b1cb76da95b478fc,2026-05-26,SZ300476,-0.07707508274763397,,,
EXP_LGBModel_Alpha158_csi300_expanding_step40_s_20260121_01,0d5b2c317ad04013b1cb76da95b478fc,2026-05-26,SZ300498,0.07159856523047936,,,
EXP_LGBModel_Alpha158_csi300_expanding_step40_s_20260121_01,0d5b2c317ad04013b1cb76da95b478fc,2026-05-26,SZ300502,-0.03159925508814436,,,
EXP_LGBModel_Alpha158_csi300_expanding_step40_s_20260121_01,0d5b2c317ad04013b1cb76da95b478fc,2026-05-26,SZ300628,0.12007269451841703,,,
EXP_LGBModel_Alpha158_csi300_expanding_step40_s_20260121_01,0d5b2c317ad04013b1cb76da95b478fc,2026-05-26,SZ300661,-0.19534324557281948,,,
EXP_LGBModel_Alpha158_csi300_expanding_step40_s_20260121_01,0d5b2c317ad04013b1cb76da95b478fc,2026-05-26,SZ300750,0.05524394956950142,,,
EXP_LGBModel_Alpha158_csi300_expanding_step40_s_20260121_01,0d5b2c317ad04013b1cb76da95b478fc,2026-05-26,SZ300759,-0.1275876532427455,,,
EXP_LGBModel_Alpha158_csi300_expanding_step40_s_20260121_01,0d5b2c317ad04013b1cb76da95b478fc,2026-05-26,SZ300760,-0.008234600936517372,,,
EXP_LGBModel_Alpha158_csi300_expanding_step40_s_20260121_01,0d5b2c317ad04013b1cb76da95b478fc,2026-05-26,SZ300782,0.041914742557450355,,,
EXP_LGBModel_Alpha158_csi300_expanding_step40_s_20260121_01,0d5b2c317ad04013b1cb76da95b478fc,2026-05-26,SZ300803,-0.0029034421594644998,,,
EXP_LGBModel_Alpha158_csi300_expanding_step40_s_20260121_01,0d5b2c317ad04013b1cb76da95b478fc,2026-05-26,SZ300832,0.13346475189399146,,,
EXP_LGBModel_Alpha158_csi300_expanding_step40_s_20260121_01,0d5b2c317ad04013b1cb76da95b478fc,2026-05-26,SZ300866,0.04102986811248027,,,
EXP_LGBModel_Alpha158_csi300_expanding_step40_s_20260121_01,0d5b2c317ad04013b1cb76da95b478fc,2026-05-26,SZ300896,0.05854088577047855,,,
EXP_LGBModel_Alpha158_csi300_expanding_step40_s_20260121_01,0d5b2c317ad04013b1cb76da95b478fc,2026-05-26,SZ300979,0.07638743339063818,,,
EXP_LGBModel_Alpha158_csi300_expanding_step40_s_20260121_01,0d5b2c317ad04013b1cb76da95b478fc,2026-05-26,SZ300999,0.014097353637243916,,,
EXP_LGBModel_Alpha158_csi300_expanding_step40_s_20260121_01,0d5b2c317ad04013b1cb76da95b478fc,2026-05-26,SZ300442,0.016903714412360243,,,
EXP_LGBModel_Alpha158_csi300_expanding_step40_s_20260121_01,0d5b2c317ad04013b1cb76da95b478fc,2026-05-26,SZ001391,-0.12028549894438463,,,
EXP_LGBModel_Alpha158_csi300_expanding_step40_s_20260121_01,0d5b2c317ad04013b1cb76da95b478fc,2026-05-26,SZ300433,-0.20432477273416913,,,
EXP_LGBModel_Alpha158_csi300_expanding_step40_s_20260121_01,0d5b2c317ad04013b1cb76da95b478fc,2026-05-26,SZ300413,-0.009123766341498132,,,
EXP_LGBModel_Alpha158_csi300_expanding_step40_s_20260121_01,0d5b2c317ad04013b1cb76da95b478fc,2026-05-26,SZ002938,-0.13505464357190386,,,
EXP_LGBModel_Alpha158_csi300_expanding_step40_s_20260121_01,0d5b2c317ad04013b1cb76da95b478fc,2026-05-26,SZ003816,0.10638210492168718,,,
EXP_LGBModel_Alpha158_csi300_expanding_step40_s_20260121_01,0d5b2c317ad04013b1cb76da95b478fc,2026-05-26,SZ300014,-0.029116936817172184,,,
EXP_LGBModel_Alpha158_csi300_expanding_step40_s_20260121_01,0d5b2c317ad04013b1cb76da95b478fc,2026-05-26,SZ300015,-0.08293145804206042,,,
EXP_LGBModel_Alpha158_csi300_expanding_step40_s_20260121_01,0d5b2c317ad04013b1cb76da95b478fc,2026-05-26,SZ300033,0.24747930213344688,,,
EXP_LGBModel_Alpha158_csi300_expanding_step40_s_20260121_01,0d5b2c317ad04013b1cb76da95b478fc,2026-05-26,SZ300059,0.06969867659528738,,,
EXP_LGBModel_Alpha158_csi300_expanding_step40_s_20260121_01,0d5b2c317ad04013b1cb76da95b478fc,2026-05-26,SZ300122,-0.10170411320951064,,,
EXP_LGBModel_Alpha158_csi300_expanding_step40_s_20260121_01,0d5b2c317ad04013b1cb76da95b478fc,2026-05-26,SZ300124,-0.22898294420423781,,,
EXP_LGBModel_Alpha158_csi300_expanding_step40_s_20260121_01,0d5b2c317ad04013b1cb76da95b478fc,2026-05-26,SZ300251,0.03881937018147809,,,
EXP_LGBModel_Alpha158_csi300_expanding_step40_s_20260121_01,0d5b2c317ad04013b1cb76da95b478fc,2026-05-26,SZ300274,-0.17009643559609305,,,
EXP_LGBModel_Alpha158_csi300_expanding_step40_s_20260121_01,0d5b2c317ad04013b1cb76da95b478fc,2026-05-26,SZ300308,-0.17398008819177313,,,
EXP_LGBModel_Alpha158_csi300_expanding_step40_s_20260121_01,0d5b2c317ad04013b1cb76da95b478fc,2026-05-26,SZ300316,-0.12859310198054819,,,
EXP_LGBModel_Alpha158_csi300_expanding_step40_s_20260121_01,0d5b2c317ad04013b1cb76da95b478fc,2026-05-26,SZ300347,0.10409134902289494,,,
EXP_LGBModel_Alpha158_csi300_expanding_step40_s_20260121_01,0d5b2c317ad04013b1cb76da95b478fc,2026-05-26,SZ300394,0.1271225964144409,,,
EXP_LGBModel_Alpha158_csi300_expanding_step40_s_20260121_01,0d5b2c317ad04013b1cb76da95b478fc,2026-05-26,SZ300408,-0.14879367306532393,,,
EXP_LGBModel_Alpha158_csi300_expanding_step40_s_20260121_01,0d5b2c317ad04013b1cb76da95b478fc,2026-05-26,SZ300418,0.022609295544929006,,,
EXP_LGBModel_Alpha158_csi300_expanding_step40_s_20260121_01,0d5b2c317ad04013b1cb76da95b478fc,2026-05-26,SH601916,-0.061512356443328586,,,
EXP_LGBModel_Alpha158_csi300_expanding_step40_s_20260121_01,0d5b2c317ad04013b1cb76da95b478fc,2026-05-26,SZ000999,-0.01587757321471489,,,
EXP_LGBModel_Alpha158_csi300_expanding_step40_s_20260121_01,0d5b2c317ad04013b1cb76da95b478fc,2026-05-26,SZ000977,0.0076141302186291514,,,
EXP_LGBModel_Alpha158_csi300_expanding_step40_s_20260121_01,0d5b2c317ad04013b1cb76da95b478fc,2026-05-26,SH605499,-0.002593391974830817,,,
EXP_LGBModel_Alpha158_csi300_expanding_step40_s_20260121_01,0d5b2c317ad04013b1cb76da95b478fc,2026-05-26,SH688008,-0.08690065107467404,,,
EXP_LGBModel_Alpha158_csi300_expanding_step40_s_20260121_01,0d5b2c317ad04013b1cb76da95b478fc,2026-05-26,SH688009,-0.0055291760548760865,,,
EXP_LGBModel_Alpha158_csi300_expanding_step40_s_20260121_01,0d5b2c317ad04013b1cb76da95b478fc,2026-05-26,SH688012,-0.06734915226619048,,,
EXP_LGBModel_Alpha158_csi300_expanding_step40_s_20260121_01,0d5b2c317ad04013b1cb76da95b478fc,2026-05-26,SH688036,0.11525911150905488,,,
EXP_LGBModel_Alpha158_csi300_expanding_step40_s_20260121_01,0d5b2c317ad04013b1cb76da95b478fc,2026-05-26,SH688041,-0.25249624156446254,,,
EXP_LGBModel_Alpha158_csi300_expanding_step40_s_20260121_01,0d5b2c317ad04013b1cb76da95b478fc,2026-05-26,SH605117,0.01741389119601372,,,
EXP_LGBModel_Alpha158_csi300_expanding_step40_s_20260121_01,0d5b2c317ad04013b1cb76da95b478fc,2026-05-26,SH688047,0.05861589487201886,,,
EXP_LGBModel_Alpha158_csi300_expanding_step40_s_20260121_01,0d5b2c317ad04013b1cb76da95b478fc,2026-05-26,SH688111,-0.03241124132051383,,,
EXP_LGBModel_Alpha158_csi300_expanding_step40_s_20260121_01,0d5b2c317ad04013b1cb76da95b478fc,2026-05-26,SH688126,-0.060295498877122974,,,
EXP_LGBModel_Alpha158_csi300_expanding_step40_s_20260121_01,0d5b2c317ad04013b1cb76da95b478fc,2026-05-26,SH688169,0.1555623410802865,,,
EXP_LGBModel_Alpha158_csi300_expanding_step40_s_20260121_01,0d5b2c317ad04013b1cb76da95b478fc,2026-05-26,SH688187,-0.3054751363778065,,,
EXP_LGBModel_Alpha158_csi300_expanding_step40_s_20260121_01,0d5b2c317ad04013b1cb76da95b478fc,2026-05-26,SH688223,-0.030439092242032686,,,
EXP_LGBModel_Alpha158_csi300_expanding_step40_s_20260121_01,0d5b2c317ad04013b1cb76da95b478fc,2026-05-26,SH688256,-0.0665504948070039,,,
EXP_LGBModel_Alpha158_csi300_expanding_step40_s_20260121_01,0d5b2c317ad04013b1cb76da95b478fc,2026-05-26,SH688082,-0.15639001471130956,,,
EXP_LGBModel_Alpha158_csi300_expanding_step40_s_20260121_01,0d5b2c317ad04013b1cb76da95b478fc,2026-05-26,SH603993,0.12281518488314268,,,
EXP_LGBModel_Alpha158_csi300_expanding_step40_s_20260121_01,0d5b2c317ad04013b1cb76da95b478fc,2026-05-26,SH603986,-0.3231014137013528,,,
EXP_LGBModel_Alpha158_csi300_expanding_step40_s_20260121_01,0d5b2c317ad04013b1cb76da95b478fc,2026-05-26,SH603893,-0.09597547302667057,,,
EXP_LGBModel_Alpha158_csi300_expanding_step40_s_20260121_01,0d5b2c317ad04013b1cb76da95b478fc,2026-05-26,SH601939,-0.1547438006235886,,,
EXP_LGBModel_Alpha158_csi300_expanding_step40_s_20260121_01,0d5b2c317ad04013b1cb76da95b478fc,2026-05-26,SH601985,-0.010576945838433894,,,
EXP_LGBModel_Alpha158_csi300_expanding_step40_s_20260121_01,0d5b2c317ad04013b1cb76da95b478fc,2026-05-26,SH601988,0.01051188588189646,,,
EXP_LGBModel_Alpha158_csi300_expanding_step40_s_20260121_01,0d5b2c317ad04013b1cb76da95b478fc,2026-05-26,SH601995,0.11009779502872516,,,
EXP_LGBModel_Alpha158_csi300_expanding_step40_s_20260121_01,0d5b2c317ad04013b1cb76da95b478fc,2026-05-26,SH601998,0.05693868253558276,,,
EXP_LGBModel_Alpha158_csi300_expanding_step40_s_20260121_01,0d5b2c317ad04013b1cb76da95b478fc,2026-05-26,SH603019,0.06671422490072083,,,
EXP_LGBModel_Alpha158_csi300_expanding_step40_s_20260121_01,0d5b2c317ad04013b1cb76da95b478fc,2026-05-26,SH603195,-0.05506052739969959,,,
EXP_LGBModel_Alpha158_csi300_expanding_step40_s_20260121_01,0d5b2c317ad04013b1cb76da95b478fc,2026-05-26,SH603259,-0.050377012612173935,,,
EXP_LGBModel_Alpha158_csi300_expanding_step40_s_20260121_01,0d5b2c317ad04013b1cb76da95b478fc,2026-05-26,SH603260,0.09619116728848011,,,
EXP_LGBModel_Alpha158_csi300_expanding_step40_s_20260121_01,0d5b2c317ad04013b1cb76da95b478fc,2026-05-26,SH603288,0.04066136871745989,,,
EXP_LGBModel_Alpha158_csi300_expanding_step40_s_20260121_01,0d5b2c317ad04013b1cb76da95b478fc,2026-05-26,SH603296,0.01636410543522566,,,
EXP_LGBModel_Alpha158_csi300_expanding_step40_s_20260121_01,0d5b2c317ad04013b1cb76da95b478fc,2026-05-26,SH603369,0.03366938189734994,,,
EXP_LGBModel_Alpha158_csi300_expanding_step40_s_20260121_01,0d5b2c317ad04013b1cb76da95b478fc,2026-05-26,SH603392,-0.07008492065841868,,,
EXP_LGBModel_Alpha158_csi300_expanding_step40_s_20260121_01,0d5b2c317ad04013b1cb76da95b478fc,2026-05-26,SH603501,-0.09304751593903482,,,
EXP_LGBModel_Alpha158_csi300_expanding_step40_s_20260121_01,0d5b2c317ad04013b1cb76da95b478fc,2026-05-26,SH603799,-0.0034474958543247447,,,
EXP_LGBModel_Alpha158_csi300_expanding_step40_s_20260121_01,0d5b2c317ad04013b1cb76da95b478fc,2026-05-26,SH688271,-0.09758534094138879,,,
EXP_LGBModel_Alpha158_csi300_expanding_step40_s_20260121_01,0d5b2c317ad04013b1cb76da95b478fc,2026-05-26,SH688303,-0.039108036013625475,,,
EXP_LGBModel_Alpha158_csi300_expanding_step40_s_20260121_01,0d5b2c317ad04013b1cb76da95b478fc,2026-05-26,SH688396,-0.10123831446795271,,,
EXP_LGBModel_Alpha158_csi300_expanding_step40_s_20260121_01,0d5b2c317ad04013b1cb76da95b478fc,2026-05-26,SH688472,0.04923913169126184,,,
EXP_LGBModel_Alpha158_csi300_expanding_step40_s_20260121_01,0d5b2c317ad04013b1cb76da95b478fc,2026-05-26,SZ000651,0.009368766070982533,,,
EXP_LGBModel_Alpha158_csi300_expanding_step40_s_20260121_01,0d5b2c317ad04013b1cb76da95b478fc,2026-05-26,SZ000661,-0.03171235185511015,,,
EXP_LGBModel_Alpha158_csi300_expanding_step40_s_20260121_01,0d5b2c317ad04013b1cb76da95b478fc,2026-05-26,SZ000708,-0.02606678484591378,,,
EXP_LGBModel_Alpha158_csi300_expanding_step40_s_20260121_01,0d5b2c317ad04013b1cb76da95b478fc,2026-05-26,SZ000725,-0.11128246209975698,,,
EXP_LGBModel_Alpha158_csi300_expanding_step40_s_20260121_01,0d5b2c317ad04013b1cb76da95b478fc,2026-05-26,SZ000768,0.031705352019592035,,,
EXP_LGBModel_Alpha158_csi300_expanding_step40_s_20260121_01,0d5b2c317ad04013b1cb76da95b478fc,2026-05-26,SZ000776,0.014389673933271431,,,
EXP_LGBModel_Alpha158_csi300_expanding_step40_s_20260121_01,0d5b2c317ad04013b1cb76da95b478fc,2026-05-26,SZ000786,0.19338846429423995,,,
EXP_LGBModel_Alpha158_csi300_expanding_step40_s_20260121_01,0d5b2c317ad04013b1cb76da95b478fc,2026-05-26,SZ000792,-0.014044323547286445,,,
EXP_LGBModel_Alpha158_csi300_expanding_step40_s_20260121_01,0d5b2c317ad04013b1cb76da95b478fc,2026-05-26,SZ000807,-0.20254772928035608,,,
EXP_LGBModel_Alpha158_csi300_expanding_step40_s_20260121_01,0d5b2c317ad04013b1cb76da95b478fc,2026-05-26,SZ000858,-0.048125547576198004,,,
EXP_LGBModel_Alpha158_csi300_expanding_step40_s_20260121_01,0d5b2c317ad04013b1cb76da95b478fc,2026-05-26,SZ000876,-0.10829935217195737,,,
EXP_LGBModel_Alpha158_csi300_expanding_step40_s_20260121_01,0d5b2c317ad04013b1cb76da95b478fc,2026-05-26,SZ000895,0.08831749439496052,,,
EXP_LGBModel_Alpha158_csi300_expanding_step40_s_20260121_01,0d5b2c317ad04013b1cb76da95b478fc,2026-05-26,SZ000938,0.07224147339538622,,,
EXP_LGBModel_Alpha158_csi300_expanding_step40_s_20260121_01,0d5b2c317ad04013b1cb76da95b478fc,2026-05-26,SZ000963,-0.025183253112134832,,,
EXP_LGBModel_Alpha158_csi300_expanding_step40_s_20260121_01,0d5b2c317ad04013b1cb76da95b478fc,2026-05-26,SZ000975,-0.19370781018214425,,,
EXP_LGBModel_Alpha158_csi300_expanding_step40_s_20260121_01,0d5b2c317ad04013b1cb76da95b478fc,2026-05-26,SZ000630,0.09631608529296123,,,
EXP_LGBModel_Alpha158_csi300_expanding_step40_s_20260121_01,0d5b2c317ad04013b1cb76da95b478fc,2026-05-26,SZ000983,0.010690183105768055,,,
EXP_LGBModel_Alpha158_csi300_expanding_step40_s_20260121_01,0d5b2c317ad04013b1cb76da95b478fc,2026-05-26,SZ000625,0.0494342629661342,,,
EXP_LGBModel_Alpha158_csi300_expanding_step40_s_20260121_01,0d5b2c317ad04013b1cb76da95b478fc,2026-05-26,SZ000596,0.14715005127819325,,,
EXP_LGBModel_Alpha158_csi300_expanding_step40_s_20260121_01,0d5b2c317ad04013b1cb76da95b478fc,2026-05-26,SH688506,0.061604900003770245,,,
EXP_LGBModel_Alpha158_csi300_expanding_step40_s_20260121_01,0d5b2c317ad04013b1cb76da95b478fc,2026-05-26,SH688981,-0.04814310577163551,,,
EXP_LGBModel_Alpha158_csi300_expanding_step40_s_20260121_01,0d5b2c317ad04013b1cb76da95b478fc,2026-05-26,SZ000001,-0.05616778752553931,,,
EXP_LGBModel_Alpha158_csi300_expanding_step40_s_20260121_01,0d5b2c317ad04013b1cb76da95b478fc,2026-05-26,SZ000002,0.1107409285086168,,,
EXP_LGBModel_Alpha158_csi300_expanding_step40_s_20260121_01,0d5b2c317ad04013b1cb76da95b478fc,2026-05-26,SZ000063,-0.007117922129766697,,,
EXP_LGBModel_Alpha158_csi300_expanding_step40_s_20260121_01,0d5b2c317ad04013b1cb76da95b478fc,2026-05-26,SZ000100,-0.13996379000323741,,,
EXP_LGBModel_Alpha158_csi300_expanding_step40_s_20260121_01,0d5b2c317ad04013b1cb76da95b478fc,2026-05-26,SZ000157,-0.06679177997582887,,,
EXP_LGBModel_Alpha158_csi300_expanding_step40_s_20260121_01,0d5b2c317ad04013b1cb76da95b478fc,2026-05-26,SZ000166,0.007707529116282565,,,
EXP_LGBModel_Alpha158_csi300_expanding_step40_s_20260121_01,0d5b2c317ad04013b1cb76da95b478fc,2026-05-26,SZ000301,-0.06244728322049581,,,
EXP_LGBModel_Alpha158_csi300_expanding_step40_s_20260121_01,0d5b2c317ad04013b1cb76da95b478fc,2026-05-26,SZ000333,-0.059230028061555064,,,
EXP_LGBModel_Alpha158_csi300_expanding_step40_s_20260121_01,0d5b2c317ad04013b1cb76da95b478fc,2026-05-26,SZ000338,-0.038993301090157396,,,
EXP_LGBModel_Alpha158_csi300_expanding_step40_s_20260121_01,0d5b2c317ad04013b1cb76da95b478fc,2026-05-26,SZ000408,0.005943438501818551,,,
EXP_LGBModel_Alpha158_csi300_expanding_step40_s_20260121_01,0d5b2c317ad04013b1cb76da95b478fc,2026-05-26,SZ000425,0.18769626766642283,,,
EXP_LGBModel_Alpha158_csi300_expanding_step40_s_20260121_01,0d5b2c317ad04013b1cb76da95b478fc,2026-05-26,SZ000538,0.030416478734139628,,,
EXP_LGBModel_Alpha158_csi300_expanding_step40_s_20260121_01,0d5b2c317ad04013b1cb76da95b478fc,2026-05-26,SZ000568,-0.008336600897765027,,,
EXP_LGBModel_Alpha158_csi300_expanding_step40_s_20260121_01,0d5b2c317ad04013b1cb76da95b478fc,2026-05-26,SZ000617,-0.02345030668722488,,,
EXP_LGBModel_Alpha158_csi300_sliding_step40_s_20260121_01,741bdd0f113c4c1eaf23c429f63dfa1d,2026-05-26,SZ301269,-0.1700556469400261,,,
EXP_LGBModel_Alpha158_csi300_sliding_step40_s_20260121_01,741bdd0f113c4c1eaf23c429f63dfa1d,2026-05-26,SZ302132,-0.08831118609505556,,,
EXP_DEnsembleModel_Alpha158_csi300_expanding_step40_s_20260112_22,5dfe27da14f64e55b157c5d6f03705b8,2026-05-26,SH600000,0.014367282925328321,,,
EXP_DEnsembleModel_Alpha158_csi300_sliding_step40_s_20260111_23,12f4cb9e2e654b22a3588e4374ed56b1,2026-05-26,SH601127,-0.050549896103385804,,,
EXP_DEnsembleModel_Alpha158_csi300_sliding_step40_s_20260111_23,12f4cb9e2e654b22a3588e4374ed56b1,2026-05-26,SH601136,-0.08475147861718471,,,
EXP_DEnsembleModel_Alpha158_csi300_sliding_step40_s_20260111_23,12f4cb9e2e654b22a3588e4374ed56b1,2026-05-26,SH601138,-0.15753933041637588,,,
EXP_DEnsembleModel_Alpha158_csi300_sliding_step40_s_20260111_23,12f4cb9e2e654b22a3588e4374ed56b1,2026-05-26,SH601166,0.0430832054308193,,,
EXP_DEnsembleModel_Alpha158_csi300_sliding_step40_s_20260111_23,12f4cb9e2e654b22a3588e4374ed56b1,2026-05-26,SH601169,-0.030064647123339342,,,
EXP_DEnsembleModel_Alpha158_csi300_sliding_step40_s_20260111_23,12f4cb9e2e654b22a3588e4374ed56b1,2026-05-26,SH601186,-0.05609514831528226,,,
EXP_DEnsembleModel_Alpha158_csi300_sliding_step40_s_20260111_23,12f4cb9e2e654b22a3588e4374ed56b1,2026-05-26,SH601117,0.005571654250594825,,,
EXP_DEnsembleModel_Alpha158_csi300_sliding_step40_s_20260111_23,12f4cb9e2e654b22a3588e4374ed56b1,2026-05-26,SH601211,-0.07878849106411391,,,
EXP_DEnsembleModel_Alpha158_csi300_sliding_step40_s_20260111_23,12f4cb9e2e654b22a3588e4374ed56b1,2026-05-26,SH601229,-0.07164578119491403,,,
EXP_DEnsembleModel_Alpha158_csi300_sliding_step40_s_20260111_23,12f4cb9e2e654b22a3588e4374ed56b1,2026-05-26,SH601236,0.06035002309104375,,,
EXP_DEnsembleModel_Alpha158_csi300_sliding_step40_s_20260111_23,12f4cb9e2e654b22a3588e4374ed56b1,2026-05-26,SH601238,0.09362449125371618,,,
EXP_DEnsembleModel_Alpha158_csi300_sliding_step40_s_20260111_23,12f4cb9e2e654b22a3588e4374ed56b1,2026-05-26,SH601288,-0.007228697567035206,,,
EXP_DEnsembleModel_Alpha158_csi300_sliding_step40_s_20260111_23,12f4cb9e2e654b22a3588e4374ed56b1,2026-05-26,SH601298,-0.003229501290813116,,,
EXP_DEnsembleModel_Alpha158_csi300_sliding_step40_s_20260111_23,12f4cb9e2e654b22a3588e4374ed56b1,2026-05-26,SH601318,0.04218691650278299,,,
EXP_DEnsembleModel_Alpha158_csi300_sliding_step40_s_20260111_23,12f4cb9e2e654b22a3588e4374ed56b1,2026-05-26,SH601225,0.03377194237559877,,,
EXP_DEnsembleModel_Alpha158_csi300_sliding_step40_s_20260111_23,12f4cb9e2e654b22a3588e4374ed56b1,2026-05-26,SH601111,0.07368042008097443,,,
EXP_DEnsembleModel_Alpha158_csi300_sliding_step40_s_20260111_23,12f4cb9e2e654b22a3588e4374ed56b1,2026-05-26,SH601100,0.15211913258168747,,,
EXP_DEnsembleModel_Alpha158_csi300_sliding_step40_s_20260111_23,12f4cb9e2e654b22a3588e4374ed56b1,2026-05-26,SH601088,0.002133503758881885,,,
EXP_DEnsembleModel_Alpha158_csi300_sliding_step40_s_20260111_23,12f4cb9e2e654b22a3588e4374ed56b1,2026-05-26,SH600930,-0.12974783836724785,,,
EXP_DEnsembleModel_Alpha158_csi300_sliding_step40_s_20260111_23,12f4cb9e2e654b22a3588e4374ed56b1,2026-05-26,SH600938,0.033021029181456885,,,
EXP_DEnsembleModel_Alpha158_csi300_sliding_step40_s_20260111_23,12f4cb9e2e654b22a3588e4374ed56b1,2026-05-26,SH600941,0.07293796905621584,,,
EXP_DEnsembleModel_Alpha158_csi300_sliding_step40_s_20260111_23,12f4cb9e2e654b22a3588e4374ed56b1,2026-05-26,SH600958,-0.01577659326248031,,,
EXP_DEnsembleModel_Alpha158_csi300_sliding_step40_s_20260111_23,12f4cb9e2e654b22a3588e4374ed56b1,2026-05-26,SH600989,-0.013357342499914231,,,
EXP_DEnsembleModel_Alpha158_csi300_sliding_step40_s_20260111_23,12f4cb9e2e654b22a3588e4374ed56b1,2026-05-26,SH600999,-0.16064977687390067,,,
EXP_DEnsembleModel_Alpha158_csi300_sliding_step40_s_20260111_23,12f4cb9e2e654b22a3588e4374ed56b1,2026-05-26,SH601006,0.07078128496770165,,,
EXP_DEnsembleModel_Alpha158_csi300_sliding_step40_s_20260111_23,12f4cb9e2e654b22a3588e4374ed56b1,2026-05-26,SH601009,0.07632923923237608,,,
EXP_DEnsembleModel_Alpha158_csi300_sliding_step40_s_20260111_23,12f4cb9e2e654b22a3588e4374ed56b1,2026-05-26,SH601012,0.024142710439641592,,,
EXP_DEnsembleModel_Alpha158_csi300_sliding_step40_s_20260111_23,12f4cb9e2e654b22a3588e4374ed56b1,2026-05-26,SH601018,0.0027847025660647008,,,
EXP_DEnsembleModel_Alpha158_csi300_sliding_step40_s_20260111_23,12f4cb9e2e654b22a3588e4374ed56b1,2026-05-26,SH601021,0.11389987658297022,,,
EXP_DEnsembleModel_Alpha158_csi300_sliding_step40_s_20260111_23,12f4cb9e2e654b22a3588e4374ed56b1,2026-05-26,SH601058,-0.028426647658561156,,,
EXP_DEnsembleModel_Alpha158_csi300_sliding_step40_s_20260111_23,12f4cb9e2e654b22a3588e4374ed56b1,2026-05-26,SH601059,0.11142648760003628,,,
EXP_DEnsembleModel_Alpha158_csi300_sliding_step40_s_20260111_23,12f4cb9e2e654b22a3588e4374ed56b1,2026-05-26,SH601066,0.08829125645954204,,,
EXP_DEnsembleModel_Alpha158_csi300_sliding_step40_s_20260111_23,12f4cb9e2e654b22a3588e4374ed56b1,2026-05-26,SH601077,-0.007109441108522041,,,
EXP_DEnsembleModel_Alpha158_csi300_sliding_step40_s_20260111_23,12f4cb9e2e654b22a3588e4374ed56b1,2026-05-26,SH601319,0.06165414319288084,,,
EXP_DEnsembleModel_Alpha158_csi300_sliding_step40_s_20260111_23,12f4cb9e2e654b22a3588e4374ed56b1,2026-05-26,SH601328,0.026053786285225266,,,
EXP_DEnsembleModel_Alpha158_csi300_sliding_step40_s_20260111_23,12f4cb9e2e654b22a3588e4374ed56b1,2026-05-26,SH601336,0.0909247326016794,,,
EXP_DEnsembleModel_Alpha158_csi300_sliding_step40_s_20260111_23,12f4cb9e2e654b22a3588e4374ed56b1,2026-05-26,SH601360,0.031911830865448694,,,
EXP_DEnsembleModel_Alpha158_csi300_sliding_step40_s_20260111_23,12f4cb9e2e654b22a3588e4374ed56b1,2026-05-26,SH601800,-0.14007966268633765,,,
EXP_DEnsembleModel_Alpha158_csi300_sliding_step40_s_20260111_23,12f4cb9e2e654b22a3588e4374ed56b1,2026-05-26,SH601808,-0.020278100490518643,,,
EXP_DEnsembleModel_Alpha158_csi300_sliding_step40_s_20260111_23,12f4cb9e2e654b22a3588e4374ed56b1,2026-05-26,SH601816,-0.1053050405274687,,,
EXP_DEnsembleModel_Alpha158_csi300_sliding_step40_s_20260111_23,12f4cb9e2e654b22a3588e4374ed56b1,2026-05-26,SH601818,-0.05428825013875069,,,
EXP_DEnsembleModel_Alpha158_csi300_sliding_step40_s_20260111_23,12f4cb9e2e654b22a3588e4374ed56b1,2026-05-26,SH601825,-0.038697801038044016,,,
EXP_DEnsembleModel_Alpha158_csi300_sliding_step40_s_20260111_23,12f4cb9e2e654b22a3588e4374ed56b1,2026-05-26,SH601838,0.007165820552035567,,,
EXP_DEnsembleModel_Alpha158_csi300_sliding_step40_s_20260111_23,12f4cb9e2e654b22a3588e4374ed56b1,2026-05-26,SH601857,0.02521213221912598,,,
EXP_DEnsembleModel_Alpha158_csi300_sliding_step40_s_20260111_23,12f4cb9e2e654b22a3588e4374ed56b1,2026-05-26,SH601868,-0.03473028423874586,,,
EXP_DEnsembleModel_Alpha158_csi300_sliding_step40_s_20260111_23,12f4cb9e2e654b22a3588e4374ed56b1,2026-05-26,SH601872,0.1466097542336012,,,
EXP_DEnsembleModel_Alpha158_csi300_sliding_step40_s_20260111_23,12f4cb9e2e654b22a3588e4374ed56b1,2026-05-26,SH601877,-0.04003299589596238,,,
EXP_DEnsembleModel_Alpha158_csi300_sliding_step40_s_20260111_23,12f4cb9e2e654b22a3588e4374ed56b1,2026-05-26,SH601878,0.04531824166684458,,,
EXP_DEnsembleModel_Alpha158_csi300_sliding_step40_s_20260111_23,12f4cb9e2e654b22a3588e4374ed56b1,2026-05-26,SH601881,0.09119579895731511,,,
EXP_DEnsembleModel_Alpha158_csi300_sliding_step40_s_20260111_23,12f4cb9e2e654b22a3588e4374ed56b1,2026-05-26,SH601888,-0.10803494841269491,,,
EXP_DEnsembleModel_Alpha158_csi300_sliding_step40_s_20260111_23,12f4cb9e2e654b22a3588e4374ed56b1,2026-05-26,SH601898,-0.028601166178875325,,,
EXP_DEnsembleModel_Alpha158_csi300_sliding_step40_s_20260111_23,12f4cb9e2e654b22a3588e4374ed56b1,2026-05-26,SH601899,0.20122301574727072,,,
EXP_DEnsembleModel_Alpha158_csi300_sliding_step40_s_20260111_23,12f4cb9e2e654b22a3588e4374ed56b1,2026-05-26,SH601788,0.014065786216282091,,,
EXP_DEnsembleModel_Alpha158_csi300_sliding_step40_s_20260111_23,12f4cb9e2e654b22a3588e4374ed56b1,2026-05-26,SH600926,0.036992080747607126,,,
EXP_DEnsembleModel_Alpha158_csi300_sliding_step40_s_20260111_23,12f4cb9e2e654b22a3588e4374ed56b1,2026-05-26,SH601766,-0.0381888548965815,,,
EXP_DEnsembleModel_Alpha158_csi300_sliding_step40_s_20260111_23,12f4cb9e2e654b22a3588e4374ed56b1,2026-05-26,SH601698,-0.012042297369062592,,,
EXP_DEnsembleModel_Alpha158_csi300_sliding_step40_s_20260111_23,12f4cb9e2e654b22a3588e4374ed56b1,2026-05-26,SH601377,0.049775400842485884,,,
EXP_DEnsembleModel_Alpha158_csi300_sliding_step40_s_20260111_23,12f4cb9e2e654b22a3588e4374ed56b1,2026-05-26,SH601390,-0.07071629420731118,,,
EXP_DEnsembleModel_Alpha158_csi300_sliding_step40_s_20260111_23,12f4cb9e2e654b22a3588e4374ed56b1,2026-05-26,SH601398,0.055726744766770586,,,
EXP_DEnsembleModel_Alpha158_csi300_sliding_step40_s_20260111_23,12f4cb9e2e654b22a3588e4374ed56b1,2026-05-26,SH601456,-0.0319712650362285,,,
EXP_DEnsembleModel_Alpha158_csi300_sliding_step40_s_20260111_23,12f4cb9e2e654b22a3588e4374ed56b1,2026-05-26,SH601600,0.12247657393609603,,,
EXP_DEnsembleModel_Alpha158_csi300_sliding_step40_s_20260111_23,12f4cb9e2e654b22a3588e4374ed56b1,2026-05-26,SH601601,0.12702340125506217,,,
EXP_DEnsembleModel_Alpha158_csi300_sliding_step40_s_20260111_23,12f4cb9e2e654b22a3588e4374ed56b1,2026-05-26,SH601607,-0.04242741647171191,,,
EXP_DEnsembleModel_Alpha158_csi300_sliding_step40_s_20260111_23,12f4cb9e2e654b22a3588e4374ed56b1,2026-05-26,SH601618,0.011182374627153059,,,
EXP_DEnsembleModel_Alpha158_csi300_sliding_step40_s_20260111_23,12f4cb9e2e654b22a3588e4374ed56b1,2026-05-26,SH601628,-0.01658178328650396,,,
EXP_DEnsembleModel_Alpha158_csi300_sliding_step40_s_20260111_23,12f4cb9e2e654b22a3588e4374ed56b1,2026-05-26,SH601633,0.11971850795843135,,,
EXP_DEnsembleModel_Alpha158_csi300_sliding_step40_s_20260111_23,12f4cb9e2e654b22a3588e4374ed56b1,2026-05-26,SH601658,0.04104817856471696,,,
EXP_DEnsembleModel_Alpha158_csi300_sliding_step40_s_20260111_23,12f4cb9e2e654b22a3588e4374ed56b1,2026-05-26,SH601668,-0.08020652294171021,,,
EXP_DEnsembleModel_Alpha158_csi300_sliding_step40_s_20260111_23,12f4cb9e2e654b22a3588e4374ed56b1,2026-05-26,SH601669,-0.05326651238730248,,,
EXP_DEnsembleModel_Alpha158_csi300_sliding_step40_s_20260111_23,12f4cb9e2e654b22a3588e4374ed56b1,2026-05-26,SH601688,0.14920504792703781,,,
EXP_DEnsembleModel_Alpha158_csi300_sliding_step40_s_20260111_23,12f4cb9e2e654b22a3588e4374ed56b1,2026-05-26,SH601689,-0.016863555343215614,,,
EXP_DEnsembleModel_Alpha158_csi300_sliding_step40_s_20260111_23,12f4cb9e2e654b22a3588e4374ed56b1,2026-05-26,SH601728,-0.08448752539586414,,,
EXP_DEnsembleModel_Alpha158_csi300_sliding_step40_s_20260111_23,12f4cb9e2e654b22a3588e4374ed56b1,2026-05-26,SH601901,0.07772276890563873,,,
EXP_DEnsembleModel_Alpha158_csi300_sliding_step40_s_20260111_23,12f4cb9e2e654b22a3588e4374ed56b1,2026-05-26,SH600919,0.04267833864351024,,,
EXP_DEnsembleModel_Alpha158_csi300_sliding_step40_s_20260111_23,12f4cb9e2e654b22a3588e4374ed56b1,2026-05-26,SH600905,-0.0471528737123871,,,
EXP_DEnsembleModel_Alpha158_csi300_sliding_step40_s_20260111_23,12f4cb9e2e654b22a3588e4374ed56b1,2026-05-26,SH600066,0.015107761147909854,,,
EXP_DEnsembleModel_Alpha158_csi300_sliding_step40_s_20260111_23,12f4cb9e2e654b22a3588e4374ed56b1,2026-05-26,SH600085,0.01416015009804002,,,
EXP_DEnsembleModel_Alpha158_csi300_sliding_step40_s_20260111_23,12f4cb9e2e654b22a3588e4374ed56b1,2026-05-26,SH600089,-0.10856572393598699,,,
EXP_DEnsembleModel_Alpha158_csi300_sliding_step40_s_20260111_23,12f4cb9e2e654b22a3588e4374ed56b1,2026-05-26,SH600104,0.1007267718591117,,,
EXP_DEnsembleModel_Alpha158_csi300_sliding_step40_s_20260111_23,12f4cb9e2e654b22a3588e4374ed56b1,2026-05-26,SH600111,-0.19345354954383784,,,
EXP_DEnsembleModel_Alpha158_csi300_sliding_step40_s_20260111_23,12f4cb9e2e654b22a3588e4374ed56b1,2026-05-26,SH600115,0.08435581115811751,,,
EXP_DEnsembleModel_Alpha158_csi300_sliding_step40_s_20260111_23,12f4cb9e2e654b22a3588e4374ed56b1,2026-05-26,SH600061,0.05183174274824803,,,
EXP_DEnsembleModel_Alpha158_csi300_sliding_step40_s_20260111_23,12f4cb9e2e654b22a3588e4374ed56b1,2026-05-26,SH600150,-0.19799961477429265,,,
EXP_DEnsembleModel_Alpha158_csi300_sliding_step40_s_20260111_23,12f4cb9e2e654b22a3588e4374ed56b1,2026-05-26,SH600161,-0.10515020224848753,,,
EXP_DEnsembleModel_Alpha158_csi300_sliding_step40_s_20260111_23,12f4cb9e2e654b22a3588e4374ed56b1,2026-05-26,SH600176,-0.13576410153370463,,,
EXP_DEnsembleModel_Alpha158_csi300_sliding_step40_s_20260111_23,12f4cb9e2e654b22a3588e4374ed56b1,2026-05-26,SH600183,-0.1194034828804934,,,
EXP_DEnsembleModel_Alpha158_csi300_sliding_step40_s_20260111_23,12f4cb9e2e654b22a3588e4374ed56b1,2026-05-26,SH600188,0.05728264355309395,,,
EXP_DEnsembleModel_Alpha158_csi300_sliding_step40_s_20260111_23,12f4cb9e2e654b22a3588e4374ed56b1,2026-05-26,SH600196,-0.0008304419496549025,,,
EXP_DEnsembleModel_Alpha158_csi300_sliding_step40_s_20260111_23,12f4cb9e2e654b22a3588e4374ed56b1,2026-05-26,SH600219,-0.08876544065412462,,,
EXP_DEnsembleModel_Alpha158_csi300_sliding_step40_s_20260111_23,12f4cb9e2e654b22a3588e4374ed56b1,2026-05-26,SH600160,-0.10721718363617623,,,
EXP_DEnsembleModel_Alpha158_csi300_sliding_step40_s_20260111_23,12f4cb9e2e654b22a3588e4374ed56b1,2026-05-26,SH600050,-0.053879319238290924,,,
EXP_DEnsembleModel_Alpha158_csi300_sliding_step40_s_20260111_23,12f4cb9e2e654b22a3588e4374ed56b1,2026-05-26,SH600048,0.011392078886184652,,,
EXP_DEnsembleModel_Alpha158_csi300_sliding_step40_s_20260111_23,12f4cb9e2e654b22a3588e4374ed56b1,2026-05-26,SH600039,-0.07752975039614898,,,
EXP_DEnsembleModel_Alpha158_csi300_sliding_step40_s_20260111_23,12f4cb9e2e654b22a3588e4374ed56b1,2026-05-26,SH600010,-0.00207498197528295,,,
EXP_DEnsembleModel_Alpha158_csi300_sliding_step40_s_20260111_23,12f4cb9e2e654b22a3588e4374ed56b1,2026-05-26,SH600011,0.06701028304602606,,,
EXP_DEnsembleModel_Alpha158_csi300_sliding_step40_s_20260111_23,12f4cb9e2e654b22a3588e4374ed56b1,2026-05-26,SH600015,0.011033609855742983,,,
EXP_DEnsembleModel_Alpha158_csi300_sliding_step40_s_20260111_23,12f4cb9e2e654b22a3588e4374ed56b1,2026-05-26,SH600016,-0.02058531634583055,,,
EXP_DEnsembleModel_Alpha158_csi300_sliding_step40_s_20260111_23,12f4cb9e2e654b22a3588e4374ed56b1,2026-05-26,SH600018,0.09922556519649336,,,
EXP_DEnsembleModel_Alpha158_csi300_sliding_step40_s_20260111_23,12f4cb9e2e654b22a3588e4374ed56b1,2026-05-26,SH600019,-0.02656624189102447,,,
EXP_DEnsembleModel_Alpha158_csi300_sliding_step40_s_20260111_23,12f4cb9e2e654b22a3588e4374ed56b1,2026-05-26,SH600023,0.02622957711837103,,,
EXP_DEnsembleModel_Alpha158_csi300_sliding_step40_s_20260111_23,12f4cb9e2e654b22a3588e4374ed56b1,2026-05-26,SH600025,0.05743835934045271,,,
EXP_DEnsembleModel_Alpha158_csi300_sliding_step40_s_20260111_23,12f4cb9e2e654b22a3588e4374ed56b1,2026-05-26,SH600026,0.10931503904063508,,,
EXP_DEnsembleModel_Alpha158_csi300_sliding_step40_s_20260111_23,12f4cb9e2e654b22a3588e4374ed56b1,2026-05-26,SH600027,-0.00865739847393573,,,
EXP_DEnsembleModel_Alpha158_csi300_sliding_step40_s_20260111_23,12f4cb9e2e654b22a3588e4374ed56b1,2026-05-26,SH600028,0.054700231002642465,,,
EXP_DEnsembleModel_Alpha158_csi300_sliding_step40_s_20260111_23,12f4cb9e2e654b22a3588e4374ed56b1,2026-05-26,SH600029,0.11642908695922484,,,
EXP_DEnsembleModel_Alpha158_csi300_sliding_step40_s_20260111_23,12f4cb9e2e654b22a3588e4374ed56b1,2026-05-26,SH600030,0.02449098745151422,,,
EXP_DEnsembleModel_Alpha158_csi300_sliding_step40_s_20260111_23,12f4cb9e2e654b22a3588e4374ed56b1,2026-05-26,SH600031,-0.003966574220607733,,,
EXP_DEnsembleModel_Alpha158_csi300_sliding_step40_s_20260111_23,12f4cb9e2e654b22a3588e4374ed56b1,2026-05-26,SH600036,0.003386868014072329,,,
EXP_DEnsembleModel_Alpha158_csi300_sliding_step40_s_20260111_23,12f4cb9e2e654b22a3588e4374ed56b1,2026-05-26,SH600233,0.0064419414334822,,,
EXP_DEnsembleModel_Alpha158_csi300_sliding_step40_s_20260111_23,12f4cb9e2e654b22a3588e4374ed56b1,2026-05-26,SH600276,-0.028980874943696017,,,
EXP_DEnsembleModel_Alpha158_csi300_sliding_step40_s_20260111_23,12f4cb9e2e654b22a3588e4374ed56b1,2026-05-26,SH600309,0.018869119605817525,,,
EXP_DEnsembleModel_Alpha158_csi300_sliding_step40_s_20260111_23,12f4cb9e2e654b22a3588e4374ed56b1,2026-05-26,SH600346,0.007345848994956143,,,
EXP_DEnsembleModel_Alpha158_csi300_sliding_step40_s_20260111_23,12f4cb9e2e654b22a3588e4374ed56b1,2026-05-26,SH600600,-0.0007005869539141683,,,
EXP_DEnsembleModel_Alpha158_csi300_sliding_step40_s_20260111_23,12f4cb9e2e654b22a3588e4374ed56b1,2026-05-26,SH600660,0.04417745411354546,,,
EXP_DEnsembleModel_Alpha158_csi300_sliding_step40_s_20260111_23,12f4cb9e2e654b22a3588e4374ed56b1,2026-05-26,SH600674,0.07520559021344676,,,
EXP_DEnsembleModel_Alpha158_csi300_sliding_step40_s_20260111_23,12f4cb9e2e654b22a3588e4374ed56b1,2026-05-26,SH600690,-0.0776017348120306,,,
EXP_DEnsembleModel_Alpha158_csi300_sliding_step40_s_20260111_23,12f4cb9e2e654b22a3588e4374ed56b1,2026-05-26,SH600741,-0.004332676771797374,,,
EXP_DEnsembleModel_Alpha158_csi300_sliding_step40_s_20260111_23,12f4cb9e2e654b22a3588e4374ed56b1,2026-05-26,SH600760,-0.017028133888500413,,,
EXP_DEnsembleModel_Alpha158_csi300_sliding_step40_s_20260111_23,12f4cb9e2e654b22a3588e4374ed56b1,2026-05-26,SH600795,0.07456839876803885,,,
EXP_DEnsembleModel_Alpha158_csi300_sliding_step40_s_20260111_23,12f4cb9e2e654b22a3588e4374ed56b1,2026-05-26,SH600803,-0.023608790375381068,,,
EXP_DEnsembleModel_Alpha158_csi300_sliding_step40_s_20260111_23,12f4cb9e2e654b22a3588e4374ed56b1,2026-05-26,SH600809,0.03562793734684811,,,
EXP_DEnsembleModel_Alpha158_csi300_sliding_step40_s_20260111_23,12f4cb9e2e654b22a3588e4374ed56b1,2026-05-26,SH600845,-0.006884131205439488,,,
EXP_DEnsembleModel_Alpha158_csi300_sliding_step40_s_20260111_23,12f4cb9e2e654b22a3588e4374ed56b1,2026-05-26,SH600875,-0.026385739404321817,,,
EXP_DEnsembleModel_Alpha158_csi300_sliding_step40_s_20260111_23,12f4cb9e2e654b22a3588e4374ed56b1,2026-05-26,SH600886,0.06783602235716552,,,
EXP_DEnsembleModel_Alpha158_csi300_sliding_step40_s_20260111_23,12f4cb9e2e654b22a3588e4374ed56b1,2026-05-26,SH600887,0.1318103442830979,,,
EXP_DEnsembleModel_Alpha158_csi300_sliding_step40_s_20260111_23,12f4cb9e2e654b22a3588e4374ed56b1,2026-05-26,SH600893,-0.05943999238033293,,,
EXP_DEnsembleModel_Alpha158_csi300_sliding_step40_s_20260111_23,12f4cb9e2e654b22a3588e4374ed56b1,2026-05-26,SH600900,0.15933973888703273,,,
EXP_DEnsembleModel_Alpha158_csi300_sliding_step40_s_20260111_23,12f4cb9e2e654b22a3588e4374ed56b1,2026-05-26,SH600588,-0.005287711080382638,,,
EXP_DEnsembleModel_Alpha158_csi300_sliding_step40_s_20260111_23,12f4cb9e2e654b22a3588e4374ed56b1,2026-05-26,SH600918,0.001044378249009468,,,
EXP_DEnsembleModel_Alpha158_csi300_sliding_step40_s_20260111_23,12f4cb9e2e654b22a3588e4374ed56b1,2026-05-26,SH600585,0.001718618279924463,,,
EXP_DEnsembleModel_Alpha158_csi300_sliding_step40_s_20260111_23,12f4cb9e2e654b22a3588e4374ed56b1,2026-05-26,SH600570,0.07322122420731549,,,
EXP_DEnsembleModel_Alpha158_csi300_sliding_step40_s_20260111_23,12f4cb9e2e654b22a3588e4374ed56b1,2026-05-26,SH600362,0.06508580729792832,,,
EXP_DEnsembleModel_Alpha158_csi300_sliding_step40_s_20260111_23,12f4cb9e2e654b22a3588e4374ed56b1,2026-05-26,SH600372,-0.016286218649523267,,,
EXP_DEnsembleModel_Alpha158_csi300_sliding_step40_s_20260111_23,12f4cb9e2e654b22a3588e4374ed56b1,2026-05-26,SH600377,0.1321748277658294,,,
EXP_DEnsembleModel_Alpha158_csi300_sliding_step40_s_20260111_23,12f4cb9e2e654b22a3588e4374ed56b1,2026-05-26,SH600406,0.04005795498320843,,,
EXP_DEnsembleModel_Alpha158_csi300_sliding_step40_s_20260111_23,12f4cb9e2e654b22a3588e4374ed56b1,2026-05-26,SH600415,0.0019159742850861153,,,
EXP_DEnsembleModel_Alpha158_csi300_sliding_step40_s_20260111_23,12f4cb9e2e654b22a3588e4374ed56b1,2026-05-26,SH600426,-0.0107772837512633,,,
EXP_DEnsembleModel_Alpha158_csi300_sliding_step40_s_20260111_23,12f4cb9e2e654b22a3588e4374ed56b1,2026-05-26,SH600436,0.03580049756068465,,,
EXP_DEnsembleModel_Alpha158_csi300_sliding_step40_s_20260111_23,12f4cb9e2e654b22a3588e4374ed56b1,2026-05-26,SH600438,-0.03746616126804653,,,
EXP_DEnsembleModel_Alpha158_csi300_sliding_step40_s_20260111_23,12f4cb9e2e654b22a3588e4374ed56b1,2026-05-26,SH600460,-0.2029921005815799,,,
EXP_DEnsembleModel_Alpha158_csi300_sliding_step40_s_20260111_23,12f4cb9e2e654b22a3588e4374ed56b1,2026-05-26,SH600482,0.01648506492507007,,,
EXP_DEnsembleModel_Alpha158_csi300_sliding_step40_s_20260111_23,12f4cb9e2e654b22a3588e4374ed56b1,2026-05-26,SH600489,-0.0023123025183555087,,,
EXP_DEnsembleModel_Alpha158_csi300_sliding_step40_s_20260111_23,12f4cb9e2e654b22a3588e4374ed56b1,2026-05-26,SH600515,0.04612697202238432,,,
EXP_DEnsembleModel_Alpha158_csi300_sliding_step40_s_20260111_23,12f4cb9e2e654b22a3588e4374ed56b1,2026-05-26,SH600519,0.10891032017801426,,,
EXP_DEnsembleModel_Alpha158_csi300_sliding_step40_s_20260111_23,12f4cb9e2e654b22a3588e4374ed56b1,2026-05-26,SH600522,0.15731996153732852,,,
EXP_DEnsembleModel_Alpha158_csi300_sliding_step40_s_20260111_23,12f4cb9e2e654b22a3588e4374ed56b1,2026-05-26,SH600547,-0.03441216714575747,,,
EXP_DEnsembleModel_Alpha158_csi300_sliding_step40_s_20260111_23,12f4cb9e2e654b22a3588e4374ed56b1,2026-05-26,SH600584,-0.12349854530984598,,,
EXP_DEnsembleModel_Alpha158_csi300_sliding_step40_s_20260111_23,12f4cb9e2e654b22a3588e4374ed56b1,2026-05-26,SH600009,-0.03838804110685261,,,
EXP_DEnsembleModel_Alpha158_csi300_sliding_step40_s_20260111_23,12f4cb9e2e654b22a3588e4374ed56b1,2026-05-26,SH601916,-0.05449064769494012,,,
EXP_DEnsembleModel_Alpha158_csi300_sliding_step40_s_20260111_23,12f4cb9e2e654b22a3588e4374ed56b1,2026-05-26,SH601939,-0.0679059547347919,,,
EXP_DEnsembleModel_Alpha158_csi300_sliding_step40_s_20260111_23,12f4cb9e2e654b22a3588e4374ed56b1,2026-05-26,SZ002422,0.1062728393579382,,,
EXP_DEnsembleModel_Alpha158_csi300_sliding_step40_s_20260111_23,12f4cb9e2e654b22a3588e4374ed56b1,2026-05-26,SZ002459,-0.01503940747614485,,,
EXP_DEnsembleModel_Alpha158_csi300_sliding_step40_s_20260111_23,12f4cb9e2e654b22a3588e4374ed56b1,2026-05-26,SZ002460,-0.04137103967272273,,,
EXP_DEnsembleModel_Alpha158_csi300_sliding_step40_s_20260111_23,12f4cb9e2e654b22a3588e4374ed56b1,2026-05-26,SZ002463,-0.09405438209619944,,,
EXP_DEnsembleModel_Alpha158_csi300_sliding_step40_s_20260111_23,12f4cb9e2e654b22a3588e4374ed56b1,2026-05-26,SZ002466,-0.1257020974144073,,,
EXP_DEnsembleModel_Alpha158_csi300_sliding_step40_s_20260111_23,12f4cb9e2e654b22a3588e4374ed56b1,2026-05-26,SZ002475,-0.2568831697498459,,,
EXP_DEnsembleModel_Alpha158_csi300_sliding_step40_s_20260111_23,12f4cb9e2e654b22a3588e4374ed56b1,2026-05-26,SZ002415,0.11593924921663465,,,
EXP_DEnsembleModel_Alpha158_csi300_sliding_step40_s_20260111_23,12f4cb9e2e654b22a3588e4374ed56b1,2026-05-26,SZ002493,-0.00854885229424032,,,
EXP_DEnsembleModel_Alpha158_csi300_sliding_step40_s_20260111_23,12f4cb9e2e654b22a3588e4374ed56b1,2026-05-26,SZ002600,0.11573393208501398,,,
EXP_DEnsembleModel_Alpha158_csi300_sliding_step40_s_20260111_23,12f4cb9e2e654b22a3588e4374ed56b1,2026-05-26,SZ002601,0.005984644740388098,,,
EXP_DEnsembleModel_Alpha158_csi300_sliding_step40_s_20260111_23,12f4cb9e2e654b22a3588e4374ed56b1,2026-05-26,SZ002625,0.08910433758417044,,,
EXP_DEnsembleModel_Alpha158_csi300_sliding_step40_s_20260111_23,12f4cb9e2e654b22a3588e4374ed56b1,2026-05-26,SZ002648,-0.01506698502659972,,,
EXP_DEnsembleModel_Alpha158_csi300_sliding_step40_s_20260111_23,12f4cb9e2e654b22a3588e4374ed56b1,2026-05-26,SZ002709,0.06194619508213326,,,
EXP_DEnsembleModel_Alpha158_csi300_sliding_step40_s_20260111_23,12f4cb9e2e654b22a3588e4374ed56b1,2026-05-26,SZ002714,-0.038652629214281226,,,
EXP_DEnsembleModel_Alpha158_csi300_sliding_step40_s_20260111_23,12f4cb9e2e654b22a3588e4374ed56b1,2026-05-26,SZ002594,0.043661367816914314,,,
EXP_DEnsembleModel_Alpha158_csi300_sliding_step40_s_20260111_23,12f4cb9e2e654b22a3588e4374ed56b1,2026-05-26,SZ002384,-0.19966472674860553,,,
EXP_DEnsembleModel_Alpha158_csi300_sliding_step40_s_20260111_23,12f4cb9e2e654b22a3588e4374ed56b1,2026-05-26,SZ002371,0.036230760889065815,,,
EXP_DEnsembleModel_Alpha158_csi300_sliding_step40_s_20260111_23,12f4cb9e2e654b22a3588e4374ed56b1,2026-05-26,SZ002352,0.07063046325346872,,,
EXP_DEnsembleModel_Alpha158_csi300_sliding_step40_s_20260111_23,12f4cb9e2e654b22a3588e4374ed56b1,2026-05-26,SZ001979,0.011123838419008979,,,
EXP_DEnsembleModel_Alpha158_csi300_sliding_step40_s_20260111_23,12f4cb9e2e654b22a3588e4374ed56b1,2026-05-26,SZ002001,-0.023443263939216846,,,
EXP_DEnsembleModel_Alpha158_csi300_sliding_step40_s_20260111_23,12f4cb9e2e654b22a3588e4374ed56b1,2026-05-26,SZ002027,-0.06939513297837596,,,
EXP_DEnsembleModel_Alpha158_csi300_sliding_step40_s_20260111_23,12f4cb9e2e654b22a3588e4374ed56b1,2026-05-26,SZ002028,0.14792872704263102,,,
EXP_DEnsembleModel_Alpha158_csi300_sliding_step40_s_20260111_23,12f4cb9e2e654b22a3588e4374ed56b1,2026-05-26,SZ002049,-0.0039331268492357975,,,
EXP_DEnsembleModel_Alpha158_csi300_sliding_step40_s_20260111_23,12f4cb9e2e654b22a3588e4374ed56b1,2026-05-26,SZ002050,-0.21161405280967482,,,
EXP_DEnsembleModel_Alpha158_csi300_sliding_step40_s_20260111_23,12f4cb9e2e654b22a3588e4374ed56b1,2026-05-26,SZ002074,-0.016149016836202592,,,
EXP_DEnsembleModel_Alpha158_csi300_sliding_step40_s_20260111_23,12f4cb9e2e654b22a3588e4374ed56b1,2026-05-26,SZ002142,0.04956334130771102,,,
EXP_DEnsembleModel_Alpha158_csi300_sliding_step40_s_20260111_23,12f4cb9e2e654b22a3588e4374ed56b1,2026-05-26,SZ002179,0.13452902287563714,,,
EXP_DEnsembleModel_Alpha158_csi300_sliding_step40_s_20260111_23,12f4cb9e2e654b22a3588e4374ed56b1,2026-05-26,SZ002230,0.1353632306768036,,,
EXP_DEnsembleModel_Alpha158_csi300_sliding_step40_s_20260111_23,12f4cb9e2e654b22a3588e4374ed56b1,2026-05-26,SZ002236,0.12442236844758277,,,
EXP_DEnsembleModel_Alpha158_csi300_sliding_step40_s_20260111_23,12f4cb9e2e654b22a3588e4374ed56b1,2026-05-26,SZ002241,0.1517277472091033,,,
EXP_DEnsembleModel_Alpha158_csi300_sliding_step40_s_20260111_23,12f4cb9e2e654b22a3588e4374ed56b1,2026-05-26,SZ002252,0.029112230113606554,,,
EXP_DEnsembleModel_Alpha158_csi300_sliding_step40_s_20260111_23,12f4cb9e2e654b22a3588e4374ed56b1,2026-05-26,SZ002304,0.05943957362891394,,,
EXP_DEnsembleModel_Alpha158_csi300_sliding_step40_s_20260111_23,12f4cb9e2e654b22a3588e4374ed56b1,2026-05-26,SZ002311,0.02390184578931542,,,
EXP_DEnsembleModel_Alpha158_csi300_sliding_step40_s_20260111_23,12f4cb9e2e654b22a3588e4374ed56b1,2026-05-26,SZ002736,-0.07115934756003228,,,
EXP_DEnsembleModel_Alpha158_csi300_sliding_step40_s_20260111_23,12f4cb9e2e654b22a3588e4374ed56b1,2026-05-26,SZ002916,-0.17213181791135637,,,
EXP_DEnsembleModel_Alpha158_csi300_sliding_step40_s_20260111_23,12f4cb9e2e654b22a3588e4374ed56b1,2026-05-26,SZ002920,-0.029998851696947337,,,
EXP_DEnsembleModel_Alpha158_csi300_sliding_step40_s_20260111_23,12f4cb9e2e654b22a3588e4374ed56b1,2026-05-26,SZ002938,-0.12562033655102536,,,
EXP_DEnsembleModel_Alpha158_csi300_sliding_step40_s_20260111_23,12f4cb9e2e654b22a3588e4374ed56b1,2026-05-26,SZ300498,-0.0021568860822300394,,,
EXP_DEnsembleModel_Alpha158_csi300_sliding_step40_s_20260111_23,12f4cb9e2e654b22a3588e4374ed56b1,2026-05-26,SZ300502,-0.08970294935859947,,,
EXP_DEnsembleModel_Alpha158_csi300_sliding_step40_s_20260111_23,12f4cb9e2e654b22a3588e4374ed56b1,2026-05-26,SZ300628,0.11141433090085283,,,
EXP_DEnsembleModel_Alpha158_csi300_sliding_step40_s_20260111_23,12f4cb9e2e654b22a3588e4374ed56b1,2026-05-26,SZ300661,-0.1685727574929339,,,
EXP_DEnsembleModel_Alpha158_csi300_sliding_step40_s_20260111_23,12f4cb9e2e654b22a3588e4374ed56b1,2026-05-26,SZ300750,0.0687822674689004,,,
EXP_DEnsembleModel_Alpha158_csi300_sliding_step40_s_20260111_23,12f4cb9e2e654b22a3588e4374ed56b1,2026-05-26,SZ300759,-0.07429685839704829,,,
EXP_DEnsembleModel_Alpha158_csi300_sliding_step40_s_20260111_23,12f4cb9e2e654b22a3588e4374ed56b1,2026-05-26,SZ300760,0.024549857315579553,,,
EXP_DEnsembleModel_Alpha158_csi300_sliding_step40_s_20260111_23,12f4cb9e2e654b22a3588e4374ed56b1,2026-05-26,SZ300782,0.07389621847006446,,,
EXP_DEnsembleModel_Alpha158_csi300_sliding_step40_s_20260111_23,12f4cb9e2e654b22a3588e4374ed56b1,2026-05-26,SZ300803,0.07276739739714691,,,
EXP_DEnsembleModel_Alpha158_csi300_sliding_step40_s_20260111_23,12f4cb9e2e654b22a3588e4374ed56b1,2026-05-26,SZ300832,0.0963035305679285,,,
EXP_DEnsembleModel_Alpha158_csi300_sliding_step40_s_20260111_23,12f4cb9e2e654b22a3588e4374ed56b1,2026-05-26,SZ300866,-0.01588648391664668,,,
EXP_DEnsembleModel_Alpha158_csi300_sliding_step40_s_20260111_23,12f4cb9e2e654b22a3588e4374ed56b1,2026-05-26,SZ300896,0.050465776922465115,,,
EXP_DEnsembleModel_Alpha158_csi300_sliding_step40_s_20260111_23,12f4cb9e2e654b22a3588e4374ed56b1,2026-05-26,SZ300979,0.13223215693339516,,,
EXP_DEnsembleModel_Alpha158_csi300_sliding_step40_s_20260111_23,12f4cb9e2e654b22a3588e4374ed56b1,2026-05-26,SZ300999,0.014980784328950243,,,
EXP_DEnsembleModel_Alpha158_csi300_sliding_step40_s_20260111_23,12f4cb9e2e654b22a3588e4374ed56b1,2026-05-26,SZ301236,0.20330181306496112,,,
EXP_DEnsembleModel_Alpha158_csi300_sliding_step40_s_20260111_23,12f4cb9e2e654b22a3588e4374ed56b1,2026-05-26,SZ300476,-0.07321683991362524,,,
EXP_DEnsembleModel_Alpha158_csi300_sliding_step40_s_20260111_23,12f4cb9e2e654b22a3588e4374ed56b1,2026-05-26,SZ001965,-0.03499313483788096,,,
EXP_DEnsembleModel_Alpha158_csi300_sliding_step40_s_20260111_23,12f4cb9e2e654b22a3588e4374ed56b1,2026-05-26,SZ300442,0.03613930846892916,,,
EXP_DEnsembleModel_Alpha158_csi300_sliding_step40_s_20260111_23,12f4cb9e2e654b22a3588e4374ed56b1,2026-05-26,SZ300418,0.032440740338749954,,,
EXP_DEnsembleModel_Alpha158_csi300_sliding_step40_s_20260111_23,12f4cb9e2e654b22a3588e4374ed56b1,2026-05-26,SZ003816,0.09296407241291253,,,
EXP_DEnsembleModel_Alpha158_csi300_sliding_step40_s_20260111_23,12f4cb9e2e654b22a3588e4374ed56b1,2026-05-26,SZ300014,0.06372464976549705,,,
EXP_DEnsembleModel_Alpha158_csi300_sliding_step40_s_20260111_23,12f4cb9e2e654b22a3588e4374ed56b1,2026-05-26,SZ300015,0.015204358164550172,,,
EXP_DEnsembleModel_Alpha158_csi300_sliding_step40_s_20260111_23,12f4cb9e2e654b22a3588e4374ed56b1,2026-05-26,SZ300033,0.12921643331827276,,,
EXP_DEnsembleModel_Alpha158_csi300_sliding_step40_s_20260111_23,12f4cb9e2e654b22a3588e4374ed56b1,2026-05-26,SZ300059,0.052730492613436826,,,
EXP_DEnsembleModel_Alpha158_csi300_sliding_step40_s_20260111_23,12f4cb9e2e654b22a3588e4374ed56b1,2026-05-26,SZ300122,-0.011332168722781295,,,
EXP_DEnsembleModel_Alpha158_csi300_sliding_step40_s_20260111_23,12f4cb9e2e654b22a3588e4374ed56b1,2026-05-26,SZ300124,-0.1948579024398433,,,
EXP_DEnsembleModel_Alpha158_csi300_sliding_step40_s_20260111_23,12f4cb9e2e654b22a3588e4374ed56b1,2026-05-26,SZ300251,-0.010043637120545493,,,
EXP_DEnsembleModel_Alpha158_csi300_sliding_step40_s_20260111_23,12f4cb9e2e654b22a3588e4374ed56b1,2026-05-26,SZ300274,-0.21006407052103945,,,
EXP_DEnsembleModel_Alpha158_csi300_sliding_step40_s_20260111_23,12f4cb9e2e654b22a3588e4374ed56b1,2026-05-26,SZ300308,-0.14119097386885565,,,
EXP_DEnsembleModel_Alpha158_csi300_sliding_step40_s_20260111_23,12f4cb9e2e654b22a3588e4374ed56b1,2026-05-26,SZ300316,-0.0006510151242467792,,,
EXP_DEnsembleModel_Alpha158_csi300_sliding_step40_s_20260111_23,12f4cb9e2e654b22a3588e4374ed56b1,2026-05-26,SZ300347,0.06866500739262137,,,
EXP_DEnsembleModel_Alpha158_csi300_sliding_step40_s_20260111_23,12f4cb9e2e654b22a3588e4374ed56b1,2026-05-26,SZ300394,0.055189871827101895,,,
EXP_DEnsembleModel_Alpha158_csi300_sliding_step40_s_20260111_23,12f4cb9e2e654b22a3588e4374ed56b1,2026-05-26,SZ300408,-0.21856067081270078,,,
EXP_DEnsembleModel_Alpha158_csi300_sliding_step40_s_20260111_23,12f4cb9e2e654b22a3588e4374ed56b1,2026-05-26,SZ300413,-0.01241146888299059,,,
EXP_DEnsembleModel_Alpha158_csi300_sliding_step40_s_20260111_23,12f4cb9e2e654b22a3588e4374ed56b1,2026-05-26,SZ300433,-0.19927328802725966,,,
EXP_DEnsembleModel_Alpha158_csi300_sliding_step40_s_20260111_23,12f4cb9e2e654b22a3588e4374ed56b1,2026-05-26,SH601919,-0.029682397236992793,,,
EXP_DEnsembleModel_Alpha158_csi300_sliding_step40_s_20260111_23,12f4cb9e2e654b22a3588e4374ed56b1,2026-05-26,SZ001391,-0.11405295690115223,,,
EXP_DEnsembleModel_Alpha158_csi300_sliding_step40_s_20260111_23,12f4cb9e2e654b22a3588e4374ed56b1,2026-05-26,SZ000983,0.01310485731767639,,,
EXP_DEnsembleModel_Alpha158_csi300_sliding_step40_s_20260111_23,12f4cb9e2e654b22a3588e4374ed56b1,2026-05-26,SH688008,-0.12164177451715358,,,
EXP_DEnsembleModel_Alpha158_csi300_sliding_step40_s_20260111_23,12f4cb9e2e654b22a3588e4374ed56b1,2026-05-26,SH688009,-0.08074010859513137,,,
EXP_DEnsembleModel_Alpha158_csi300_sliding_step40_s_20260111_23,12f4cb9e2e654b22a3588e4374ed56b1,2026-05-26,SH688012,0.013515653278153171,,,
EXP_DEnsembleModel_Alpha158_csi300_sliding_step40_s_20260111_23,12f4cb9e2e654b22a3588e4374ed56b1,2026-05-26,SH688036,0.11201982417191506,,,
EXP_DEnsembleModel_Alpha158_csi300_sliding_step40_s_20260111_23,12f4cb9e2e654b22a3588e4374ed56b1,2026-05-26,SH688041,-0.21979023801622985,,,
EXP_DEnsembleModel_Alpha158_csi300_sliding_step40_s_20260111_23,12f4cb9e2e654b22a3588e4374ed56b1,2026-05-26,SH688047,0.05086676089356843,,,
EXP_DEnsembleModel_Alpha158_csi300_sliding_step40_s_20260111_23,12f4cb9e2e654b22a3588e4374ed56b1,2026-05-26,SH605499,-0.029305075156287847,,,
EXP_DEnsembleModel_Alpha158_csi300_sliding_step40_s_20260111_23,12f4cb9e2e654b22a3588e4374ed56b1,2026-05-26,SH688082,-0.14680328238269427,,,
EXP_DEnsembleModel_Alpha158_csi300_sliding_step40_s_20260111_23,12f4cb9e2e654b22a3588e4374ed56b1,2026-05-26,SH688126,-0.12217612746859684,,,
EXP_DEnsembleModel_Alpha158_csi300_sliding_step40_s_20260111_23,12f4cb9e2e654b22a3588e4374ed56b1,2026-05-26,SH688169,0.17575638568956298,,,
EXP_DEnsembleModel_Alpha158_csi300_sliding_step40_s_20260111_23,12f4cb9e2e654b22a3588e4374ed56b1,2026-05-26,SH688187,-0.25785013326346257,,,
EXP_DEnsembleModel_Alpha158_csi300_sliding_step40_s_20260111_23,12f4cb9e2e654b22a3588e4374ed56b1,2026-05-26,SH688223,-0.048365362044691364,,,
EXP_DEnsembleModel_Alpha158_csi300_sliding_step40_s_20260111_23,12f4cb9e2e654b22a3588e4374ed56b1,2026-05-26,SH688256,-0.14026481022421353,,,
EXP_DEnsembleModel_Alpha158_csi300_sliding_step40_s_20260111_23,12f4cb9e2e654b22a3588e4374ed56b1,2026-05-26,SH688271,-0.012712981645374322,,,
EXP_DEnsembleModel_Alpha158_csi300_sliding_step40_s_20260111_23,12f4cb9e2e654b22a3588e4374ed56b1,2026-05-26,SH688111,0.005680941654173008,,,
EXP_DEnsembleModel_Alpha158_csi300_sliding_step40_s_20260111_23,12f4cb9e2e654b22a3588e4374ed56b1,2026-05-26,SH605117,0.024826059652143777,,,
EXP_DEnsembleModel_Alpha158_csi300_sliding_step40_s_20260111_23,12f4cb9e2e654b22a3588e4374ed56b1,2026-05-26,SH603993,0.21298622758947858,,,
EXP_DEnsembleModel_Alpha158_csi300_sliding_step40_s_20260111_23,12f4cb9e2e654b22a3588e4374ed56b1,2026-05-26,SH603986,-0.3213994425137486,,,
EXP_DEnsembleModel_Alpha158_csi300_sliding_step40_s_20260111_23,12f4cb9e2e654b22a3588e4374ed56b1,2026-05-26,SH601985,0.008958257928336901,,,
EXP_DEnsembleModel_Alpha158_csi300_sliding_step40_s_20260111_23,12f4cb9e2e654b22a3588e4374ed56b1,2026-05-26,SH601988,0.10419068389117267,,,
EXP_DEnsembleModel_Alpha158_csi300_sliding_step40_s_20260111_23,12f4cb9e2e654b22a3588e4374ed56b1,2026-05-26,SH601995,0.1399379411881037,,,
EXP_DEnsembleModel_Alpha158_csi300_sliding_step40_s_20260111_23,12f4cb9e2e654b22a3588e4374ed56b1,2026-05-26,SH601998,0.023781329137247828,,,
EXP_DEnsembleModel_Alpha158_csi300_sliding_step40_s_20260111_23,12f4cb9e2e654b22a3588e4374ed56b1,2026-05-26,SH603019,0.07844501257746705,,,
EXP_DEnsembleModel_Alpha158_csi300_sliding_step40_s_20260111_23,12f4cb9e2e654b22a3588e4374ed56b1,2026-05-26,SH603195,0.021955457460198814,,,
EXP_DEnsembleModel_Alpha158_csi300_sliding_step40_s_20260111_23,12f4cb9e2e654b22a3588e4374ed56b1,2026-05-26,SH603259,-0.03961356320914395,,,
EXP_DEnsembleModel_Alpha158_csi300_sliding_step40_s_20260111_23,12f4cb9e2e654b22a3588e4374ed56b1,2026-05-26,SH603260,0.057586280351585785,,,
EXP_DEnsembleModel_Alpha158_csi300_sliding_step40_s_20260111_23,12f4cb9e2e654b22a3588e4374ed56b1,2026-05-26,SH603288,0.034223659477481336,,,
EXP_DEnsembleModel_Alpha158_csi300_sliding_step40_s_20260111_23,12f4cb9e2e654b22a3588e4374ed56b1,2026-05-26,SH603296,0.016848771438799016,,,
EXP_DEnsembleModel_Alpha158_csi300_sliding_step40_s_20260111_23,12f4cb9e2e654b22a3588e4374ed56b1,2026-05-26,SH603369,0.0734930931241711,,,
EXP_DEnsembleModel_Alpha158_csi300_sliding_step40_s_20260111_23,12f4cb9e2e654b22a3588e4374ed56b1,2026-05-26,SH603392,0.011305770221826347,,,
EXP_DEnsembleModel_Alpha158_csi300_sliding_step40_s_20260111_23,12f4cb9e2e654b22a3588e4374ed56b1,2026-05-26,SH603501,-0.10280252773568238,,,
EXP_DEnsembleModel_Alpha158_csi300_sliding_step40_s_20260111_23,12f4cb9e2e654b22a3588e4374ed56b1,2026-05-26,SH603799,0.061171604699965326,,,
EXP_DEnsembleModel_Alpha158_csi300_sliding_step40_s_20260111_23,12f4cb9e2e654b22a3588e4374ed56b1,2026-05-26,SH603893,-0.07432206223658618,,,
EXP_DEnsembleModel_Alpha158_csi300_sliding_step40_s_20260111_23,12f4cb9e2e654b22a3588e4374ed56b1,2026-05-26,SH688303,-0.07000878591381883,,,
EXP_DEnsembleModel_Alpha158_csi300_sliding_step40_s_20260111_23,12f4cb9e2e654b22a3588e4374ed56b1,2026-05-26,SH688396,-0.08809544536990843,,,
EXP_DEnsembleModel_Alpha158_csi300_sliding_step40_s_20260111_23,12f4cb9e2e654b22a3588e4374ed56b1,2026-05-26,SH688472,0.031614604632706676,,,
EXP_DEnsembleModel_Alpha158_csi300_sliding_step40_s_20260111_23,12f4cb9e2e654b22a3588e4374ed56b1,2026-05-26,SH688506,0.023993379642025255,,,
EXP_DEnsembleModel_Alpha158_csi300_sliding_step40_s_20260111_23,12f4cb9e2e654b22a3588e4374ed56b1,2026-05-26,SZ000661,0.06306977269210698,,,
EXP_DEnsembleModel_Alpha158_csi300_sliding_step40_s_20260111_23,12f4cb9e2e654b22a3588e4374ed56b1,2026-05-26,SZ000708,0.0518431352373898,,,
EXP_DEnsembleModel_Alpha158_csi300_sliding_step40_s_20260111_23,12f4cb9e2e654b22a3588e4374ed56b1,2026-05-26,SZ000725,-0.21329470346154586,,,
EXP_DEnsembleModel_Alpha158_csi300_sliding_step40_s_20260111_23,12f4cb9e2e654b22a3588e4374ed56b1,2026-05-26,SZ000768,-0.005464244432121652,,,
EXP_DEnsembleModel_Alpha158_csi300_sliding_step40_s_20260111_23,12f4cb9e2e654b22a3588e4374ed56b1,2026-05-26,SZ000776,0.050840431407896715,,,
EXP_DEnsembleModel_Alpha158_csi300_sliding_step40_s_20260111_23,12f4cb9e2e654b22a3588e4374ed56b1,2026-05-26,SZ000786,0.20214789838175606,,,
EXP_DEnsembleModel_Alpha158_csi300_sliding_step40_s_20260111_23,12f4cb9e2e654b22a3588e4374ed56b1,2026-05-26,SZ000792,-0.03029265483198702,,,
EXP_DEnsembleModel_Alpha158_csi300_sliding_step40_s_20260111_23,12f4cb9e2e654b22a3588e4374ed56b1,2026-05-26,SZ000807,-0.20354107327799562,,,
EXP_DEnsembleModel_Alpha158_csi300_sliding_step40_s_20260111_23,12f4cb9e2e654b22a3588e4374ed56b1,2026-05-26,SZ000858,-0.00035532897731930694,,,
EXP_DEnsembleModel_Alpha158_csi300_sliding_step40_s_20260111_23,12f4cb9e2e654b22a3588e4374ed56b1,2026-05-26,SZ000876,-0.09091458520797485,,,
EXP_DEnsembleModel_Alpha158_csi300_sliding_step40_s_20260111_23,12f4cb9e2e654b22a3588e4374ed56b1,2026-05-26,SZ000895,0.09715299626557582,,,
EXP_DEnsembleModel_Alpha158_csi300_sliding_step40_s_20260111_23,12f4cb9e2e654b22a3588e4374ed56b1,2026-05-26,SZ000938,0.11395842530975009,,,
EXP_DEnsembleModel_Alpha158_csi300_sliding_step40_s_20260111_23,12f4cb9e2e654b22a3588e4374ed56b1,2026-05-26,SZ000963,-0.0539670849496239,,,
EXP_DEnsembleModel_Alpha158_csi300_sliding_step40_s_20260111_23,12f4cb9e2e654b22a3588e4374ed56b1,2026-05-26,SZ000975,-0.11006352280046326,,,
EXP_DEnsembleModel_Alpha158_csi300_sliding_step40_s_20260111_23,12f4cb9e2e654b22a3588e4374ed56b1,2026-05-26,SZ000977,0.03624092753691442,,,
EXP_DEnsembleModel_Alpha158_csi300_sliding_step40_s_20260111_23,12f4cb9e2e654b22a3588e4374ed56b1,2026-05-26,SZ000651,0.08515526010481352,,,
EXP_DEnsembleModel_Alpha158_csi300_sliding_step40_s_20260111_23,12f4cb9e2e654b22a3588e4374ed56b1,2026-05-26,SZ000999,0.012182609351062143,,,
EXP_DEnsembleModel_Alpha158_csi300_sliding_step40_s_20260111_23,12f4cb9e2e654b22a3588e4374ed56b1,2026-05-26,SZ000630,-0.03579690021324755,,,
EXP_DEnsembleModel_Alpha158_csi300_sliding_step40_s_20260111_23,12f4cb9e2e654b22a3588e4374ed56b1,2026-05-26,SZ000617,-0.01517424197678716,,,
EXP_DEnsembleModel_Alpha158_csi300_sliding_step40_s_20260111_23,12f4cb9e2e654b22a3588e4374ed56b1,2026-05-26,SH688981,-0.13725978866112373,,,
EXP_DEnsembleModel_Alpha158_csi300_sliding_step40_s_20260111_23,12f4cb9e2e654b22a3588e4374ed56b1,2026-05-26,SZ000001,-0.006030235379702064,,,
EXP_DEnsembleModel_Alpha158_csi300_sliding_step40_s_20260111_23,12f4cb9e2e654b22a3588e4374ed56b1,2026-05-26,SZ000002,0.12693252846919062,,,
EXP_DEnsembleModel_Alpha158_csi300_sliding_step40_s_20260111_23,12f4cb9e2e654b22a3588e4374ed56b1,2026-05-26,SZ000063,0.09344155829138308,,,
EXP_DEnsembleModel_Alpha158_csi300_sliding_step40_s_20260111_23,12f4cb9e2e654b22a3588e4374ed56b1,2026-05-26,SZ000100,-0.10532916971772804,,,
EXP_DEnsembleModel_Alpha158_csi300_sliding_step40_s_20260111_23,12f4cb9e2e654b22a3588e4374ed56b1,2026-05-26,SZ000157,-0.13600119069598088,,,
EXP_DEnsembleModel_Alpha158_csi300_sliding_step40_s_20260111_23,12f4cb9e2e654b22a3588e4374ed56b1,2026-05-26,SZ000166,-0.013106613682936629,,,
EXP_DEnsembleModel_Alpha158_csi300_sliding_step40_s_20260111_23,12f4cb9e2e654b22a3588e4374ed56b1,2026-05-26,SZ000301,-0.04222302887011706,,,
EXP_DEnsembleModel_Alpha158_csi300_sliding_step40_s_20260111_23,12f4cb9e2e654b22a3588e4374ed56b1,2026-05-26,SZ000333,0.037743725056716707,,,
EXP_DEnsembleModel_Alpha158_csi300_sliding_step40_s_20260111_23,12f4cb9e2e654b22a3588e4374ed56b1,2026-05-26,SZ000338,-0.07540675425941018,,,
EXP_DEnsembleModel_Alpha158_csi300_sliding_step40_s_20260111_23,12f4cb9e2e654b22a3588e4374ed56b1,2026-05-26,SZ000408,0.059327964328974796,,,
EXP_DEnsembleModel_Alpha158_csi300_sliding_step40_s_20260111_23,12f4cb9e2e654b22a3588e4374ed56b1,2026-05-26,SZ000425,0.06838294683775399,,,
EXP_DEnsembleModel_Alpha158_csi300_sliding_step40_s_20260111_23,12f4cb9e2e654b22a3588e4374ed56b1,2026-05-26,SZ000538,0.1469610065017206,,,
EXP_DEnsembleModel_Alpha158_csi300_sliding_step40_s_20260111_23,12f4cb9e2e654b22a3588e4374ed56b1,2026-05-26,SZ000568,0.03928506030139581,,,
EXP_DEnsembleModel_Alpha158_csi300_sliding_step40_s_20260111_23,12f4cb9e2e654b22a3588e4374ed56b1,2026-05-26,SZ000596,0.11610416293083876,,,
EXP_DEnsembleModel_Alpha158_csi300_sliding_step40_s_20260111_23,12f4cb9e2e654b22a3588e4374ed56b1,2026-05-26,SZ000625,0.06218769664640426,,,
EXP_DEnsembleModel_Alpha158_csi300_sliding_step40_s_20260111_23,12f4cb9e2e654b22a3588e4374ed56b1,2026-05-26,SH600000,0.00048024003977173495,,,
EXP_DEnsembleModel_Alpha158_csi300_expanding_step40_s_20260112_22,5dfe27da14f64e55b157c5d6f03705b8,2026-05-26,SZ302132,-0.12439017286266787,,,
EXP_DEnsembleModel_Alpha158_csi300_expanding_step40_s_20260112_22,5dfe27da14f64e55b157c5d6f03705b8,2026-05-26,SZ301269,-0.16967710248338616,,,
EXP_DEnsembleModel_Alpha158_csi300_expanding_step40_s_20260112_22,5dfe27da14f64e55b157c5d6f03705b8,2026-05-26,SH601117,-0.0762962113627236,,,
EXP_DEnsembleModel_Alpha158_csi300_expanding_step40_s_20260112_22,5dfe27da14f64e55b157c5d6f03705b8,2026-05-26,SH601127,0.08528409545342953,,,
EXP_DEnsembleModel_Alpha158_csi300_expanding_step40_s_20260112_22,5dfe27da14f64e55b157c5d6f03705b8,2026-05-26,SH601136,-0.11181317693819363,,,
EXP_DEnsembleModel_Alpha158_csi300_expanding_step40_s_20260112_22,5dfe27da14f64e55b157c5d6f03705b8,2026-05-26,SH601138,-0.1740570073255982,,,
EXP_DEnsembleModel_Alpha158_csi300_expanding_step40_s_20260112_22,5dfe27da14f64e55b157c5d6f03705b8,2026-05-26,SH601166,0.006262711857962807,,,
EXP_DEnsembleModel_Alpha158_csi300_expanding_step40_s_20260112_22,5dfe27da14f64e55b157c5d6f03705b8,2026-05-26,SH601169,-0.07132844866614389,,,
EXP_DEnsembleModel_Alpha158_csi300_expanding_step40_s_20260112_22,5dfe27da14f64e55b157c5d6f03705b8,2026-05-26,SH601111,0.05825790821866984,,,
EXP_DEnsembleModel_Alpha158_csi300_expanding_step40_s_20260112_22,5dfe27da14f64e55b157c5d6f03705b8,2026-05-26,SH601186,-0.05989390349716915,,,
EXP_DEnsembleModel_Alpha158_csi300_expanding_step40_s_20260112_22,5dfe27da14f64e55b157c5d6f03705b8,2026-05-26,SH601225,0.06525315866637423,,,
EXP_DEnsembleModel_Alpha158_csi300_expanding_step40_s_20260112_22,5dfe27da14f64e55b157c5d6f03705b8,2026-05-26,SH601229,-0.09035811556904745,,,
EXP_DEnsembleModel_Alpha158_csi300_expanding_step40_s_20260112_22,5dfe27da14f64e55b157c5d6f03705b8,2026-05-26,SH601236,0.036493280460713644,,,
EXP_DEnsembleModel_Alpha158_csi300_expanding_step40_s_20260112_22,5dfe27da14f64e55b157c5d6f03705b8,2026-05-26,SH601238,0.07776027923042593,,,
EXP_DEnsembleModel_Alpha158_csi300_expanding_step40_s_20260112_22,5dfe27da14f64e55b157c5d6f03705b8,2026-05-26,SH601288,-0.0182657595638856,,,
EXP_DEnsembleModel_Alpha158_csi300_expanding_step40_s_20260112_22,5dfe27da14f64e55b157c5d6f03705b8,2026-05-26,SH601298,0.0180152503790036,,,
EXP_DEnsembleModel_Alpha158_csi300_expanding_step40_s_20260112_22,5dfe27da14f64e55b157c5d6f03705b8,2026-05-26,SH601211,-0.013600171405664203,,,
EXP_DEnsembleModel_Alpha158_csi300_expanding_step40_s_20260112_22,5dfe27da14f64e55b157c5d6f03705b8,2026-05-26,SH601100,0.17896107718020698,,,
EXP_DEnsembleModel_Alpha158_csi300_expanding_step40_s_20260112_22,5dfe27da14f64e55b157c5d6f03705b8,2026-05-26,SH601088,-0.011238935864590382,,,
EXP_DEnsembleModel_Alpha158_csi300_expanding_step40_s_20260112_22,5dfe27da14f64e55b157c5d6f03705b8,2026-05-26,SH601077,0.05034925293583915,,,
EXP_DEnsembleModel_Alpha158_csi300_expanding_step40_s_20260112_22,5dfe27da14f64e55b157c5d6f03705b8,2026-05-26,SH600926,-0.004787309248051692,,,
EXP_DEnsembleModel_Alpha158_csi300_expanding_step40_s_20260112_22,5dfe27da14f64e55b157c5d6f03705b8,2026-05-26,SH600930,-0.10152296808348435,,,
EXP_DEnsembleModel_Alpha158_csi300_expanding_step40_s_20260112_22,5dfe27da14f64e55b157c5d6f03705b8,2026-05-26,SH600938,0.008300211015138888,,,
EXP_DEnsembleModel_Alpha158_csi300_expanding_step40_s_20260112_22,5dfe27da14f64e55b157c5d6f03705b8,2026-05-26,SH600941,0.019690033298652668,,,
EXP_DEnsembleModel_Alpha158_csi300_expanding_step40_s_20260112_22,5dfe27da14f64e55b157c5d6f03705b8,2026-05-26,SH600958,-0.007973439290136915,,,
EXP_DEnsembleModel_Alpha158_csi300_expanding_step40_s_20260112_22,5dfe27da14f64e55b157c5d6f03705b8,2026-05-26,SH600989,0.005492391790653786,,,
EXP_DEnsembleModel_Alpha158_csi300_expanding_step40_s_20260112_22,5dfe27da14f64e55b157c5d6f03705b8,2026-05-26,SH600999,-0.13447519663435423,,,
EXP_DEnsembleModel_Alpha158_csi300_expanding_step40_s_20260112_22,5dfe27da14f64e55b157c5d6f03705b8,2026-05-26,SH601006,0.017727834895461373,,,
EXP_DEnsembleModel_Alpha158_csi300_expanding_step40_s_20260112_22,5dfe27da14f64e55b157c5d6f03705b8,2026-05-26,SH601009,-0.015394231778480563,,,
EXP_DEnsembleModel_Alpha158_csi300_expanding_step40_s_20260112_22,5dfe27da14f64e55b157c5d6f03705b8,2026-05-26,SH601012,0.04960510182774318,,,
EXP_DEnsembleModel_Alpha158_csi300_expanding_step40_s_20260112_22,5dfe27da14f64e55b157c5d6f03705b8,2026-05-26,SH601018,0.002573355517551114,,,
EXP_DEnsembleModel_Alpha158_csi300_expanding_step40_s_20260112_22,5dfe27da14f64e55b157c5d6f03705b8,2026-05-26,SH601021,0.04166000165734897,,,
EXP_DEnsembleModel_Alpha158_csi300_expanding_step40_s_20260112_22,5dfe27da14f64e55b157c5d6f03705b8,2026-05-26,SH601058,-0.09609644515106543,,,
EXP_DEnsembleModel_Alpha158_csi300_expanding_step40_s_20260112_22,5dfe27da14f64e55b157c5d6f03705b8,2026-05-26,SH601059,0.05280670664127273,,,
EXP_DEnsembleModel_Alpha158_csi300_expanding_step40_s_20260112_22,5dfe27da14f64e55b157c5d6f03705b8,2026-05-26,SH601066,0.11887922598104685,,,
EXP_DEnsembleModel_Alpha158_csi300_expanding_step40_s_20260112_22,5dfe27da14f64e55b157c5d6f03705b8,2026-05-26,SH601318,-0.013693107534269602,,,
EXP_DEnsembleModel_Alpha158_csi300_expanding_step40_s_20260112_22,5dfe27da14f64e55b157c5d6f03705b8,2026-05-26,SH601319,0.04803706536034563,,,
EXP_DEnsembleModel_Alpha158_csi300_expanding_step40_s_20260112_22,5dfe27da14f64e55b157c5d6f03705b8,2026-05-26,SH601328,-0.005892707669024984,,,
EXP_DEnsembleModel_Alpha158_csi300_expanding_step40_s_20260112_22,5dfe27da14f64e55b157c5d6f03705b8,2026-05-26,SH601336,0.029483410674000853,,,
EXP_DEnsembleModel_Alpha158_csi300_expanding_step40_s_20260112_22,5dfe27da14f64e55b157c5d6f03705b8,2026-05-26,SH601788,0.0855379139463858,,,
EXP_DEnsembleModel_Alpha158_csi300_expanding_step40_s_20260112_22,5dfe27da14f64e55b157c5d6f03705b8,2026-05-26,SH601800,-0.05680228931515609,,,
EXP_DEnsembleModel_Alpha158_csi300_expanding_step40_s_20260112_22,5dfe27da14f64e55b157c5d6f03705b8,2026-05-26,SH601808,-0.02813462371148435,,,
EXP_DEnsembleModel_Alpha158_csi300_expanding_step40_s_20260112_22,5dfe27da14f64e55b157c5d6f03705b8,2026-05-26,SH601816,-0.11806500050918192,,,
EXP_DEnsembleModel_Alpha158_csi300_expanding_step40_s_20260112_22,5dfe27da14f64e55b157c5d6f03705b8,2026-05-26,SH601818,-0.07011156531505529,,,
EXP_DEnsembleModel_Alpha158_csi300_expanding_step40_s_20260112_22,5dfe27da14f64e55b157c5d6f03705b8,2026-05-26,SH601825,-0.011424913507274273,,,
EXP_DEnsembleModel_Alpha158_csi300_expanding_step40_s_20260112_22,5dfe27da14f64e55b157c5d6f03705b8,2026-05-26,SH601838,0.048335014878164724,,,
EXP_DEnsembleModel_Alpha158_csi300_expanding_step40_s_20260112_22,5dfe27da14f64e55b157c5d6f03705b8,2026-05-26,SH601857,0.0240500360786123,,,
EXP_DEnsembleModel_Alpha158_csi300_expanding_step40_s_20260112_22,5dfe27da14f64e55b157c5d6f03705b8,2026-05-26,SH601868,-0.024546311064621795,,,
EXP_DEnsembleModel_Alpha158_csi300_expanding_step40_s_20260112_22,5dfe27da14f64e55b157c5d6f03705b8,2026-05-26,SH601872,0.14930840154028804,,,
EXP_DEnsembleModel_Alpha158_csi300_expanding_step40_s_20260112_22,5dfe27da14f64e55b157c5d6f03705b8,2026-05-26,SH601877,-0.054376150323783505,,,
EXP_DEnsembleModel_Alpha158_csi300_expanding_step40_s_20260112_22,5dfe27da14f64e55b157c5d6f03705b8,2026-05-26,SH601878,0.02043870536134821,,,
EXP_DEnsembleModel_Alpha158_csi300_expanding_step40_s_20260112_22,5dfe27da14f64e55b157c5d6f03705b8,2026-05-26,SH601881,0.07519348657516696,,,
EXP_DEnsembleModel_Alpha158_csi300_expanding_step40_s_20260112_22,5dfe27da14f64e55b157c5d6f03705b8,2026-05-26,SH601888,-0.02914804406204975,,,
EXP_DEnsembleModel_Alpha158_csi300_expanding_step40_s_20260112_22,5dfe27da14f64e55b157c5d6f03705b8,2026-05-26,SH601898,-0.03566786495717372,,,
EXP_DEnsembleModel_Alpha158_csi300_expanding_step40_s_20260112_22,5dfe27da14f64e55b157c5d6f03705b8,2026-05-26,SH601766,-0.02845365219358999,,,
EXP_DEnsembleModel_Alpha158_csi300_expanding_step40_s_20260112_22,5dfe27da14f64e55b157c5d6f03705b8,2026-05-26,SH600919,0.05382035604523056,,,
EXP_DEnsembleModel_Alpha158_csi300_expanding_step40_s_20260112_22,5dfe27da14f64e55b157c5d6f03705b8,2026-05-26,SH601728,-0.058585515708653425,,,
EXP_DEnsembleModel_Alpha158_csi300_expanding_step40_s_20260112_22,5dfe27da14f64e55b157c5d6f03705b8,2026-05-26,SH601689,0.061826645263821596,,,
EXP_DEnsembleModel_Alpha158_csi300_expanding_step40_s_20260112_22,5dfe27da14f64e55b157c5d6f03705b8,2026-05-26,SH601360,0.03296225793641275,,,
EXP_DEnsembleModel_Alpha158_csi300_expanding_step40_s_20260112_22,5dfe27da14f64e55b157c5d6f03705b8,2026-05-26,SH601377,0.04812744409982652,,,
EXP_DEnsembleModel_Alpha158_csi300_expanding_step40_s_20260112_22,5dfe27da14f64e55b157c5d6f03705b8,2026-05-26,SH601390,-0.0159276359796732,,,
EXP_DEnsembleModel_Alpha158_csi300_expanding_step40_s_20260112_22,5dfe27da14f64e55b157c5d6f03705b8,2026-05-26,SH601398,0.07685179582968979,,,
EXP_DEnsembleModel_Alpha158_csi300_expanding_step40_s_20260112_22,5dfe27da14f64e55b157c5d6f03705b8,2026-05-26,SH601456,-0.03264648610212371,,,
EXP_DEnsembleModel_Alpha158_csi300_expanding_step40_s_20260112_22,5dfe27da14f64e55b157c5d6f03705b8,2026-05-26,SH601600,0.12314858484681765,,,
EXP_DEnsembleModel_Alpha158_csi300_expanding_step40_s_20260112_22,5dfe27da14f64e55b157c5d6f03705b8,2026-05-26,SH601601,0.12886005505865333,,,
EXP_DEnsembleModel_Alpha158_csi300_expanding_step40_s_20260112_22,5dfe27da14f64e55b157c5d6f03705b8,2026-05-26,SH601607,-0.05915289964379245,,,
EXP_DEnsembleModel_Alpha158_csi300_expanding_step40_s_20260112_22,5dfe27da14f64e55b157c5d6f03705b8,2026-05-26,SH601618,0.06658535546421411,,,
EXP_DEnsembleModel_Alpha158_csi300_expanding_step40_s_20260112_22,5dfe27da14f64e55b157c5d6f03705b8,2026-05-26,SH601628,-0.0038878305032029868,,,
EXP_DEnsembleModel_Alpha158_csi300_expanding_step40_s_20260112_22,5dfe27da14f64e55b157c5d6f03705b8,2026-05-26,SH601633,0.09279601626141344,,,
EXP_DEnsembleModel_Alpha158_csi300_expanding_step40_s_20260112_22,5dfe27da14f64e55b157c5d6f03705b8,2026-05-26,SH601658,0.010582714156130529,,,
EXP_DEnsembleModel_Alpha158_csi300_expanding_step40_s_20260112_22,5dfe27da14f64e55b157c5d6f03705b8,2026-05-26,SH601668,-0.12025750944103221,,,
EXP_DEnsembleModel_Alpha158_csi300_expanding_step40_s_20260112_22,5dfe27da14f64e55b157c5d6f03705b8,2026-05-26,SH601669,-0.0767041240739655,,,
EXP_DEnsembleModel_Alpha158_csi300_expanding_step40_s_20260112_22,5dfe27da14f64e55b157c5d6f03705b8,2026-05-26,SH601688,0.07852820333364577,,,
EXP_DEnsembleModel_Alpha158_csi300_expanding_step40_s_20260112_22,5dfe27da14f64e55b157c5d6f03705b8,2026-05-26,SH601698,0.024783766337041404,,,
EXP_DEnsembleModel_Alpha158_csi300_expanding_step40_s_20260112_22,5dfe27da14f64e55b157c5d6f03705b8,2026-05-26,SH601899,0.09729958241858544,,,
EXP_DEnsembleModel_Alpha158_csi300_expanding_step40_s_20260112_22,5dfe27da14f64e55b157c5d6f03705b8,2026-05-26,SH600918,-0.036483936745935204,,,
EXP_DEnsembleModel_Alpha158_csi300_expanding_step40_s_20260112_22,5dfe27da14f64e55b157c5d6f03705b8,2026-05-26,SH600900,0.11420878971259978,,,
EXP_DEnsembleModel_Alpha158_csi300_expanding_step40_s_20260112_22,5dfe27da14f64e55b157c5d6f03705b8,2026-05-26,SH600061,0.05782722032874198,,,
EXP_DEnsembleModel_Alpha158_csi300_expanding_step40_s_20260112_22,5dfe27da14f64e55b157c5d6f03705b8,2026-05-26,SH600066,-0.019415973373916113,,,
EXP_DEnsembleModel_Alpha158_csi300_expanding_step40_s_20260112_22,5dfe27da14f64e55b157c5d6f03705b8,2026-05-26,SH600085,-0.0385363044889877,,,
EXP_DEnsembleModel_Alpha158_csi300_expanding_step40_s_20260112_22,5dfe27da14f64e55b157c5d6f03705b8,2026-05-26,SH600089,-0.09865486671765704,,,
EXP_DEnsembleModel_Alpha158_csi300_expanding_step40_s_20260112_22,5dfe27da14f64e55b157c5d6f03705b8,2026-05-26,SH600104,0.018466503325564536,,,
EXP_DEnsembleModel_Alpha158_csi300_expanding_step40_s_20260112_22,5dfe27da14f64e55b157c5d6f03705b8,2026-05-26,SH600111,-0.1819713763479453,,,
EXP_DEnsembleModel_Alpha158_csi300_expanding_step40_s_20260112_22,5dfe27da14f64e55b157c5d6f03705b8,2026-05-26,SH600050,-0.13091579468456285,,,
EXP_DEnsembleModel_Alpha158_csi300_expanding_step40_s_20260112_22,5dfe27da14f64e55b157c5d6f03705b8,2026-05-26,SH600115,0.06800561193882398,,,
EXP_DEnsembleModel_Alpha158_csi300_expanding_step40_s_20260112_22,5dfe27da14f64e55b157c5d6f03705b8,2026-05-26,SH600160,-0.1396151839235573,,,
EXP_DEnsembleModel_Alpha158_csi300_expanding_step40_s_20260112_22,5dfe27da14f64e55b157c5d6f03705b8,2026-05-26,SH600161,-0.09873892569222055,,,
EXP_DEnsembleModel_Alpha158_csi300_expanding_step40_s_20260112_22,5dfe27da14f64e55b157c5d6f03705b8,2026-05-26,SH600176,-0.07102107490009585,,,
EXP_DEnsembleModel_Alpha158_csi300_expanding_step40_s_20260112_22,5dfe27da14f64e55b157c5d6f03705b8,2026-05-26,SH600183,-0.07058627550925675,,,
EXP_DEnsembleModel_Alpha158_csi300_expanding_step40_s_20260112_22,5dfe27da14f64e55b157c5d6f03705b8,2026-05-26,SH600188,0.11102095801997747,,,
EXP_DEnsembleModel_Alpha158_csi300_expanding_step40_s_20260112_22,5dfe27da14f64e55b157c5d6f03705b8,2026-05-26,SH600196,-0.05479982835254787,,,
EXP_DEnsembleModel_Alpha158_csi300_expanding_step40_s_20260112_22,5dfe27da14f64e55b157c5d6f03705b8,2026-05-26,SH600150,-0.22829877300014165,,,
EXP_DEnsembleModel_Alpha158_csi300_expanding_step40_s_20260112_22,5dfe27da14f64e55b157c5d6f03705b8,2026-05-26,SH600048,-0.025730087743809173,,,
EXP_DEnsembleModel_Alpha158_csi300_expanding_step40_s_20260112_22,5dfe27da14f64e55b157c5d6f03705b8,2026-05-26,SH600039,-0.03869047480465663,,,
EXP_DEnsembleModel_Alpha158_csi300_expanding_step40_s_20260112_22,5dfe27da14f64e55b157c5d6f03705b8,2026-05-26,SH600036,-0.046194282931206324,,,
EXP_DEnsembleModel_Alpha158_csi300_expanding_step40_s_20260112_22,5dfe27da14f64e55b157c5d6f03705b8,2026-05-26,SH600009,-0.015834672588473674,,,
EXP_DEnsembleModel_Alpha158_csi300_expanding_step40_s_20260112_22,5dfe27da14f64e55b157c5d6f03705b8,2026-05-26,SH600010,-0.02551193915502481,,,
EXP_DEnsembleModel_Alpha158_csi300_expanding_step40_s_20260112_22,5dfe27da14f64e55b157c5d6f03705b8,2026-05-26,SH600011,0.050492720766132794,,,
EXP_DEnsembleModel_Alpha158_csi300_expanding_step40_s_20260112_22,5dfe27da14f64e55b157c5d6f03705b8,2026-05-26,SH600015,-0.05637587863516752,,,
EXP_DEnsembleModel_Alpha158_csi300_expanding_step40_s_20260112_22,5dfe27da14f64e55b157c5d6f03705b8,2026-05-26,SH600016,-0.0270493096140082,,,
EXP_DEnsembleModel_Alpha158_csi300_expanding_step40_s_20260112_22,5dfe27da14f64e55b157c5d6f03705b8,2026-05-26,SH600018,0.0740184679214974,,,
EXP_DEnsembleModel_Alpha158_csi300_expanding_step40_s_20260112_22,5dfe27da14f64e55b157c5d6f03705b8,2026-05-26,SH600019,-0.0687643036263829,,,
EXP_DEnsembleModel_Alpha158_csi300_expanding_step40_s_20260112_22,5dfe27da14f64e55b157c5d6f03705b8,2026-05-26,SH600023,0.06296985151878028,,,
EXP_DEnsembleModel_Alpha158_csi300_expanding_step40_s_20260112_22,5dfe27da14f64e55b157c5d6f03705b8,2026-05-26,SH600025,0.10823622988172833,,,
EXP_DEnsembleModel_Alpha158_csi300_expanding_step40_s_20260112_22,5dfe27da14f64e55b157c5d6f03705b8,2026-05-26,SH600026,0.0653367390363138,,,
EXP_DEnsembleModel_Alpha158_csi300_expanding_step40_s_20260112_22,5dfe27da14f64e55b157c5d6f03705b8,2026-05-26,SH600027,0.009250124871793386,,,
EXP_DEnsembleModel_Alpha158_csi300_expanding_step40_s_20260112_22,5dfe27da14f64e55b157c5d6f03705b8,2026-05-26,SH600028,0.00647174507774067,,,
EXP_DEnsembleModel_Alpha158_csi300_expanding_step40_s_20260112_22,5dfe27da14f64e55b157c5d6f03705b8,2026-05-26,SH600029,0.06219045841548587,,,
EXP_DEnsembleModel_Alpha158_csi300_expanding_step40_s_20260112_22,5dfe27da14f64e55b157c5d6f03705b8,2026-05-26,SH600030,-0.021500445664216387,,,
EXP_DEnsembleModel_Alpha158_csi300_expanding_step40_s_20260112_22,5dfe27da14f64e55b157c5d6f03705b8,2026-05-26,SH600031,0.008899001432195163,,,
EXP_DEnsembleModel_Alpha158_csi300_expanding_step40_s_20260112_22,5dfe27da14f64e55b157c5d6f03705b8,2026-05-26,SH600219,-0.047757966875617966,,,
EXP_DEnsembleModel_Alpha158_csi300_expanding_step40_s_20260112_22,5dfe27da14f64e55b157c5d6f03705b8,2026-05-26,SH600233,-0.004332232411122465,,,
EXP_DEnsembleModel_Alpha158_csi300_expanding_step40_s_20260112_22,5dfe27da14f64e55b157c5d6f03705b8,2026-05-26,SH600276,-0.09446315377079587,,,
EXP_DEnsembleModel_Alpha158_csi300_expanding_step40_s_20260112_22,5dfe27da14f64e55b157c5d6f03705b8,2026-05-26,SH600309,0.043703031810365604,,,
EXP_DEnsembleModel_Alpha158_csi300_expanding_step40_s_20260112_22,5dfe27da14f64e55b157c5d6f03705b8,2026-05-26,SH600588,0.0333368431352371,,,
EXP_DEnsembleModel_Alpha158_csi300_expanding_step40_s_20260112_22,5dfe27da14f64e55b157c5d6f03705b8,2026-05-26,SH600600,-0.020534278617272306,,,
EXP_DEnsembleModel_Alpha158_csi300_expanding_step40_s_20260112_22,5dfe27da14f64e55b157c5d6f03705b8,2026-05-26,SH600660,-0.05825451139736975,,,
EXP_DEnsembleModel_Alpha158_csi300_expanding_step40_s_20260112_22,5dfe27da14f64e55b157c5d6f03705b8,2026-05-26,SH600674,0.025011006389257576,,,
EXP_DEnsembleModel_Alpha158_csi300_expanding_step40_s_20260112_22,5dfe27da14f64e55b157c5d6f03705b8,2026-05-26,SH600690,-0.10303726822651281,,,
EXP_DEnsembleModel_Alpha158_csi300_expanding_step40_s_20260112_22,5dfe27da14f64e55b157c5d6f03705b8,2026-05-26,SH600741,0.01572795211697706,,,
EXP_DEnsembleModel_Alpha158_csi300_expanding_step40_s_20260112_22,5dfe27da14f64e55b157c5d6f03705b8,2026-05-26,SH600760,-0.026042260921294722,,,
EXP_DEnsembleModel_Alpha158_csi300_expanding_step40_s_20260112_22,5dfe27da14f64e55b157c5d6f03705b8,2026-05-26,SH600795,0.05395716874412989,,,
EXP_DEnsembleModel_Alpha158_csi300_expanding_step40_s_20260112_22,5dfe27da14f64e55b157c5d6f03705b8,2026-05-26,SH600803,-0.037389787958912096,,,
EXP_DEnsembleModel_Alpha158_csi300_expanding_step40_s_20260112_22,5dfe27da14f64e55b157c5d6f03705b8,2026-05-26,SH600809,0.0713793475238486,,,
EXP_DEnsembleModel_Alpha158_csi300_expanding_step40_s_20260112_22,5dfe27da14f64e55b157c5d6f03705b8,2026-05-26,SH600845,-0.04016368208742024,,,
EXP_DEnsembleModel_Alpha158_csi300_expanding_step40_s_20260112_22,5dfe27da14f64e55b157c5d6f03705b8,2026-05-26,SH600875,-0.03099091111960337,,,
EXP_DEnsembleModel_Alpha158_csi300_expanding_step40_s_20260112_22,5dfe27da14f64e55b157c5d6f03705b8,2026-05-26,SH600886,0.10068350338922738,,,
EXP_DEnsembleModel_Alpha158_csi300_expanding_step40_s_20260112_22,5dfe27da14f64e55b157c5d6f03705b8,2026-05-26,SH600887,0.07592853487590881,,,
EXP_DEnsembleModel_Alpha158_csi300_expanding_step40_s_20260112_22,5dfe27da14f64e55b157c5d6f03705b8,2026-05-26,SH600893,-0.08446721208967714,,,
EXP_DEnsembleModel_Alpha158_csi300_expanding_step40_s_20260112_22,5dfe27da14f64e55b157c5d6f03705b8,2026-05-26,SH600585,0.009813715627849566,,,
EXP_DEnsembleModel_Alpha158_csi300_expanding_step40_s_20260112_22,5dfe27da14f64e55b157c5d6f03705b8,2026-05-26,SH600905,-0.040569682075043016,,,
EXP_DEnsembleModel_Alpha158_csi300_expanding_step40_s_20260112_22,5dfe27da14f64e55b157c5d6f03705b8,2026-05-26,SH600584,-0.14835836387528867,,,
EXP_DEnsembleModel_Alpha158_csi300_expanding_step40_s_20260112_22,5dfe27da14f64e55b157c5d6f03705b8,2026-05-26,SH600547,-0.07097759766491245,,,
EXP_DEnsembleModel_Alpha158_csi300_expanding_step40_s_20260112_22,5dfe27da14f64e55b157c5d6f03705b8,2026-05-26,SH600346,0.008090732154494773,,,
EXP_DEnsembleModel_Alpha158_csi300_expanding_step40_s_20260112_22,5dfe27da14f64e55b157c5d6f03705b8,2026-05-26,SH600362,-0.0032093079737581264,,,
EXP_DEnsembleModel_Alpha158_csi300_expanding_step40_s_20260112_22,5dfe27da14f64e55b157c5d6f03705b8,2026-05-26,SH600372,0.02493531460655376,,,
EXP_DEnsembleModel_Alpha158_csi300_expanding_step40_s_20260112_22,5dfe27da14f64e55b157c5d6f03705b8,2026-05-26,SH600377,0.08330922056413413,,,
EXP_DEnsembleModel_Alpha158_csi300_expanding_step40_s_20260112_22,5dfe27da14f64e55b157c5d6f03705b8,2026-05-26,SH600406,-0.020793369439595855,,,
EXP_DEnsembleModel_Alpha158_csi300_expanding_step40_s_20260112_22,5dfe27da14f64e55b157c5d6f03705b8,2026-05-26,SH600415,-0.034926158252221964,,,
EXP_DEnsembleModel_Alpha158_csi300_expanding_step40_s_20260112_22,5dfe27da14f64e55b157c5d6f03705b8,2026-05-26,SH600426,0.057256037616138726,,,
EXP_DEnsembleModel_Alpha158_csi300_expanding_step40_s_20260112_22,5dfe27da14f64e55b157c5d6f03705b8,2026-05-26,SH600436,0.00304433404932692,,,
EXP_DEnsembleModel_Alpha158_csi300_expanding_step40_s_20260112_22,5dfe27da14f64e55b157c5d6f03705b8,2026-05-26,SH600438,-0.028008197869344522,,,
EXP_DEnsembleModel_Alpha158_csi300_expanding_step40_s_20260112_22,5dfe27da14f64e55b157c5d6f03705b8,2026-05-26,SH600460,-0.1803083997076773,,,
EXP_DEnsembleModel_Alpha158_csi300_expanding_step40_s_20260112_22,5dfe27da14f64e55b157c5d6f03705b8,2026-05-26,SH600482,0.009827331250554587,,,
EXP_DEnsembleModel_Alpha158_csi300_expanding_step40_s_20260112_22,5dfe27da14f64e55b157c5d6f03705b8,2026-05-26,SH600489,-0.10698003743186185,,,
EXP_DEnsembleModel_Alpha158_csi300_expanding_step40_s_20260112_22,5dfe27da14f64e55b157c5d6f03705b8,2026-05-26,SH600515,0.0714968384362092,,,
EXP_DEnsembleModel_Alpha158_csi300_expanding_step40_s_20260112_22,5dfe27da14f64e55b157c5d6f03705b8,2026-05-26,SH600519,0.04974394098030195,,,
EXP_DEnsembleModel_Alpha158_csi300_expanding_step40_s_20260112_22,5dfe27da14f64e55b157c5d6f03705b8,2026-05-26,SH600522,0.17756063393739166,,,
EXP_DEnsembleModel_Alpha158_csi300_expanding_step40_s_20260112_22,5dfe27da14f64e55b157c5d6f03705b8,2026-05-26,SH600570,0.005679076940263291,,,
EXP_DEnsembleModel_Alpha158_csi300_expanding_step40_s_20260112_22,5dfe27da14f64e55b157c5d6f03705b8,2026-05-26,SH601901,0.0505946936165435,,,
EXP_DEnsembleModel_Alpha158_csi300_expanding_step40_s_20260112_22,5dfe27da14f64e55b157c5d6f03705b8,2026-05-26,SH601916,-0.03663623788086221,,,
EXP_DEnsembleModel_Alpha158_csi300_expanding_step40_s_20260112_22,5dfe27da14f64e55b157c5d6f03705b8,2026-05-26,SH601919,-0.003429576319915088,,,
EXP_DEnsembleModel_Alpha158_csi300_expanding_step40_s_20260112_22,5dfe27da14f64e55b157c5d6f03705b8,2026-05-26,SZ002422,0.10579091672495357,,,
EXP_DEnsembleModel_Alpha158_csi300_expanding_step40_s_20260112_22,5dfe27da14f64e55b157c5d6f03705b8,2026-05-26,SZ002459,-0.010235679370565274,,,
EXP_DEnsembleModel_Alpha158_csi300_expanding_step40_s_20260112_22,5dfe27da14f64e55b157c5d6f03705b8,2026-05-26,SZ002460,-0.02639558499874049,,,
EXP_DEnsembleModel_Alpha158_csi300_expanding_step40_s_20260112_22,5dfe27da14f64e55b157c5d6f03705b8,2026-05-26,SZ002463,-0.021864228020911956,,,
EXP_DEnsembleModel_Alpha158_csi300_expanding_step40_s_20260112_22,5dfe27da14f64e55b157c5d6f03705b8,2026-05-26,SZ002466,-0.1019654503099707,,,
EXP_DEnsembleModel_Alpha158_csi300_expanding_step40_s_20260112_22,5dfe27da14f64e55b157c5d6f03705b8,2026-05-26,SZ002475,-0.12731485252512667,,,
EXP_DEnsembleModel_Alpha158_csi300_expanding_step40_s_20260112_22,5dfe27da14f64e55b157c5d6f03705b8,2026-05-26,SZ002415,0.08493018162108258,,,
EXP_DEnsembleModel_Alpha158_csi300_expanding_step40_s_20260112_22,5dfe27da14f64e55b157c5d6f03705b8,2026-05-26,SZ002493,-0.028839066045957124,,,
EXP_DEnsembleModel_Alpha158_csi300_expanding_step40_s_20260112_22,5dfe27da14f64e55b157c5d6f03705b8,2026-05-26,SZ002600,0.09709427173656089,,,
EXP_DEnsembleModel_Alpha158_csi300_expanding_step40_s_20260112_22,5dfe27da14f64e55b157c5d6f03705b8,2026-05-26,SZ002601,0.008861370017767111,,,
EXP_DEnsembleModel_Alpha158_csi300_expanding_step40_s_20260112_22,5dfe27da14f64e55b157c5d6f03705b8,2026-05-26,SZ002625,0.11718328703600002,,,
EXP_DEnsembleModel_Alpha158_csi300_expanding_step40_s_20260112_22,5dfe27da14f64e55b157c5d6f03705b8,2026-05-26,SZ002648,-0.008070574084968793,,,
EXP_DEnsembleModel_Alpha158_csi300_expanding_step40_s_20260112_22,5dfe27da14f64e55b157c5d6f03705b8,2026-05-26,SZ002709,0.11127038153778435,,,
EXP_DEnsembleModel_Alpha158_csi300_expanding_step40_s_20260112_22,5dfe27da14f64e55b157c5d6f03705b8,2026-05-26,SZ002714,-0.041766938972744874,,,
EXP_DEnsembleModel_Alpha158_csi300_expanding_step40_s_20260112_22,5dfe27da14f64e55b157c5d6f03705b8,2026-05-26,SZ002594,-0.062371674296897196,,,
EXP_DEnsembleModel_Alpha158_csi300_expanding_step40_s_20260112_22,5dfe27da14f64e55b157c5d6f03705b8,2026-05-26,SZ002384,-0.21337828915624923,,,
EXP_DEnsembleModel_Alpha158_csi300_expanding_step40_s_20260112_22,5dfe27da14f64e55b157c5d6f03705b8,2026-05-26,SZ002371,0.05706618052992151,,,
EXP_DEnsembleModel_Alpha158_csi300_expanding_step40_s_20260112_22,5dfe27da14f64e55b157c5d6f03705b8,2026-05-26,SZ002352,-0.018046782123084703,,,
EXP_DEnsembleModel_Alpha158_csi300_expanding_step40_s_20260112_22,5dfe27da14f64e55b157c5d6f03705b8,2026-05-26,SZ001979,-0.0007917460859221175,,,
EXP_DEnsembleModel_Alpha158_csi300_expanding_step40_s_20260112_22,5dfe27da14f64e55b157c5d6f03705b8,2026-05-26,SZ002001,-0.07628884363292569,,,
EXP_DEnsembleModel_Alpha158_csi300_expanding_step40_s_20260112_22,5dfe27da14f64e55b157c5d6f03705b8,2026-05-26,SZ002027,0.004949287107928429,,,
EXP_DEnsembleModel_Alpha158_csi300_expanding_step40_s_20260112_22,5dfe27da14f64e55b157c5d6f03705b8,2026-05-26,SZ002028,0.24157080986541088,,,
EXP_DEnsembleModel_Alpha158_csi300_expanding_step40_s_20260112_22,5dfe27da14f64e55b157c5d6f03705b8,2026-05-26,SZ002049,-0.010257165237136462,,,
EXP_DEnsembleModel_Alpha158_csi300_expanding_step40_s_20260112_22,5dfe27da14f64e55b157c5d6f03705b8,2026-05-26,SZ002050,-0.13962973632807518,,,
EXP_DEnsembleModel_Alpha158_csi300_expanding_step40_s_20260112_22,5dfe27da14f64e55b157c5d6f03705b8,2026-05-26,SZ002074,-0.03497500586713965,,,
EXP_DEnsembleModel_Alpha158_csi300_expanding_step40_s_20260112_22,5dfe27da14f64e55b157c5d6f03705b8,2026-05-26,SZ002142,0.0012177202362207919,,,
EXP_DEnsembleModel_Alpha158_csi300_expanding_step40_s_20260112_22,5dfe27da14f64e55b157c5d6f03705b8,2026-05-26,SZ002179,0.11911442006708148,,,
EXP_DEnsembleModel_Alpha158_csi300_expanding_step40_s_20260112_22,5dfe27da14f64e55b157c5d6f03705b8,2026-05-26,SZ002230,0.09195314809413757,,,
EXP_DEnsembleModel_Alpha158_csi300_expanding_step40_s_20260112_22,5dfe27da14f64e55b157c5d6f03705b8,2026-05-26,SZ002236,0.06694478989085155,,,
EXP_DEnsembleModel_Alpha158_csi300_expanding_step40_s_20260112_22,5dfe27da14f64e55b157c5d6f03705b8,2026-05-26,SZ002241,0.11712695903269978,,,
EXP_DEnsembleModel_Alpha158_csi300_expanding_step40_s_20260112_22,5dfe27da14f64e55b157c5d6f03705b8,2026-05-26,SZ002252,0.050776475713164855,,,
EXP_DEnsembleModel_Alpha158_csi300_expanding_step40_s_20260112_22,5dfe27da14f64e55b157c5d6f03705b8,2026-05-26,SZ002304,0.06287525548386115,,,
EXP_DEnsembleModel_Alpha158_csi300_expanding_step40_s_20260112_22,5dfe27da14f64e55b157c5d6f03705b8,2026-05-26,SZ002311,0.04201642913268925,,,
EXP_DEnsembleModel_Alpha158_csi300_expanding_step40_s_20260112_22,5dfe27da14f64e55b157c5d6f03705b8,2026-05-26,SZ002736,-0.008599120593779099,,,
EXP_DEnsembleModel_Alpha158_csi300_expanding_step40_s_20260112_22,5dfe27da14f64e55b157c5d6f03705b8,2026-05-26,SZ002916,-0.24601862168693667,,,
EXP_DEnsembleModel_Alpha158_csi300_expanding_step40_s_20260112_22,5dfe27da14f64e55b157c5d6f03705b8,2026-05-26,SZ002920,-0.05706795932487522,,,
EXP_DEnsembleModel_Alpha158_csi300_expanding_step40_s_20260112_22,5dfe27da14f64e55b157c5d6f03705b8,2026-05-26,SZ002938,-0.1661016942104062,,,
EXP_DEnsembleModel_Alpha158_csi300_expanding_step40_s_20260112_22,5dfe27da14f64e55b157c5d6f03705b8,2026-05-26,SZ300498,0.06545356450938229,,,
EXP_DEnsembleModel_Alpha158_csi300_expanding_step40_s_20260112_22,5dfe27da14f64e55b157c5d6f03705b8,2026-05-26,SZ300502,0.009646619945408082,,,
EXP_DEnsembleModel_Alpha158_csi300_expanding_step40_s_20260112_22,5dfe27da14f64e55b157c5d6f03705b8,2026-05-26,SZ300628,0.1379344257988651,,,
EXP_DEnsembleModel_Alpha158_csi300_expanding_step40_s_20260112_22,5dfe27da14f64e55b157c5d6f03705b8,2026-05-26,SZ300661,-0.17797103672147221,,,
EXP_DEnsembleModel_Alpha158_csi300_expanding_step40_s_20260112_22,5dfe27da14f64e55b157c5d6f03705b8,2026-05-26,SZ300750,0.07077132169400861,,,
EXP_DEnsembleModel_Alpha158_csi300_expanding_step40_s_20260112_22,5dfe27da14f64e55b157c5d6f03705b8,2026-05-26,SZ300759,-0.0833205329463216,,,
EXP_DEnsembleModel_Alpha158_csi300_expanding_step40_s_20260112_22,5dfe27da14f64e55b157c5d6f03705b8,2026-05-26,SZ300760,-0.017234210531146897,,,
EXP_DEnsembleModel_Alpha158_csi300_expanding_step40_s_20260112_22,5dfe27da14f64e55b157c5d6f03705b8,2026-05-26,SZ300782,0.10930805812450269,,,
EXP_DEnsembleModel_Alpha158_csi300_expanding_step40_s_20260112_22,5dfe27da14f64e55b157c5d6f03705b8,2026-05-26,SZ300803,-0.011059457933069115,,,
EXP_DEnsembleModel_Alpha158_csi300_expanding_step40_s_20260112_22,5dfe27da14f64e55b157c5d6f03705b8,2026-05-26,SZ300832,0.09051930521407607,,,
EXP_DEnsembleModel_Alpha158_csi300_expanding_step40_s_20260112_22,5dfe27da14f64e55b157c5d6f03705b8,2026-05-26,SZ300866,0.038846124817169085,,,
EXP_DEnsembleModel_Alpha158_csi300_expanding_step40_s_20260112_22,5dfe27da14f64e55b157c5d6f03705b8,2026-05-26,SZ300896,0.03477016589910116,,,
EXP_DEnsembleModel_Alpha158_csi300_expanding_step40_s_20260112_22,5dfe27da14f64e55b157c5d6f03705b8,2026-05-26,SZ300979,0.057260599670249754,,,
EXP_DEnsembleModel_Alpha158_csi300_expanding_step40_s_20260112_22,5dfe27da14f64e55b157c5d6f03705b8,2026-05-26,SZ300999,0.02173704446170403,,,
EXP_DEnsembleModel_Alpha158_csi300_expanding_step40_s_20260112_22,5dfe27da14f64e55b157c5d6f03705b8,2026-05-26,SZ301236,0.18306568889622402,,,
EXP_DEnsembleModel_Alpha158_csi300_expanding_step40_s_20260112_22,5dfe27da14f64e55b157c5d6f03705b8,2026-05-26,SZ300476,-0.04084468312843306,,,
EXP_DEnsembleModel_Alpha158_csi300_expanding_step40_s_20260112_22,5dfe27da14f64e55b157c5d6f03705b8,2026-05-26,SZ001965,-0.046957050892181766,,,
EXP_DEnsembleModel_Alpha158_csi300_expanding_step40_s_20260112_22,5dfe27da14f64e55b157c5d6f03705b8,2026-05-26,SZ300442,0.04026276975579334,,,
EXP_DEnsembleModel_Alpha158_csi300_expanding_step40_s_20260112_22,5dfe27da14f64e55b157c5d6f03705b8,2026-05-26,SZ300418,0.0008964193218331278,,,
EXP_DEnsembleModel_Alpha158_csi300_expanding_step40_s_20260112_22,5dfe27da14f64e55b157c5d6f03705b8,2026-05-26,SZ003816,0.14860620299052507,,,
EXP_DEnsembleModel_Alpha158_csi300_expanding_step40_s_20260112_22,5dfe27da14f64e55b157c5d6f03705b8,2026-05-26,SZ300014,-0.008193676023429984,,,
EXP_DEnsembleModel_Alpha158_csi300_expanding_step40_s_20260112_22,5dfe27da14f64e55b157c5d6f03705b8,2026-05-26,SZ300015,-0.08329615241120307,,,
EXP_DEnsembleModel_Alpha158_csi300_expanding_step40_s_20260112_22,5dfe27da14f64e55b157c5d6f03705b8,2026-05-26,SZ300033,0.19308560507022315,,,
EXP_DEnsembleModel_Alpha158_csi300_expanding_step40_s_20260112_22,5dfe27da14f64e55b157c5d6f03705b8,2026-05-26,SZ300059,0.0090429897133398,,,
EXP_DEnsembleModel_Alpha158_csi300_expanding_step40_s_20260112_22,5dfe27da14f64e55b157c5d6f03705b8,2026-05-26,SZ300122,-0.0911308765893804,,,
EXP_DEnsembleModel_Alpha158_csi300_expanding_step40_s_20260112_22,5dfe27da14f64e55b157c5d6f03705b8,2026-05-26,SZ300124,-0.12146613786238243,,,
EXP_DEnsembleModel_Alpha158_csi300_expanding_step40_s_20260112_22,5dfe27da14f64e55b157c5d6f03705b8,2026-05-26,SZ300251,0.008169336520022363,,,
EXP_DEnsembleModel_Alpha158_csi300_expanding_step40_s_20260112_22,5dfe27da14f64e55b157c5d6f03705b8,2026-05-26,SZ300274,-0.10859986695289839,,,
EXP_DEnsembleModel_Alpha158_csi300_expanding_step40_s_20260112_22,5dfe27da14f64e55b157c5d6f03705b8,2026-05-26,SZ300308,-0.14996570437027146,,,
EXP_DEnsembleModel_Alpha158_csi300_expanding_step40_s_20260112_22,5dfe27da14f64e55b157c5d6f03705b8,2026-05-26,SZ300316,-0.09492830987551383,,,
EXP_DEnsembleModel_Alpha158_csi300_expanding_step40_s_20260112_22,5dfe27da14f64e55b157c5d6f03705b8,2026-05-26,SZ300347,0.10983029976124979,,,
EXP_DEnsembleModel_Alpha158_csi300_expanding_step40_s_20260112_22,5dfe27da14f64e55b157c5d6f03705b8,2026-05-26,SZ300394,0.06455314963899464,,,
EXP_DEnsembleModel_Alpha158_csi300_expanding_step40_s_20260112_22,5dfe27da14f64e55b157c5d6f03705b8,2026-05-26,SZ300408,-0.186546979124313,,,
EXP_DEnsembleModel_Alpha158_csi300_expanding_step40_s_20260112_22,5dfe27da14f64e55b157c5d6f03705b8,2026-05-26,SZ300413,0.021147572793685652,,,
EXP_DEnsembleModel_Alpha158_csi300_expanding_step40_s_20260112_22,5dfe27da14f64e55b157c5d6f03705b8,2026-05-26,SZ300433,-0.1336798504157073,,,
EXP_DEnsembleModel_Alpha158_csi300_expanding_step40_s_20260112_22,5dfe27da14f64e55b157c5d6f03705b8,2026-05-26,SZ001391,-0.13384167423357768,,,
EXP_DEnsembleModel_Alpha158_csi300_expanding_step40_s_20260112_22,5dfe27da14f64e55b157c5d6f03705b8,2026-05-26,SZ000999,-0.033252161118128364,,,
EXP_DEnsembleModel_Alpha158_csi300_expanding_step40_s_20260112_22,5dfe27da14f64e55b157c5d6f03705b8,2026-05-26,SZ000983,0.007403417241431989,,,
EXP_DEnsembleModel_Alpha158_csi300_expanding_step40_s_20260112_22,5dfe27da14f64e55b157c5d6f03705b8,2026-05-26,SH605499,-0.04556015490036299,,,
EXP_DEnsembleModel_Alpha158_csi300_expanding_step40_s_20260112_22,5dfe27da14f64e55b157c5d6f03705b8,2026-05-26,SH688008,-0.10751163260958749,,,
EXP_DEnsembleModel_Alpha158_csi300_expanding_step40_s_20260112_22,5dfe27da14f64e55b157c5d6f03705b8,2026-05-26,SH688009,0.008774545148598325,,,
EXP_DEnsembleModel_Alpha158_csi300_expanding_step40_s_20260112_22,5dfe27da14f64e55b157c5d6f03705b8,2026-05-26,SH688012,0.001754416844894304,,,
EXP_DEnsembleModel_Alpha158_csi300_expanding_step40_s_20260112_22,5dfe27da14f64e55b157c5d6f03705b8,2026-05-26,SH688036,0.13741404486223097,,,
EXP_DEnsembleModel_Alpha158_csi300_expanding_step40_s_20260112_22,5dfe27da14f64e55b157c5d6f03705b8,2026-05-26,SH688041,-0.25595296006386864,,,
EXP_DEnsembleModel_Alpha158_csi300_expanding_step40_s_20260112_22,5dfe27da14f64e55b157c5d6f03705b8,2026-05-26,SH688047,0.06455070155245167,,,
EXP_DEnsembleModel_Alpha158_csi300_expanding_step40_s_20260112_22,5dfe27da14f64e55b157c5d6f03705b8,2026-05-26,SH688082,-0.13421540661195475,,,
EXP_DEnsembleModel_Alpha158_csi300_expanding_step40_s_20260112_22,5dfe27da14f64e55b157c5d6f03705b8,2026-05-26,SH688111,-0.011894911439652026,,,
EXP_DEnsembleModel_Alpha158_csi300_expanding_step40_s_20260112_22,5dfe27da14f64e55b157c5d6f03705b8,2026-05-26,SH688126,-0.13959722818818396,,,
EXP_DEnsembleModel_Alpha158_csi300_expanding_step40_s_20260112_22,5dfe27da14f64e55b157c5d6f03705b8,2026-05-26,SH688169,0.17492286852067163,,,
EXP_DEnsembleModel_Alpha158_csi300_expanding_step40_s_20260112_22,5dfe27da14f64e55b157c5d6f03705b8,2026-05-26,SH688187,-0.17329377004607524,,,
EXP_DEnsembleModel_Alpha158_csi300_expanding_step40_s_20260112_22,5dfe27da14f64e55b157c5d6f03705b8,2026-05-26,SH688223,-0.048888213381036376,,,
EXP_DEnsembleModel_Alpha158_csi300_expanding_step40_s_20260112_22,5dfe27da14f64e55b157c5d6f03705b8,2026-05-26,SH688256,-0.0964628470671131,,,
EXP_DEnsembleModel_Alpha158_csi300_expanding_step40_s_20260112_22,5dfe27da14f64e55b157c5d6f03705b8,2026-05-26,SH688271,-0.07692337448727614,,,
EXP_DEnsembleModel_Alpha158_csi300_expanding_step40_s_20260112_22,5dfe27da14f64e55b157c5d6f03705b8,2026-05-26,SH605117,0.10429773459033286,,,
EXP_DEnsembleModel_Alpha158_csi300_expanding_step40_s_20260112_22,5dfe27da14f64e55b157c5d6f03705b8,2026-05-26,SH688303,-0.04901047763313357,,,
EXP_DEnsembleModel_Alpha158_csi300_expanding_step40_s_20260112_22,5dfe27da14f64e55b157c5d6f03705b8,2026-05-26,SH603993,0.05335466568736455,,,
EXP_DEnsembleModel_Alpha158_csi300_expanding_step40_s_20260112_22,5dfe27da14f64e55b157c5d6f03705b8,2026-05-26,SH603893,-0.11334509130061911,,,
EXP_DEnsembleModel_Alpha158_csi300_expanding_step40_s_20260112_22,5dfe27da14f64e55b157c5d6f03705b8,2026-05-26,SH601939,-0.14334782745323438,,,
EXP_DEnsembleModel_Alpha158_csi300_expanding_step40_s_20260112_22,5dfe27da14f64e55b157c5d6f03705b8,2026-05-26,SH601985,0.0041832157442543835,,,
EXP_DEnsembleModel_Alpha158_csi300_expanding_step40_s_20260112_22,5dfe27da14f64e55b157c5d6f03705b8,2026-05-26,SH601988,0.06503623314489729,,,
EXP_DEnsembleModel_Alpha158_csi300_expanding_step40_s_20260112_22,5dfe27da14f64e55b157c5d6f03705b8,2026-05-26,SH601995,0.09189225213607785,,,
EXP_DEnsembleModel_Alpha158_csi300_expanding_step40_s_20260112_22,5dfe27da14f64e55b157c5d6f03705b8,2026-05-26,SH601998,0.02341861144588882,,,
EXP_DEnsembleModel_Alpha158_csi300_expanding_step40_s_20260112_22,5dfe27da14f64e55b157c5d6f03705b8,2026-05-26,SH603019,0.07795157166741289,,,
EXP_DEnsembleModel_Alpha158_csi300_expanding_step40_s_20260112_22,5dfe27da14f64e55b157c5d6f03705b8,2026-05-26,SH603195,-0.062447857922197716,,,
EXP_DEnsembleModel_Alpha158_csi300_expanding_step40_s_20260112_22,5dfe27da14f64e55b157c5d6f03705b8,2026-05-26,SH603259,-0.0473972773686764,,,
EXP_DEnsembleModel_Alpha158_csi300_expanding_step40_s_20260112_22,5dfe27da14f64e55b157c5d6f03705b8,2026-05-26,SH603260,0.06739235039355858,,,
EXP_DEnsembleModel_Alpha158_csi300_expanding_step40_s_20260112_22,5dfe27da14f64e55b157c5d6f03705b8,2026-05-26,SH603288,0.033581747902178424,,,
EXP_DEnsembleModel_Alpha158_csi300_expanding_step40_s_20260112_22,5dfe27da14f64e55b157c5d6f03705b8,2026-05-26,SH603296,0.042345486764261926,,,
EXP_DEnsembleModel_Alpha158_csi300_expanding_step40_s_20260112_22,5dfe27da14f64e55b157c5d6f03705b8,2026-05-26,SH603369,0.032158166746395156,,,
EXP_DEnsembleModel_Alpha158_csi300_expanding_step40_s_20260112_22,5dfe27da14f64e55b157c5d6f03705b8,2026-05-26,SH603392,-0.07622967308697659,,,
EXP_DEnsembleModel_Alpha158_csi300_expanding_step40_s_20260112_22,5dfe27da14f64e55b157c5d6f03705b8,2026-05-26,SH603501,-0.11974227307705149,,,
EXP_DEnsembleModel_Alpha158_csi300_expanding_step40_s_20260112_22,5dfe27da14f64e55b157c5d6f03705b8,2026-05-26,SH603799,-0.0609884504337644,,,
EXP_DEnsembleModel_Alpha158_csi300_expanding_step40_s_20260112_22,5dfe27da14f64e55b157c5d6f03705b8,2026-05-26,SH603986,-0.3467719648807834,,,
EXP_XGBModel_Alpha158_csi300_expanding_step40_s_20260111_00,2f2d4eb181db4668bdbd3b6e264ca822,2026-05-26,SZ301269,-0.1725296527147293,,,
EXP_DEnsembleModel_Alpha158_csi300_expanding_step40_s_20260112_22,5dfe27da14f64e55b157c5d6f03705b8,2026-05-26,SH688396,0.006484174002811355,,,
EXP_DEnsembleModel_Alpha158_csi300_expanding_step40_s_20260112_22,5dfe27da14f64e55b157c5d6f03705b8,2026-05-26,SH688506,0.08438517995464992,,,
EXP_DEnsembleModel_Alpha158_csi300_expanding_step40_s_20260112_22,5dfe27da14f64e55b157c5d6f03705b8,2026-05-26,SZ000661,-0.014554696022837644,,,
EXP_DEnsembleModel_Alpha158_csi300_expanding_step40_s_20260112_22,5dfe27da14f64e55b157c5d6f03705b8,2026-05-26,SZ000708,0.04617755143882207,,,
EXP_DEnsembleModel_Alpha158_csi300_expanding_step40_s_20260112_22,5dfe27da14f64e55b157c5d6f03705b8,2026-05-26,SZ000725,-0.20707566671945318,,,
EXP_DEnsembleModel_Alpha158_csi300_expanding_step40_s_20260112_22,5dfe27da14f64e55b157c5d6f03705b8,2026-05-26,SZ000768,-0.029401493881706386,,,
EXP_DEnsembleModel_Alpha158_csi300_expanding_step40_s_20260112_22,5dfe27da14f64e55b157c5d6f03705b8,2026-05-26,SZ000776,0.039774520309173375,,,
EXP_DEnsembleModel_Alpha158_csi300_expanding_step40_s_20260112_22,5dfe27da14f64e55b157c5d6f03705b8,2026-05-26,SZ000786,0.18378751766369272,,,
EXP_DEnsembleModel_Alpha158_csi300_expanding_step40_s_20260112_22,5dfe27da14f64e55b157c5d6f03705b8,2026-05-26,SZ000792,-0.08366897450534488,,,
EXP_DEnsembleModel_Alpha158_csi300_expanding_step40_s_20260112_22,5dfe27da14f64e55b157c5d6f03705b8,2026-05-26,SZ000807,-0.0939813037122028,,,
EXP_DEnsembleModel_Alpha158_csi300_expanding_step40_s_20260112_22,5dfe27da14f64e55b157c5d6f03705b8,2026-05-26,SZ000858,-0.044013301594965526,,,
EXP_DEnsembleModel_Alpha158_csi300_expanding_step40_s_20260112_22,5dfe27da14f64e55b157c5d6f03705b8,2026-05-26,SZ000876,-0.11359712446377193,,,
EXP_DEnsembleModel_Alpha158_csi300_expanding_step40_s_20260112_22,5dfe27da14f64e55b157c5d6f03705b8,2026-05-26,SZ000895,0.08903585151772665,,,
EXP_DEnsembleModel_Alpha158_csi300_expanding_step40_s_20260112_22,5dfe27da14f64e55b157c5d6f03705b8,2026-05-26,SZ000938,0.1141137299501898,,,
EXP_DEnsembleModel_Alpha158_csi300_expanding_step40_s_20260112_22,5dfe27da14f64e55b157c5d6f03705b8,2026-05-26,SZ000963,-0.04606318538261402,,,
EXP_DEnsembleModel_Alpha158_csi300_expanding_step40_s_20260112_22,5dfe27da14f64e55b157c5d6f03705b8,2026-05-26,SZ000975,-0.13112325507208755,,,
EXP_DEnsembleModel_Alpha158_csi300_expanding_step40_s_20260112_22,5dfe27da14f64e55b157c5d6f03705b8,2026-05-26,SZ000977,0.05229022717252663,,,
EXP_DEnsembleModel_Alpha158_csi300_expanding_step40_s_20260112_22,5dfe27da14f64e55b157c5d6f03705b8,2026-05-26,SZ000651,0.006010699279802289,,,
EXP_DEnsembleModel_Alpha158_csi300_expanding_step40_s_20260112_22,5dfe27da14f64e55b157c5d6f03705b8,2026-05-26,SH688472,0.003656871068467797,,,
EXP_DEnsembleModel_Alpha158_csi300_expanding_step40_s_20260112_22,5dfe27da14f64e55b157c5d6f03705b8,2026-05-26,SZ000630,0.024218919041936723,,,
EXP_DEnsembleModel_Alpha158_csi300_expanding_step40_s_20260112_22,5dfe27da14f64e55b157c5d6f03705b8,2026-05-26,SZ000617,-0.043725479438444015,,,
EXP_DEnsembleModel_Alpha158_csi300_expanding_step40_s_20260112_22,5dfe27da14f64e55b157c5d6f03705b8,2026-05-26,SH688981,-0.059479340101943376,,,
EXP_DEnsembleModel_Alpha158_csi300_expanding_step40_s_20260112_22,5dfe27da14f64e55b157c5d6f03705b8,2026-05-26,SZ000001,-0.03444017304823788,,,
EXP_DEnsembleModel_Alpha158_csi300_expanding_step40_s_20260112_22,5dfe27da14f64e55b157c5d6f03705b8,2026-05-26,SZ000002,0.11336193407309042,,,
EXP_DEnsembleModel_Alpha158_csi300_expanding_step40_s_20260112_22,5dfe27da14f64e55b157c5d6f03705b8,2026-05-26,SZ000063,0.056807892885643196,,,
EXP_DEnsembleModel_Alpha158_csi300_expanding_step40_s_20260112_22,5dfe27da14f64e55b157c5d6f03705b8,2026-05-26,SZ000100,-0.011661275971071437,,,
EXP_DEnsembleModel_Alpha158_csi300_expanding_step40_s_20260112_22,5dfe27da14f64e55b157c5d6f03705b8,2026-05-26,SZ000157,-0.1206579640943263,,,
EXP_DEnsembleModel_Alpha158_csi300_expanding_step40_s_20260112_22,5dfe27da14f64e55b157c5d6f03705b8,2026-05-26,SZ000166,0.0014275925249609617,,,
EXP_DEnsembleModel_Alpha158_csi300_expanding_step40_s_20260112_22,5dfe27da14f64e55b157c5d6f03705b8,2026-05-26,SZ000301,0.00738813151501135,,,
EXP_DEnsembleModel_Alpha158_csi300_expanding_step40_s_20260112_22,5dfe27da14f64e55b157c5d6f03705b8,2026-05-26,SZ000333,0.027339092488271533,,,
EXP_DEnsembleModel_Alpha158_csi300_expanding_step40_s_20260112_22,5dfe27da14f64e55b157c5d6f03705b8,2026-05-26,SZ000338,-0.009899076540747016,,,
EXP_DEnsembleModel_Alpha158_csi300_expanding_step40_s_20260112_22,5dfe27da14f64e55b157c5d6f03705b8,2026-05-26,SZ000408,0.02139489096087691,,,
EXP_DEnsembleModel_Alpha158_csi300_expanding_step40_s_20260112_22,5dfe27da14f64e55b157c5d6f03705b8,2026-05-26,SZ000425,0.11136705399821313,,,
EXP_DEnsembleModel_Alpha158_csi300_expanding_step40_s_20260112_22,5dfe27da14f64e55b157c5d6f03705b8,2026-05-26,SZ000538,0.03362991348193271,,,
EXP_DEnsembleModel_Alpha158_csi300_expanding_step40_s_20260112_22,5dfe27da14f64e55b157c5d6f03705b8,2026-05-26,SZ000568,0.07020331940929944,,,
EXP_DEnsembleModel_Alpha158_csi300_expanding_step40_s_20260112_22,5dfe27da14f64e55b157c5d6f03705b8,2026-05-26,SZ000596,0.20871753228147774,,,
EXP_DEnsembleModel_Alpha158_csi300_expanding_step40_s_20260112_22,5dfe27da14f64e55b157c5d6f03705b8,2026-05-26,SZ000625,0.09175805972618742,,,
EXP_XGBModel_Alpha158_csi300_expanding_step40_s_20260111_00,2f2d4eb181db4668bdbd3b6e264ca822,2026-05-26,SZ302132,-0.19412115216255188,,,
