instrument,avg_score,pos_ratio,real_label,datetime,KMID,KLEN,KMID2,KUP,KUP2,KLOW,KLOW2,KSFT,KSFT2,OPEN0,HIGH0,LOW0,VWAP0,ROC5,ROC10,ROC20,ROC30,ROC60,MA5,MA10,MA20,MA30,MA60,STD5,STD10,STD20,STD30,STD60,BETA5,BETA10,BETA20,BETA30,BETA60,RSQR5,RSQR10,RSQR20,RSQR30,RSQR60,RESI5,RESI10,RESI20,RESI30,RESI60,MAX5,MAX10,MAX20,MAX30,MAX60,MIN5,MIN10,MIN20,MIN30,MIN60,QTLU5,QTLU10,QTLU20,QTLU30,QTLU60,QTLD5,QTLD10,QTLD20,QTLD30,QTLD60,RANK5,RANK10,RANK20,RANK30,RANK60,RSV5,RSV10,RSV20,RSV30,RSV60,IMAX5,IMAX10,IMAX20,IMAX30,IMAX60,IMIN5,IMIN10,IMIN20,IMIN30,IMIN60,IMXD5,IMXD10,IMXD20,IMXD30,IMXD60,CORR5,CORR10,CORR20,CORR30,CORR60,CORD5,CORD10,CORD20,CORD30,CORD60,CNTP5,CNTP10,CNTP20,CNTP30,CNTP60,CNTN5,CNTN10,CNTN20,CNTN30,CNTN60,CNTD5,CNTD10,CNTD20,CNTD30,CNTD60,SUMP5,SUMP10,SUMP20,SUMP30,SUMP60,SUMN5,SUMN10,SUMN20,SUMN30,SUMN60,SUMD5,SUMD10,SUMD20,SUMD30,SUMD60,VMA5,VMA10,VMA20,VMA30,VMA60,VSTD5,VSTD10,VSTD20,VSTD30,VSTD60,WVMA5,WVMA10,WVMA20,WVMA30,WVMA60,VSUMP5,VSUMP10,VSUMP20,VSUMP30,VSUMP60,VSUMN5,VSUMN10,VSUMN20,VSUMN30,VSUMN60,VSUMD5,VSUMD10,VSUMD20,VSUMD30,VSUMD60
SH600999,0.148886058182663,1.0,,2026-05-29,-0.0064327265,0.029824536,-0.21568571,0.021052608,0.70588213,0.0023392024,0.07843214,-0.025146132,-0.8431357,1.0064744,1.0276632,0.9976457,1.0082258,1.0205991,0.929374,0.9205457,0.9371321,0.9695024,1.0270733,1.012199,0.9761369,0.956697,0.9419743,0.023369892,0.029791461,0.04306085,0.045058697,0.03747325,-0.01054039,0.005389371,0.006305894,0.004362377,0.0011466984,0.5085574,0.29998806,0.75057864,0.72642505,0.28559825,-0.0059925076,-0.036451183,-0.036042944,-0.019951427,0.024198106,1.0800445,1.0800445,1.0800445,1.0800445,1.0800445,0.9976457,0.94296306,0.91535455,0.897698,0.8787052,1.0480471,1.0333868,1.0216693,1.0040663,0.9519529,1.0051365,0.9968432,0.94034237,0.9204387,0.9151953,0.2,0.3,0.65,0.76666665,0.8833333,0.02857258,0.41608074,0.5139686,0.5610308,0.6024398,0.6,0.8,0.9,0.93333334,0.96666664,1.0,0.1,0.05,0.26666668,0.25,-0.4,0.7,0.85,0.6666667,0.71666664,0.2143743,0.12757513,0.72868866,0.7297393,0.70797414,0.0037290074,0.41066802,0.40968418,0.2722609,0.17724435,0.4,0.6,0.6,0.5,0.48333332,0.6,0.4,0.4,0.46666667,0.48333332,-0.2,0.2,0.2,0.033333335,0.0,0.37620634,0.6907514,0.6507614,0.6005132,0.52519894,0.62379366,0.30924863,0.3492386,0.39948678,0.47480106,-0.24758734,0.38150272,0.3015228,0.20102644,0.05039788,1.1582099,1.3214452,0.97170013,0.7963481,0.59953135,0.19278233,0.4361243,0.48501942,0.479658,0.4083507,1.007999,0.75013936,1.1031132,1.3549601,1.4750371,0.41913188,0.55103046,0.51114964,0.5399715,0.5140205,0.5808681,0.44896957,0.48885036,0.4600285,0.48597953,-0.16173626,0.10206087,0.022299305,0.07994298,0.028040947
SH600570,0.1279535246796375,1.0,,2026-05-29,-0.026474154,0.036903307,-0.71739244,0.009626946,0.26086947,0.00080220617,0.021738056,-0.035298895,-0.9565239,1.0271941,1.0370828,0.99917597,1.0174215,1.0642772,1.0758147,1.0770451,1.1095983,1.1928314,1.0430137,1.0652221,1.0910361,1.0913863,1.0928769,0.032598544,0.033932257,0.039635606,0.0325081,0.037135076,-0.020354876,-0.010390599,-0.00518877,-0.0016418903,-0.0006543225,0.97472143,0.85954195,0.5998269,0.19770002,0.09469236,-0.0023038893,-0.018464508,-0.041742716,-0.06757889,-0.07357443,1.086529,1.1326725,1.1569835,1.1569835,1.2047789,0.98886967,0.98886967,0.98886967,0.98886967,0.98886967,1.0725139,1.0899042,1.1286364,1.112068,1.1294583,1.0181248,1.0394685,1.0698764,1.076799,1.0613079,0.2,0.1,0.05,0.033333335,0.016666668,0.11397126,0.07740007,0.066207275,0.066207275,0.0515511,0.2,0.4,0.3,0.53333336,0.016666668,0.8,0.9,0.95,0.96666664,0.98333335,-0.6,-0.5,-0.65,-0.43333334,-0.96666664,-0.52996147,-0.48678112,0.11427207,0.0853783,0.25512114,-0.18055677,-0.1205066,0.22424738,0.2988683,0.26364377,0.2,0.3,0.4,0.4,0.45,0.8,0.7,0.55,0.56666666,0.53333336,-0.6,-0.4,-0.15,-0.16666667,-0.083333336,0.14547068,0.27338585,0.38059315,0.3773057,0.40217116,0.8545293,0.7266142,0.6194068,0.6226943,0.5978288,-0.70905864,-0.45322832,-0.23881368,-0.24538863,-0.19565766,1.0310382,0.98323107,1.043529,0.9164182,0.83245826,0.23416783,0.23523898,0.254018,0.28017417,0.28188366,0.53741497,0.49986553,0.6601089,0.73654896,0.95031625,0.48673987,0.49284405,0.53402907,0.5175677,0.48580384,0.5132601,0.50715595,0.4659709,0.48243228,0.51419616,-0.02652027,-0.0143119255,0.06805818,0.035135426,-0.0283923
SH601111,0.12260010696774223,1.0,,2026-05-29,-0.004385969,0.032163743,-0.13636376,0.027777776,0.86363626,0.0,0.0,-0.032163743,-1.0,1.0044053,1.0323055,1.0,1.0192707,0.9807692,0.98974353,0.9782051,1.0141026,1.1884614,1.008205,0.99615383,1.0097436,1.0113674,1.0259615,0.0121490825,0.01673774,0.027264407,0.025917465,0.044035878,-0.0066666566,0.0031390854,-0.0012415658,-0.0007940441,-0.0013764151,0.75278187,0.32242155,0.07257974,0.07274546,0.29797882,0.0051282197,-0.010279694,0.0020513192,0.00014615778,0.014642744,1.0335395,1.0335395,1.083729,1.083729,1.18778,0.98331624,0.9606046,0.9606046,0.9606046,0.9360686,1.0197436,1.0089743,1.0317948,1.0317948,1.0551282,0.99871796,0.98282045,0.9879487,0.9879487,0.9917949,0.4,0.7,0.5,0.43333334,0.31666666,0.33219102,0.540144,0.3199641,0.3199641,0.25398687,0.4,0.7,0.25,0.5,0.016666668,0.8,0.1,0.55,0.7,0.25,-0.4,0.6,-0.3,-0.2,-0.23333333,0.3962068,0.5362996,0.31436574,0.362518,0.37584108,0.7456719,0.51819307,0.3020297,0.35703138,0.31793493,0.6,0.5,0.55,0.5,0.4,0.4,0.5,0.45,0.5,0.6,0.2,0.0,0.1,0.0,-0.2,0.6271185,0.5322583,0.530466,0.48548815,0.41522497,0.37288144,0.46774176,0.46953398,0.5145118,0.58477503,0.2542371,0.064516515,0.06093206,-0.029023686,-0.16955008,0.90083873,0.7635162,0.7369813,0.67747855,0.71758825,0.22692458,0.25013787,0.2675893,0.2520515,0.28346995,1.2105252,1.003871,1.0041965,1.0435859,1.2384945,0.62418187,0.49820077,0.5588153,0.5330216,0.49949,0.37581813,0.5017992,0.44118467,0.46697837,0.50051,0.24836375,-0.0035984626,0.11763065,0.06604324,-0.001019999
SH600018,0.11416136009000545,0.875,,2026-05-29,0.023952013,0.025948077,0.9230747,0.0019960634,0.07692529,0.0,0.0,0.02195595,0.84614944,0.9766083,1.0019494,0.9766083,0.99460924,0.99653983,0.9942331,0.9550174,0.97462523,1.0,0.9886967,0.9920415,0.99071515,0.9803538,0.98667824,0.008090247,0.007831235,0.010292388,0.017611079,0.016995879,0.00069204584,-0.0008178651,0.0005159953,0.001459265,-0.00026359348,0.01829305,0.099980235,0.08796852,0.5321059,0.07336382,0.009919222,0.011638842,0.0043828976,-0.001513097,0.021097764,1.0019494,1.0067369,1.0067369,1.0067369,1.023228,0.9766083,0.9766083,0.954133,0.9472213,0.9472213,0.99261826,0.99723184,0.9970012,0.99653983,1.0,0.98200697,0.98546714,0.98546714,0.9614764,0.9734718,1.0,0.9,0.9,0.93333334,0.80833334,0.9230747,0.77639484,0.87193125,0.8868042,0.6943946,1.0,0.4,0.7,0.8,0.016666668,1.0,1.0,0.05,0.33333334,0.6666667,0.0,-0.6,0.65,0.46666667,-0.65,0.68225425,0.61667883,0.26564822,0.46401682,0.44125324,0.80137706,0.747234,0.59181654,0.26629224,-0.023201294,0.2,0.3,0.4,0.36666667,0.4,0.6,0.6,0.45,0.53333336,0.53333336,-0.4,-0.3,-0.05,-0.16666667,-0.13333334,0.5454543,0.53623146,0.6666667,0.5662649,0.5,0.4545457,0.46376857,0.33333334,0.43373507,0.5,0.090908594,0.07246286,0.33333334,0.13252988,0.0,0.6760195,0.70340484,0.7684103,0.7023749,0.797593,0.18654922,0.15539804,0.20180488,0.24101268,0.37658367,1.3240907,1.0837271,1.0632193,1.0568532,1.321553,0.7307535,0.5202739,0.5850172,0.5507525,0.47442025,0.26924652,0.47972605,0.4149828,0.44924748,0.52557975,0.46150696,0.040547896,0.1700344,0.10150506,-0.05115951
SZ002230,0.0945348161935711,0.875,,2026-05-29,-0.035441022,0.053161494,-0.6666672,0.015908193,0.29924276,0.001812277,0.034090035,-0.04953694,-0.9318199,1.0367433,1.053236,0.99812114,1.0260454,0.9885144,0.98413455,1.0265242,1.0089742,1.1340296,1.0238472,1.0137614,1.0168709,1.0175465,1.0228608,0.017916547,0.01977069,0.02129014,0.018982634,0.043187264,-0.0035100142,0.0014567949,-0.00048322484,-8.7445216e-05,-0.0009607938,0.09595092,0.049769662,0.01803057,0.0016446022,0.15095545,-0.016827228,-0.020316921,-0.012280247,-0.016278535,0.0054826606,1.0645155,1.0645155,1.0645155,1.0645155,1.1442629,0.9897804,0.9764059,0.9764059,0.9764059,0.9469707,1.0323681,1.0261842,1.0347816,1.0331123,1.0547451,1.0130354,0.9977029,0.99724346,0.99954057,0.9855618,0.2,0.3,0.3,0.23333333,0.35,0.13674374,0.2677812,0.2677812,0.2677812,0.26878572,0.6,0.8,0.9,0.93333334,0.016666668,0.2,0.5,0.75,0.8333333,0.33333334,0.4,0.3,0.15,0.1,-0.31666666,0.6616284,0.67003226,0.49059826,0.29923755,0.2533467,0.9299043,0.49961933,0.37940806,0.38994554,0.3926098,0.6,0.6,0.5,0.53333336,0.5,0.4,0.4,0.5,0.46666667,0.5,0.2,0.2,0.0,0.06666667,0.0,0.5523887,0.5408581,0.46397072,0.49061075,0.4292939,0.44761124,0.4591419,0.5360293,0.5093893,0.57070607,0.10477751,0.0817162,-0.07205855,-0.018778533,-0.14141218,1.0765183,0.88692135,0.8254002,0.7190905,0.59480083,0.28473657,0.2903405,0.22648072,0.24076118,0.23667724,0.3236124,0.5674799,0.6827517,0.81440365,0.99243283,0.6525105,0.5582695,0.56546193,0.55405194,0.5126689,0.34748948,0.4417305,0.43453807,0.44594803,0.48733112,0.30502108,0.11653901,0.13092384,0.10810392,0.025337774
SH601988,0.09444500197673726,1.0,,2026-05-29,0.010344783,0.025862047,0.3999986,0.008620722,0.3333349,0.006896542,0.2666665,0.008620602,0.3333302,0.9897611,1.0085324,0.9829352,0.99822974,1.0,0.988111,0.99141353,0.9782035,0.90620875,1.0011889,0.99517834,0.98662484,0.98894763,0.9690335,0.006980701,0.010383157,0.012319398,0.011746368,0.03083557,-0.0031703992,0.0016692679,0.001527099,0.0001348915,0.0013860632,0.5156676,0.23692161,0.5378033,0.0102202995,0.6162571,0.005151882,-0.0026900582,-0.0011323021,0.009096444,-0.009922356,1.0208719,1.0208719,1.0208719,1.0208719,1.0208719,0.9829352,0.96619374,0.9576674,0.9576674,0.90087044,1.0075297,1.001453,0.9989432,0.9989432,0.9936592,0.99722594,0.9896962,0.97397625,0.97886395,0.9375165,0.6,0.75,0.875,0.85,0.875,0.44982317,0.6182776,0.66977215,0.66977215,0.8260698,0.6,0.8,0.9,0.93333334,0.96666664,1.0,0.4,0.3,0.53333336,0.033333335,-0.4,0.4,0.6,0.4,0.93333334,-0.0035533553,0.5186574,0.6436244,0.30543807,-0.057473682,0.27272928,0.6159879,0.47376952,0.5478678,0.45335552,0.6,0.6,0.45,0.43333334,0.48333332,0.4,0.3,0.45,0.46666667,0.41666666,0.2,0.3,0.0,-0.033333335,0.06666667,0.5,0.56617635,0.5314008,0.5507692,0.5969945,0.5,0.43382365,0.46859923,0.4492308,0.40300545,0.0,0.1323527,0.062801555,0.10153844,0.19398908,0.82419914,0.7964978,0.73196787,0.6677175,0.75234413,0.11032997,0.14088145,0.14572796,0.16146113,0.26403284,0.50819826,0.7020524,0.82009596,0.8884835,1.383496,0.5654352,0.5607346,0.5834394,0.5541569,0.51352084,0.43456486,0.4392654,0.41656062,0.4458431,0.48647916,0.13087031,0.121469215,0.16687877,0.10831383,0.027041651
SH601985,0.08051062797256861,0.75,,2026-05-29,0.024943402,0.036281206,0.687502,0.007936429,0.21874769,0.003401373,0.093750276,0.020408345,0.56250465,0.9756636,1.0077432,0.97234505,0.99462706,0.96399635,1.0117011,1.0063006,0.96309626,0.9585958,0.9760576,0.9830783,0.9943294,0.9916591,0.99009895,0.014296995,0.020179328,0.019900998,0.019162346,0.020217847,0.0072907214,-0.0028148238,-0.0017121991,3.9249077e-05,4.1115745e-05,0.650117,0.17836122,0.2590758,0.00032513464,0.001261381,0.0093609765,0.029588435,0.021936502,0.0077717705,0.008688126,1.0077432,1.0240232,1.031355,1.031355,1.0445751,0.96047026,0.95846254,0.95846254,0.9579774,0.9426929,0.9827182,1.00036,1.0127813,1.0063006,1.0073807,0.9677768,0.9663366,0.96849686,0.9692168,0.96849686,1.0,0.8,0.575,0.6166667,0.6333333,0.83620065,0.63357365,0.5698453,0.572689,0.562484,1.0,0.2,0.4,0.6,0.28333333,0.6,0.5,0.75,0.1,0.033333335,0.4,-0.3,-0.35,0.5,0.25,0.8888196,0.32676443,0.35248843,0.43588683,0.50223154,0.5477482,0.29220575,0.33139008,0.36523628,0.4590201,0.6,0.4,0.5,0.53333336,0.51666665,0.2,0.5,0.4,0.4,0.45,0.4,-0.1,0.1,0.13333334,0.06666667,0.91666585,0.45454574,0.48547724,0.56269115,0.5363924,0.08333414,0.54545426,0.51452273,0.43730882,0.46360758,0.8333317,-0.0909085,-0.029045511,0.12538236,0.07278484,0.6273507,0.6571861,0.6821755,0.67439044,0.81226254,0.22812375,0.1853803,0.1427353,0.1422032,0.36307248,1.2597579,0.9615871,0.9665199,0.94137806,1.0349334,0.7619169,0.59670764,0.54905474,0.570701,0.49088988,0.23808315,0.40329233,0.45094523,0.42929897,0.50911015,0.5238337,0.19341534,0.09810954,0.14140207,-0.018220268
SZ002236,0.07773045078757096,1.0,,2026-05-29,-0.039700795,0.04833144,-0.82142794,0.0063291825,0.13095373,0.0023014615,0.047618315,-0.043728516,-0.9047634,1.0413421,1.047933,0.9976034,1.0125936,1.0482445,1.0271147,1.0629165,1.0705494,1.1040006,1.0454215,1.0473019,1.0556375,1.0675132,1.0465709,0.02785566,0.02068398,0.021180488,0.027522268,0.03827119,-0.015458345,-0.0027351973,-0.0022114962,-0.0025013308,0.0004497102,0.7699084,0.16029522,0.38156494,0.6401408,0.04211351,-0.014504828,-0.034993477,-0.034628216,-0.031243881,-0.059837356,1.0964742,1.0964742,1.1069375,1.1374557,1.1374557,0.9976034,0.9976034,0.9976034,0.9976034,0.95962274,1.0635151,1.0635029,1.0738328,1.0855727,1.073016,1.0297269,1.0359713,1.0380406,1.047188,1.0099542,0.2,0.1,0.05,0.033333335,0.2,0.024239799,0.024239799,0.021920035,0.017136717,0.22705154,0.6,0.8,0.1,0.06666667,0.53333336,1.0,1.0,1.0,1.0,0.25,-0.4,-0.2,-0.9,-0.93333334,0.28333333,-0.5647853,-0.45443708,0.08014352,0.47388473,0.6497153,0.2888405,-0.13882633,0.065133326,0.2733561,0.13052055,0.4,0.5,0.5,0.43333334,0.48333332,0.6,0.5,0.5,0.53333336,0.5,-0.2,0.0,0.0,-0.1,-0.016666668,0.21136518,0.42206433,0.4020815,0.4219834,0.44027272,0.78863484,0.5779357,0.5979185,0.57801664,0.5597273,-0.5772696,-0.15587135,-0.19583699,-0.15603325,-0.119454585,0.93809783,0.8832891,0.9571662,1.0132298,0.81982595,0.19183093,0.15495932,0.19508557,0.31351924,0.34144366,0.92332613,0.7125323,0.6961332,0.904265,1.0884268,0.69554895,0.5318335,0.53000224,0.4870719,0.49751073,0.30445108,0.46816647,0.46999776,0.5129281,0.50248927,0.39109784,0.06366707,0.06000449,-0.025856227,-0.0049785418
SZ002594,0.07541027550200721,0.875,,2026-05-29,-0.02750249,0.034074865,-0.80711955,0.006066797,0.17804316,0.0005055794,0.014837311,-0.033063706,-0.97032535,1.0282803,1.0345186,0.9994801,1.0119958,0.9747341,1.001255,1.0551225,1.0794306,1.0063412,0.9977013,0.9886948,1.0157226,1.0312339,1.0420294,0.0050702365,0.012581129,0.03409873,0.036962207,0.039712038,-0.00024110833,0.002194814,-0.0047746263,-0.003637417,-0.00069690053,0.0056533776,0.27897653,0.68623114,0.7505369,0.093928434,0.0027809108,0.0014285771,0.029636318,0.021508649,-0.021470848,1.0345186,1.0345186,1.0983735,1.1018022,1.162628,0.9776604,0.9628813,0.9628813,0.9628813,0.9628813,1.0007728,0.9985204,1.0443358,1.0652288,1.0736971,0.9955215,0.9742387,0.98854613,0.997556,0.9996301,0.8,0.9,0.45,0.3,0.21666667,0.39289978,0.5181472,0.27395418,0.26719287,0.18582863,1.0,1.0,0.05,0.06666667,0.25,0.8,0.5,0.75,0.8333333,0.9166667,0.2,0.5,-0.7,-0.76666665,-0.6666667,0.34075195,0.24163766,0.7172476,0.5672194,0.5320246,0.3665548,0.075958274,0.45002922,0.5000379,0.63187236,0.8,0.7,0.5,0.43333334,0.43333334,0.2,0.3,0.5,0.56666666,0.56666666,0.6,0.4,0.0,-0.13333334,-0.13333334,0.73861504,0.49471036,0.39616767,0.40161988,0.4966876,0.26138493,0.5052896,0.6038323,0.59838015,0.5033124,0.4772301,-0.010579269,-0.20766465,-0.19676024,-0.0066248206,0.684737,0.62413657,0.74723864,0.7437599,0.9483599,0.18502796,0.15338646,0.29215544,0.25543332,0.41789472,0.77299166,0.82705337,1.3295707,1.1922082,1.313818,0.8243921,0.5732784,0.5402413,0.5068802,0.4675436,0.1756079,0.4267216,0.4597587,0.49311978,0.5324564,0.64878416,0.1465568,0.08048259,0.013760448,-0.06491278
SH600795,0.0745405643169631,0.75,,2026-05-29,0.023856902,0.033797223,0.7058835,0.0039761276,0.11764659,0.0059641916,0.17646988,0.025844965,0.76470685,0.976699,1.0038835,0.9708738,0.9948664,0.9514588,0.9553421,0.9553421,0.9359256,0.96505034,0.97204024,0.9679628,0.95990497,0.9563776,0.9590637,0.016046522,0.018963538,0.019439718,0.017334664,0.021372756,0.007960757,0.0015180176,0.0019022322,0.0011049474,-0.00025405674,0.6153,0.05873897,0.33513144,0.31488654,0.043096323,0.01203822,0.025206119,0.022023836,0.027600633,0.048430994,1.0038835,1.0038835,1.0038835,1.0038835,1.0252434,0.94563293,0.9378665,0.91650885,0.91650885,0.91262573,0.97670025,0.97670025,0.96932197,0.963497,0.9755352,0.96272033,0.9530121,0.9491288,0.9467988,0.9398089,1.0,0.9,0.95,0.96666664,0.96666664,0.93333143,0.9411745,0.95555365,0.95555365,0.77584904,1.0,1.0,1.0,1.0,0.15,0.6,0.5,0.1,0.4,0.41666666,0.4,0.5,0.9,0.6,-0.26666668,0.7868964,0.75986105,0.65951973,0.67592514,0.71752816,-0.23904742,0.70088273,0.559409,0.5830655,0.49177173,0.8,0.5,0.5,0.5,0.45,0.2,0.4,0.45,0.46666667,0.51666665,0.6,0.1,0.05,0.033333335,-0.06666667,0.9310347,0.6385543,0.5782313,0.5873016,0.5245897,0.068965316,0.36144575,0.42176872,0.41269842,0.47541028,0.86206937,0.2771085,0.15646257,0.1746032,0.04917946,0.5857932,0.5486333,0.49599037,0.4266626,0.4196828,0.29975235,0.25452322,0.19475457,0.18968745,0.16955651,1.417708,1.3315457,1.3106023,1.4615309,1.3028886,0.93743986,0.6572787,0.61815304,0.61757976,0.5316522,0.06256013,0.34272128,0.381847,0.38242027,0.46834776,0.8748797,0.3145574,0.23630603,0.23515947,0.063304454
SH601398,0.0704347784839013,1.0,,2026-05-29,0.027026989,0.032716885,0.8260868,0.0,0.0,0.005689897,0.17391317,0.032716885,1.0,0.97368425,1.0,0.96814406,0.9887155,0.99457705,1.0032538,1.0195228,1.0097615,0.94251627,0.9899132,0.99246204,0.9995662,1.0062003,0.9993583,0.0096065225,0.008364056,0.010097481,0.013279513,0.020232063,-0.0006507671,-0.0010747437,-0.0011938747,-0.0012002974,0.0004268329,0.011472519,0.15135173,0.48928228,0.63316244,0.13574857,0.011388297,0.01237429,0.011775629,0.0112040015,-0.011949871,1.0018061,1.0115077,1.0208658,1.039575,1.0436273,0.96814406,0.96814406,0.96814406,0.96814406,0.9357695,0.9956616,0.99696314,1.0100868,1.0170282,1.0155097,0.98416483,0.98731023,0.9929501,0.99457705,0.98546636,1.0,0.9,0.5,0.33333334,0.45,0.94634384,0.7346214,0.6042272,0.445968,0.5955112,0.2,0.2,0.05,0.16666667,0.36666667,1.0,1.0,1.0,1.0,0.016666668,-0.8,-0.8,-0.95,-0.8333333,0.35,0.08870503,0.009386621,0.23895551,-0.25238714,-0.13331522,0.545363,0.43251464,-0.046504203,0.11813138,0.12208194,0.4,0.5,0.5,0.5,0.53333336,0.6,0.5,0.5,0.46666667,0.41666666,-0.2,0.0,0.0,0.033333335,0.11666667,0.5581388,0.48170716,0.43793115,0.47867292,0.5560254,0.44186118,0.51829284,0.5620688,0.5213271,0.4439746,0.116277635,-0.036585703,-0.1241377,-0.042654157,0.11205078,0.69231874,0.67338085,0.7409915,0.68177503,0.7702597,0.19657087,0.13703837,0.14394501,0.15036464,0.22752082,1.2653997,1.0988029,0.9383438,0.9362934,1.1296278,0.8335705,0.65886104,0.6160583,0.56584585,0.5009582,0.1664295,0.34113896,0.3839417,0.43415415,0.49904177,0.667141,0.31772208,0.23211661,0.13169171,0.0019164495
SH601058,0.06646407547259416,1.0,,2026-05-29,0.0023810011,0.028571472,0.083334915,0.019047603,0.6666651,0.007142868,0.25,-0.0095237335,-0.33333015,0.99762464,1.0190023,0.9904988,1.0043141,1.0126116,1.0158708,1.14808,1.0569646,1.2145387,1.0229275,1.0109819,1.0407467,1.0568135,1.0730102,0.024958363,0.022011882,0.042653408,0.04350704,0.049597446,-0.013277595,0.0022973155,-0.00568294,-0.003777724,-0.0018056594,0.70753294,0.099847764,0.62130773,0.5843097,0.40425265,0.0036276218,-0.02131989,0.013241187,-0.0020365375,-0.019743264,1.0561639,1.0561639,1.1487516,1.1639155,1.2169403,0.9833886,0.97547805,0.97547805,0.97547805,0.97547805,1.0403004,1.0314581,1.0872325,1.0912852,1.103585,0.9988947,0.9957205,0.9992064,1.0111946,1.0294175,0.4,0.5,0.25,0.16666667,0.083333336,0.22825578,0.30391908,0.1415217,0.1301332,0.1015561,0.4,0.7,0.05,0.33333334,0.016666668,0.8,0.3,0.65,0.76666665,0.8833333,-0.4,0.4,-0.6,-0.43333334,-0.8666667,-0.46255141,-0.45137784,0.4383901,0.2339149,-0.022486128,-0.344609,-0.45875517,-0.21605866,0.54927313,0.123062834,0.6,0.6,0.35,0.4,0.4,0.4,0.4,0.65,0.6,0.6,0.2,0.2,-0.3,-0.2,-0.2,0.43962008,0.45638636,0.27113456,0.44397998,0.41692275,0.5603799,0.5436137,0.72886544,0.55602,0.58307725,-0.12075985,-0.08722729,-0.45773092,-0.11204003,-0.16615449,1.1091009,1.1416105,1.2918062,1.2614431,1.1674048,0.18607232,0.20713082,0.30182332,0.59658206,0.52917427,0.6807848,0.5795933,0.5584842,1.9004171,1.4622302,0.53236526,0.45366454,0.3438912,0.4928662,0.5028371,0.46763477,0.54633546,0.6561088,0.5071338,0.4971629,0.06473049,-0.09267092,-0.3122176,-0.0142676,0.005674212
SH600025,0.06451704126967506,0.75,,2026-05-29,0.032325365,0.035453644,0.91176426,0.0020855197,0.058823843,0.0010427599,0.029411921,0.031282607,0.8823523,0.9686868,1.0020202,0.96767676,0.9945825,0.93273175,0.96062344,0.97703034,0.9507793,0.973749,0.969155,0.96390486,0.9662018,0.969155,0.99260324,0.021254681,0.02298917,0.016302072,0.015290587,0.035377167,0.012879407,0.0017202378,-0.00014309744,-0.0003774133,-0.0015789409,0.91795754,0.051326517,0.0026967844,0.04721584,0.6075549,0.0050861514,0.0283541,0.035157632,0.036317457,0.05397554,1.0020202,1.0050504,1.0050504,1.0050504,1.0770615,0.9296299,0.9296299,0.9296299,0.9296299,0.9296299,0.9776866,0.9776866,0.97227234,0.97768664,1.0339622,0.95619357,0.9424118,0.9588187,0.96045935,0.96259224,1.0,0.95,0.975,0.98333335,0.65833336,0.97209275,0.9330358,0.9330358,0.9330358,0.47730663,1.0,0.2,0.6,0.73333335,0.15,0.2,0.6,0.8,0.8666667,0.93333334,0.8,-0.4,-0.2,-0.13333334,-0.78333336,0.9311902,0.5935524,0.3584267,0.08801805,0.1800456,0.26771438,0.56813437,0.509337,0.46485886,0.19563296,0.8,0.6,0.55,0.56666666,0.46666667,0.0,0.3,0.4,0.4,0.48333332,0.8,0.3,0.15,0.16666667,-0.016666668,1.0,0.61320764,0.5514706,0.576923,0.52168024,0.0,0.3867924,0.44852945,0.42307696,0.4783198,1.0,0.22641525,0.10294111,0.15384609,0.043360427,0.6801672,0.72515374,0.6852722,0.61343193,0.5903374,0.21078794,0.21347158,0.19775614,0.19265899,0.21278532,1.0596422,1.0467565,1.3738338,1.3680067,1.2567725,0.7010988,0.51249725,0.5963241,0.5689949,0.5096013,0.29890117,0.48750275,0.40367588,0.4310051,0.49039873,0.40219766,0.024994465,0.19264822,0.1379898,0.019202553
SH600674,0.0632328302655943,0.75,,2026-05-29,0.03333328,0.038666654,0.8620678,0.0,0.0,0.005333375,0.13793217,0.038666654,1.0,0.96774197,1.0,0.9625807,0.98889273,0.95871395,0.9671077,0.9909802,0.9296913,0.9541898,0.9767705,0.97393376,0.97948503,0.97426,0.9798113,0.013496937,0.015600095,0.013810463,0.016391898,0.024220644,0.006387815,0.0007347904,-0.000942433,0.00057659706,-0.00048976496,0.5599822,0.02033686,0.16298683,0.09589327,0.124710746,0.010453826,0.022759711,0.029468097,0.017379344,0.034636777,1.0,1.0180639,1.0180639,1.0180639,1.055489,0.9541861,0.94064933,0.94064933,0.9258059,0.91936857,0.98090196,0.98090196,0.9913672,0.9883853,1.0001309,0.96941817,0.9643819,0.9676085,0.96528673,0.9603927,1.0,0.9,0.95,0.96666664,0.8,1.0,0.7666605,0.7666605,0.8042025,0.592354,1.0,0.2,0.6,0.73333335,0.15,0.2,0.5,0.75,0.033333335,0.5,0.8,-0.3,-0.15,0.7,-0.35,0.9095006,0.78985506,0.3652357,0.5197009,0.53407955,0.6639095,0.7520003,0.63590866,0.6642389,0.55769426,0.8,0.7,0.5,0.53333336,0.45,0.2,0.3,0.45,0.4,0.5,0.6,0.4,0.05,0.13333334,-0.05,0.8902637,0.6185885,0.5236179,0.6166777,0.53477323,0.10973632,0.3814115,0.47638205,0.38332227,0.4652268,0.78052735,0.23717701,0.047235902,0.23335546,0.06954641,0.58284396,0.54729486,0.50173324,0.4889432,0.5070515,0.24954502,0.20151602,0.16780333,0.1846722,0.20708017,1.4625272,1.1214825,1.3742145,1.4037879,1.2705885,0.88003814,0.6552382,0.5630815,0.5757648,0.49841687,0.11996188,0.3447618,0.4369185,0.42423525,0.5015831,0.7600762,0.31047642,0.12616302,0.15152952,-0.0031662525
SH601377,0.06299407934363584,1.0,,2026-05-29,0.008771959,0.022806961,0.38461763,0.012280654,0.5384608,0.0017543476,0.07692158,-0.0017543476,-0.07692158,0.99130434,1.0121739,0.98956525,1.0026592,1.0123839,1.0247679,1.0278637,1.050774,1.1547987,1.0080495,1.0140557,1.0345201,1.0348194,1.055098,0.011559234,0.011551117,0.024738343,0.020849867,0.042925056,-0.00433436,-0.002765737,-0.0035582746,-0.0012038137,-0.0017819365,0.35150525,0.52551514,0.724112,0.2583531,0.52560866,0.00061918487,-0.0016099105,-0.0007165057,-0.017364092,-0.0025309124,1.0365874,1.0576106,1.0804385,1.0804385,1.1620816,0.9792738,0.9792738,0.9792738,0.9792738,0.97756237,1.0191951,1.0199381,1.0616719,1.0542414,1.103777,0.9986378,1.006935,1.0123839,1.0191951,1.0191951,0.4,0.2,0.1,0.06666667,0.06666667,0.36162773,0.26457784,0.20487563,0.20487563,0.121600494,0.6,0.4,0.2,0.46666667,0.016666668,0.8,0.9,0.95,0.96666664,0.41666666,-0.2,-0.5,-0.75,-0.5,-0.4,-0.45144147,-0.595163,0.2273258,0.26020378,0.028976735,-0.49665093,-0.25025842,0.021691099,0.11587032,0.154509,0.4,0.3,0.4,0.36666667,0.38333333,0.4,0.5,0.5,0.56666666,0.56666666,0.0,-0.2,-0.1,-0.2,-0.18333334,0.36842117,0.35915488,0.43362838,0.40639266,0.39669424,0.6315788,0.6408451,0.5663716,0.5936073,0.60330576,-0.26315764,-0.2816902,-0.13274324,-0.18721467,-0.20661151,1.0503033,0.95171434,1.0504273,0.9597456,0.95294714,0.13354315,0.35907498,0.32211587,0.30633393,0.31968018,1.1876413,1.12448,0.8561655,0.9538323,1.1375175,0.55560094,0.4792808,0.5084585,0.49062246,0.4910392,0.44439906,0.52071923,0.49154148,0.50937754,0.5089608,0.11120189,-0.041438423,0.016917042,-0.018755076,-0.017921612
SZ000333,0.06054008903444226,0.875,,2026-05-29,0.024455206,0.034972068,0.6992783,0.005195081,0.14854944,0.0053217793,0.15217228,0.024581905,0.7029011,0.9761286,1.005071,0.97093385,0.9962181,0.9929607,1.0212934,0.99506587,0.94682133,0.95796144,0.9874915,0.99728733,0.9986985,0.99228305,0.96598977,0.00859445,0.01409005,0.01216459,0.01487872,0.030422918,0.0018289057,-0.0034362623,-0.00047919707,0.0008342379,0.001393457,0.11321043,0.5452039,0.054312695,0.243641,0.6398604,0.0088506965,0.01817585,0.005853893,-0.0043794937,-0.0070967483,1.005071,1.0320399,1.0320399,1.0320399,1.0320399,0.97093385,0.97093385,0.97093385,0.9424883,0.88769704,0.9918949,1.008048,1.008048,1.003614,0.9945483,0.98244333,0.9865047,0.9893248,0.9833117,0.9430846,1.0,0.6,0.6,0.73333335,0.8666667,0.85145056,0.47566742,0.47566742,0.6422184,0.7780292,1.0,0.1,0.55,0.7,0.85,1.0,1.0,1.0,0.033333335,0.33333334,0.0,-0.9,-0.45,0.6666667,0.51666665,0.82545996,0.7342263,0.6017294,0.61427623,0.33665597,0.882916,0.68303674,0.52489406,0.50807595,0.13074827,0.4,0.4,0.5,0.53333336,0.5,0.6,0.5,0.45,0.43333334,0.48333332,-0.2,-0.1,0.05,0.1,0.016666668,0.5679222,0.3923747,0.51397,0.6105992,0.5394818,0.43207785,0.6076253,0.48602995,0.38940078,0.46051818,0.1358443,-0.2152506,0.027940087,0.22119844,0.07896362,0.6533562,0.7074795,0.77715635,0.72231686,0.6638869,0.19485025,0.14968325,0.14540327,0.15026918,0.21589504,1.1423827,1.02247,0.8489032,0.87158066,1.7677032,0.6966531,0.50353956,0.5651562,0.5758982,0.5197625,0.30334687,0.49646044,0.4348438,0.42410186,0.48023748,0.39330626,0.007079152,0.1303124,0.15179628,0.03952502
SH601059,0.056293552326528565,0.875,,2026-05-29,0.009389675,0.015258274,0.61538255,0.0058685984,0.38461745,0.0,0.0,0.003521077,0.23076509,0.9906977,1.005814,0.9906977,1.0006634,0.99598163,0.96555686,0.9764638,0.9902411,1.0241102,1.0013777,0.9974742,0.9910448,0.9859166,0.9849694,0.0066525885,0.01129522,0.012066472,0.012961078,0.020777091,-0.0024684346,0.0015655936,0.00109631,0.0009404503,-0.00011288069,0.34419298,0.17610845,0.28891766,0.4080291,0.009002636,0.0035591333,-0.004519357,-0.0014597436,0.00044687893,0.018360576,1.0120988,1.0180308,1.0180308,1.0180308,1.0311283,0.985582,0.96202576,0.9574185,0.9574185,0.9389884,1.0049368,1.0044776,1.0006889,0.99804825,1.0065442,0.99816304,0.9949483,0.9819748,0.9764638,0.9638347,0.4,0.6,0.8,0.8666667,0.71666664,0.5437304,0.6780507,0.7025225,0.7025225,0.66216236,0.4,0.4,0.7,0.8,0.016666668,0.8,0.1,0.5,0.6666667,0.25,-0.4,0.3,0.2,0.13333334,-0.23333333,-0.64939153,0.399527,0.60165393,0.6721876,0.48293653,-0.55044067,0.5162226,0.50509566,0.48335522,0.27181467,0.6,0.6,0.5,0.46666667,0.45,0.4,0.4,0.45,0.5,0.51666665,0.2,0.2,0.05,-0.033333335,-0.06666667,0.55072474,0.689873,0.57295364,0.52242744,0.4748804,0.44927529,0.31012702,0.42704636,0.4775726,0.5251196,0.10144945,0.37974596,0.14590727,0.044854823,-0.050239187,0.7739307,0.8809926,0.7096243,0.5960173,0.6023017,0.19471477,0.33770782,0.30689427,0.300871,0.29709882,0.64404863,1.3084911,1.3730361,1.5189317,1.5699114,0.6164482,0.5648258,0.55051535,0.548737,0.5028848,0.38355175,0.43517426,0.44948465,0.451263,0.49711516,0.2328965,0.1296515,0.1010307,0.097473994,0.005769655
SH601688,0.05362578748248384,0.875,,2026-05-29,0.0038652401,0.02650466,0.14583248,0.0193263,0.7291661,0.0033131198,0.12500142,-0.01214794,-0.45833224,0.99614966,1.019252,0.9928493,1.0079482,0.9988138,1.0185844,1.0597074,1.0411229,1.1648873,1.0101225,1.0135627,1.035864,1.039146,1.0426717,0.014214547,0.013062676,0.027302379,0.023389498,0.03946305,-0.006287072,-0.0021112666,-0.0038256964,-0.0015563174,-0.0009780296,0.48906973,0.23946014,0.68720776,0.34312811,0.18733655,0.002451568,-0.0040619755,0.00048014123,-0.016579296,-0.013819793,1.0445763,1.0689888,1.0956186,1.0956186,1.1748536,0.98549247,0.98549247,0.98549247,0.98549247,0.96482575,1.0192171,1.0264927,1.0632662,1.0613681,1.0730724,0.99841833,0.9997628,1.0128114,1.0182681,1.0096481,0.4,0.3,0.15,0.1,0.13333334,0.24554129,0.17375045,0.13173562,0.13173562,0.16747421,0.4,0.4,0.35,0.56666666,0.016666668,0.8,0.9,0.95,0.96666664,0.41666666,-0.4,-0.5,-0.6,-0.4,-0.4,-0.17350839,-0.020839004,0.4035305,0.30241537,0.058132775,-0.05241546,0.31936052,0.3555053,0.5414733,0.32862362,0.6,0.5,0.45,0.43333334,0.4,0.4,0.5,0.5,0.53333336,0.56666666,0.2,0.0,-0.05,-0.1,-0.16666667,0.50810796,0.43304843,0.3894582,0.44514766,0.40595394,0.49189207,0.5669516,0.6105418,0.5548523,0.59404606,0.016215865,-0.13390312,-0.2210836,-0.10970467,-0.18809208,0.83708364,0.8790992,0.999405,0.91505736,0.77167124,0.1414713,0.25032064,0.32896793,0.3391327,0.3281936,0.45604068,0.6651649,0.7503908,0.8928263,1.025517,0.4514047,0.47729608,0.47184253,0.5142407,0.505544,0.5485953,0.52270395,0.5281575,0.48575935,0.49445596,-0.09719059,-0.045407835,-0.05631493,0.028481305,0.011088043
SH601816,0.05236995334779844,0.75,,2026-05-29,0.020325169,0.024390234,0.8333323,0.0,0.0,0.0040650642,0.1666677,0.024390234,1.0,0.9800797,1.0,0.9760956,0.9931817,0.96863467,0.9870849,0.9778598,0.9815498,1.0,0.9767528,0.97804433,0.97942805,0.98031986,0.99249697,0.014327132,0.01308822,0.012645623,0.01097783,0.01727066,0.008487089,-0.00030191432,9.710011e-06,-0.00015269117,-0.0007045829,0.87728137,0.00487773,2.0636071e-05,0.014993276,0.5076287,0.0062730326,0.023314303,0.020479675,0.021894183,0.028288234,1.0,1.010559,1.0453583,1.0453583,1.0453583,0.9611098,0.9611098,0.9611098,0.9611098,0.9611098,0.9837639,0.992989,0.992989,0.98819196,1.0092251,0.9675277,0.9682657,0.9682657,0.9701107,0.9756458,1.0,1.0,0.95,0.96666664,0.60833335,1.0,0.7864691,0.46161318,0.46161318,0.46161318,1.0,0.2,0.35,0.56666666,0.78333336,0.2,0.6,0.8,0.8666667,0.93333334,0.8,-0.4,-0.45,-0.3,-0.15,0.9727111,0.8555988,0.8105479,0.6200694,0.20964265,0.948501,0.75108933,0.802891,0.7935755,0.3587943,0.8,0.6,0.5,0.46666667,0.48333332,0.2,0.4,0.45,0.46666667,0.45,0.6,0.2,0.05,0.0,0.033333335,0.86956537,0.5813951,0.56818175,0.54310346,0.5,0.13043463,0.4186049,0.43181822,0.45689654,0.5,0.73913074,0.16279018,0.13636355,0.086206906,0.0,0.6239053,0.6679478,0.76119655,0.6634769,0.64517504,0.21481496,0.16908808,0.39967883,0.35642025,0.30380002,1.2114885,1.0620493,1.8964943,2.0608168,1.8273998,0.81168705,0.5894742,0.5560289,0.54248327,0.47932497,0.18831298,0.41052583,0.44397107,0.45751673,0.52067506,0.62337404,0.17894836,0.112057865,0.084966525,-0.04135007
SH601995,0.05136251566716738,0.75,,2026-05-29,0.009862525,0.024805695,0.39759117,0.0149431685,0.6024088,0.0,0.0,-0.0050806436,-0.20481762,0.9902338,1.0147972,0.9902338,1.0048822,0.9968372,0.9956872,1.0161011,0.99396205,1.0250144,1.0044278,1.0056928,1.0122197,1.0096128,0.99838984,0.010768838,0.010530085,0.012079692,0.011218472,0.022236897,-0.0041690655,-0.0008852165,-0.0011967816,5.494559e-05,0.00030353141,0.3746966,0.06478085,0.343547,0.001859088,0.05682753,0.00391032,-0.0017094227,-0.0008502134,-0.010409488,-0.007344029,1.0290644,1.0343221,1.0343221,1.0343221,1.0416106,0.9861146,0.9861146,0.9861146,0.9861146,0.94472826,1.0105232,1.0170788,1.0203565,1.0182289,1.0156411,0.99781483,0.99608964,0.9993674,0.99971247,0.9731454,0.4,0.4,0.25,0.23333333,0.4,0.32329324,0.2880338,0.2880338,0.2880338,0.5705038,0.4,0.4,0.7,0.8,0.016666668,0.8,0.9,0.95,0.96666664,0.41666666,-0.4,-0.5,-0.25,-0.16666667,-0.4,0.110752374,0.31490484,0.119072355,0.39438304,0.5240909,0.4205159,0.51374596,0.42543283,0.51808965,0.32606277,0.6,0.4,0.4,0.46666667,0.46666667,0.4,0.6,0.55,0.5,0.5,0.2,-0.2,-0.15,-0.033333335,-0.033333335,0.525822,0.5197889,0.45731723,0.51216686,0.47554812,0.474178,0.48021108,0.54268277,0.48783314,0.5244519,0.051644016,0.039577857,-0.085365534,0.02433371,-0.048903786,0.7464872,0.7381771,0.6983694,0.6419362,0.6070003,0.22731714,0.19683288,0.17013723,0.17814729,0.23122492,0.41807243,0.73609334,0.7989612,0.88311255,1.1533698,0.6129825,0.56692296,0.5254866,0.54508275,0.5125542,0.38701746,0.43307704,0.4745134,0.45491725,0.48744574,0.22596505,0.1338459,0.050973162,0.09016549,0.02510851
SZ000895,0.05019051523423339,1.0,,2026-05-29,0.0121359015,0.018608421,0.6521725,0.0036408296,0.19565494,0.0028316905,0.15217254,0.011326762,0.60869014,0.98800963,1.0035971,0.98521185,0.9970729,1.02837,1.0623492,1.1310897,1.1042703,1.0261451,0.9972008,1.0201421,1.0519167,1.0746545,1.0776467,0.020524085,0.0287229,0.040046208,0.04645914,0.036529,-0.005513524,-0.008385787,-0.0064886324,-0.0048717926,-0.000575167,0.18041432,0.78134435,0.91886485,0.8521911,0.07561574,0.013826286,0.017593918,0.009725285,-0.004013485,-0.06067934,1.0331644,1.0719448,1.1450869,1.1509159,1.1509159,0.9548337,0.9548337,0.9548337,0.9548337,0.9548337,1.0063131,1.050362,1.0856842,1.1184202,1.1078516,0.9851301,0.987692,1.022696,1.0338093,1.0516349,0.8,0.4,0.2,0.13333334,0.06666667,0.5766109,0.38567057,0.23740116,0.23034386,0.23034386,0.2,0.3,0.05,0.16666667,0.5833333,0.6,0.8,0.9,0.93333334,0.96666664,-0.4,-0.5,-0.85,-0.76666665,-0.38333333,-0.86315787,-0.87725806,-0.18172695,-0.23535302,-0.15843327,-0.93090814,-0.87356716,-0.49947667,-0.17949447,-0.116067015,0.8,0.4,0.35,0.4,0.46666667,0.2,0.5,0.6,0.56666666,0.51666665,0.6,-0.1,-0.25,-0.16666667,-0.05,0.31017634,0.21322213,0.20920064,0.33700103,0.48071453,0.6898237,0.78677785,0.7907994,0.662999,0.51928544,-0.3796473,-0.5735557,-0.5815987,-0.32599795,-0.038570922,1.1395816,0.8962209,0.90649813,0.8608029,0.87026143,0.43468532,0.39093128,0.31062427,0.276144,0.25659344,1.6604934,1.9924401,1.6556592,1.6036971,1.350142,0.5862256,0.56450963,0.5085209,0.5124742,0.5136964,0.41377434,0.43549037,0.49147907,0.48752585,0.48630363,0.17245132,0.12901926,0.017041853,0.024948312,0.027392719
SZ001965,0.04756929124622615,0.875,,2026-05-29,0.001996057,0.017964106,0.11111364,0.012974065,0.7222216,0.0029939834,0.16666476,-0.0079840245,-0.44444317,0.9980079,1.0129483,0.9950199,1.0058143,0.9970082,0.99027675,0.9446522,0.87883323,0.9723261,1.0047868,1.0002244,0.9792446,0.96173024,0.9657442,0.007185722,0.009474289,0.026809648,0.034040738,0.04486767,-0.0029169857,0.0014188268,0.0041822945,0.003710763,-0.00020964848,0.4119721,0.20557816,0.8517556,0.9209376,0.0066591105,0.0010471429,-0.0066090925,-0.018976368,-0.0155363,0.04044043,1.0199391,1.0199391,1.0199391,1.0199391,1.0353998,0.98729396,0.97931194,0.91550463,0.8768673,0.8628856,1.0089753,1.007629,1.0022438,0.9976066,1.0062828,0.999252,0.9944652,0.9473448,0.9304413,0.9272999,0.4,0.5,0.75,0.8333333,0.75,0.38921782,0.5092179,0.8090757,0.86063594,0.7948008,0.4,0.7,0.85,0.9,0.21666667,0.8,0.1,0.1,0.033333335,0.48333332,-0.4,0.6,0.75,0.8666667,-0.26666668,0.07511626,0.7335569,0.20414242,0.0010301683,-0.00092087535,0.66285133,0.83956754,0.7524908,0.6861385,-0.085181005,0.6,0.5,0.6,0.6666667,0.5833333,0.4,0.5,0.35,0.3,0.38333333,0.2,0.0,0.25,0.36666667,0.2,0.5370372,0.5442175,0.6434108,0.697561,0.5189355,0.46296284,0.45578244,0.3565892,0.30243897,0.48106447,0.07407436,0.088435106,0.2868216,0.39512208,0.03787106,0.8596555,0.8131229,0.8272989,0.8532372,1.065332,0.09678344,0.16877681,0.16710359,0.28117037,0.5115025,0.32680604,0.6488421,0.6259456,1.2385262,2.3275924,0.746099,0.4834466,0.4964464,0.5214653,0.49419054,0.253901,0.5165534,0.5035536,0.4785347,0.5058094,0.49219796,-0.03310683,-0.0071072183,0.042930596,-0.011618901
SH600905,0.04452400289169473,0.75,,2026-05-29,0.007246303,0.019323682,0.37499598,0.0072464067,0.37500134,0.0048309723,0.25000268,0.004830869,0.24999732,0.99280584,1.0071943,0.98800963,1.0013894,0.98416287,0.98416287,0.9819005,0.98642534,1.0067874,0.9882353,0.9889141,0.9915159,0.9888387,1.0081825,0.008674338,0.009078027,0.011177472,0.010081849,0.031377256,0.0036199065,-0.0002605329,-0.00013438823,0.0003231336,-0.0011563672,0.43537349,0.007550116,0.005059451,0.07961329,0.41424897,0.0045248857,0.012258344,0.009760816,0.0064759147,0.025930291,1.0071943,1.0115815,1.0275477,1.0275477,1.1191207,0.97406644,0.97406644,0.97406644,0.97406644,0.97406644,0.99457014,0.99457014,1.0,0.99773765,1.0384616,0.98280543,0.98325795,0.9837104,0.9819005,0.9819005,1.0,0.9,0.825,0.8833333,0.55833334,0.78283286,0.6912825,0.48490942,0.48490942,0.17878522,1.0,0.2,0.4,0.6,0.28333333,0.8,0.9,0.95,0.96666664,0.98333335,0.2,-0.7,-0.55,-0.36666667,-0.7,0.8207777,0.62550575,0.7442939,0.76570773,0.87421054,0.75440043,0.40968227,0.45556715,0.5313282,0.4550417,0.6,0.6,0.6,0.46666667,0.45,0.4,0.4,0.35,0.43333334,0.43333334,0.2,0.2,0.25,0.033333335,0.016666668,0.7333331,0.5897435,0.5540538,0.53191483,0.49377584,0.26666686,0.41025653,0.44594625,0.4680852,0.50622416,0.46666625,0.17948695,0.10810753,0.06382962,-0.0124483025,0.5979422,0.568386,0.6143494,0.5536566,0.79707265,0.27377072,0.19589299,0.20166087,0.19982946,0.4608915,1.0052974,0.80696225,0.9019724,1.046465,1.4294312,0.9559937,0.6570688,0.6086074,0.5780332,0.5045178,0.044006307,0.3429312,0.39139262,0.4219668,0.4954822,0.91198736,0.3141376,0.21721476,0.15606643,0.00903558
SH601088,0.0390313752878013,0.875,,2026-05-29,0.019778341,0.043251455,0.4572873,0.021082355,0.4874369,0.0023907584,0.05527579,0.0010867448,0.025126204,0.98060524,1.0206735,0.9782609,1.0051936,0.9586442,0.9739641,1.0261946,0.9731703,0.9533259,0.9750595,0.97380537,0.9776552,0.98076147,0.9961052,0.019924713,0.01502256,0.0220902,0.021459615,0.027942607,0.012001913,0.0011747894,-0.001333783,-0.0006055478,-0.00086631265,0.9071035,0.056058772,0.12759662,0.061709885,0.29316714,0.00093665445,0.020908093,0.035015773,0.028018968,0.029451046,1.0206735,1.0206735,1.0379684,1.0379684,1.0737644,0.9428944,0.9428944,0.9428944,0.9428944,0.9305564,0.98685503,0.98274326,0.98685503,1.000254,1.019892,0.9547388,0.95788217,0.9618828,0.962883,0.9714875,1.0,1.0,0.85,0.8,0.6,0.7342026,0.7342026,0.60064393,0.60064393,0.48491412,1.0,1.0,0.05,0.36666667,0.25,0.6,0.8,0.9,0.93333334,0.033333335,0.4,0.2,-0.85,-0.56666666,0.21666667,0.1569559,0.29336998,0.11710427,0.2311551,0.29255292,0.043062422,0.24157342,-0.015873961,0.156667,0.26623392,0.8,0.6,0.5,0.53333336,0.46666667,0.2,0.4,0.5,0.46666667,0.53333336,0.6,0.2,0.0,0.06666667,-0.06666667,0.9141492,0.6604697,0.42458877,0.54870325,0.5315451,0.08585077,0.33953032,0.5754112,0.45129675,0.46845493,0.82829845,0.3209394,-0.15082245,0.09740651,0.06309017,0.75783294,0.6457542,0.60365313,0.57827276,0.65524864,0.19539878,0.18518335,0.16175783,0.1520439,0.25544065,1.1141392,1.20765,1.5060625,1.3729441,1.3547192,0.6908597,0.590011,0.5502136,0.5605128,0.48423934,0.30914032,0.409989,0.4497864,0.43948725,0.51576066,0.38171938,0.18002202,0.10042718,0.121025525,-0.0315213
SZ300059,0.03721551243782757,0.875,,2026-05-29,-0.0020833493,0.02968748,-0.07017603,0.02760413,0.929824,0.0,0.0,-0.02968748,-1.0,1.0020877,1.0297495,1.0,1.013311,1.0177411,1.0297447,1.0521904,1.0464467,1.1399266,1.0217087,1.0266148,1.0514841,1.0481571,1.0489904,0.020782506,0.016192768,0.03331546,0.027751395,0.044294864,-0.011898534,-0.003219998,-0.0042361077,-0.0007817704,-0.00078326004,0.81946635,0.36247694,0.5658618,0.061502177,0.09536853,0.0020883656,-0.0121247405,-0.011241025,-0.03682138,-0.02588417,1.0584508,1.0975955,1.1273478,1.1273478,1.1596639,0.9895577,0.9895577,0.9895577,0.9895577,0.95296896,1.0389296,1.0394535,1.0831884,1.0639838,1.1004641,1.0012494,1.0145051,1.0259887,1.0294324,1.0166267,0.2,0.1,0.05,0.033333335,0.16666667,0.1515728,0.09665442,0.07578429,0.07578429,0.22753835,0.4,0.4,0.35,0.56666666,0.016666668,0.8,0.9,0.95,0.96666664,0.41666666,-0.4,-0.5,-0.6,-0.4,-0.4,0.35111564,0.12348954,0.26605248,0.33084887,0.15612265,0.10686379,0.49699134,0.5091364,0.54620516,0.43165556,0.4,0.5,0.45,0.46666667,0.46666667,0.6,0.5,0.55,0.53333336,0.53333336,-0.2,0.0,-0.1,-0.06666667,-0.06666667,0.38196623,0.39164954,0.4169422,0.4440055,0.42559522,0.61803377,0.60835046,0.58305776,0.5559945,0.5744048,-0.23606752,-0.2167009,-0.16611557,-0.11198901,-0.14880952,0.96649045,0.9743276,0.98858446,0.8679955,0.7628719,0.10490155,0.4009388,0.32951784,0.32726172,0.3271511,0.56699735,0.77148,0.9828447,1.0778782,1.2215838,0.4105688,0.50084436,0.50451624,0.5168968,0.50756234,0.58943117,0.49915564,0.4954838,0.48310322,0.49243763,-0.17886238,0.0016886989,0.009032437,0.033793546,0.015124713
SH601077,0.03415852902315304,0.75,,2026-05-29,0.0015082599,0.018099582,0.083331205,0.009049791,0.5,0.0075415308,0.4166688,0.0,0.0,0.998494,1.0090362,0.9909638,0.9999588,1.0279503,1.0393374,1.110766,1.1035197,0.9782609,1.0084887,1.0206004,1.0440993,1.0646307,1.0579537,0.014030655,0.016217714,0.032803617,0.0406083,0.036143042,-0.0074534197,-0.0048497384,-0.005210231,-0.004130884,0.00018376981,0.7054972,0.81972617,0.882955,0.8019699,0.007884947,0.0064182202,0.0012234075,0.0053978176,-0.0047329618,-0.06337497,1.0358543,1.0527046,1.1261982,1.13552,1.1366403,0.9909638,0.9909638,0.9909638,0.9909638,0.96819127,1.0238096,1.0337474,1.0778468,1.1074535,1.0937889,0.9977225,0.9995859,1.0238096,1.0277433,1.026294,0.6,0.3,0.15,0.1,0.075,0.2012934,0.14635669,0.066818535,0.06250973,0.18883309,0.4,0.1,0.05,0.26666668,0.5,1.0,1.0,1.0,1.0,0.016666668,-0.6,-0.9,-0.95,-0.73333335,0.48333332,-0.5189844,-0.60677034,0.05810174,-0.44345197,-0.47908738,-0.7107708,-0.725711,-0.45987567,-0.3675991,0.23707503,0.2,0.3,0.2,0.3,0.48333332,0.6,0.6,0.75,0.6666667,0.48333332,-0.4,-0.3,-0.55,-0.36666667,0.0,0.09090817,0.17241299,0.14569533,0.27678555,0.5171289,0.90909183,0.827587,0.8543047,0.72321445,0.48287115,-0.81818366,-0.655174,-0.70860934,-0.4464289,0.034257717,0.8708084,0.7981143,0.9129049,0.8106463,0.9730003,0.1612109,0.17184082,0.25133818,0.26527846,0.37279117,1.5732903,1.4052025,1.1300228,1.146982,1.2635293,0.5800244,0.5672895,0.52627033,0.5228097,0.48070475,0.41997558,0.43271053,0.4737297,0.47719032,0.5192952,0.16004887,0.13457896,0.05254062,0.04561937,-0.03859049
SH600015,0.033964490263629216,0.875,,2026-05-29,0.022865815,0.027439062,0.8333308,0.0015244436,0.055557426,0.0030488032,0.11111179,0.024390174,0.88888514,0.97764534,1.0014904,0.9746647,0.9916119,1.0060169,0.98363423,1.0714802,1.0895307,1.0105897,0.9974007,0.9960289,0.9983514,1.0217248,1.0432932,0.011020398,0.009330403,0.022147682,0.03839359,0.040586643,-0.003874851,0.00057907414,-0.0012762966,-0.0035573693,-0.001156512,0.30906904,0.03530848,0.116229065,0.6653378,0.24764745,0.010348975,0.001365276,0.013773418,0.02985701,-0.009176132,1.0149592,1.0149592,1.0789874,1.0909657,1.1207165,0.9746647,0.9746647,0.9718031,0.9718031,0.9718031,1.0060169,1.0060169,1.0060169,1.070036,1.0795667,0.99239475,0.98960286,0.9830566,0.98844767,0.9979784,0.6,0.7,0.7,0.46666667,0.23333333,0.6287533,0.6287533,0.26306948,0.23662521,0.18935099,0.2,0.6,0.05,0.033333335,0.38333333,1.0,1.0,0.45,0.6333333,0.81666666,-0.8,-0.4,-0.4,-0.6,-0.43333334,-0.38710555,-0.12612508,-0.018927695,-0.5722441,-0.35059184,0.3181025,0.18376951,-0.5385199,-0.46820152,-0.20897047,0.2,0.5,0.45,0.4,0.48333332,0.4,0.2,0.4,0.5,0.45,-0.2,0.3,0.05,-0.1,0.033333335,0.43654826,0.61724114,0.30278894,0.33797896,0.49102038,0.56345177,0.38275886,0.697211,0.66202104,0.5089796,-0.1269035,0.2344823,-0.3944221,-0.32404205,-0.017959265,0.7485972,0.7125551,0.8313123,0.72271186,0.7035963,0.16921118,0.13549772,0.30414832,0.2984943,0.25557646,1.0793198,1.1790545,1.7797669,1.7863235,1.4753191,0.71398497,0.6390957,0.53922063,0.5647666,0.49584538,0.28601503,0.36090428,0.4607794,0.4352334,0.5041546,0.42796993,0.27819142,0.078441225,0.12953319,-0.008309238
SH601618,0.03332292964034023,0.625,,2026-05-29,0.014336834,0.025089573,0.571426,0.010752739,0.42857403,0.0,0.0,0.003584094,0.14285193,0.98586583,1.0106008,0.98586583,1.0005424,0.9836512,1.0217985,1.0354224,1.0572207,1.1280653,0.9929156,0.99727523,1.0194823,1.0273389,1.0569937,0.006839166,0.011049517,0.02499312,0.024048613,0.042353097,0.0013623943,-0.0020477239,-0.0037921802,-0.0023004683,-0.002150991,0.09920632,0.31482384,0.80575883,0.7091761,0.7866956,0.0043596663,0.011939545,0.0165434,0.0060179783,0.0064605665,1.0106008,1.0187868,1.0561106,1.0642924,1.1901265,0.96162826,0.96162826,0.96162826,0.96162826,0.96162826,1.0,1.0081744,1.0468665,1.0490463,1.0882834,0.98637605,0.98637605,0.99182564,1.0,1.026703,0.9,0.65,0.325,0.21666667,0.108333334,0.7835365,0.67132175,0.40612605,0.3737598,0.16793011,1.0,0.1,0.2,0.033333335,0.15,0.2,0.6,0.8,0.8666667,0.93333334,0.8,-0.5,-0.6,-0.8333333,-0.78333336,0.6974308,-0.4575082,0.06919927,-0.12620734,0.77446485,0.717751,0.007749742,-0.09670153,0.04527033,0.086545765,0.6,0.4,0.35,0.26666668,0.36666667,0.4,0.6,0.5,0.56666666,0.51666665,0.2,-0.2,-0.15,-0.3,-0.15,0.6875003,0.3888885,0.38983038,0.36,0.39647576,0.31249967,0.6111115,0.61016965,0.64,0.60352427,0.37500066,-0.22222298,-0.22033927,-0.28,-0.20704849,0.8545081,0.8249188,0.8587467,0.80660594,1.2323562,0.11947023,0.14044677,0.15064646,0.16062878,0.76201105,0.6524182,0.5042656,0.74821246,0.8634222,1.5644877,0.4850037,0.5159351,0.52649385,0.51936364,0.45774835,0.5149963,0.4840649,0.47350612,0.48063633,0.54225165,-0.029992595,0.031870198,0.05298775,0.038727313,-0.08450327
SZ002920,0.03326238085346852,0.875,,2026-05-29,-0.07826088,0.08224646,-0.951541,0.003985583,0.04845902,0.0,0.0,-0.08224646,-1.0,1.0849056,1.0892297,1.0,1.0277016,1.0858432,1.0318689,1.0160266,1.0436585,1.1708575,1.061343,1.0411532,1.0336051,1.0414695,1.0587133,0.03750764,0.046989463,0.03380064,0.033372205,0.046421263,-0.014359403,0.0064005605,0.0020474636,-0.0003547994,-0.0015205455,0.3664151,0.17007735,0.1284253,0.008759872,0.3272388,-0.032624118,-0.06995571,-0.05305597,-0.036324833,-0.013857209,1.1297363,1.1297363,1.1297363,1.1297363,1.2195168,1.0,0.9473703,0.9473703,0.9473703,0.9473703,1.0825459,1.0795064,1.0635166,1.0668141,1.1049646,1.0506217,1.0070001,1.014737,1.0187529,1.0208714,0.2,0.2,0.1,0.06666667,0.033333335,0.0,0.28859392,0.28859392,0.28859392,0.19338751,0.6,0.8,0.9,0.93333334,0.016666668,1.0,0.3,0.65,0.76666665,0.8833333,-0.4,0.5,0.25,0.16666667,-0.8666667,0.44914174,0.43303627,0.44675645,0.24289832,0.040441472,-0.06357131,0.08526441,0.15784982,0.05164999,0.058764387,0.4,0.4,0.5,0.46666667,0.43333334,0.6,0.6,0.5,0.53333336,0.56666666,-0.2,-0.2,0.0,-0.06666667,-0.13333334,0.23001142,0.45815185,0.4836895,0.46997717,0.43087125,0.7699886,0.5418481,0.5163105,0.5300228,0.56912875,-0.53997713,-0.0836963,-0.032621015,-0.060045645,-0.13825752,1.0948445,1.089595,0.78160405,0.6971575,0.5188325,0.1402225,0.41943386,0.4353403,0.38525018,0.33342388,0.5498815,1.0323361,1.5058296,1.5246931,1.8154647,0.10395625,0.5747529,0.5180876,0.56268084,0.5350563,0.8960437,0.42524707,0.4819124,0.43731916,0.46494374,-0.7920875,0.14950587,0.03617519,0.1253617,0.07011253
SH601166,0.03258519789455512,0.75,,2026-05-29,0.03932588,0.04157305,0.94594646,0.0011235849,0.027026761,0.0011235849,0.027026761,0.03932588,0.94594646,0.96216214,1.0010811,0.961081,0.9889626,0.94379,0.95519894,0.980614,1.003803,0.9897968,0.97235876,0.9570633,0.9593869,0.97005844,0.98941344,0.017267657,0.019968502,0.015095266,0.020477474,0.025602078,0.010054724,0.0057817763,9.254661e-05,-0.0015161178,-0.0011215586,0.84764415,0.7684984,0.0013155504,0.42482972,0.58531994,0.0075317877,0.01691867,0.03973394,0.051925294,0.043672524,1.0010811,1.0010811,1.0010811,1.0157597,1.0318985,0.9416373,0.93406016,0.93406016,0.93406016,0.93406016,0.9784064,0.97174656,0.96965027,0.986402,1.0143214,0.96176606,0.94238013,0.9455709,0.95486504,0.95946574,1.0,1.0,1.0,0.93333334,0.5833333,0.98181355,0.9838697,0.9838697,0.8071017,0.67396754,1.0,1.0,1.0,0.06666667,0.36666667,0.2,0.5,0.75,0.8333333,0.9166667,0.8,0.5,0.25,-0.76666665,-0.55,0.9207918,0.91646343,0.77542347,0.076291636,-0.46388328,0.92713076,0.77791536,0.527706,0.35845903,-0.02877814,0.8,0.7,0.45,0.36666667,0.43333334,0.2,0.3,0.45,0.56666666,0.51666665,0.6,0.4,0.0,-0.2,-0.083333336,0.97343713,0.7482016,0.5794678,0.4885283,0.51215744,0.026562888,0.2517984,0.42053223,0.5114717,0.4878426,0.9468742,0.49640322,0.15893556,-0.022943404,0.024314841,0.6031959,0.49962962,0.49278748,0.472362,0.40454084,0.23290345,0.19362865,0.15501003,0.1423121,0.13712572,1.2523311,1.4482933,1.6715473,1.7014829,1.4233056,0.8030354,0.7522293,0.6396643,0.631098,0.560317,0.19696465,0.2477707,0.36033574,0.36890203,0.439683,0.6060707,0.5044586,0.27932853,0.26219594,0.120634
SH600887,0.03011477680684832,0.625,,2026-05-29,0.039382156,0.04555984,0.86440504,0.006177685,0.13559496,0.0,0.0,0.03320447,0.7288101,0.96211004,1.0059437,0.96211004,0.9901901,0.97325486,1.0256343,0.94688135,0.9654535,0.9658252,0.983582,0.9917915,1.0083221,0.9870988,0.9809014,0.013102701,0.016626848,0.023149854,0.0359754,0.027600825,0.0026741065,-0.0033567813,-0.0024601058,0.0020559377,0.0005607941,0.10412998,0.37362653,0.39525658,0.2531106,0.12591065,0.011069742,0.023314059,0.01504883,-0.016909884,0.002555175,1.0059437,1.0271173,1.0549811,1.0549811,1.0549811,0.96211004,0.96211004,0.9472517,0.9335077,0.9335077,0.99108607,1.0082475,1.0268972,1.0223634,1.001486,0.97385037,0.97533625,0.9872965,0.947476,0.9541623,1.0,0.7,0.4,0.6,0.8,0.86440504,0.5828577,0.48963732,0.5473819,0.5473819,1.0,0.1,0.35,0.56666666,0.78333336,1.0,1.0,0.05,0.23333333,0.6166667,0.0,-0.9,0.3,0.33333334,0.16666667,0.30702356,-0.5715703,0.14645582,0.42109746,0.38529986,0.09474761,-0.12603174,0.43077695,0.24696998,0.14225622,0.8,0.4,0.4,0.36666667,0.48333332,0.2,0.6,0.6,0.6,0.48333332,0.6,-0.2,-0.2,-0.23333333,0.0,0.6836644,0.39761806,0.6111975,0.5599993,0.5363918,0.3163356,0.60238194,0.38880253,0.4400007,0.4636082,0.36732882,-0.20476389,0.22239497,0.11999858,0.07278359,0.80079496,0.73264945,0.99377525,0.87958336,0.70609283,0.14894186,0.16309746,0.56497765,0.49697447,0.40794048,1.0910021,1.0572037,1.6505674,1.8690103,2.1183558,0.58537924,0.638137,0.48860916,0.5431313,0.5081934,0.4146208,0.36186305,0.51139086,0.4568687,0.49180663,0.17075843,0.2762739,-0.022781692,0.086262584,0.016386734
SH601225,0.02757889027979378,0.625,,2026-05-29,0.046341486,0.04999996,0.9268305,0.0,0.0,0.0036584744,0.073169544,0.04999996,1.0,0.95571095,1.0,0.9522145,0.986365,0.9058666,0.92683476,1.0104841,0.9716708,0.9638635,0.95489633,0.942427,0.94582874,0.9597963,0.98012865,0.029070565,0.02711978,0.03589907,0.037522018,0.037438024,0.017175987,0.0043923547,-0.0015186865,-0.0021179498,-0.0012953319,0.8727231,0.24045503,0.06263801,0.24692245,0.3651204,0.010751698,0.03780742,0.0685988,0.07091397,0.058083627,1.0,1.0,1.0373133,1.0422255,1.0853544,0.91603005,0.8864441,0.8864441,0.8864441,0.8864441,0.9664511,0.95806384,0.9664511,1.0012492,1.0147222,0.92991304,0.92433643,0.9215258,0.92571944,0.9458399,1.0,1.0,0.85,0.8,0.68333334,1.0,1.0,0.75267774,0.7289441,0.57088983,1.0,1.0,0.05,0.26666668,0.25,0.4,0.5,0.75,0.8333333,0.9166667,0.6,0.5,-0.7,-0.56666666,-0.6666667,-0.013033624,0.2624735,0.16294135,0.09958047,0.13438375,0.5189963,0.28043896,0.04931078,-0.028349858,0.12402788,0.8,0.5,0.35,0.4,0.41666666,0.0,0.3,0.45,0.46666667,0.51666665,0.8,0.2,-0.1,-0.06666667,-0.1,1.0,0.7336182,0.48190907,0.53135794,0.52010924,0.0,0.2663818,0.5180909,0.46864203,0.47989076,1.0,0.4672364,-0.036181863,0.06271593,0.04021846,0.91899383,0.80033773,0.7837702,0.7552781,0.76547277,0.22501834,0.23840879,0.20453899,0.210398,0.2885913,0.94579786,1.0198997,1.419165,1.2906578,1.1933532,0.5995555,0.5547919,0.5167764,0.539711,0.4775988,0.4004445,0.44520807,0.48322362,0.460289,0.5224012,0.19911097,0.109583855,0.03355276,0.07942197,-0.04480241
SH600918,0.027555922841823184,0.75,,2026-05-29,-0.0018348586,0.016513795,-0.111110665,0.012844077,0.7777787,0.0018348586,0.111110665,-0.012844077,-0.7777787,1.0018382,1.0147059,0.9981618,1.0040214,1.0373666,1.0747331,1.0960854,1.1263345,1.163701,1.019573,1.0387901,1.0710855,1.0828589,1.1075623,0.017388644,0.025494495,0.038447842,0.035912987,0.038292747,-0.010142356,-0.008131133,-0.0061635408,-0.0035171544,-0.0018782895,0.8505235,0.9324398,0.89946586,0.7433297,0.7338239,0.0007117224,-0.0021999704,-0.012531806,-0.031860135,-0.052152768,1.0450283,1.0810169,1.1212906,1.130262,1.1766895,0.996265,0.996265,0.996265,0.996265,0.996265,1.0316727,1.0580071,1.1071174,1.1120996,1.1427047,1.0014235,1.0231317,1.0359432,1.0487545,1.091815,0.2,0.1,0.05,0.033333335,0.016666668,0.07659486,0.044070035,0.029874051,0.02787389,0.020701287,0.4,0.4,0.35,0.033333335,0.016666668,0.8,0.9,0.95,0.96666664,0.98333335,-0.4,-0.5,-0.6,-0.93333334,-0.96666664,-0.90349525,-0.87116146,-0.3293413,-0.50416636,-0.099178076,-0.6788389,-0.38600633,-0.10307041,-0.069303446,0.08865229,0.2,0.2,0.3,0.3,0.43333334,0.6,0.7,0.65,0.6666667,0.53333336,-0.4,-0.5,-0.35,-0.36666667,-0.1,0.043479256,0.09615411,0.21276613,0.20168103,0.35350317,0.95652074,0.9038459,0.7872339,0.798319,0.64649683,-0.9130415,-0.80769175,-0.5744678,-0.59663796,-0.29299366,0.6840743,0.55507296,0.5382478,0.479126,0.49261084,0.24165508,0.22861823,0.17547952,0.16721801,0.17075002,1.5098914,1.3100305,1.152671,1.2773876,1.5145127,0.7699368,0.64705396,0.6085219,0.60611576,0.526417,0.2300632,0.35294604,0.39147812,0.39388427,0.47358298,0.5398736,0.29410788,0.21704373,0.21223147,0.052834045
SH600030,0.02729757022412651,0.75,,2026-05-29,0.020368287,0.04778697,0.42623097,0.027418684,0.57376903,0.0,0.0,-0.007050396,-0.14753804,0.9800383,1.0268713,0.9800383,1.0076345,0.993117,1.0115103,1.0480074,1.0053791,1.0391577,0.9947828,0.99873906,1.0193735,1.0182563,0.9934987,0.013842318,0.01088938,0.024252588,0.021227542,0.038346376,-0.004372705,-0.0020212466,-0.0037579173,-0.0008292571,0.0008374094,0.2494725,0.31582296,0.84032315,0.118271634,0.14545438,0.013962624,0.010356563,0.01632667,-0.006232037,-0.018202286,1.0268713,1.0399336,1.0687312,1.0687312,1.0687312,0.96778756,0.96778756,0.96778756,0.96778756,0.9124558,1.0055295,1.006212,1.0450112,1.0449418,1.0238069,0.9860258,0.99234194,1.0009254,1.0036092,0.9478743,0.6,0.4,0.2,0.16666667,0.45,0.5451991,0.44648942,0.31911325,0.31911325,0.56019205,1.0,0.4,0.15,0.43333334,0.71666664,0.8,0.9,0.95,0.96666664,0.41666666,0.2,-0.5,-0.8,-0.53333336,0.3,0.29657146,-0.04086768,0.047457937,0.24732402,0.3685853,0.78227425,0.7092453,0.5914304,0.6766497,0.51115537,0.6,0.5,0.4,0.43333334,0.43333334,0.4,0.5,0.6,0.53333336,0.55,0.2,0.0,-0.2,-0.1,-0.11666667,0.54726,0.44787854,0.37900886,0.4908985,0.47194368,0.45273998,0.55212146,0.6209912,0.5091015,0.5280563,0.09452001,-0.1042429,-0.24198231,-0.01820301,-0.056112643,0.5879626,0.49652797,0.47906154,0.45842722,0.42208803,0.2437043,0.221863,0.16227894,0.16297768,0.19090308,1.072724,1.2397288,1.137734,1.0910342,1.9718561,0.7931502,0.66954064,0.5355798,0.56394154,0.5331916,0.2068498,0.33045936,0.46442023,0.43605843,0.4668084,0.58630043,0.33908126,0.07115954,0.1278831,0.06638318
SZ002142,0.02143222125706506,0.625,,2026-05-29,0.017377073,0.043278657,0.401516,0.020655673,0.47727156,0.005245913,0.12121247,0.0019673137,0.0454569,0.98291975,1.0203029,0.9777634,1.0064666,1.0018294,1.0260029,1.0714753,0.9960799,1.0408989,0.99317914,1.0007186,1.023102,1.0270569,1.0088266,0.0065316963,0.01004155,0.027382864,0.02584251,0.029814055,-0.0005226633,-0.0023021246,-0.004353886,-0.0015972559,0.0004925762,0.016007815,0.4818009,0.88483936,0.2960611,0.0832539,0.00786621,0.00964092,0.018259902,-0.0038966797,-0.023357566,1.0203029,1.0270288,1.0840449,1.0917921,1.0917921,0.97581035,0.97581035,0.97581035,0.97581035,0.9442233,0.99738663,1.0097739,1.0474323,1.0474323,1.0327976,0.9877433,0.9947994,0.9993467,1.001777,0.9811054,1.0,0.5,0.25,0.16666667,0.41666666,0.5436792,0.47228402,0.223493,0.20856442,0.37797087,1.0,0.4,0.05,0.3,0.65,0.8,0.9,0.95,0.96666664,0.25,0.2,-0.5,-0.9,-0.6666667,0.4,0.6636249,0.044778097,0.27044594,0.48642033,0.45442474,0.7207542,0.29362643,0.07113398,0.43783778,0.10773923,0.4,0.4,0.35,0.43333334,0.45,0.6,0.6,0.65,0.56666666,0.53333336,-0.2,-0.2,-0.3,-0.13333334,-0.083333336,0.47328272,0.36313644,0.3293826,0.5057961,0.46693432,0.5267173,0.6368635,0.6706174,0.49420393,0.5330657,-0.053434562,-0.2737271,-0.3412348,0.011592144,-0.06613132,0.69131386,0.6571867,0.68020654,0.7450408,0.6679747,0.19429205,0.14757551,0.13629086,0.28065923,0.24944891,1.1624033,0.88727564,0.7685335,1.0008785,1.0758214,0.7219078,0.62849057,0.5056162,0.5361586,0.49962127,0.2780922,0.37150943,0.49438384,0.46384138,0.5003787,0.44381562,0.2569811,0.011232331,0.072317265,-0.000757451
SZ000166,0.021217385134672192,0.75,,2026-05-29,0.011467944,0.02752293,0.4166687,0.011467859,0.41666564,0.004587127,0.16666564,0.0045872116,0.16666873,0.98866206,1.0113379,0.984127,1.0005673,1.0014347,1.0286944,1.061693,1.081779,1.1262554,1.005165,1.0090387,1.0402439,1.0483979,1.0682209,0.0117261475,0.01034701,0.03472613,0.031101553,0.034708213,-0.0048780437,-0.0021825114,-0.005360243,-0.0027941132,-0.0016085691,0.43263403,0.4078446,0.8339195,0.62549746,0.65511084,0.0045911255,0.00078259694,0.010678442,-0.007883218,-0.020768125,1.0335401,1.0469028,1.0922784,1.0922784,1.1427287,0.98398775,0.98398775,0.98398775,0.98398775,0.98398775,1.0109038,1.0143472,1.0774748,1.0774748,1.0978479,0.99770445,1.0011477,1.0086083,1.0129124,1.0473458,0.4,0.2,0.1,0.06666667,0.033333335,0.32313788,0.2545061,0.14786384,0.14786384,0.100870356,0.6,0.4,0.35,0.56666666,0.18333334,0.8,0.9,0.95,0.96666664,0.98333335,-0.2,-0.5,-0.6,-0.4,-0.8,-0.13268651,-0.051729456,-0.19132149,-0.37580493,-0.15331484,0.27302754,0.34387374,0.084591314,0.16999957,0.060631923,0.6,0.4,0.4,0.3,0.4,0.4,0.5,0.5,0.56666666,0.53333336,0.2,-0.1,-0.1,-0.26666668,-0.13333334,0.48837212,0.3717948,0.34965017,0.33898303,0.39767438,0.51162785,0.62820524,0.6503498,0.66101694,0.6023256,-0.02325575,-0.25641042,-0.30069962,-0.3220339,-0.20465127,0.80556136,0.8214946,0.8063136,0.7245687,0.7052161,0.15252061,0.1776888,0.1646071,0.19064434,0.20080699,0.43768826,0.52196205,0.87865144,1.0302542,1.1640648,0.59123474,0.47915363,0.5235242,0.55113274,0.5045832,0.40876526,0.52084637,0.47647575,0.44886726,0.4954168,0.18246947,-0.04169272,0.047048505,0.102265485,0.009166395
SH600061,0.020891585345093777,0.75,,2026-05-29,0.015772903,0.02523661,0.62500083,0.007886409,0.31249872,0.0015772989,0.062500425,0.009463793,0.37500256,0.98447204,1.007764,0.9829192,0.99860144,0.98601943,1.009425,1.0108387,1.0870247,1.1475023,0.9996858,0.99968576,1.0188109,1.0276625,1.0620877,0.011404047,0.0098550925,0.023302676,0.027507983,0.045847334,-0.002481928,-0.00073305715,-0.0029913369,-0.002399811,-0.002380234,0.11841329,0.05071842,0.57674927,0.58984554,0.82207406,0.005278054,0.0036129635,0.009606871,0.007134718,0.008129288,1.0249,1.0326273,1.068381,1.0900763,1.1615819,0.9797723,0.9797723,0.9797723,0.9797723,0.9797723,1.006566,1.0062519,1.042884,1.0497957,1.1152999,0.9940622,0.9946905,0.9996858,1.0012567,1.0136663,0.6,0.55,0.275,0.18333334,0.09166667,0.4482325,0.38270146,0.22828095,0.18338114,0.11125747,0.6,0.4,0.35,0.033333335,0.016666668,0.8,0.9,0.95,0.96666664,0.98333335,-0.2,-0.5,-0.6,-0.93333334,-0.96666664,0.48749527,0.10768254,0.33957544,-0.18222351,-0.35804942,0.3643497,0.28659424,0.2979192,0.2547779,0.03881301,0.6,0.5,0.5,0.33333334,0.43333334,0.4,0.5,0.5,0.6666667,0.53333336,0.2,0.0,0.0,-0.33333334,-0.1,0.59175295,0.46394256,0.47809535,0.3655341,0.39527103,0.40824705,0.5360574,0.52190465,0.6344659,0.604729,0.18350588,-0.07211486,-0.04380931,-0.2689318,-0.20945793,0.93593884,0.93310046,1.0554572,1.0032412,0.86841744,0.21400444,0.23126289,0.35406765,0.3385414,0.32702577,0.45662978,0.52461153,0.870525,0.9230374,1.149109,0.50392675,0.5012299,0.46976298,0.52652735,0.4959101,0.49607322,0.4987701,0.530237,0.47347265,0.5040899,0.007853552,0.0024598024,-0.060474012,0.05305471,-0.008179796
SH601658,0.020007741154842835,0.75,,2026-05-29,0.008097211,0.022267206,0.3636384,0.008097111,0.36363393,0.006072883,0.27272767,0.0060729827,0.27273214,0.99196786,1.0080321,0.98594373,0.9997172,0.99262536,0.9985251,1.0442477,1.0147492,1.0029498,0.99941003,0.9960177,1.0044248,1.0145034,1.0147493,0.0042492338,0.0057356074,0.011444748,0.018192701,0.015975708,-0.00073746534,0.00068830093,-0.0015015389,-0.0017046137,-0.00017228645,0.07530121,0.13201077,0.60246074,0.6803921,0.03547169,0.0020649028,0.00088495837,0.009839867,0.010213483,-0.009666788,1.0080321,1.0091112,1.0439614,1.0592574,1.0592574,0.98594373,0.9785598,0.9785598,0.9785598,0.9785598,1.0029498,1.00059,1.0123893,1.0345132,1.0286136,0.99734515,0.9917404,0.99616516,0.9985251,1.0,0.6,0.8,0.45,0.3,0.21666667,0.63636607,0.7017754,0.32782394,0.26568565,0.26568565,1.0,0.2,0.05,0.16666667,0.5833333,1.0,0.5,0.75,0.8333333,0.9166667,0.0,-0.3,-0.7,-0.6666667,-0.33333334,0.5445239,0.20709024,0.3264944,0.27557614,0.14387125,0.43762177,0.4244032,-0.068493,0.41683894,0.118167266,0.6,0.5,0.35,0.4,0.46666667,0.2,0.3,0.55,0.5,0.48333332,0.4,0.2,-0.2,-0.1,-0.016666668,0.6315789,0.516129,0.30263177,0.46268666,0.49695122,0.36842105,0.48387095,0.69736826,0.53731334,0.5030488,0.2631579,0.032258064,-0.39473647,-0.0746267,-0.006097581,0.769277,0.7908811,0.8380784,0.86592704,0.9647881,0.1469638,0.116024636,0.17472284,0.24093479,0.27831554,0.6766654,0.83115745,0.98610574,1.1191744,1.1452998,0.5254203,0.45683226,0.5310565,0.50537276,0.5005681,0.4745797,0.54316777,0.4689435,0.49462724,0.4994319,0.050840642,-0.08633549,0.062113,0.010745524,0.0011361798
SH601825,0.019221915818988588,0.75,,2026-05-29,0.020408215,0.03481396,0.5862078,0.009603791,0.27586034,0.004801953,0.13793184,0.015606377,0.4482793,0.97999996,1.0094117,0.97529405,0.9974676,1.0115349,1.0363797,1.0647738,1.085182,0.98757756,0.9934339,1.0075421,1.0194321,1.0366163,1.039441,0.009486347,0.017298138,0.019930264,0.03040607,0.030901223,-0.0020408176,-0.005071116,-0.002759335,-0.003225905,-0.00013118568,0.11570452,0.7878069,0.67088914,0.8723368,0.005496944,0.010647732,0.015277883,0.006781593,0.0101592615,-0.035570983,1.0138247,1.0439657,1.0761628,1.1013267,1.1013267,0.97529405,0.97529405,0.97529405,0.97529405,0.97314847,1.0001775,1.0225377,1.0354924,1.0688553,1.0724046,0.98420584,0.9969831,1.0007099,1.0115349,1.0108252,0.7,0.35,0.175,0.11666667,0.14166667,0.64120233,0.3597694,0.24493168,0.19602823,0.20948578,0.2,0.1,0.05,0.06666667,0.53333336,1.0,1.0,1.0,1.0,0.033333335,-0.8,-0.9,-0.95,-0.93333334,0.5,0.32689378,-0.09008781,0.27212402,-0.010077934,-0.11641161,0.7045147,0.6661831,-0.1466106,-0.23766083,-0.10140877,0.2,0.2,0.45,0.43333334,0.51666665,0.8,0.8,0.55,0.53333336,0.46666667,-0.6,-0.6,-0.1,-0.1,0.05,0.38181865,0.31192687,0.33632293,0.3628572,0.5098592,0.61818135,0.6880731,0.66367704,0.63714284,0.4901408,-0.23636271,-0.37614623,-0.32735413,-0.2742856,0.019718405,0.6464885,0.59728456,0.7910525,0.78391343,0.7380595,0.21096788,0.16190778,0.33126327,0.3240745,0.27227172,1.0173335,0.8606575,1.2710608,1.2033461,1.0431206,0.77515554,0.5628503,0.52858555,0.5478019,0.5128793,0.22484446,0.43714973,0.47141445,0.4521981,0.4871207,0.5503111,0.12570053,0.05717113,0.095603846,0.02575865
SH601288,0.01903626701661075,0.75,,2026-05-29,0.022653714,0.033980615,0.6666658,0.0048543867,0.14285752,0.0064725154,0.1904767,0.024271842,0.71428496,0.9778481,1.0047468,0.971519,0.9928574,1.0221453,1.0553633,1.0830449,1.049135,1.0055363,1.0033218,1.018339,1.0413148,1.0585467,1.0460669,0.014789297,0.020321513,0.028106468,0.034513958,0.029838657,-0.007197224,-0.0061696586,-0.004475896,-0.0036589678,0.00015782942,0.5920726,0.8449318,0.8875962,0.87102246,0.008533304,0.011072676,0.009424381,0.0012061498,-0.005491661,-0.05072284,1.0272915,1.0588298,1.0868243,1.1312566,1.1312566,0.971519,0.971519,0.971519,0.971519,0.971519,1.016609,1.033218,1.0671281,1.0874741,1.0740484,0.9954325,0.9997232,1.0186851,1.0221453,1.0220069,0.6,0.3,0.15,0.1,0.05,0.5106634,0.32620266,0.24700536,0.17829888,0.17829888,0.2,0.2,0.05,0.16666667,0.5833333,1.0,1.0,1.0,1.0,1.0,-0.8,-0.8,-0.95,-0.8333333,-0.41666666,-0.66937095,-0.1592161,0.29544348,0.11019954,0.13518374,0.031009939,-0.2518177,-0.027238715,-0.0038074246,0.33963427,0.2,0.3,0.35,0.43333334,0.45,0.8,0.7,0.65,0.56666666,0.55,-0.6,-0.4,-0.3,-0.13333334,-0.1,0.30487838,0.25609776,0.27941194,0.42058173,0.49586776,0.69512165,0.7439022,0.720588,0.57941824,0.5041323,-0.39024326,-0.48780444,-0.4411761,-0.15883654,-0.008264483,0.8360435,0.8703942,0.9566885,0.9605578,1.0554428,0.2207419,0.18211724,0.21500675,0.24919844,0.38090143,0.76737934,0.78471357,0.82433105,0.94130075,1.3490089,0.60533655,0.46415803,0.5196196,0.49081978,0.49184108,0.39466348,0.535842,0.4803804,0.5091802,0.5081589,0.21067305,-0.07168395,0.039239213,-0.01836041,-0.016317869
SH601021,0.018800945218930103,0.625,,2026-05-29,0.011143186,0.029921612,0.37241265,0.018778425,0.6275874,0.0,0.0,-0.007635238,-0.2551747,0.98897964,1.0185715,0.98897964,1.0063221,0.9475099,0.9236158,0.95403516,0.96727765,1.0750408,0.9863545,0.9618943,0.9588859,0.9654256,0.96755594,0.008393186,0.031828843,0.025050046,0.023315609,0.029683778,0.0021207188,0.0092964955,0.0010651565,-0.0005848763,-0.00046806358,0.15960722,0.7820026,0.06328166,0.04876814,0.07583526,0.009404079,-0.0037284924,0.030995095,0.04305511,0.04625196,1.0185715,1.0185715,1.0185715,1.0185715,1.0880978,0.9648396,0.8940885,0.8940885,0.8940885,0.8791531,0.98955953,0.98526055,0.9789848,0.9842242,0.9870646,0.9814605,0.93029463,0.93624413,0.9474331,0.9452452,1.0,1.0,1.0,1.0,0.93333334,0.65436786,0.8508111,0.8508111,0.8508111,0.5783678,1.0,1.0,1.0,1.0,0.016666668,0.6,0.1,0.55,0.7,0.25,0.4,0.9,0.45,0.3,-0.23333333,0.53717697,0.7358851,0.72821844,0.24665342,0.06246955,0.7413015,0.6709085,0.6319668,0.5501349,0.109561816,0.6,0.6,0.45,0.43333334,0.4,0.4,0.4,0.55,0.56666666,0.6,0.2,0.2,-0.1,-0.13333334,-0.2,0.84489256,0.6933915,0.58290064,0.5457718,0.45797506,0.15510741,0.30660847,0.4170994,0.45422822,0.54202497,0.6897852,0.38678303,0.16580124,0.091543525,-0.08404991,0.8291882,0.7207576,0.61522025,0.53190696,0.60748255,0.24862646,0.2960525,0.25095803,0.24250218,0.2959556,1.2316965,1.0789726,1.3945972,1.5555754,1.6175108,0.60632205,0.6086264,0.57287043,0.5437971,0.500872,0.39367798,0.3913736,0.4271296,0.45620292,0.49912795,0.21264404,0.2172528,0.14574084,0.08759415,0.0017440849
SH601186,0.014091732376818697,0.375,,2026-05-29,0.025641054,0.033653803,0.76190656,0.008012749,0.23809342,0.0,0.0,0.017628305,0.5238131,0.97499996,1.0078124,0.97499996,0.99336076,0.9947033,1.0296609,1.0561441,1.0868644,1.148305,0.9866525,0.99894065,1.0251589,1.0411017,1.0769597,0.010818588,0.017240893,0.030115271,0.03412403,0.047329664,7.3495556e-09,-0.0045326105,-0.0047653564,-0.003677344,-0.0025441092,1.1537748e-12,0.6335613,0.8763655,0.9000146,0.881261,0.013347469,0.021456104,0.020112019,0.012219825,-0.0019084851,1.0078124,1.0343484,1.0623934,1.0915492,1.1851612,0.96882904,0.96882904,0.96882904,0.96882904,0.96882904,0.9932203,1.013983,1.0544491,1.0726695,1.1194915,0.9769068,0.9879237,0.9940677,1.0025424,1.0478814,1.0,0.6,0.3,0.2,0.1,0.7995958,0.47575194,0.3331498,0.25400028,0.1440883,1.0,0.2,0.35,0.033333335,0.15,0.8,0.9,0.95,0.96666664,0.98333335,0.2,-0.7,-0.6,-0.93333334,-0.8333333,0.69701123,0.17023598,-0.08109586,-0.33318046,0.46796277,0.82026535,0.69409776,0.40588692,0.2910634,0.051361743,0.2,0.2,0.25,0.2,0.33333334,0.8,0.8,0.75,0.73333335,0.6,-0.6,-0.6,-0.5,-0.53333336,-0.26666668,0.55555624,0.3679248,0.3354038,0.29081652,0.3605578,0.44444376,0.6320752,0.6645962,0.70918345,0.6394422,0.11111248,-0.26415035,-0.32919237,-0.41836694,-0.27888438,0.6936891,0.65246016,0.64352405,0.6111574,0.744529,0.18342698,0.1478936,0.13504131,0.13347608,0.3415115,1.3467909,0.94720906,1.022031,1.1499243,1.260196,0.75845724,0.62482035,0.6089586,0.5925831,0.48575184,0.24154276,0.37517968,0.39104143,0.40741685,0.5142482,0.5169145,0.24964066,0.21791716,0.18516628,-0.028496329
SH601901,0.013315221781268965,0.75,,2026-05-29,0.00730998,0.016081885,0.45454752,0.0073098894,0.45454186,0.0014620143,0.090910636,0.0014621052,0.09091629,0.9927431,1.0072569,0.99129164,0.99832755,1.0243572,1.0175912,1.0257103,1.037889,1.0960758,1.014073,1.0156969,1.0302435,1.0273342,1.0316193,0.016395262,0.0117310155,0.01908781,0.016729984,0.027019946,-0.00947225,-0.0013613788,-0.0025222045,-0.00043108998,-0.0006273733,0.834468,0.123452015,0.6111059,0.051457245,0.1644307,0.004871451,-0.009570654,-0.006282593,-0.02108339,-0.013111756,1.0413893,1.046624,1.063993,1.063993,1.1018094,0.99129164,0.99129164,0.99129164,0.99129164,0.9807625,1.0297699,1.0254397,1.0506089,1.0427605,1.0584574,0.99891746,1.0086603,1.0154263,1.0154263,1.0067658,0.4,0.2,0.1,0.06666667,0.15,0.17382704,0.15738271,0.1197824,0.1197824,0.1589263,0.4,0.4,0.35,0.56666666,0.016666668,1.0,1.0,1.0,1.0,0.38333333,-0.6,-0.6,-0.65,-0.43333334,-0.36666667,-0.5611365,-0.13379976,-0.23396868,0.04713795,-0.13692796,-0.019776527,0.101873256,0.049967445,0.23188241,0.08826003,0.4,0.5,0.5,0.43333334,0.46666667,0.4,0.4,0.45,0.5,0.48333332,0.0,0.1,0.05,-0.06666667,-0.016666668,0.23529527,0.39682552,0.42635667,0.4156627,0.41876435,0.7647047,0.60317445,0.5736433,0.5843373,0.58123565,-0.52940947,-0.20634894,-0.14728662,-0.16867462,-0.16247128,0.8760592,0.81720513,0.7674357,0.6936177,0.67893726,0.14080262,0.24002859,0.18638004,0.19698413,0.20406096,0.94266146,0.7896549,0.71841913,0.8701664,1.1539806,0.5007942,0.5485263,0.5306807,0.5605108,0.5028439,0.49920583,0.45147368,0.46931928,0.43948916,0.49715608,0.0015883592,0.09705262,0.061361406,0.12102166,0.005687822
SH601456,0.011897348153890134,0.75,,2026-05-29,0.011641452,0.024447016,0.4761911,0.011641452,0.4761911,0.0011641125,0.04761777,0.0011641125,0.04761777,0.9884925,1.0115075,0.9873418,1.0015144,1.0432372,1.0731708,1.0898005,1.0764966,1.1175166,1.023725,1.0423503,1.0735034,1.0733925,1.0710459,0.026844392,0.027410489,0.038166597,0.03118434,0.026929948,-0.014855881,-0.008036015,-0.0059750252,-0.001739799,-0.00031971803,0.7656489,0.7878787,0.8577894,0.24122748,0.042989567,0.005986702,-0.006188269,-0.016740583,-0.04816537,-0.06161414,1.06379,1.0988194,1.1213111,1.1213111,1.1270673,0.9873418,0.9873418,0.9873418,0.9873418,0.9873418,1.045898,1.0645233,1.1101996,1.1086475,1.0913526,0.99800444,1.0283813,1.045011,1.0583148,1.0472285,0.4,0.2,0.1,0.06666667,0.033333335,0.16557904,0.113549285,0.094485864,0.094485864,0.090593345,0.4,0.4,0.1,0.4,0.016666668,1.0,1.0,1.0,1.0,1.0,-0.6,-0.6,-0.9,-0.6,-0.98333335,-0.8468176,-0.7283878,-0.34542006,-0.17761728,0.0693167,-0.6663963,-0.24457568,-0.30780354,0.01401284,0.18355618,0.6,0.5,0.5,0.46666667,0.45,0.4,0.5,0.45,0.46666667,0.48333332,0.2,0.0,0.05,0.0,-0.033333335,0.20000045,0.17000003,0.25454527,0.3519313,0.39271247,0.79999954,0.83,0.7454547,0.6480687,0.6072875,-0.5999991,-0.65999997,-0.49090946,-0.2961374,-0.21457504,0.8727084,0.7509412,0.7214476,0.6678325,0.6124621,0.29518762,0.29448,0.23057956,0.27550232,0.2426615,1.5032189,1.6826308,1.7024162,1.7544872,1.5416833,0.5509399,0.562517,0.4440984,0.54068077,0.5043952,0.44906008,0.43748298,0.5559016,0.45931923,0.4956048,0.10187981,0.12503402,-0.11180316,0.08136152,0.008790375
SH600415,0.009096389211264379,0.5,,2026-05-29,0.015860422,0.041237175,0.38461465,0.02220467,0.53846246,0.0031720842,0.07692293,-0.0031721646,-0.076924875,0.9843872,1.021858,0.98126465,1.0072522,1.0421591,1.0733913,1.0757226,0.9578588,1.1256942,1.022804,1.047941,1.0416946,1.0288653,1.0395205,0.029316595,0.03939793,0.031126492,0.043611813,0.044974867,-0.017100303,-0.010522908,-0.00020526015,0.0022472444,-0.0007953994,0.8505905,0.65393746,0.0015220081,0.20577566,0.0953961,0.011396637,-0.00058792566,-0.03974461,-0.0614504,-0.016056208,1.0765185,1.121004,1.121004,1.121004,1.1428607,0.98126465,0.98126465,0.98126465,0.9406786,0.9406786,1.0395145,1.0718323,1.0582503,1.0634005,1.0816557,0.99781466,1.0224943,1.0188996,0.98704445,1.0096918,0.4,0.2,0.1,0.26666668,0.18333334,0.19668864,0.13407362,0.13407362,0.32896882,0.29340604,0.2,0.3,0.65,0.76666665,0.016666668,1.0,1.0,1.0,0.1,0.55,-0.8,-0.7,-0.35,0.6666667,-0.53333336,0.37268865,0.7932442,0.74502826,0.7622775,-0.034860127,0.31481412,0.54029566,0.5919866,0.72855574,0.5466676,0.4,0.3,0.4,0.43333334,0.4,0.6,0.7,0.6,0.56666666,0.6,-0.2,-0.4,-0.2,-0.13333334,-0.2,0.30149135,0.3575769,0.4096794,0.5326009,0.4495867,0.6985086,0.6424231,0.5903206,0.46739912,0.5504133,-0.3970173,-0.28484622,-0.18064117,0.065201774,-0.100826606,1.0767847,1.3818074,1.4137268,1.4506773,1.0458858,0.08767199,0.4628957,0.49645877,0.6992229,0.6934258,0.6394838,1.1008369,1.0793599,1.6374384,1.803335,0.35721642,0.335523,0.44638136,0.49665803,0.5033297,0.6427836,0.664477,0.55361867,0.503342,0.49667034,-0.28556716,-0.32895395,-0.10723729,-0.006683967,0.006659344
SH601318,0.007348585997109447,0.625,,2026-05-29,0.017303685,0.022247624,0.7777768,0.0034227218,0.15384662,0.0015212173,0.068376616,0.015402181,0.69230676,0.9829906,1.0033646,0.9814953,0.9954586,1.0033407,1.0374038,1.0771939,1.102249,1.1654238,1.000859,1.0068185,1.053129,1.0638151,1.0885681,0.013914931,0.012864701,0.052221727,0.04516852,0.04915732,-0.0060609654,-0.003253558,-0.008226495,-0.003939923,-0.0021816697,0.4743092,0.5863125,0.86855096,0.5896651,0.6007606,0.011262907,0.00782243,0.025022801,-0.0066862516,-0.024208812,1.0298907,1.0366641,1.1422334,1.1422334,1.1910355,0.97475016,0.97475016,0.97475016,0.97475016,0.97475016,1.013661,1.0151644,1.1104097,1.1095628,1.1309909,0.9927101,0.999141,1.0045338,1.0130645,1.058307,0.6,0.3,0.15,0.1,0.05,0.45791793,0.4078211,0.15076037,0.15076037,0.116743125,0.4,0.1,0.2,0.46666667,0.016666668,0.8,0.9,0.95,0.96666664,0.98333335,-0.4,-0.8,-0.75,-0.5,-0.96666664,0.10993427,-0.17634201,0.3091289,-0.09354251,-0.18683508,0.7904376,0.35250705,0.41317827,0.38482708,0.009073991,0.6,0.3,0.35,0.3,0.4,0.4,0.7,0.65,0.6666667,0.5833333,0.2,-0.4,-0.3,-0.36666667,-0.18333334,0.47388077,0.30919075,0.33418757,0.31995797,0.39112687,0.52611923,0.69080925,0.66581243,0.680042,0.6088731,-0.052238464,-0.38161847,-0.33162484,-0.36008406,-0.21774624,0.90304136,0.8613833,0.9505649,0.8306187,0.7703374,0.057305112,0.10849799,0.2228841,0.2511848,0.2439893,0.62183625,0.7085426,1.0682054,1.2655101,1.178404,0.8874003,0.44248542,0.5340905,0.5261858,0.499592,0.1125997,0.5575146,0.4659095,0.47381416,0.500408,0.7748006,-0.11502916,0.06818101,0.052371655,-0.0008159901
SH601607,0.005281843213858025,0.625,,2026-05-29,0.018541474,0.0222497,0.83333594,0.0024721888,0.11111111,0.0012360365,0.055552956,0.017305322,0.7777778,0.981796,1.0024272,0.98058254,0.99589556,0.9975411,1.0151358,1.0273209,1.0327852,1.0467187,0.9923501,0.9985301,1.0161002,1.0207238,1.0274493,0.006666874,0.009180584,0.019998651,0.018227538,0.018828617,0.0002459001,-0.002100565,-0.0030677072,-0.0016136544,-0.00055330974,0.0034010487,0.47989145,0.8235585,0.6073888,0.26339018,0.007158089,0.010922432,0.013043028,0.0026741873,-0.011126665,1.0024272,1.0187846,1.0473282,1.0485476,1.0552342,0.97633195,0.97633195,0.97633195,0.97633195,0.97633195,0.99562865,1.0026555,1.0374843,1.0374843,1.0436587,0.98954153,0.99344295,0.9969401,1.0009617,1.0079887,1.0,0.6,0.3,0.2,0.15,0.90698737,0.5575151,0.33337015,0.32774132,0.29996672,1.0,0.3,0.35,0.06666667,0.18333334,0.6,0.8,0.9,0.93333334,0.96666664,0.4,-0.5,-0.55,-0.8666667,-0.78333336,0.5932979,0.0162223,0.29129273,0.2550366,0.33750546,0.7875084,0.4041898,0.4077568,0.32375294,0.16607238,0.4,0.3,0.3,0.33333334,0.43333334,0.6,0.7,0.6,0.6,0.51666665,-0.2,-0.4,-0.3,-0.26666668,-0.083333336,0.53069574,0.41150185,0.3990308,0.421875,0.4438018,0.46930426,0.5884982,0.6009692,0.578125,0.5561982,0.061391465,-0.1769963,-0.20193839,-0.15625001,-0.11239641,0.7172816,0.6766054,0.71276176,0.70840704,0.82497966,0.23837312,0.1845348,0.1692403,0.17868017,0.29270723,1.1137874,0.87710017,0.89572734,0.8816218,1.2962595,0.62992316,0.5604682,0.5320727,0.5141235,0.49566424,0.37007686,0.43953183,0.46792728,0.4858765,0.50433576,0.25984627,0.12093636,0.06414546,0.028246993,-0.0086715
SH601328,0.0020423324085213127,0.625,,2026-05-29,0.019908182,0.029096449,0.68421346,0.0045941332,0.15789326,0.0045941332,0.15789326,0.019908182,0.68421346,0.98048043,1.0045044,0.97597593,0.99241894,0.99668694,1.0088348,1.0480397,1.0358918,0.98785204,0.9908338,0.99348426,1.0021812,1.0169888,1.0230812,0.0065171346,0.00649083,0.013302462,0.024132548,0.02096729,0.0006626167,-0.00085671654,-0.0017408219,-0.0024803288,-0.00048473445,0.025843503,0.15969278,0.5993944,0.81867945,0.16301328,0.007840964,0.010370955,0.014356695,0.018976012,-0.0087814815,1.0045044,1.0131116,1.0490733,1.0670687,1.0703155,0.97597593,0.97597593,0.97597593,0.97597593,0.97597593,0.9938156,1.0,1.0091662,1.0450579,1.0434014,0.9879625,0.98884594,0.9919382,0.99668694,1.0011044,1.0,0.85,0.425,0.28333333,0.15,0.84210676,0.6469265,0.32865795,0.26373154,0.25465512,1.0,0.2,0.05,0.16666667,0.35,1.0,1.0,1.0,1.0,1.0,0.0,-0.8,-0.95,-0.8333333,-0.65,0.41628388,0.13818942,0.10374083,-0.5160049,-0.38104445,0.57610565,0.35410896,-0.06796717,0.04265872,0.09803067,0.2,0.3,0.3,0.36666667,0.5,0.8,0.6,0.6,0.56666666,0.45,-0.6,-0.3,-0.3,-0.2,0.05,0.55,0.43548387,0.31330472,0.4052478,0.5135468,0.45,0.5645161,0.6866953,0.5947522,0.4864532,0.1,-0.12903225,-0.37339056,-0.18950437,0.027093597,0.7283081,0.73852205,0.75201267,0.6788684,0.69367564,0.17098087,0.13419746,0.17662309,0.18250543,0.21823983,1.3044388,1.1040264,1.1968504,1.1830275,1.3338068,0.60098916,0.59625214,0.5690691,0.557283,0.51174444,0.3990108,0.40374786,0.43093094,0.442717,0.48825553,0.20197837,0.19250429,0.13813815,0.11456601,0.023488935
SH600926,0.001817049406523303,0.875,,2026-05-29,0.010732327,0.027146537,0.39534792,0.013257608,0.488372,0.0031566017,0.11628009,0.00063132035,0.023256017,0.9893816,1.0131168,0.98625857,1.0030926,1.0026178,1.0314137,1.0887673,1.079486,1.0287958,0.99961925,1.0054973,1.0304022,1.0454228,1.0472711,0.0074966117,0.009177606,0.02987746,0.032949362,0.026681438,-0.0032127614,-0.0026177957,-0.0048703984,-0.0034199515,-0.00039730247,0.45916304,0.7458031,0.93005717,0.8349251,0.06762759,0.006806265,0.006282689,0.015866583,0.004166468,-0.035550736,1.0195748,1.0306991,1.0987314,1.0987314,1.0987314,0.98625857,0.98625857,0.98625857,0.98625857,0.98625857,1.0047121,1.0120418,1.0522132,1.0785341,1.0721561,0.9957639,0.99952406,1.0035697,1.0081866,1.0258925,0.6,0.3,0.15,0.1,0.05,0.4124557,0.30920976,0.12217569,0.12217569,0.12217569,0.2,0.2,0.1,0.4,0.7,1.0,1.0,1.0,1.0,1.0,-0.8,-0.8,-0.9,-0.6,-0.3,-0.15614274,-0.44389084,-0.11307503,-0.17369488,-0.09481623,0.54191333,0.33238974,0.20592026,0.067862205,0.01612445,0.4,0.3,0.25,0.3,0.5,0.6,0.7,0.7,0.6333333,0.46666667,-0.2,-0.4,-0.45,-0.33333334,0.033333335,0.46496817,0.29999956,0.19275093,0.33366513,0.4699751,0.53503186,0.70000046,0.80724907,0.66633487,0.5300249,-0.07006365,-0.4000009,-0.61449814,-0.33266973,-0.06004975,0.57666856,0.50267595,0.49078858,0.4772715,0.485768,0.24599811,0.18553963,0.13921362,0.14385866,0.1676249,0.8394921,0.775795,0.84906816,0.8723503,1.0534638,0.8192135,0.7660859,0.62043315,0.5887075,0.51843095,0.18078646,0.2339141,0.37956682,0.41129252,0.48156908,0.6384271,0.5321718,0.24086636,0.17741497,0.03686185
SZ000100,-0.0037785913521481643,0.375,,2026-05-29,-0.06345727,0.0678337,-0.93548304,0.0,0.0,0.0043764254,0.06451698,-0.05908085,-0.870966,1.0677569,1.0677569,0.99532706,1.0197195,1.0229528,0.9764267,0.9950372,1.0229528,1.1563275,1.0578164,1.0311414,1.0159739,1.0128411,1.0313171,0.03883839,0.039975695,0.03284042,0.027645575,0.04977406,-0.00880892,0.008120909,0.003154443,0.0012629145,-0.0014892304,0.12860651,0.3782934,0.32292086,0.16173288,0.2730345,-0.04019849,-0.06768549,-0.04594112,-0.031153413,0.012615128,1.1514416,1.1514416,1.1514416,1.1514416,1.1865078,0.99532706,0.9623734,0.9623734,0.9623734,0.9601134,1.087593,1.0753101,1.0258064,1.0210918,1.0753101,1.0297766,0.9976427,0.9956575,0.9950372,0.99751854,0.2,0.3,0.375,0.35,0.275,0.02993288,0.1990107,0.1990107,0.1990107,0.1761818,0.6,0.8,0.9,0.93333334,0.05,1.0,0.1,0.55,0.7,0.41666666,-0.4,0.7,0.35,0.23333333,-0.36666667,0.5552392,0.57700497,0.62652034,0.54327905,0.2578423,0.114234515,0.34817377,0.32200488,0.35352373,0.28889105,0.6,0.7,0.6,0.5,0.43333334,0.4,0.3,0.4,0.5,0.55,0.2,0.4,0.2,0.0,-0.11666667,0.42965797,0.54871804,0.5061163,0.47724482,0.42691416,0.570342,0.45128193,0.49388376,0.5227552,0.57308584,-0.14068405,0.09743612,0.012232486,-0.045510363,-0.14617167,1.1797048,1.1020197,0.82842726,0.6498253,0.49934036,0.26643205,0.60262513,0.50834405,0.4857297,0.3828538,0.8550933,1.0953593,1.256052,1.516475,1.5129132,0.28778985,0.5467989,0.5642164,0.55692,0.52834094,0.7122101,0.45320114,0.43578362,0.44308,0.47165903,-0.4244203,0.09359773,0.12843272,0.113840014,0.056681916
SZ000001,-0.004498559913078712,0.375,,2026-05-29,0.026291028,0.02910793,0.9032256,0.0,0.0,0.002816903,0.096774414,0.02910793,1.0,0.97438246,1.0,0.9716377,0.99096644,0.9771304,1.005493,1.0484924,1.0219586,0.992685,0.9848139,0.98527145,1.008419,1.0116214,1.0069245,0.009822503,0.00837787,0.026793819,0.02378804,0.020477312,0.003384885,-0.00030493658,-0.004160485,-0.0015780847,0.00019082372,0.29688174,0.012144041,0.84389186,0.34107113,0.026486136,0.008416319,0.016100775,0.03110554,0.01126092,-0.012553758,1.0,1.0036601,1.0613031,1.0613031,1.0613031,0.9716377,0.9716377,0.9716377,0.9716377,0.95425296,0.9897536,0.993596,1.034953,1.034953,1.0226915,0.9767647,0.9771304,0.9833482,0.98682624,0.9890207,1.0,1.0,0.5,0.33333334,0.375,1.0,0.8857034,0.31631222,0.31631222,0.427342,1.0,0.1,0.1,0.4,0.7,1.0,1.0,1.0,1.0,0.25,0.0,-0.9,-0.9,-0.6,0.45,0.82938164,0.35467395,0.48950335,0.41552147,0.18906976,0.73093414,0.533252,0.37404576,0.60694706,0.30546635,0.4,0.2,0.2,0.33333334,0.41666666,0.4,0.6,0.7,0.56666666,0.51666665,0.0,-0.4,-0.5,-0.23333333,-0.1,0.7451179,0.4633857,0.31465998,0.4482736,0.5077777,0.25488207,0.5366143,0.68534,0.5517264,0.49222228,0.49023587,-0.07322857,-0.37068,-0.103452824,0.015555433,0.66319233,0.6504458,0.6903091,0.71007407,0.6525617,0.19865412,0.14981762,0.14251368,0.37347913,0.30393904,1.2959328,1.2899148,1.1371757,2.1967149,1.913784,0.71670395,0.6197448,0.4601387,0.55144846,0.5178562,0.28329602,0.38025522,0.5398613,0.44855154,0.48214382,0.43340796,0.23948957,-0.07972259,0.10289693,0.035712384
SH600886,-0.006672347213888983,0.5,,2026-05-29,0.039244227,0.051598758,0.76056534,0.006540606,0.12675898,0.0058139265,0.112675704,0.038517546,0.7464821,0.9622377,1.0062937,0.95664334,0.99495983,0.9335648,0.9342668,0.95105106,0.924477,0.94126123,0.9685297,0.952307,0.9499649,0.94655013,0.967669,0.020358762,0.02370849,0.017194195,0.015694346,0.03529471,0.010909177,0.006060222,0.00086363463,0.0007651843,-0.0011618363,0.7178295,0.5989364,0.088300765,0.1842245,0.3304992,0.009651937,0.020421995,0.041830603,0.04235468,0.06660516,1.0062937,1.0062937,1.0062937,1.0062937,1.0594411,0.9272706,0.91468364,0.91468364,0.91468364,0.91468364,0.97594285,0.9665692,0.9608383,0.9553881,1.0074105,0.95957977,0.9320254,0.9341264,0.9341264,0.9367812,1.0,1.0,1.0,1.0,0.76666665,0.92035717,0.93129987,0.93129987,0.93129987,0.5893744,1.0,1.0,1.0,1.0,0.13333334,0.2,0.5,0.75,0.8333333,0.9166667,0.8,0.5,0.25,0.16666667,-0.78333336,0.9105727,0.66267675,0.29615694,0.46528125,0.1393516,0.93892896,0.9419023,0.6252325,0.6089307,0.36695883,0.8,0.6,0.5,0.5,0.46666667,0.2,0.4,0.4,0.4,0.48333332,0.6,0.2,0.1,0.1,-0.016666668,0.92036873,0.7061648,0.63159704,0.63502353,0.54384196,0.07963128,0.29383522,0.36840296,0.36497647,0.456158,0.84073746,0.41232952,0.26319408,0.2700471,0.08768396,0.651493,0.64128894,0.6607729,0.5584691,0.5046255,0.23737486,0.21888024,0.22555403,0.24090414,0.23362833,1.1241261,1.0840557,1.5194346,1.5254315,1.2429476,0.7129868,0.5452332,0.5621213,0.5677631,0.51429355,0.28701317,0.45476678,0.43787873,0.43223694,0.48570648,0.42597368,0.09046643,0.12424256,0.13552615,0.028587067
SH601229,-0.006929726833593681,0.375,,2026-05-29,0.014606726,0.021348335,0.68420917,0.003370804,0.15789542,0.003370804,0.15789542,0.014606726,0.68420917,0.9856036,1.0033222,0.98228127,0.99575686,1.0055982,1.0509723,1.06099,1.0842663,1.0798469,0.9974072,1.004508,1.0207572,1.040827,1.0629297,0.0066257296,0.010435549,0.020293092,0.033706013,0.0340494,-0.0019151513,-0.0029624458,-0.002725065,-0.0035713757,-0.0015831263,0.2088713,0.73872316,0.63113946,0.87007767,0.659344,0.006423086,0.008823027,0.0051308786,0.010957969,-0.016227476,1.0111461,1.0500005,1.0665381,1.104274,1.1164637,0.98228127,0.98228127,0.98228127,0.98228127,0.98228127,1.00165,1.0083088,1.039128,1.0793754,1.0931056,0.9938126,0.99911606,1.0030643,1.0055982,1.0256335,0.6,0.3,0.15,0.1,0.05,0.6138524,0.26164937,0.21029416,0.14524397,0.13204952,0.2,0.1,0.05,0.06666667,0.18333334,1.0,1.0,1.0,1.0,1.0,-0.8,-0.9,-0.95,-0.93333334,-0.81666666,0.16530737,0.47698787,0.7172997,0.22347336,0.015161266,0.53724134,0.3608887,0.1858178,0.3144456,0.19581607,0.4,0.3,0.3,0.3,0.33333334,0.6,0.7,0.7,0.7,0.6333333,-0.2,-0.4,-0.4,-0.4,-0.3,0.42399904,0.19860524,0.30797738,0.32771072,0.42322943,0.5760009,0.80139476,0.6920226,0.67228925,0.5767706,-0.15200192,-0.6027895,-0.38404524,-0.34457853,-0.15354116,0.7984206,0.841148,1.040131,1.0562782,0.9863754,0.21347775,0.1976069,0.2713651,0.34242088,0.29590437,0.7488613,0.9736858,0.89658713,0.86941516,0.9075429,0.594703,0.4776288,0.48562604,0.4859156,0.50108904,0.40529698,0.5223712,0.51437396,0.5140844,0.49891093,0.18940605,-0.044742398,-0.028747944,-0.028168805,0.002178108
SH601006,-0.009564697533304776,0.375,,2026-05-29,0.011695914,0.017543871,0.6666667,0.0038986057,0.22222038,0.0019493514,0.11111295,0.00974666,0.5555592,0.9884393,1.0038536,0.9865125,0.9963925,1.0444607,1.0444607,1.0386298,1.0116618,0.9919825,1.0056851,1.0282071,1.0294461,1.0251944,1.020311,0.016559802,0.02689682,0.020359337,0.01825491,0.016732117,-0.008600588,-0.0081588505,-0.0009206696,0.00036337762,0.0002838497,0.67435104,0.84346604,0.07157286,0.030708509,0.08777583,0.011516039,0.008507821,-0.020699715,-0.03046335,-0.028684555,1.0421705,1.0691905,1.0691905,1.0691905,1.0691905,0.9864116,0.9864116,0.9864116,0.9864116,0.9824031,1.0166181,1.0482508,1.0444607,1.0427114,1.0368805,0.99475217,0.99927115,1.0148689,1.0116618,1.0036443,0.6,0.3,0.15,0.1,0.11666667,0.24369973,0.16415325,0.16415325,0.16415325,0.20275854,0.2,0.2,0.6,0.73333335,0.8666667,0.8,0.9,0.95,0.96666664,0.033333335,-0.6,-0.7,-0.35,-0.23333333,0.8333333,0.009957954,0.12745936,0.10075466,0.37530136,0.22624607,0.09442152,0.29306474,0.03695547,0.3821491,0.34265646,0.2,0.4,0.45,0.46666667,0.5,0.8,0.6,0.45,0.46666667,0.43333334,-0.6,-0.2,0.0,0.0,0.06666667,0.17204298,0.29801327,0.4,0.4783784,0.50789094,0.82795703,0.70198673,0.6,0.5216216,0.49210906,-0.65591407,-0.4039735,-0.2,-0.043243226,0.01578189,1.0244029,1.0297077,1.0648433,0.95957345,1.1563755,0.21347259,0.25150192,0.2930682,0.34557477,0.5332103,0.45123157,0.72171795,0.9470861,1.0955087,1.1769315,0.5840628,0.48973346,0.4607018,0.510041,0.4820586,0.41593716,0.51026654,0.5392982,0.489959,0.5179414,0.16812567,-0.020533105,-0.078596406,0.020081982,-0.035882775
SH600660,-0.011197196388081131,0.25,,2026-05-29,0.0109426025,0.036091372,0.30319166,0.01209444,0.33510613,0.013054329,0.3617022,0.0119024925,0.32978776,0.98917586,1.0119635,0.9762628,0.999448,1.0495646,1.0634263,1.1055944,1.0897787,1.1251312,1.0053934,1.0237566,1.0600139,1.0760508,1.077302,0.013797681,0.022447132,0.04180238,0.041379686,0.033116233,-0.0072924145,-0.0066833133,-0.0067377184,-0.004107969,-0.00072724477,0.6983458,0.8125936,0.90926766,0.7638035,0.14708865,0.009191413,0.0063182344,0.0039944476,-0.016485222,-0.055848204,1.0495645,1.0657059,1.1349916,1.1368526,1.1390857,0.9762628,0.9762628,0.9762628,0.9762628,0.9762628,1.0170535,1.0466769,1.1052222,1.1061535,1.1055944,0.9974553,1.0013674,1.0209278,1.031714,1.0518955,0.4,0.2,0.1,0.06666667,0.033333335,0.32382858,0.26538885,0.14954554,0.14781258,0.14578536,0.2,0.1,0.15,0.16666667,0.016666668,1.0,1.0,1.0,1.0,1.0,-0.8,-0.9,-0.85,-0.8333333,-0.98333335,0.54608,0.19328496,0.28464285,0.12581652,-0.0031706414,0.7992845,0.5485062,0.27960828,0.35325387,0.124139085,0.2,0.3,0.35,0.43333334,0.45,0.8,0.7,0.65,0.56666666,0.55,-0.6,-0.4,-0.3,-0.13333334,-0.1,0.16962074,0.2485011,0.25073075,0.34666294,0.406266,0.83037925,0.7514989,0.74926925,0.65333706,0.59373397,-0.6607585,-0.50299776,-0.49853852,-0.3066741,-0.18746796,0.8660835,0.8602898,0.95177996,0.9092613,0.8784408,0.14051406,0.17422293,0.35983488,0.33737105,0.35707727,0.53642887,0.627627,0.7034603,0.8305903,1.014027,0.47328115,0.51128054,0.5341735,0.50901985,0.5041852,0.52671885,0.48871946,0.46582654,0.49098012,0.4958148,-0.053437725,0.0225611,0.068346925,0.01803976,0.008370417
SH601878,-0.011621617635797759,0.375,,2026-05-29,0.0117899235,0.017149024,0.6874982,0.0042872387,0.24999897,0.0010718623,0.06250282,0.008574547,0.500002,0.9883475,1.0042373,0.98728806,0.9963309,0.9971319,1.0124283,1.0344168,1.0305928,1.1185468,1.0011472,1.0058317,1.0237571,1.0205544,1.0356597,0.009875303,0.009919428,0.021483442,0.019691724,0.032838248,-0.0038240873,-0.0023581884,-0.0031922543,-0.00059403176,-0.0012900863,0.37488213,0.518078,0.772779,0.0705267,0.47073597,0.006500965,0.0047801337,0.0065692705,-0.011941008,0.002397917,1.0251366,1.0432463,1.0690039,1.0690039,1.1258003,0.9803661,0.9803661,0.9803661,0.9803661,0.9803661,1.0070746,1.0124283,1.0443594,1.043021,1.0764818,0.99713194,0.99942636,1.0049713,1.001912,1.0105162,0.4,0.3,0.15,0.16666667,0.11666667,0.43854555,0.3122431,0.22150695,0.22150695,0.13500196,0.4,0.4,0.35,0.56666666,0.016666668,0.8,0.9,0.95,0.96666664,0.98333335,-0.4,-0.5,-0.6,-0.4,-0.96666664,-0.14912592,-0.29043093,0.41754824,0.41196388,0.03810733,0.16539447,0.22970219,0.23597817,0.6015579,0.41688424,0.6,0.4,0.4,0.4,0.43333334,0.4,0.4,0.45,0.5,0.5,0.2,0.0,-0.05,-0.1,-0.06666667,0.52542424,0.42857164,0.40109918,0.44244608,0.39802644,0.47457576,0.57142836,0.59890085,0.5575539,0.60197353,0.050848458,-0.14285669,-0.19780168,-0.11510782,-0.20394711,0.8609932,0.8426451,0.9452933,0.8683949,0.77094036,0.1408182,0.26475406,0.26579797,0.40276405,0.33673412,0.43642062,0.7523058,0.7480069,1.8345557,1.5872627,0.5510384,0.5176422,0.38903037,0.52422464,0.5050592,0.4489616,0.4823578,0.6109696,0.47577536,0.49494082,0.10207682,0.035284422,-0.22193927,0.048449256,0.010118359
SZ000651,-0.012536873318113078,0.5,,2026-05-29,0.030789489,0.03631589,0.8478243,0.0055263974,0.15217575,0.0,0.0,0.025263092,0.6956485,0.9701302,1.0053613,0.9701302,0.99704206,0.9890222,1.0283384,0.98136306,0.95174927,0.9497071,0.9863162,0.9945113,1.0102377,0.9904606,0.9772404,0.012223262,0.01406455,0.01921308,0.033109806,0.028727025,0.00020409841,-0.0032755802,-0.0027111492,0.0019039743,0.000880606,0.0006970195,0.4972058,0.69691664,0.2562776,0.2866037,0.013275576,0.020228775,0.015518223,-0.018068219,-0.0032182736,1.0053613,1.0365072,1.0436556,1.0436556,1.0436556,0.9650241,0.9650241,0.9650241,0.93464375,0.9343884,0.99407756,1.008936,1.0284406,1.0233347,1.008936,0.9819761,0.9861121,0.99147326,0.95169765,0.9525657,1.0,0.7,0.35,0.56666666,0.78333336,0.8670873,0.48928818,0.4448072,0.5995331,0.60046905,1.0,0.1,0.05,0.36666667,0.68333334,0.8,0.9,0.95,0.2,0.033333335,0.2,-0.8,-0.9,0.16666667,0.65,0.5077476,0.19991133,0.46297294,0.61957777,0.60859674,0.8424311,0.7833058,0.81087124,0.7249927,0.47583085,0.4,0.2,0.3,0.4,0.46666667,0.6,0.8,0.7,0.6,0.53333336,-0.2,-0.6,-0.4,-0.2,-0.06666667,0.58113134,0.36754146,0.5475888,0.59652656,0.553387,0.41886866,0.6324585,0.4524112,0.40347344,0.446613,0.16226268,-0.26491705,0.0951776,0.19305313,0.10677398,0.6098363,0.5776187,0.7608476,0.6663492,0.5486747,0.22116031,0.15332182,0.5355537,0.4717682,0.36999595,1.290089,1.348223,2.6041152,2.7819672,2.9077625,0.8446093,0.66060495,0.4965001,0.5474838,0.5165309,0.1553907,0.33939508,0.50349987,0.4525162,0.48346916,0.68921864,0.32120988,-0.0069997692,0.09496762,0.03306171
SH600941,-0.017066631902114496,0.25,,2026-05-29,0.009370573,0.01517619,0.6174522,0.003870489,0.25503695,0.0019351285,0.12751083,0.007435212,0.4899261,0.9907164,1.0038346,0.9887993,0.99836504,0.96849734,0.9885824,0.96899736,0.94399536,0.964497,0.9862322,0.9908242,0.98588216,0.9766092,0.9673973,0.009600647,0.016856298,0.013811703,0.018795317,0.02010349,0.0060004806,-0.002253219,0.0007419164,0.0015705789,0.0005072897,0.9765873,0.16379246,0.1009912,0.54115534,0.19420885,0.0017668267,0.019315235,0.007069628,0.0006174309,0.017637659,1.0038346,1.0429826,1.0429826,1.0429826,1.0429826,0.96520966,0.96520966,0.96062076,0.9404861,0.93129426,0.99259937,1.0029836,0.99539965,0.9890157,0.9859821,0.97959834,0.975998,0.9750646,0.9662639,0.9454788,1.0,0.7,0.85,0.9,0.95,0.9007232,0.44733277,0.4781253,0.58064383,0.61515635,1.0,0.2,0.6,0.73333335,0.8666667,0.2,0.6,0.15,0.13333334,0.33333334,0.8,-0.4,0.45,0.6,0.53333336,-0.0019135087,0.6942817,0.69598144,0.7068902,0.57134664,-0.49798644,0.5235024,0.49741694,0.7238281,0.51274705,1.0,0.7,0.7,0.6333333,0.56666666,0.0,0.3,0.3,0.36666667,0.41666666,1.0,0.4,0.4,0.26666668,0.15,1.0,0.5506283,0.59374994,0.6250928,0.54514617,0.0,0.44937173,0.40625003,0.3749072,0.45485383,1.0,0.10125655,0.18749991,0.2501856,0.090292335,1.0376691,1.5630461,1.4495614,1.3390349,1.2911861,0.060809195,0.79640734,0.6107043,0.64164114,0.5517697,0.29289842,1.106766,1.2417715,1.6822459,1.6844999,0.33690223,0.37848303,0.50337183,0.5078401,0.4772314,0.66309774,0.621517,0.4966282,0.4921599,0.5227686,-0.3261955,-0.24303398,0.006743611,0.015680205,-0.045537185
SH601788,-0.01779135207695021,0.125,,2026-05-29,0.015658326,0.03274014,0.47826087,0.015658326,0.47826087,0.0014234843,0.04347826,0.0014234843,0.04347826,0.9845831,1.015417,0.98318154,1.0024418,1.0032258,1.0478494,1.033871,1.0994624,1.1462367,1.0072043,1.0210215,1.0463172,1.0516846,1.0763351,0.015195206,0.021945115,0.03285632,0.03091112,0.038444445,-0.004838723,-0.0058683627,-0.004314417,-0.002283541,-0.0018082828,0.25350612,0.6554954,0.6034961,0.4229508,0.67478496,0.002473142,0.0053861267,-0.0053302515,-0.018573249,-0.022990782,1.0538837,1.0793815,1.1009307,1.1048725,1.1598493,0.9804629,0.9804629,0.9804629,0.9804629,0.9804629,1.0180645,1.0408602,1.0749463,1.0810753,1.1160215,0.9976344,1.0025806,1.0133333,1.0309677,1.044301,0.4,0.2,0.1,0.06666667,0.033333335,0.26609758,0.19750677,0.16217674,0.1570383,0.108910605,0.4,0.4,0.35,0.033333335,0.016666668,0.8,0.9,0.95,0.96666664,0.98333335,-0.4,-0.5,-0.6,-0.93333334,-0.96666664,0.41309458,-0.5501009,-0.15910037,-0.38519028,-0.5136797,0.40092772,0.0067966236,0.24293962,0.23995142,0.24835506,0.6,0.4,0.5,0.4,0.41666666,0.4,0.6,0.5,0.6,0.56666666,0.2,-0.2,0.0,-0.2,-0.15,0.47887352,0.33579373,0.4334038,0.34710762,0.3910256,0.52112645,0.66420627,0.5665962,0.65289235,0.6089744,-0.04225294,-0.32841253,-0.13319242,-0.30578476,-0.21794876,1.0383555,0.93818194,0.93712896,0.81121236,0.60213095,0.23677269,0.31768784,0.34780276,0.35985604,0.34521523,0.7904891,0.82376945,1.0760403,1.250099,1.3668904,0.46427515,0.53115004,0.5020512,0.53652394,0.51418525,0.5357249,0.46884996,0.49794883,0.4634761,0.48581475,-0.07144972,0.062300112,0.0041023605,0.073047824,0.028370483
SH600377,-0.01800382428644896,0.5,,2026-05-29,0.023828402,0.033359762,0.71428573,0.0031770945,0.09523732,0.0063542663,0.19047697,0.027005574,0.8095254,0.9767262,1.0031031,0.9705198,0.9943873,0.94793,0.95113105,0.9449424,0.8960734,0.9364064,0.97622705,0.9649808,0.95882416,0.9488761,0.9410834,0.015390543,0.01626913,0.01385156,0.02019571,0.023488617,0.0084720515,0.0044141784,0.0016245793,0.0019697032,0.00039275025,0.7575464,0.67481154,0.48145145,0.7371996,0.08527425,0.006828851,0.01515541,0.025742343,0.022563217,0.0473305,1.0031031,1.0031031,1.0031031,1.0031031,1.0031031,0.94485015,0.94327563,0.9355953,0.89446664,0.88976943,0.98446435,0.9737516,0.96730685,0.9608195,0.95983785,0.96752024,0.9535638,0.94793,0.94088775,0.92104137,1.0,1.0,1.0,1.0,1.0,0.9467298,0.9481317,0.9540327,0.9714355,0.97261935,1.0,1.0,1.0,1.0,1.0,0.2,0.5,0.3,0.033333335,0.48333332,0.8,0.5,0.7,0.96666664,0.51666665,0.98542225,0.88342476,0.5208401,0.38843268,0.15245879,0.8933484,0.694757,0.662004,0.61845833,0.30872363,0.8,0.6,0.55,0.6,0.56666666,0.2,0.4,0.45,0.4,0.41666666,0.6,0.2,0.1,0.2,0.15,0.8765433,0.7258378,0.663291,0.70376563,0.5576625,0.12345671,0.2741622,0.33670905,0.2962344,0.44233748,0.75308657,0.45167562,0.32658193,0.4075312,0.11532501,0.6752966,0.6086948,0.6362653,0.63066393,0.71634936,0.20012324,0.15419583,0.17837027,0.19519219,0.24958825,0.93249124,1.0178633,1.0999109,1.063589,1.0294179,0.85176665,0.70632684,0.55740833,0.55849504,0.5079031,0.14823337,0.29367313,0.44259167,0.44150496,0.4920969,0.7035333,0.41265374,0.11481669,0.116990075,0.015806224
SH601009,-0.018371363348421883,0.375,,2026-05-29,0.014111028,0.029162716,0.48387223,0.011288751,0.38709533,0.003762937,0.12903246,0.0065852143,0.22580937,0.9860853,1.0111316,0.9823747,1.0018258,1.0056217,1.0407896,1.0835403,1.0185645,1.050072,0.99628705,1.0066937,1.0315008,1.0420272,1.0408158,0.0065358835,0.012755222,0.029947452,0.031665817,0.024991363,-0.0018433691,-0.003847606,-0.0049029966,-0.002591163,-0.0003519011,0.19886391,0.8340971,0.9381482,0.51893115,0.060472958,0.0073996647,0.010620548,0.015077617,-0.0044554216,-0.030434709,1.0111316,1.0380199,1.0964397,1.1085806,1.1085806,0.9823747,0.9823747,0.9823747,0.9823747,0.9823747,1.0007321,1.0189306,1.0519284,1.0717741,1.0580992,0.99144983,0.99704534,1.0029285,1.0137796,1.0200288,0.8,0.4,0.2,0.13333334,0.06666667,0.61290467,0.31674388,0.15451947,0.13965477,0.13965477,1.0,0.1,0.1,0.23333333,0.6166667,1.0,1.0,1.0,1.0,1.0,0.0,-0.9,-0.9,-0.76666665,-0.38333333,0.19612476,0.0057136733,0.050757907,0.17723124,0.19653085,0.7186965,0.15745413,0.00033362865,0.39200363,0.1503738,0.2,0.2,0.3,0.36666667,0.4,0.8,0.8,0.7,0.6,0.5833333,-0.6,-0.6,-0.4,-0.23333333,-0.18333334,0.41078883,0.23195872,0.21498616,0.46377552,0.45150667,0.58921117,0.76804125,0.78501385,0.5362245,0.5484933,-0.17842233,-0.53608257,-0.57002765,-0.07244897,-0.096986644,0.6539212,0.6635213,0.6762049,0.67861205,0.68195504,0.20049042,0.16037041,0.14801945,0.18251458,0.18530387,0.9967917,0.90080875,1.0252336,1.1191702,1.24235,0.57693464,0.6057774,0.5648568,0.53606355,0.5086058,0.42306536,0.39422265,0.43514317,0.46393648,0.49139422,0.15386924,0.21155472,0.12971367,0.07212707,0.01721156
SZ002352,-0.01928239385752326,0.375,,2026-05-29,-0.0065378575,0.022171745,-0.2948734,0.009664589,0.43589664,0.005969298,0.26922998,-0.010233148,-0.46154004,1.0065808,1.016309,0.99399143,1.0041065,1.0057019,1.0137296,1.0467402,1.0513167,1.0470403,1.015545,1.014067,1.0295933,1.0345212,1.0424838,0.011288042,0.008746859,0.020524055,0.019046398,0.020607442,-0.005806892,-0.0003014671,-0.0028016833,-0.0015590399,-0.0005223652,0.66159207,0.010888977,0.6521985,0.5192667,0.19597477,-0.003931275,-0.012710498,-0.0029774157,-0.011915184,-0.027074082,1.0300074,1.0300074,1.0691317,1.0810138,1.0931678,0.99399143,0.99399143,0.99399143,0.99399143,0.99279225,1.0234376,1.0221022,1.0500714,1.0500714,1.061385,1.0066022,1.0077425,1.0101733,1.0148699,1.0240228,0.2,0.1,0.05,0.033333335,0.033333335,0.16683106,0.16683106,0.07996488,0.06904641,0.07180776,0.6,0.8,0.2,0.033333335,0.36666667,1.0,1.0,1.0,1.0,0.25,-0.4,-0.2,-0.8,-0.96666664,0.11666667,0.5351762,0.44965157,0.72228056,0.35707682,0.19337994,0.11719053,0.39429462,0.06864673,0.03166311,0.24375415,0.4,0.3,0.35,0.36666667,0.45,0.6,0.7,0.65,0.6333333,0.51666665,-0.2,-0.4,-0.3,-0.26666668,-0.06666667,0.44345185,0.41734356,0.35808647,0.39204523,0.45913175,0.5565482,0.58265644,0.64191353,0.6079548,0.5408683,-0.11309631,-0.16531289,-0.28382707,-0.21590956,-0.08173652,1.011278,1.0147473,1.2003815,1.1216503,1.1457858,0.091173306,0.111634694,0.29158553,0.30611378,0.4045738,0.2775687,0.52277917,0.38492772,0.73678434,1.3801802,0.41914594,0.46103594,0.50040925,0.5064931,0.47079206,0.58085406,0.53896403,0.49959075,0.49350694,0.52920794,-0.16170812,-0.07792811,0.0008185,0.012986131,-0.058415893
SH601668,-0.01976000604247702,0.5,,2026-05-29,0.016842151,0.021052603,0.8000033,0.0021052256,0.09999836,0.0021052256,0.09999836,0.016842151,0.8000033,0.9834368,1.0020703,0.98136646,0.9937571,0.9895379,1.0209241,1.0,1.0287707,1.043592,0.9862249,0.9940715,1.0081953,1.009009,1.0226823,0.008595493,0.012204374,0.017501831,0.01597507,0.020645533,0.0018308667,-0.002927266,-0.0023231586,-0.0009418588,-0.0008937145,0.11342581,0.5273571,0.6166784,0.2693939,0.5715382,0.010113365,0.019101242,0.013874745,0.004647972,0.003682245,1.0020703,1.0225555,1.043482,1.043482,1.0766118,0.9770059,0.9770059,0.9770059,0.9770059,0.9770059,0.9902354,1.003836,1.0212729,1.0226678,1.0395814,0.9790758,0.9839581,0.98918915,0.995292,1.003836,1.0,0.7,0.35,0.28333333,0.14166667,0.91739863,0.5048148,0.34590062,0.34590062,0.23085062,1.0,0.1,0.35,0.56666666,0.15,0.6,0.8,0.9,0.93333334,0.96666664,0.4,-0.7,-0.55,-0.36666667,-0.81666666,0.8134689,0.48849377,0.6550413,0.3447345,0.4523624,0.80891323,0.54896325,0.7145609,0.4010461,0.19692671,0.2,0.1,0.25,0.23333333,0.38333333,0.6,0.7,0.6,0.56666666,0.48333332,-0.4,-0.6,-0.35,-0.33333334,-0.1,0.6666674,0.3333337,0.5,0.40883994,0.44725737,0.3333326,0.6666663,0.5,0.59116006,0.5527426,0.33333477,-0.3333326,0.0,-0.18232012,-0.10548524,0.65540224,0.6834445,0.7876694,0.77956665,0.90005165,0.19616449,0.15050669,0.21860617,0.2504331,0.3565954,1.6270127,1.255158,1.3256879,1.3054922,1.3428608,0.6720534,0.570659,0.5609873,0.5279115,0.48143554,0.3279466,0.429341,0.4390127,0.47208852,0.51856446,0.3441068,0.14131802,0.12197459,0.055822965,-0.03712892
SH600000,-0.022103693076132257,0.375,,2026-05-29,0.020697141,0.027233109,0.75999916,0.0010893148,0.03999965,0.005446654,0.20000118,0.025054479,0.92000073,0.97972256,1.0010673,0.97438633,0.9939581,0.95626736,0.96803653,1.0,1.0726092,1.0331211,0.9895556,0.97280216,0.97323626,0.9931957,1.0331469,0.014639911,0.020942606,0.016844898,0.03533577,0.049545534,0.005550188,0.0053231525,0.00015817008,-0.0029503207,-0.002312045,0.3593176,0.59222645,0.0030858864,0.5402702,0.6641763,-0.000656003,0.0032436792,0.025261136,0.049583916,0.035058472,1.0181712,1.0181712,1.0181712,1.0854149,1.116388,0.95092225,0.9338548,0.9338548,0.9338548,0.9338548,1.0012863,0.9914593,0.98932415,1.0196927,1.078153,0.98017883,0.95496815,0.9614124,0.96372753,0.97015893,0.8,0.9,0.9,0.65,0.325,0.7297917,0.78448766,0.78448766,0.43642893,0.36237365,0.6,0.8,0.9,0.06666667,0.23333333,0.2,0.5,0.75,0.8333333,0.9166667,0.4,0.3,0.15,-0.76666665,-0.68333334,0.47386712,0.36631548,-0.05005892,-0.66878957,-0.53541046,0.7879842,0.651295,0.40836585,0.24705194,0.04331329,0.8,0.6,0.45,0.36666667,0.45,0.2,0.4,0.5,0.6,0.53333336,0.6,0.2,-0.05,-0.23333333,-0.083333336,0.74113494,0.6269801,0.5,0.36160818,0.47119364,0.25886503,0.37301984,0.5,0.63839185,0.5288064,0.4822699,0.2539603,0.0,-0.27678365,-0.057612736,1.1798393,1.1532221,1.0988154,0.97054833,0.86353916,0.30326897,0.24549595,0.30574596,0.32254523,0.34238854,0.34255847,0.6676411,0.90772223,0.8952505,0.9758569,0.4786317,0.34193712,0.5339871,0.53491926,0.50825506,0.5213683,0.6580629,0.4660129,0.46508074,0.49174494,-0.042736605,-0.31612575,0.06797424,0.069838546,0.016510127
SH600196,-0.023251200034184905,0.25,,2026-05-29,0.021080332,0.03645144,0.5783127,0.01537111,0.4216873,0.0,0.0,0.00570922,0.15662536,0.97935486,1.0150537,0.97935486,0.99827784,1.006473,1.0378509,1.0881833,1.1380801,1.1243215,0.99604654,1.0114917,1.0408044,1.0642817,1.088669,0.010123481,0.019856201,0.034990016,0.0459596,0.04701755,-0.0022379667,-0.0058899666,-0.00545347,-0.005011475,-0.0015839454,0.12217647,0.80657506,0.8502089,0.9214683,0.3461468,0.00842937,0.015013153,0.011003614,0.008384724,-0.041942574,1.0150537,1.0486138,1.1036565,1.1651831,1.1763582,0.97376007,0.97376007,0.97376007,0.97376007,0.97376007,1.0023222,1.0334679,1.0712258,1.0999681,1.1342951,0.9929581,0.99931496,1.0028446,1.0171316,1.0445677,0.6,0.3,0.15,0.1,0.05,0.6354464,0.35054973,0.20200664,0.13707834,0.12951715,1.0,0.4,0.05,0.033333335,0.38333333,0.8,0.9,0.95,0.96666664,0.98333335,0.2,-0.5,-0.9,-0.93333334,-0.6,0.25439757,-0.46887407,0.51286757,0.18018335,0.13638993,0.7554842,0.3672378,0.4893037,0.43372494,0.28425342,0.4,0.3,0.25,0.2,0.31666666,0.6,0.7,0.75,0.8,0.68333334,-0.2,-0.4,-0.5,-0.6,-0.36666667,0.44811517,0.31959048,0.2920317,0.26288512,0.41383338,0.55188483,0.68040955,0.7079683,0.73711485,0.5861666,-0.10376967,-0.36081904,-0.41593656,-0.47422972,-0.17233327,0.70202166,0.64385545,0.79413676,0.7555562,0.71013594,0.22750932,0.20720614,0.27123228,0.2607004,0.2578903,0.9109329,0.91776496,0.9909489,1.043877,1.0956842,0.56374174,0.5640213,0.5066195,0.5267033,0.5079929,0.43625823,0.4359787,0.4933805,0.47329667,0.49200705,0.12748353,0.12804256,0.013239001,0.053406626,0.015985904
SH600845,-0.03143161005478767,0.25,,2026-05-29,-0.039103463,0.04768721,-0.819999,0.008583748,0.18000105,0.0,0.0,-0.04768721,-1.0,1.0406947,1.0496278,1.0,1.0152066,1.1334807,1.148376,1.1156064,1.1195464,1.1696779,1.0432699,1.103514,1.1341807,1.1308775,1.1201289,0.033250596,0.07133763,0.061467238,0.050958283,0.04881401,-0.01945032,-0.02268874,-0.006985584,-0.0016334666,0.00020748143,0.85545,0.9272457,0.45204958,0.079632916,0.005510225,-0.004369264,-0.0014146694,-0.06781756,-0.10719223,-0.1262496,1.1374469,1.240685,1.240685,1.240685,1.240685,1.0,1.0,1.0,1.0,0.99964786,1.0585624,1.1794413,1.1869434,1.1787174,1.1697739,1.0269845,1.038907,1.0838555,1.1020565,1.0910565,0.2,0.1,0.05,0.033333335,0.016666668,0.0,0.0,0.0,0.0,0.0014610095,0.2,0.3,0.65,0.76666665,0.8833333,1.0,1.0,1.0,1.0,0.26666668,-0.8,-0.7,-0.35,-0.23333333,0.6166667,0.71546906,0.6180375,0.46310744,0.457185,0.44661322,-0.33540317,-0.25630423,0.46827546,0.56509477,0.51360685,0.2,0.4,0.4,0.4,0.43333334,0.8,0.6,0.6,0.6,0.56666666,-0.6,-0.2,-0.2,-0.2,-0.13333334,0.044191692,0.250431,0.38242003,0.4140013,0.44662327,0.9558083,0.749569,0.61758,0.5859987,0.55337673,-0.9116166,-0.499138,-0.23515996,-0.17199741,-0.10675349,1.1821448,1.3813688,1.3702058,1.2560806,1.1679218,0.40036747,0.39049095,0.4661791,0.4608792,0.44735155,0.7238283,0.8130782,1.0985379,1.1306103,1.1567104,0.37388727,0.4544079,0.5090694,0.5001989,0.49038318,0.6261127,0.54559207,0.49093065,0.49980107,0.5096168,-0.25222543,-0.091184184,0.018138712,0.0003978313,-0.01923363
SH600600,-0.03483524846176927,0.25,,2026-05-29,0.020701189,0.035726193,0.57944006,0.008514159,0.23831701,0.006510846,0.18224292,0.018697875,0.523366,0.9797187,1.0083414,0.97333986,0.99497706,0.9949015,1.010109,1.0328763,1.0127461,1.0135373,0.9889416,0.9969761,1.010421,1.011911,1.0181406,0.007487221,0.010823417,0.016690763,0.014158184,0.014574326,0.002021816,-0.0026296738,-0.002647508,-0.00095325854,-0.00041345108,0.18229805,0.5411111,0.88062334,0.35132417,0.2454546,0.0070147733,0.014857473,0.01473029,0.0019112361,-0.0059436983,1.0083414,1.0199367,1.0439649,1.0439649,1.0558879,0.9652487,0.9652487,0.9652487,0.9652487,0.9652487,0.9928973,1.0090014,1.0265296,1.022521,1.0318917,0.9844057,0.98776364,0.9941455,1.0009142,1.0091069,1.0,0.6,0.3,0.2,0.11666667,0.80642974,0.6354461,0.4414761,0.4414761,0.38340244,1.0,0.1,0.1,0.4,0.4,0.4,0.7,0.85,0.9,0.95,0.6,-0.6,-0.75,-0.5,-0.55,0.9874367,-0.27709866,0.19553916,0.12783776,0.18891577,0.6994935,0.6203454,0.5651237,0.65075606,0.32410556,0.6,0.4,0.4,0.46666667,0.45,0.4,0.6,0.55,0.5,0.53333336,0.2,-0.2,-0.15,-0.033333335,-0.083333336,0.5547174,0.4230255,0.34747145,0.45697325,0.48278946,0.44528255,0.5769745,0.6525285,0.54302675,0.51721054,0.109434895,-0.15394905,-0.3050571,-0.08605347,-0.034421083,0.67773205,0.54827935,0.579536,0.50575984,0.5049251,0.20785122,0.2006828,0.16105027,0.18993449,0.1597078,1.1162043,1.3932546,1.3157266,1.5157,1.3185748,0.76711535,0.62678766,0.5320763,0.5657729,0.52825505,0.23288462,0.37321234,0.4679237,0.43422714,0.47174498,0.53423077,0.25357535,0.06415261,0.13154574,0.056510054
SH603195,-0.03619978446294238,0.25,,2026-05-29,-0.011412298,0.037565388,-0.3037982,0.026153091,0.6962018,0.0,0.0,-0.037565388,-1.0,1.011544,1.037999,1.0,1.0119103,1.058923,1.0290743,0.987258,0.99542415,1.0230905,1.0175995,1.0316015,1.0393418,1.023771,1.0195436,0.018762631,0.02085994,0.02433297,0.029941795,0.02653978,-0.0046603354,-0.0039299014,-0.0017714293,0.0015515697,0.00015951284,0.1542364,0.32534838,0.18549211,0.2081079,0.011017841,-0.008278796,-0.013917026,-0.022513233,-0.04626876,-0.024249244,1.0702008,1.0721799,1.0894567,1.0894567,1.0894567,0.9982928,0.9982928,0.9846074,0.984331,0.97712386,1.0323548,1.0459697,1.0585288,1.0508131,1.0440831,1.0009574,1.0112214,1.0260049,0.9943964,0.9936361,0.2,0.1,0.1,0.4,0.38333333,0.023741037,0.0231051,0.14680693,0.14905006,0.20364605,0.6,0.4,0.1,0.4,0.7,0.6,0.8,0.05,0.1,0.26666668,0.0,-0.4,0.05,0.3,0.43333334,0.043929707,0.00062740647,0.52654403,0.81177604,0.684493,0.5661858,0.43816632,0.7584895,0.7448645,0.61005694,0.2,0.6,0.5,0.43333334,0.41666666,0.8,0.4,0.5,0.53333336,0.56666666,-0.6,0.2,0.0,-0.1,-0.15,0.2947523,0.4161591,0.51692533,0.50548893,0.4835275,0.7052477,0.5838409,0.48307464,0.49451107,0.51647246,-0.4104954,-0.16768183,0.033850707,0.010977859,-0.032944955,0.6343551,0.60458404,0.6558238,0.4844956,0.3448917,0.2889773,0.22399867,0.4128684,0.4155153,0.32774666,0.65609413,1.0128696,2.0303528,2.5163333,3.0753973,0.6446987,0.6118378,0.5672985,0.561496,0.542068,0.35530132,0.38816223,0.43270156,0.43850395,0.457932,0.28939733,0.22367555,0.1345969,0.1229921,0.08413601
SH601236,-0.04077444532068912,0.0,,2026-05-29,0.0103092445,0.017673042,0.58333164,0.007363797,0.41666836,0.0,0.0,0.0029454473,0.16666329,0.9897959,1.0072887,0.9897959,1.0006446,0.99642,1.026253,1.0918854,1.1133652,1.1622912,0.999284,1.00716,1.0370525,1.0571599,1.0874702,0.0036391364,0.0115148155,0.034364913,0.040550213,0.04575686,-0.000596666,-0.0031532526,-0.0055063074,-0.004424699,-0.0023149496,0.06720567,0.6874086,0.89858353,0.92274743,0.78067535,0.0019093114,0.0070297224,0.015257406,0.0069982233,-0.01917916,1.009274,1.0397259,1.1018926,1.1247132,1.1763014,0.98820335,0.98820335,0.98820335,0.98820335,0.98820335,1.0016707,1.0171838,1.0711217,1.0968974,1.127685,0.9968974,0.9973747,1.0009546,1.0131265,1.0577565,0.6,0.4,0.2,0.13333334,0.06666667,0.55986136,0.22896102,0.103762306,0.0864162,0.06271552,0.6,0.4,0.05,0.033333335,0.2,0.8,0.9,0.95,0.96666664,0.98333335,-0.2,-0.5,-0.9,-0.93333334,-0.78333336,0.48306254,-0.3755158,0.49569735,-0.121628806,0.32555166,0.13531147,0.058930315,-0.1771443,-0.049347527,0.17434925,0.6,0.4,0.4,0.36666667,0.45,0.4,0.6,0.6,0.6,0.51666665,0.2,-0.2,-0.2,-0.23333333,-0.06666667,0.5600001,0.32812518,0.25161284,0.26600993,0.36400005,0.4399999,0.6718748,0.74838716,0.7339901,0.636,0.12000019,-0.3437496,-0.49677432,-0.46798012,-0.2719999,0.8878035,0.93343884,1.1421789,1.0112222,1.1743808,0.12972268,0.2847286,0.3938285,0.38299984,0.47470537,0.3049002,0.975414,1.2486181,1.3517603,1.2277281,0.3533059,0.47844636,0.48422682,0.5116337,0.4852393,0.6466941,0.52155364,0.5157732,0.48836628,0.51476073,-0.29338822,-0.043107282,-0.03154636,0.023267444,-0.029521419
SH601919,-0.041798530120370214,0.125,,2026-05-29,0.0,0.011315438,0.0,0.011315438,1.0,0.0,0.0,-0.011315438,-1.0,1.0,1.0113155,1.0,1.0048598,1.0330871,1.002068,1.0062038,1.0711964,1.091876,1.0163072,1.0157756,1.0079173,1.0152733,1.0570902,0.016117899,0.018666504,0.016051931,0.020103317,0.04984762,-0.009955679,0.0005550363,0.0012185562,-0.0008547152,-0.0025444366,0.9538168,0.008104538,0.2016994,0.14009066,0.79468364,0.0036040868,-0.01827317,-0.019493595,-0.0028799148,0.017970767,1.0537213,1.0537213,1.0537213,1.0784923,1.2007072,0.99923927,0.98789704,0.98501533,0.98501533,0.98501533,1.030842,1.0336779,1.0255244,1.0332053,1.1007385,1.0016544,0.99828655,0.9946825,0.996455,1.0037223,0.2,0.3,0.475,0.31666666,0.15833333,0.013963386,0.18386774,0.21809869,0.16030347,0.06947265,0.2,0.6,0.8,0.033333335,0.016666668,0.8,0.2,0.3,0.53333336,0.76666665,-0.6,0.4,0.5,-0.5,-0.75,0.7915006,0.670829,0.4561266,-0.09637376,0.4965467,0.32431847,0.7784776,0.7766482,0.6475995,0.40752974,0.2,0.4,0.45,0.36666667,0.43333334,0.8,0.6,0.5,0.6,0.51666665,-0.6,-0.2,-0.05,-0.23333333,-0.083333336,0.075756945,0.4899132,0.48134997,0.35214713,0.43712083,0.92424303,0.51008683,0.51865005,0.6478529,0.56287915,-0.8484861,-0.020173611,-0.03730006,-0.29570577,-0.12575833,1.0433435,1.2842017,1.3318651,1.189121,1.4679116,0.17370173,0.53296524,0.4267185,0.4098014,1.0637243,0.720293,1.4131761,1.350474,1.3576993,3.3948598,0.25619432,0.45663416,0.49009025,0.51808393,0.44351098,0.7438057,0.54336584,0.50990975,0.4819161,0.55648905,-0.48761135,-0.086731665,-0.019819517,0.036167823,-0.11297804
SH601766,-0.04596775480600154,0.0,,2026-05-29,0.0069807363,0.019197222,0.36363265,0.0087260185,0.45454592,0.0034904662,0.18182144,0.0017451841,0.09090816,0.9930677,1.0086656,0.9896014,0.9998244,1.0,1.035503,1.0248522,1.0816568,1.0911243,0.9997633,1.0040237,1.0197042,1.0288364,1.0589547,0.0042174007,0.010183342,0.018908735,0.023257986,0.036139447,-0.0009467532,-0.0022377695,-0.002381995,-0.0021696696,-0.0018373613,0.12598646,0.44265112,0.5554242,0.6744421,0.7883625,0.0021301848,0.006046272,0.0029247666,0.002623879,-0.004752518,1.0111202,1.032798,1.0750813,1.0855111,1.1309555,0.9896014,0.98093593,0.98093593,0.98093593,0.98093593,1.0011834,1.0085207,1.0357398,1.048284,1.0911243,0.99786985,0.99786985,1.0,1.0028403,1.0248522,0.7,0.5,0.25,0.16666667,0.083333336,0.48323327,0.36759144,0.20249577,0.18229993,0.1270771,0.4,0.1,0.35,0.033333335,0.15,0.6,0.5,0.75,0.8333333,0.9166667,-0.2,-0.4,-0.4,-0.8,-0.76666665,0.6222107,0.16962695,0.60113746,-0.096782096,-0.27610317,0.9273107,0.36058766,0.50209343,0.4202989,0.2439588,0.4,0.4,0.4,0.3,0.38333333,0.6,0.6,0.5,0.56666666,0.55,-0.2,-0.2,-0.1,-0.26666668,-0.16666667,0.5,0.29166615,0.4233575,0.3248731,0.43037972,0.5,0.70833385,0.5766425,0.6751269,0.56962025,0.0,-0.4166677,-0.15328501,-0.3502538,-0.13924053,0.6454389,0.65691847,0.82281286,0.70296717,0.6114192,0.24909244,0.17670463,0.36880872,0.3516236,0.30902034,0.61951834,0.73251814,0.8343131,0.89816576,1.2128321,0.65975416,0.5619247,0.538225,0.5452633,0.5064282,0.34024584,0.4380753,0.46177503,0.4547367,0.49357182,0.3195083,0.12384942,0.076449946,0.09052656,0.012856346
SH600276,-0.0547914650641178,0.0,,2026-05-29,0.045189507,0.060391475,0.7482763,0.006872149,0.113793366,0.008329817,0.13793035,0.046647176,0.77241325,0.9567643,1.006575,0.9487946,0.9848737,1.001488,1.0713388,1.0882028,1.1147952,1.0822507,0.9834178,1.0014625,1.0392575,1.0643901,1.0819491,0.019176623,0.024898471,0.044805788,0.05217195,0.04559929,0.0018373202,-0.00622196,-0.006257811,-0.0053924834,-0.001372988,0.022949088,0.57242745,0.6827232,0.8279521,0.27651402,0.012907575,0.026536362,0.020191703,0.013800964,-0.041445963,1.0221142,1.0675683,1.1681719,1.1681719,1.1681719,0.9487946,0.9487946,0.9487946,0.9487946,0.9487946,1.0007169,1.0214912,1.0726485,1.1124527,1.1178106,0.97230434,0.9799385,1.0011904,1.0095294,1.0476434,0.8,0.4,0.2,0.13333334,0.06666667,0.6983863,0.4311174,0.23341247,0.23341247,0.23341247,0.6,0.1,0.35,0.56666666,0.78333336,1.0,1.0,1.0,1.0,1.0,-0.4,-0.9,-0.65,-0.43333334,-0.21666667,0.41261363,-0.14364049,0.22910415,-0.17528614,-0.24769345,0.58596987,0.5473459,0.549244,0.4895169,0.35462105,0.4,0.3,0.35,0.33333334,0.4,0.6,0.7,0.65,0.6666667,0.6,-0.2,-0.4,-0.3,-0.33333334,-0.2,0.49480984,0.34693927,0.38669014,0.38872263,0.46364924,0.50519013,0.65306073,0.61330986,0.61127734,0.5363508,-0.010380316,-0.30612144,-0.22661974,-0.22255474,-0.07270153,0.7380313,0.6766633,0.72034675,0.64774436,0.5284166,0.16734032,0.14438705,0.3186882,0.29510278,0.26191804,0.730572,0.80864996,1.3020759,1.390634,1.3621205,0.85622615,0.66679245,0.5346949,0.54341465,0.5214483,0.14377388,0.33320758,0.4653051,0.45658532,0.47855172,0.71245223,0.33358487,0.06938985,0.086829364,0.042896595
SH688271,-0.05575418943283393,0.0,,2026-05-29,-0.014176833,0.031631622,-0.4481855,0.0010653703,0.033680543,0.016389418,0.51813394,0.0011472135,0.036267933,1.0143807,1.0154614,0.9833749,0.99935263,0.96429753,0.93057853,0.9338843,0.9534711,1.0631405,0.9959174,0.9751157,0.95683885,0.9561405,0.96261156,0.019854141,0.038814045,0.03529561,0.029420849,0.033943955,0.009314055,0.009739542,0.004222022,0.0013489547,-0.00060095196,0.55019337,0.57717925,0.5008038,0.16292438,0.09559925,-0.014545462,-0.018943653,0.0030519401,0.024299648,0.0551165,1.0248598,1.0869716,1.0869716,1.0869716,1.0869716,0.9393176,0.9072457,0.9072457,0.9072457,0.90616983,1.0138017,1.0138017,0.98333883,0.9715702,0.9958347,0.97765285,0.93773556,0.9294215,0.9309422,0.9333058,0.6,0.7,0.85,0.9,0.81666666,0.7093854,0.5160875,0.5160875,0.5160875,0.51896703,0.6,0.4,0.7,0.8,0.9,0.2,0.1,0.55,0.7,0.41666666,0.4,0.3,0.15,0.1,0.48333332,-0.099432565,0.6922039,0.7196366,0.51959074,0.19395909,0.5330797,0.8406525,0.7562381,0.68935895,0.5598783,0.8,0.6,0.55,0.53333336,0.45,0.2,0.4,0.45,0.46666667,0.53333336,0.6,0.2,0.1,0.06666667,-0.083333336,0.7679901,0.62582386,0.58453083,0.54754263,0.4666783,0.2320099,0.37417614,0.41546914,0.45245737,0.53332174,0.5359802,0.25164774,0.1690617,0.09508526,-0.066643424,1.1765159,1.3133147,1.0307648,0.84195364,0.6195863,0.18715914,0.81328666,0.64393944,0.59025496,0.47506338,1.1000615,1.7598292,2.1823094,2.52389,2.8547714,0.18923086,0.5302425,0.5219628,0.53602654,0.5209579,0.81076914,0.46975747,0.47803715,0.4639735,0.4790421,-0.6215383,0.060485065,0.043925688,0.07205304,0.041915793
SZ000876,-0.05794789411833581,0.0,,2026-05-29,0.011538506,0.016666658,0.6923107,0.0,0.0,0.005128152,0.3076893,0.016666658,1.0,0.9885931,1.0,0.9835234,0.99270034,1.027855,1.0607938,1.0988162,1.1318245,1.1001393,1.0065738,1.0236838,1.0595473,1.0752228,1.078815,0.012898299,0.021342484,0.04140712,0.0414526,0.038558107,-0.006963785,-0.0067211054,-0.006822835,-0.0042952397,-0.0010145789,0.7287287,0.9090816,0.9502717,0.8320951,0.21117379,0.0073537594,0.0065611545,0.0052696145,-0.012941834,-0.048884887,1.0316572,1.0608356,1.1266986,1.1406544,1.1457098,0.9835234,0.9835234,0.9835234,0.9835234,0.9835234,1.0164485,1.042298,1.1051531,1.1072284,1.1153203,0.9977159,1.0060724,1.0202507,1.031922,1.0428412,0.4,0.2,0.1,0.06666667,0.033333335,0.3423077,0.21311699,0.11507965,0.10485864,0.10159024,0.2,0.2,0.05,0.06666667,0.16666667,1.0,1.0,1.0,1.0,1.0,-0.8,-0.8,-0.95,-0.93333334,-0.8333333,0.68056816,-0.26933706,0.75689083,0.7449359,0.7303901,0.6496167,0.3982876,0.37455544,0.44912457,0.46722594,0.2,0.2,0.3,0.26666668,0.41666666,0.8,0.8,0.6,0.6,0.5,-0.6,-0.6,-0.3,-0.33333334,-0.083333336,0.2252751,0.22108614,0.25338894,0.2615268,0.42210183,0.7747249,0.77891386,0.74661106,0.7384732,0.5778982,-0.5494498,-0.5578277,-0.4932221,-0.4769464,-0.15579636,1.0645947,0.9975914,1.3113004,1.4387188,1.5642359,0.11602578,0.12028852,0.4308496,0.5087312,0.66233015,0.42238712,0.40937737,0.6696364,0.7767349,1.6006176,0.57795185,0.3534444,0.4223453,0.35268426,0.49122584,0.42204815,0.6465556,0.5776547,0.64731574,0.50877416,0.15590373,-0.29311118,-0.15530941,-0.29463148,-0.017548304
SH600519,-0.05977054878097644,0.125,,2026-05-29,0.043601464,0.046434704,0.9389844,0.0023610352,0.05084635,0.00047220706,0.01016927,0.041712634,0.8983073,0.9582202,1.0022624,0.9577677,0.98978394,0.97300166,1.0052413,1.0595782,1.0911766,1.086056,0.9749989,0.9824846,1.0055747,1.028746,1.0541755,0.016497325,0.015196756,0.028112387,0.041833658,0.041598737,0.0062472043,-0.002232425,-0.004388774,-0.00450928,-0.0016712976,0.35849598,0.19781688,0.85301954,0.90046,0.49231958,0.01250671,0.027561309,0.036118682,0.036638547,-0.0048722434,1.0022624,1.01258,1.0631602,1.1141856,1.1297666,0.9427603,0.9427603,0.9427603,0.9427603,0.9427603,0.98612374,0.99793434,1.0342672,1.0631816,1.0958438,0.9618859,0.9682511,0.9807241,0.9911016,1.013353,1.0,1.0,0.5,0.33333334,0.16666667,0.96197796,0.8198219,0.47541326,0.33390483,0.3060845,1.0,0.1,0.05,0.06666667,0.18333334,0.6,0.8,0.9,0.93333334,0.96666664,0.4,-0.7,-0.85,-0.8666667,-0.78333336,0.86791337,0.23265415,-0.23640485,-0.36513495,-0.47121418,0.9342007,0.78455454,0.511634,-0.090844065,0.012746381,0.4,0.3,0.2,0.33333334,0.4,0.6,0.7,0.8,0.6666667,0.6,-0.2,-0.4,-0.6,-0.33333334,-0.2,0.6449647,0.47941723,0.3386156,0.36229318,0.42995664,0.35503528,0.5205828,0.6613844,0.6377068,0.5700434,0.28992942,-0.04116553,-0.3227688,-0.27541366,-0.14008671,0.7776878,0.6875287,0.6625291,0.63388556,0.52957004,0.24198538,0.19142388,0.15850006,0.2209818,0.21323368,0.8998969,1.1681617,1.3090286,1.43123,1.484675,0.6271357,0.56285983,0.59459305,0.5541866,0.52656597,0.37286434,0.43714014,0.40540698,0.44581342,0.473434,0.25427133,0.12571973,0.18918605,0.10837319,0.053131983
SH601169,-0.06676300935176735,0.0,,2026-05-29,0.015968028,0.0259481,0.6153833,0.003992007,0.15384583,0.005988065,0.23077086,0.017964086,0.69230837,0.984283,1.0039293,0.97838897,0.99332166,1.0019937,1.027512,1.0410687,1.066587,1.066587,0.99561405,1.0024722,1.0185806,1.035194,1.0514953,0.0069634053,0.009344883,0.017973304,0.02861938,0.027073236,-0.0015948939,-0.0026920007,-0.0029241794,-0.0031152822,-0.001188406,0.13114756,0.76070106,0.9264463,0.9182818,0.58769125,0.0075757434,0.009641873,0.009199115,0.009977499,-0.016437279,1.0078586,1.0273361,1.0469614,1.0844716,1.0904237,0.97838897,0.97838897,0.97838897,0.97838897,0.97838897,1.0,1.0103669,1.0350877,1.0669857,1.0745615,0.99202555,0.99880385,1.0,1.0051835,1.0314993,0.8,0.4,0.2,0.13333334,0.06666667,0.73333114,0.4415172,0.31515583,0.2037187,0.19289558,0.2,0.1,0.05,0.3,0.18333334,1.0,1.0,1.0,1.0,1.0,-0.8,-0.9,-0.95,-0.7,-0.81666666,0.07231478,-0.28021386,0.2868788,0.053497948,0.13568391,0.90376204,0.69982797,0.1627202,-0.24330217,-0.22950038,0.2,0.1,0.05,0.2,0.33333334,0.6,0.8,0.65,0.6,0.53333336,-0.4,-0.7,-0.6,-0.4,-0.2,0.4705873,0.26845616,0.21857876,0.2997601,0.41773394,0.5294127,0.73154384,0.78142124,0.7002399,0.5822661,-0.0588254,-0.46308765,-0.5628425,-0.4004798,-0.16453214,0.67809105,0.6062969,0.6540603,0.7150833,0.75287426,0.18557584,0.15113088,0.17578425,0.43447676,0.3620705,1.1752949,1.1644834,1.5006618,2.9386384,2.203326,1.0,0.76620746,0.27935928,0.52492785,0.49855962,0.0,0.23379254,0.7206407,0.47507218,0.50144035,1.0,0.5324149,-0.44128144,0.049855676,-0.0028807481
SH600036,-0.06766249872706868,0.0,,2026-05-29,0.024528332,0.029919162,0.8198201,0.0008086077,0.027026417,0.0045822235,0.15315346,0.028301947,0.9459472,0.9760589,1.0007893,0.9715864,0.9912132,0.9739864,0.9905442,1.0418408,1.029463,1.0173694,0.9790755,0.9793636,0.98938555,1.0077324,1.0219512,0.011821253,0.008498501,0.01259204,0.028458742,0.025523806,0.0059372634,0.00027621118,-0.0017020059,-0.0029959565,-0.001077905,0.6306459,0.009682987,0.6394373,0.8588974,0.54396373,0.009049965,0.019393409,0.026783494,0.035709016,0.0098469965,1.0007893,1.0007893,1.026586,1.0563122,1.0618314,0.96767074,0.96767074,0.96767074,0.96767074,0.96767074,0.981267,0.9836857,0.9991071,1.0425794,1.0458342,0.9731423,0.9734589,0.9760642,0.9778175,0.9970131,1.0,1.0,0.9,0.6,0.3,0.97616893,0.97616893,0.54874074,0.3647194,0.3433414,1.0,1.0,0.05,0.06666667,0.18333334,0.6,0.8,0.9,0.93333334,0.96666664,0.4,0.2,-0.85,-0.8666667,-0.78333336,0.9440681,0.7016499,0.6844504,-0.26014954,-0.3866965,0.8804952,0.8720128,-0.38358727,-0.14373326,-0.11016294,0.6,0.3,0.2,0.3,0.4,0.2,0.6,0.75,0.6,0.53333336,0.4,-0.3,-0.55,-0.3,-0.13333334,0.93020153,0.6010408,0.29002035,0.40902278,0.4779518,0.06979848,0.39895922,0.70997965,0.59097725,0.5220482,0.86040306,0.20208155,-0.4199593,-0.18195447,-0.044096395,0.6254638,0.5506565,0.6375707,0.5707512,0.5051784,0.2232507,0.16934957,0.2843064,0.25754672,0.21341468,1.8547747,2.0167084,2.2208066,2.1574214,1.7597222,0.900274,0.8022255,0.57272446,0.56674176,0.53329104,0.09972605,0.19777453,0.4272755,0.43325827,0.46670896,0.8005479,0.60445094,0.14544897,0.1334835,0.06658207
SH600050,-0.07213663903178132,0.0,,2026-05-29,0.0023041419,0.013824937,0.16666563,0.009216653,0.6666687,0.0023041419,0.16666563,-0.0046083694,-0.33333746,0.99770117,1.0091954,0.99540234,1.0021075,1.0249376,1.0710723,1.0411471,1.0523691,1.1334164,1.0107232,1.0483791,1.0528055,1.0511638,1.067498,0.01214032,0.0525627,0.04026624,0.033618007,0.04811908,-0.0072319256,-0.015975218,-0.0018553262,-0.00044355265,-0.001500001,0.88713086,0.84673935,0.07430644,0.013491122,0.2963796,0.0037406401,0.023509404,-0.03517992,-0.044732276,-0.023247924,1.0293368,1.1752009,1.1752009,1.1752009,1.1773328,0.9908046,0.9908046,0.9908046,0.9908046,0.9908046,1.0229427,1.098005,1.0857856,1.0738155,1.132419,1.0,1.0049876,1.0224439,1.0249376,1.0274315,0.3,0.15,0.075,0.05,0.025,0.23864152,0.049867485,0.049867485,0.049867485,0.049297538,0.4,0.2,0.6,0.73333335,0.15,0.8,0.9,0.95,0.96666664,0.98333335,-0.4,-0.7,-0.35,-0.23333333,-0.8333333,0.08003546,0.86834836,0.75790775,0.6132272,0.3529472,-0.60252506,0.63901114,0.6365714,0.45386222,0.23723602,0.0,0.2,0.35,0.4,0.4,0.6,0.6,0.55,0.5,0.48333332,-0.6,-0.4,-0.2,-0.1,-0.083333336,0.0,0.32727286,0.44169614,0.4410112,0.414673,1.0,0.67272717,0.55830383,0.5589888,0.58532697,-1.0,-0.34545428,-0.11660771,-0.1179776,-0.17065397,1.1331776,2.03084,1.8055744,1.5322654,1.3230747,0.2847221,1.1250687,0.9639533,0.9040727,0.77923805,1.6035156,1.350003,1.4054979,1.601847,1.805214,0.25503495,0.47568458,0.50460905,0.51235676,0.49432284,0.744965,0.5243154,0.49539095,0.48764324,0.50567716,-0.4899301,-0.04863082,0.009218071,0.024713488,-0.011354344
SH600016,-0.07318453016919824,0.0,,2026-05-29,0.020115003,0.025862077,0.7777799,0.0,0.0,0.0057470743,0.22222014,0.025862077,1.0,0.98028165,1.0,0.9746479,0.989272,0.9915566,1.0168866,1.0507369,1.0478967,1.1126803,0.98929995,0.99493396,1.0154973,1.0273257,1.0534797,0.007817176,0.009271708,0.023130218,0.02538916,0.036420543,0.0005603386,-0.002150145,-0.0037448541,-0.002660001,-0.0019349309,0.012845213,0.49297777,0.91744167,0.8506848,0.8608707,0.009579381,0.014741694,0.020078758,0.011244293,0.0036008125,1.0000149,1.0168705,1.0535,1.0619507,1.1324222,0.9746479,0.9746479,0.9746479,0.9746479,0.9746479,0.9932453,1.0033927,1.0394534,1.0512894,1.0884709,0.98254526,0.9898679,0.9915566,0.9988793,1.0276021,1.0,0.7,0.35,0.23333333,0.11666667,0.99941087,0.6004386,0.3215144,0.29039297,0.16068597,0.6,0.1,0.05,0.2,0.15,1.0,1.0,1.0,1.0,1.0,-0.4,-0.9,-0.95,-0.8,-0.85,0.33966738,0.22952962,-0.02990447,-0.069057584,0.5444449,0.43269065,0.2115604,0.08963527,0.14583394,-0.14197901,0.2,0.2,0.15,0.2,0.26666668,0.4,0.6,0.6,0.53333336,0.56666666,-0.2,-0.4,-0.45,-0.33333334,-0.3,0.636139,0.3638621,0.24981107,0.31113848,0.37008855,0.363861,0.6361379,0.75018895,0.68886155,0.6299114,0.272278,-0.2722758,-0.50037783,-0.37772307,-0.2598229,0.6485123,0.64022386,0.63472927,0.6214242,0.76914966,0.24842173,0.20272955,0.17227732,0.16517521,0.28308028,1.4966702,1.2521638,1.28074,1.3941574,1.2562612,0.6697169,0.56807745,0.57398826,0.5469751,0.4757931,0.3302831,0.43192253,0.42601174,0.45302495,0.52420694,0.3394338,0.13615493,0.14797652,0.09395009,-0.048413843
SZ300999,-0.07386879449009486,0.0,,2026-05-29,0.02215429,0.04469063,0.4957256,0.015660811,0.35042715,0.0068755294,0.15384723,0.013369009,0.29914567,0.9783259,1.0153214,0.9715994,0.996513,0.96854424,1.0215801,1.020117,1.0523044,1.0749817,0.98858815,0.9896489,1.0190015,1.0255914,1.0564741,0.016514976,0.016672555,0.033459686,0.029572686,0.04835127,0.0055230414,-0.0009908915,-0.0048151654,-0.0024490363,-0.002251296,0.27960232,0.032378692,0.7248478,0.531509,0.6612251,0.0003657728,0.014810144,0.02674261,0.009919697,0.009939193,1.0271876,1.0271876,1.082245,1.082245,1.2447637,0.9596597,0.9596597,0.9596597,0.9596597,0.9596597,1.001902,1.0065106,1.0524507,1.0512801,1.0796635,0.9763716,0.9723482,0.98515,0.9993416,1.0215801,0.8,0.7,0.35,0.23333333,0.11666667,0.59738696,0.59738696,0.32907954,0.32907954,0.14149329,0.4,0.7,0.1,0.4,0.083333336,0.2,0.6,0.8,0.8666667,0.93333334,0.2,0.1,-0.7,-0.46666667,-0.85,0.83989644,0.3690214,0.19247647,0.00632283,0.6903239,0.63325155,0.4615469,0.50315523,0.5065865,0.6011467,0.6,0.4,0.5,0.4,0.43333334,0.4,0.6,0.5,0.6,0.56666666,0.2,-0.2,0.0,-0.2,-0.13333334,0.6666667,0.42992872,0.46143052,0.41772148,0.4560652,0.33333334,0.5700713,0.5385695,0.5822785,0.5439348,0.33333334,-0.14014257,-0.07713896,-0.16455701,-0.0878696,0.9241891,0.7537875,0.75761384,0.6896506,0.9432254,0.30777323,0.2790966,0.2490188,0.23011237,0.6735856,0.5671898,0.7854903,0.8237509,0.9947343,2.8119252,0.6582245,0.5842914,0.5685412,0.5475987,0.5039077,0.34177548,0.41570863,0.43145877,0.45240128,0.49609232,0.31644905,0.16858275,0.13708246,0.095197424,0.007815364
SZ000538,-0.07611110960458083,0.0,,2026-05-29,0.019391688,0.02551538,0.76,0.0034701047,0.13600051,0.0026535862,0.10399949,0.01857517,0.727999,0.9809772,1.0034041,0.97837406,0.9930177,0.9971959,1.0192262,1.0663593,1.0704408,1.0891113,0.9884272,0.9997203,1.022939,1.0377431,1.0614489,0.010196233,0.015215517,0.02789101,0.031534206,0.03443245,0.0018216999,-0.0038978944,-0.0045407517,-0.0034215702,-0.0017168121,0.079802066,0.6015866,0.92767334,0.91240734,0.75824493,0.007929361,0.017820273,0.02019819,0.01186973,-0.0108029265,1.0034041,1.0258323,1.0768952,1.0852212,1.1155546,0.9615559,0.9615559,0.9615559,0.9615559,0.9615559,0.9966377,1.0171388,1.0536674,1.063094,1.0921044,0.97805405,0.98810786,0.9969162,1.0030456,1.0336428,1.0,0.6,0.3,0.2,0.1,0.9186562,0.59810627,0.3333131,0.3108722,0.2496392,1.0,0.2,0.1,0.033333335,0.23333333,0.6,0.8,0.9,0.93333334,0.96666664,0.4,-0.6,-0.8,-0.9,-0.73333335,0.49269462,-0.5259619,0.15935908,-0.10681604,-0.13986975,0.71275204,0.43564835,0.35437432,0.2730669,-0.0114189945,0.4,0.3,0.2,0.26666668,0.4,0.6,0.7,0.7,0.6666667,0.55,-0.2,-0.4,-0.5,-0.4,-0.15,0.518139,0.4039932,0.2759154,0.3304843,0.39872807,0.48186097,0.5960068,0.72408456,0.6695157,0.6012719,0.036278043,-0.19201359,-0.44816917,-0.33903143,-0.20254385,0.6336368,0.4812652,0.51765877,0.4837247,0.46274054,0.24641675,0.23201086,0.19024527,0.170114,0.15906456,0.7039455,1.1501479,1.308273,1.2928659,1.4216275,0.8331051,0.7002309,0.5759872,0.5904555,0.5342102,0.16689493,0.29976913,0.4240128,0.40954453,0.46578982,0.6662102,0.40046173,0.1519744,0.18091092,0.06842036
SH603369,-0.07849276240757609,0.0,,2026-05-29,0.041237127,0.08762882,0.47058865,0.04570443,0.5215685,0.00068726146,0.00784287,-0.003780041,-0.04313696,0.96039605,1.0438944,0.959736,1.012954,0.8940217,0.91587406,0.8567708,0.8712636,0.9950181,0.9605072,0.9407042,0.9335258,0.90907305,0.914421,0.03296164,0.03217157,0.02649421,0.04172088,0.043622807,0.018546194,0.0076889805,0.0024194315,0.003975381,-0.0003636525,0.7914654,0.52360576,0.2918722,0.703643,0.021195604,0.002400375,0.024695337,0.043489594,0.03328391,0.09630671,1.0438944,1.0438944,1.0438944,1.0438944,1.0438944,0.8755856,0.8755856,0.874538,0.8363395,0.8363395,0.9873189,0.96748185,0.9512455,0.9381567,0.9603714,0.93038946,0.9224411,0.9146739,0.8654438,0.86958784,1.0,1.0,1.0,1.0,1.0,0.73920333,0.73920333,0.7408166,0.7885169,0.7885169,1.0,1.0,1.0,1.0,1.0,0.2,0.6,0.05,0.2,0.6,0.8,0.4,0.95,0.8,0.4,0.92360353,0.86257416,0.69089395,0.70295966,0.08230477,0.94870156,0.7415438,0.81332725,0.71152204,0.47047332,0.8,0.7,0.6,0.56666666,0.5,0.2,0.3,0.4,0.43333334,0.5,0.6,0.4,0.2,0.13333334,0.0,0.8588955,0.7007022,0.67419434,0.6266429,0.50268096,0.1411045,0.29929784,0.32580566,0.37335715,0.49731904,0.717791,0.40140432,0.34838867,0.2532857,0.005361927,0.6292046,0.46585986,0.44926837,0.39419284,0.2951274,0.26259398,0.24968478,0.20648938,0.20053032,0.17923369,0.80120313,1.1661892,1.2315065,1.3840551,1.5691346,0.7315457,0.6761809,0.6029349,0.57892287,0.5567043,0.2684543,0.3238191,0.39706513,0.42107713,0.4432957,0.46309137,0.35236183,0.20586975,0.15784572,0.11340862
SH601728,-0.08078781794187154,0.0,,2026-05-29,0.015100626,0.02181205,0.69230664,0.0033556612,0.15384437,0.0033557618,0.15384899,0.015100727,0.6923112,0.985124,1.0033058,0.98181814,0.9951462,1.0163488,1.0449591,0.9877384,0.95640326,0.9700272,0.9975477,1.0455041,1.0274523,1.0107175,0.9901226,0.011696003,0.06614516,0.051105022,0.04822877,0.043458417,-0.0042234375,-0.019255223,0.0010725051,0.0026550852,0.0011237226,0.32598463,0.77680576,0.015414861,0.23488009,0.20392492,0.010899175,0.0411444,-0.037641127,-0.049216274,-0.023272444,1.0222533,1.2203354,1.2203354,1.2203354,1.2203354,0.9767501,0.9767501,0.9742396,0.95204633,0.9230462,1.005722,1.1049047,1.0457766,1.0275204,1.0098093,0.98610353,0.99727523,0.9945504,0.9817439,0.95640326,0.6,0.3,0.375,0.5833333,0.7083333,0.51095194,0.095448904,0.104676485,0.17873882,0.25885183,0.4,0.2,0.6,0.73333335,0.8666667,0.6,0.8,0.2,0.26666668,0.33333334,-0.2,-0.6,0.4,0.46666667,0.53333336,0.6409948,0.9241009,0.89835364,0.90549487,0.821057,0.4132548,0.7793319,0.72239125,0.68246835,0.536877,0.4,0.4,0.55,0.56666666,0.53333336,0.6,0.6,0.45,0.43333334,0.45,-0.2,-0.2,0.1,0.13333334,0.083333336,0.32352892,0.4331984,0.51428574,0.5425532,0.52,0.6764711,0.5668016,0.48571426,0.45744678,0.48,-0.3529422,-0.1336032,0.028571494,0.08510641,0.04000002,1.0157083,2.0752275,1.4744496,1.2024703,1.020607,0.26697436,1.3412477,1.1229483,0.9931877,0.76747173,0.78771025,1.1491164,1.6805027,2.009786,2.38046,0.25906393,0.4710221,0.526875,0.5272299,0.49268845,0.74093604,0.5289779,0.47312498,0.4727701,0.5073115,-0.4818721,-0.057955783,0.05375002,0.05445984,-0.0146230925
SH601066,-0.11478107082259645,0.0,,2026-05-29,0.056759097,0.09488739,0.59817326,0.03422881,0.36073086,0.0038994828,0.0410959,0.02642977,0.2785383,0.9462895,1.0323904,0.9425994,1.005148,0.9019317,0.90898955,0.8937593,0.90044576,0.9617385,0.9625557,0.9378529,0.9364599,0.9212234,0.9168276,0.030090762,0.033624925,0.025974594,0.030629471,0.030820422,0.013335808,0.009205724,0.0011895454,0.0023274987,0.00013715206,0.49103484,0.68707585,0.07340615,0.44750884,0.0060398662,0.010772669,0.020721337,0.052239433,0.04502788,0.079126365,1.0323904,1.0323904,1.0323904,1.0323904,1.0323904,0.90615433,0.8978678,0.88920933,0.87442946,0.8567146,0.97830606,0.97258544,0.94873697,0.9468796,0.94472516,0.94160473,0.91188705,0.9125557,0.8946509,0.8888559,1.0,1.0,1.0,1.0,1.0,0.7434143,0.7592199,0.77378035,0.79494697,0.8156242,1.0,1.0,1.0,1.0,1.0,0.2,0.2,0.05,0.26666668,0.41666666,0.8,0.8,0.95,0.73333335,0.5833333,0.9060733,0.86027867,0.7813223,0.8635022,0.6670065,0.83063,0.7939924,0.7673249,0.7664827,0.58581704,0.8,0.7,0.55,0.46666667,0.5,0.2,0.3,0.45,0.5,0.48333332,0.6,0.4,0.1,-0.033333335,0.016666668,0.8267326,0.72232324,0.66139954,0.6326733,0.5293782,0.17326741,0.2776768,0.33860043,0.36732668,0.4706218,0.6534652,0.44464642,0.32279915,0.26534665,0.058756407,0.6329089,0.44352373,0.357472,0.2798702,0.21534796,0.34493843,0.31813833,0.2557442,0.23608518,0.18254352,1.0883564,1.501159,1.7336013,2.1242256,2.4640143,0.66757846,0.6653294,0.6100447,0.61072075,0.5748694,0.33242154,0.33467057,0.38995528,0.38927928,0.42513064,0.33515695,0.33065882,0.22008942,0.22144146,0.14973876
SZ001391,-0.11949442968440349,0.0,,2026-05-29,0.0,0.009689889,0.0,0.00775189,0.7999978,0.0019379992,0.2000022,-0.005813891,-0.5999956,1.0,1.007752,0.998062,1.0032479,1.0153846,1.0480769,1.0076923,1.0307692,1.1307693,1.0084615,1.0184615,1.0235577,1.0249358,1.0441346,0.009862207,0.015093383,0.01761286,0.015196822,0.036491994,-0.0059615327,-0.004662,-0.00066367805,-0.00045734516,-0.001541935,0.9134981,0.87454635,0.0496962,0.07019147,0.5445488,0.003461535,0.0025174802,-0.017252734,-0.018304372,0.0013524841,1.0231504,1.0539535,1.092535,1.092535,1.1366045,0.99613893,0.99613893,0.99613893,0.99613893,0.99613893,1.0165385,1.0253845,1.0376923,1.0346154,1.0834615,0.9996154,1.0061538,1.0092307,1.0111538,1.0169231,0.4,0.2,0.1,0.06666667,0.033333335,0.14294171,0.06678369,0.040054277,0.040054277,0.027487684,0.4,0.1,0.45,0.6333333,0.016666668,0.8,0.9,0.95,0.96666664,0.98333335,-0.4,-0.8,-0.5,-0.33333334,-0.96666664,0.02747079,0.82127005,0.8603968,0.6031363,0.2523029,-0.6383182,0.20640655,0.83667624,0.6642202,0.36000386,0.4,0.2,0.4,0.4,0.38333333,0.6,0.6,0.45,0.46666667,0.5,-0.2,-0.4,-0.05,-0.06666667,-0.11666667,0.25,0.121212125,0.4767442,0.42982462,0.37769783,0.75,0.8787879,0.52325577,0.57017535,0.6223022,-0.5,-0.75757575,-0.046511568,-0.14035074,-0.24460436,1.1682827,1.4476532,2.0202484,1.784383,1.7739,0.120136894,0.36894977,1.6877102,1.4325937,1.0672328,0.5211072,1.0835866,2.2745023,2.464106,1.972052,0.2877504,0.14555277,0.4772326,0.49624184,0.45659387,0.71224964,0.85444725,0.52276736,0.50375813,0.5434061,-0.4244992,-0.70889443,-0.045534763,-0.0075163036,-0.08681225
