instrument,avg_score,pos_ratio,real_label,datetime,KMID,KLEN,KMID2,KUP,KUP2,KLOW,KLOW2,KSFT,KSFT2,OPEN0,HIGH0,LOW0,VWAP0,ROC5,ROC10,ROC20,ROC30,ROC60,MA5,MA10,MA20,MA30,MA60,STD5,STD10,STD20,STD30,STD60,BETA5,BETA10,BETA20,BETA30,BETA60,RSQR5,RSQR10,RSQR20,RSQR30,RSQR60,RESI5,RESI10,RESI20,RESI30,RESI60,MAX5,MAX10,MAX20,MAX30,MAX60,MIN5,MIN10,MIN20,MIN30,MIN60,QTLU5,QTLU10,QTLU20,QTLU30,QTLU60,QTLD5,QTLD10,QTLD20,QTLD30,QTLD60,RANK5,RANK10,RANK20,RANK30,RANK60,RSV5,RSV10,RSV20,RSV30,RSV60,IMAX5,IMAX10,IMAX20,IMAX30,IMAX60,IMIN5,IMIN10,IMIN20,IMIN30,IMIN60,IMXD5,IMXD10,IMXD20,IMXD30,IMXD60,CORR5,CORR10,CORR20,CORR30,CORR60,CORD5,CORD10,CORD20,CORD30,CORD60,CNTP5,CNTP10,CNTP20,CNTP30,CNTP60,CNTN5,CNTN10,CNTN20,CNTN30,CNTN60,CNTD5,CNTD10,CNTD20,CNTD30,CNTD60,SUMP5,SUMP10,SUMP20,SUMP30,SUMP60,SUMN5,SUMN10,SUMN20,SUMN30,SUMN60,SUMD5,SUMD10,SUMD20,SUMD30,SUMD60,VMA5,VMA10,VMA20,VMA30,VMA60,VSTD5,VSTD10,VSTD20,VSTD30,VSTD60,WVMA5,WVMA10,WVMA20,WVMA30,WVMA60,VSUMP5,VSUMP10,VSUMP20,VSUMP30,VSUMP60,VSUMN5,VSUMN10,VSUMN20,VSUMN30,VSUMN60,VSUMD5,VSUMD10,VSUMD20,VSUMD30,VSUMD60
SZ300502,0.3039810091567827,1.0,,2026-05-29,-0.016086336,0.04593314,-0.35021198,0.022270206,0.48483962,0.007576597,0.16494837,-0.030779947,-0.67010325,1.0163493,1.0389837,0.99229956,1.0124935,0.8588999,0.8635431,0.7579591,0.7360751,0.53931683,0.9848682,0.9076312,0.8582039,0.8376278,0.7309889,0.031598628,0.085681885,0.08649831,0.08212308,0.12980889,0.01602654,0.0254713,0.012650877,0.006556234,0.00696477,0.6431068,0.81009436,0.74867624,0.49394676,0.87802035,-0.016921306,-0.022252077,0.021612791,0.06730677,0.063550346,1.0389837,1.0389837,1.0389837,1.0389837,1.0389837,0.84225374,0.793135,0.72616625,0.6936376,0.5190032,1.0033661,0.99269605,0.9430367,0.883242,0.8408243,0.97360367,0.8279088,0.7943014,0.760782,0.6207089,0.8,0.9,0.95,0.96666664,0.98333335,0.80184174,0.84143233,0.8753789,0.88711715,0.9250286,1.0,1.0,1.0,1.0,1.0,0.2,0.2,0.2,0.033333335,0.033333335,0.8,0.8,0.8,0.96666664,0.96666664,-0.72140735,0.34011158,0.0891513,-0.113829985,-0.062278643,0.72543305,0.39167944,0.2290472,-0.097362995,0.27035734,0.6,0.5,0.5,0.46666667,0.53333336,0.4,0.5,0.5,0.53333336,0.46666667,0.2,0.0,0.0,-0.06666667,0.06666667,0.873446,0.69340366,0.70631546,0.63855255,0.641612,0.12655401,0.30659634,0.2936845,0.36144742,0.35838804,0.746892,0.38680732,0.41263095,0.27710515,0.28322396,1.1810598,1.0989237,1.1657133,1.2282574,1.2317489,0.21402289,0.1859151,0.26569545,0.37083888,0.35699573,0.92361677,0.79884136,0.8744847,1.176533,1.0983819,0.33470345,0.47180605,0.49154252,0.4907816,0.48155877,0.66529655,0.52819395,0.5084575,0.5092184,0.51844126,-0.3305931,-0.05638789,-0.016914962,-0.018436799,-0.036882468
SH603986,0.20915138593179866,1.0,,2026-05-29,-0.05206439,0.06310643,-0.8250251,0.0067794737,0.1074292,0.0042625703,0.067545734,-0.054581292,-0.8649085,1.054924,1.0620759,0.9955033,1.02494,1.0022488,0.8025411,0.6574887,0.5987106,0.6268049,1.072893,0.996201,0.8682869,0.79081506,0.6868307,0.053326532,0.09728229,0.15077691,0.16589536,0.15902542,-0.029743025,0.023906544,0.023876531,0.017649557,0.0070733596,0.7777206,0.55357623,0.8776894,0.87720454,0.603418,-0.013406991,-0.10378043,-0.095113926,-0.046733655,0.104505226,1.1837399,1.1837399,1.1837399,1.1837399,1.1837399,0.98569906,0.8125472,0.63503766,0.5742912,0.50644594,1.1073111,1.1012895,1.0086467,0.9612245,0.7755227,1.027391,0.91178596,0.7461934,0.65112555,0.5801519,0.2,0.5,0.75,0.8333333,0.9166667,0.07221212,0.5050013,0.66513735,0.6985145,0.7287147,0.6,0.8,0.9,0.93333334,0.96666664,0.2,0.2,0.05,0.06666667,0.35,0.4,0.6,0.85,0.8666667,0.6166667,0.6890359,0.11477049,0.67014587,0.79650307,0.66268617,0.079475254,0.3189829,0.25607738,0.26007804,0.12852381,0.4,0.6,0.65,0.6666667,0.5833333,0.6,0.4,0.35,0.33333334,0.41666666,-0.2,0.2,0.3,0.33333334,0.16666667,0.495526,0.69468325,0.71535754,0.7113563,0.6211955,0.50447404,0.30531672,0.28464246,0.28864372,0.3788045,-0.008948029,0.38936657,0.43071505,0.42271256,0.24239096,1.1062182,1.1132188,0.995651,0.8899212,0.74365526,0.07623385,0.07787023,0.16696984,0.20812865,0.25929868,0.67171264,0.6304411,0.7309287,0.86430603,0.93655485,0.32157513,0.43418068,0.5540082,0.5191376,0.53539824,0.6784249,0.5658193,0.4459918,0.48086238,0.46460176,-0.35684976,-0.13163865,0.108016394,0.03827522,0.07079652
SH600346,0.20906043077166667,1.0,,2026-05-29,-0.0029002214,0.03886306,-0.07462669,0.031902526,0.82089597,0.00406031,0.10447737,-0.030742439,-0.79104525,1.0029087,1.034904,0.9959279,1.0113887,1.0779629,1.2269022,1.2542398,1.3257732,1.5416392,1.0382929,1.08867,1.192748,1.2501476,1.2784328,0.04048844,0.06744137,0.11802859,0.13235733,0.112034805,-0.023328101,-0.021653788,-0.018798666,-0.013749438,-0.0035483781,0.8299209,0.9449883,0.88786656,0.83632606,0.30595228,0.008363302,0.008771983,-0.014160585,-0.050780784,-0.17375565,1.1221721,1.2257123,1.3513912,1.4607579,1.5707048,0.99479175,0.99479175,0.99479175,0.99479175,0.99479175,1.0770314,1.1579,1.3057764,1.3663849,1.3583759,1.002349,1.0220118,1.0772642,1.0993874,1.2020048,0.2,0.1,0.05,0.033333335,0.016666668,0.040887497,0.02255437,0.01460537,0.011177351,0.009043494,0.2,0.1,0.45,0.16666667,0.016666668,0.8,0.9,0.95,0.96666664,0.98333335,-0.6,-0.8,-0.5,-0.8,-0.96666664,-0.9029278,-0.6971391,-0.08021954,-0.14521044,0.086354904,-0.590984,-0.48186117,-0.38228852,0.11380096,-0.052484505,0.2,0.1,0.25,0.33333334,0.4,0.8,0.9,0.75,0.6666667,0.6,-0.6,-0.8,-0.5,-0.33333334,-0.2,0.123655416,0.05072151,0.2298839,0.3301125,0.37589607,0.87634456,0.9492785,0.7701161,0.66988754,0.6241039,-0.7526892,-0.898557,-0.54023224,-0.33977506,-0.24820785,0.84211063,0.770117,0.78779215,0.7827731,0.8380422,0.17314978,0.18446885,0.17436516,0.24296041,0.31908205,1.2494398,0.9103193,0.9321498,0.78408325,1.1593748,0.52788216,0.57420546,0.42020714,0.51597184,0.4845728,0.47211787,0.42579454,0.57979286,0.4840282,0.51542723,0.055764258,0.14841093,-0.15958571,0.03194365,-0.030854406
SH600547,0.20038120213672012,1.0,,2026-05-29,-0.02630691,0.034738608,-0.75728166,0.008431697,0.24271834,0.0,0.0,-0.034738608,-1.0,1.0270177,1.0356772,1.0,1.0118334,1.0408787,1.1049601,1.2050574,1.3647437,1.8022137,1.0339441,1.0441993,1.1254095,1.1794968,1.3260902,0.036290225,0.030473182,0.09151327,0.111463405,0.18923442,-0.016902598,-0.006697386,-0.014242747,-0.012062467,-0.010259244,0.542335,0.44277847,0.8477883,0.90763104,0.89645857,-0.00013891986,-0.014061073,0.009896624,-0.004591053,-0.02344258,1.0928252,1.0928252,1.2798784,1.3952273,1.8531313,0.98753124,0.98753124,0.98753124,0.98753124,0.98753124,1.0509162,1.0714297,1.2256356,1.2694876,1.4803618,1.0024947,1.020853,1.0398382,1.0520246,1.1853837,0.2,0.1,0.05,0.033333335,0.016666668,0.11841836,0.11841836,0.04265042,0.030583395,0.014404723,0.4,0.7,0.25,0.033333335,0.016666668,0.8,0.9,0.95,0.96666664,0.98333335,-0.4,-0.2,-0.7,-0.93333334,-0.96666664,0.79358166,0.39596048,0.4962528,-0.017588316,0.019080814,0.9101048,0.7458134,0.24138579,0.08535704,0.1073247,0.4,0.3,0.35,0.26666668,0.3,0.6,0.7,0.65,0.7,0.68333334,-0.2,-0.4,-0.3,-0.43333334,-0.38333333,0.35246265,0.27553633,0.3039756,0.24503052,0.2891459,0.64753735,0.7244637,0.69602436,0.7549695,0.7108541,-0.29507473,-0.44892734,-0.39204878,-0.50993896,-0.42170823,1.1618575,1.0605533,1.1950082,1.1149635,1.1181655,0.27776173,0.23031737,0.3122479,0.30035812,0.34323975,0.97256273,0.93762916,0.78484714,0.873103,0.9376468,0.53772694,0.3973296,0.5256341,0.5197767,0.43745318,0.4622731,0.60267043,0.47436586,0.4802233,0.56254685,0.07545383,-0.20534082,0.05126827,0.039553434,-0.12509367
SH600588,0.1978313808363431,1.0,,2026-05-29,-0.031746075,0.073762834,-0.43038034,0.02240897,0.30379754,0.019607794,0.2658221,-0.03454725,-0.46835577,1.032787,1.0559306,0.9797493,1.010097,1.0482223,1.1099371,1.1301931,1.1851617,1.322084,1.0189034,1.0544884,1.1042956,1.1294163,1.1667037,0.025012137,0.049232982,0.064180955,0.06444765,0.07865625,-0.012728464,-0.015107915,-0.00954535,-0.0063278475,-0.003512292,0.64742637,0.8631937,0.7741754,0.7471358,0.6081554,0.006553506,0.013497239,-0.013614804,-0.037662603,-0.0630911,1.0617188,1.1379049,1.2420511,1.2420511,1.3548702,0.9652929,0.9652929,0.9652929,0.9652929,0.9652929,1.0364506,1.1055038,1.1498572,1.1921006,1.2405019,0.9986507,1.0115789,1.0434,1.0536193,1.1209239,0.4,0.2,0.1,0.06666667,0.033333335,0.3599359,0.20107028,0.12540603,0.12540603,0.089089245,0.2,0.2,0.25,0.5,0.1,0.8,0.9,0.95,0.96666664,0.98333335,-0.6,-0.7,-0.7,-0.46666667,-0.8833333,-0.5315892,-0.2967982,0.341626,-0.059586078,0.03098717,0.20301865,-0.50895226,-0.20919262,-0.048044145,0.08865137,0.4,0.5,0.5,0.5,0.51666665,0.6,0.5,0.5,0.5,0.48333332,-0.2,0.0,0.0,0.0,0.033333335,0.26850623,0.2500001,0.34830555,0.34999862,0.37406293,0.7314938,0.74999994,0.6516944,0.6500014,0.62593704,-0.46298754,-0.49999982,-0.30338886,-0.30000278,-0.25187412,0.93718016,0.99295336,1.1701179,1.05879,0.94744664,0.14226402,0.237391,0.39559585,0.37929115,0.33903193,0.5472243,1.012616,0.8122049,0.8353125,0.9688971,0.48321632,0.41709384,0.51067346,0.51239806,0.4802241,0.5167837,0.5829062,0.48932654,0.48760197,0.51977587,-0.033567395,-0.16581234,0.021346925,0.024796074,-0.039551783
SZ002371,0.18392093783857882,1.0,,2026-05-29,-0.040007886,0.053679135,-0.74531543,0.004389405,0.08177115,0.009281843,0.17291342,-0.03511545,-0.65417314,1.0416752,1.0462476,0.99033135,1.0115985,1.0621233,0.9398753,0.82113796,0.7646028,0.7395164,1.0516703,1.0347749,0.96017855,0.8940959,0.80918664,0.03945556,0.04552642,0.08713245,0.11978521,0.120879926,-0.023479223,0.0058407113,0.013400877,0.013044316,0.0059042578,0.88530123,0.15087454,0.8278939,0.9190475,0.72764915,-0.0047119046,-0.061058138,-0.0874869,-0.08323851,0.016637785,1.1415837,1.1456329,1.1456329,1.1456329,1.1456329,0.99033135,0.92320526,0.79730654,0.70649475,0.6703771,1.072979,1.0625201,1.0475136,1.0399227,0.92255527,1.0316259,0.99677056,0.87443787,0.7541247,0.71795404,0.2,0.3,0.65,0.76666665,0.8833333,0.063924074,0.34525716,0.58190674,0.66836655,0.6935695,0.2,0.4,0.7,0.8,0.9,1.0,0.2,0.05,0.13333334,0.41666666,-0.8,0.2,0.65,0.6666667,0.48333332,0.6163763,0.272362,0.5481603,0.43380713,0.7146741,-0.06940224,0.05152025,0.5155876,0.45172095,0.48501655,0.4,0.7,0.65,0.56666666,0.51666665,0.6,0.3,0.35,0.43333334,0.48333332,-0.2,0.4,0.3,0.13333334,0.033333335,0.315369,0.6034904,0.6719694,0.6689536,0.61119777,0.684631,0.3965096,0.32803056,0.3310464,0.38880223,-0.36926198,0.20698082,0.3439389,0.3379072,0.22239555,1.0191187,1.1294328,1.0156035,0.9740222,0.7274477,0.22655824,0.24357165,0.29527953,0.3111049,0.3425274,0.6244016,0.6726717,0.8112232,1.0699317,1.2559291,0.30634835,0.37437057,0.5055539,0.5292325,0.5171408,0.6936516,0.6256294,0.49444607,0.47076753,0.4828592,-0.3873033,-0.25125888,0.0111078555,0.058464956,0.034281604
SZ002028,0.18279605103786772,1.0,,2026-05-29,-0.028124994,0.03634614,-0.7738096,0.0026922936,0.07407371,0.0055288556,0.15211672,-0.025288431,-0.69576657,1.0289389,1.0317091,0.99431115,1.0115963,0.97521454,0.93989426,0.9658655,1.0190934,1.1008148,0.9916685,0.9849854,0.98646915,1.011134,1.0304571,0.02190104,0.022706471,0.025040884,0.047171064,0.050293602,0.0041456157,0.0033053218,8.252328e-05,-0.0034024732,-0.0019018034,0.08957539,0.19424044,0.00038012085,0.40321788,0.43611962,4.027065e-05,0.00014063812,0.012746893,0.03820189,0.025646063,1.0317091,1.0368524,1.0445706,1.1490461,1.1828834,0.9562681,0.92555034,0.92555034,0.92555034,0.92555034,1.0075088,1.0075088,1.0139986,1.0596876,1.071263,0.9748979,0.96369934,0.9646189,0.9694664,0.98306054,0.6,0.7,0.65,0.46666667,0.3,0.57968354,0.66889757,0.6255213,0.33311442,0.2893125,1.0,0.4,0.15,0.23333333,0.06666667,0.4,0.1,0.55,0.7,0.85,0.6,0.3,-0.4,-0.46666667,-0.78333336,-0.1577769,0.52317107,0.17131278,0.0031434854,-0.13907538,0.12027814,0.542902,0.19951871,0.002934106,-0.11715771,0.6,0.6,0.55,0.53333336,0.46666667,0.4,0.4,0.45,0.46666667,0.53333336,0.2,0.2,0.1,0.06666667,-0.06666667,0.58629465,0.6157375,0.5324257,0.48797154,0.46642113,0.41370538,0.3842625,0.4675743,0.51202846,0.5335789,0.17258926,0.23147497,0.0648514,-0.02405692,-0.06715774,0.9503661,0.9239859,0.9479552,0.9992295,0.89544123,0.07672128,0.2466747,0.22104841,0.30499804,0.27660683,0.4422252,0.81852525,0.90024453,1.0405445,1.0023026,1.0,0.43379024,0.4494436,0.50868994,0.50597155,0.0,0.56620973,0.55055636,0.49131003,0.49402842,1.0,-0.13241953,-0.10111276,0.01737991,0.01194314
SZ300832,0.17363638560612119,1.0,,2026-05-29,-0.005531996,0.045531847,-0.12149729,0.039574414,0.869159,0.00042543787,0.009343742,-0.04468097,-0.9813125,1.0055628,1.0453573,0.9995722,1.0220218,0.99756646,1.0668222,1.0371122,0.9717096,1.0542487,1.0015615,1.0147536,1.0151745,0.99952006,1.0225158,0.013114388,0.0210257,0.024224313,0.034022696,0.051024113,0.0045832447,-0.00440319,0.0001899135,0.0023844957,-0.001570692,0.30534443,0.40201795,0.00215118,0.38067764,0.28902206,-0.010728069,0.005060719,-0.016978627,-0.03409528,0.023819653,1.0453573,1.0627859,1.0728707,1.0728707,1.1382649,0.958315,0.958315,0.958315,0.9291683,0.9145625,1.0115393,1.0298316,1.033259,1.0301563,1.0686069,0.99306434,0.99710006,0.9940175,0.9711418,0.9750761,0.6,0.4,0.35,0.53333336,0.38333333,0.47890484,0.39901072,0.36388412,0.49290574,0.38192478,1.0,0.3,0.5,0.6666667,0.06666667,0.2,0.6,0.8,0.2,0.5,0.8,-0.3,-0.3,0.46666667,-0.43333334,-0.36108118,0.15702745,0.48093852,0.64096665,-0.11579746,-0.080500215,0.043922722,0.4036381,0.5595254,0.45892483,0.4,0.4,0.5,0.5,0.46666667,0.6,0.6,0.5,0.5,0.53333336,-0.2,-0.2,0.0,0.0,-0.06666667,0.5185753,0.32667014,0.454613,0.52352047,0.4769058,0.4814247,0.67332983,0.54538697,0.47647953,0.52309424,0.0371506,-0.34665972,-0.09077399,0.047040954,-0.046188425,0.9092062,0.9639772,1.009357,0.96090394,0.77436286,0.18178633,0.15818027,0.23280159,0.26517794,0.32545188,0.53688127,0.69432026,0.9413033,1.0483074,1.1244552,0.5201483,0.38041362,0.46186632,0.46504292,0.5083042,0.47985175,0.61958635,0.5381337,0.53495705,0.49169585,0.040296517,-0.23917276,-0.07626735,-0.06991416,0.0166083
SH601012,0.16235196378539357,1.0,,2026-05-29,-0.030704774,0.033496123,-0.9166665,0.0,0.0,0.002791349,0.0833335,-0.027913425,-0.833333,1.0316774,1.0316774,0.9971202,1.0101603,1.0828103,1.1231022,1.220292,1.2635037,1.3045256,1.0374452,1.0627117,1.1233649,1.1667895,1.2347159,0.025615456,0.033259537,0.06829218,0.08385859,0.097312145,-0.015624087,-0.010117454,-0.010799297,-0.009105665,-0.0049436083,0.93009037,0.8482454,0.8752197,0.91375536,0.7871434,-0.006197067,-0.017183129,-0.020771632,-0.034757387,-0.08887947,1.0885475,1.1267077,1.2267792,1.2814925,1.411107,0.9971202,0.9971202,0.9971202,0.9971202,0.9971202,1.0547299,1.0914379,1.1914964,1.2526934,1.3333211,1.026511,1.0336934,1.062051,1.080073,1.1769781,0.2,0.1,0.05,0.033333335,0.016666668,0.031497974,0.022222612,0.012539338,0.010126768,0.0069561945,0.6,0.3,0.45,0.13333334,0.23333333,1.0,1.0,1.0,1.0,1.0,-0.4,-0.7,-0.55,-0.8666667,-0.76666665,-0.5955744,-0.45598295,0.3329447,-0.37567073,0.41609776,-0.8478425,-0.39646918,-0.38079888,-0.2939598,0.1530096,0.0,0.3,0.35,0.3,0.4,1.0,0.7,0.6,0.6666667,0.5833333,-1.0,-0.4,-0.25,-0.36666667,-0.18333334,0.0,0.17498569,0.19397703,0.20854208,0.35775664,1.0,0.8250143,0.806023,0.79145795,0.6422434,-1.0,-0.6500286,-0.61204594,-0.58291584,-0.28448674,0.90085244,0.86655617,0.9931515,0.875052,1.0882257,0.1775769,0.1497164,0.24489391,0.26746923,0.47791305,0.78055316,0.74607795,0.96061224,1.1309099,0.9352156,0.6526998,0.38807145,0.5369761,0.51353115,0.49961963,0.3473002,0.6119285,0.4630239,0.48646885,0.50038034,0.30539963,-0.22385707,0.07395219,0.02706227,-0.00076070434
SH688012,0.15660418955221111,0.875,,2026-05-29,-0.02715776,0.06398901,-0.42441285,0.0019281484,0.030132491,0.034903105,0.5454547,0.0058171987,0.09090933,1.0279158,1.0298978,0.96412253,0.99603397,1.0579039,0.9752257,0.8160966,0.73102164,0.7865287,1.0366642,1.048628,0.96041596,0.8841752,0.7976062,0.035325315,0.03956651,0.09951052,0.13786773,0.13165228,-0.020995444,-0.0045865546,0.0141714895,0.0147077525,0.005967921,0.8831166,0.123176865,0.70984095,0.88200104,0.6267425,0.005326682,-0.027988514,-0.095045134,-0.09743763,0.026340127,1.1083219,1.2014598,1.2014598,1.2014598,1.2014598,0.96412253,0.96412253,0.78740615,0.6845751,0.658543,1.0539927,1.082826,1.0606949,1.0289228,0.8828036,1.0166118,1.0166118,0.8640997,0.72153306,0.7050915,0.2,0.2,0.6,0.73333335,0.8666667,0.24880454,0.1511666,0.51344526,0.61024237,0.6289307,0.2,0.4,0.7,0.8,0.9,1.0,1.0,0.05,0.13333334,0.4,-0.8,-0.6,0.65,0.6666667,0.5,0.98353505,0.70745724,0.77530205,0.8441429,0.8555769,0.9421787,0.3644007,0.6984115,0.6700755,0.5528228,0.2,0.4,0.55,0.5,0.46666667,0.8,0.6,0.45,0.5,0.53333336,-0.6,-0.2,0.1,0.0,-0.06666667,0.27494305,0.54065585,0.64738625,0.6677846,0.5822204,0.72505695,0.45934418,0.35261375,0.33221546,0.4177796,-0.45011386,0.081311665,0.2947725,0.33556908,0.1644408,1.2392612,1.3795376,1.2048242,1.0522599,0.7459983,0.32566392,0.2849046,0.35138947,0.38716975,0.41934094,0.7537891,0.9109874,1.1612444,1.2531682,1.4867805,0.29244402,0.32045966,0.4951205,0.5242936,0.5211939,0.707556,0.67954034,0.5048795,0.47570643,0.47880608,-0.415112,-0.35908067,-0.009759001,0.048587162,0.042387813
SZ300124,0.1516551349796209,1.0,,2026-05-29,-0.041347962,0.06286456,-0.6577309,0.0142579805,0.22680475,0.0072586164,0.11546437,-0.048347324,-0.7690713,1.0431314,1.0580043,0.9924283,1.0173228,1.0680088,1.0454313,0.82963634,0.9344263,0.965117,1.0511638,1.0511101,1.025116,0.979544,0.9541812,0.03453037,0.024170069,0.045624625,0.0764122,0.06263404,-0.01848221,-0.0016947448,0.005299311,0.0074290805,0.0019345584,0.7162181,0.045067586,0.47218072,0.73256546,0.29096627,-0.014199391,-0.04348377,-0.07545947,-0.08726567,-0.011250653,1.1364245,1.1364245,1.1364245,1.1364245,1.1364245,0.9924283,0.9924283,0.8355863,0.81300575,0.81300575,1.0713886,1.0662776,1.0527344,1.0484879,1.0239593,1.0323448,1.0399169,1.0049765,0.8981094,0.90286565,0.2,0.1,0.2,0.46666667,0.73333335,0.052582573,0.052582573,0.5465187,0.57817996,0.57817996,0.4,0.7,0.85,0.9,0.95,1.0,1.0,0.05,0.33333334,0.6666667,-0.6,-0.3,0.8,0.56666666,0.28333333,0.7784194,0.538005,-0.17335474,0.33949482,0.5331517,0.7766392,0.43526685,0.55905396,0.28340644,0.28952065,0.2,0.5,0.6,0.5,0.46666667,0.8,0.5,0.4,0.5,0.53333336,-0.6,0.0,0.2,0.0,-0.06666667,0.22454073,0.369562,0.6653543,0.54727817,0.51484096,0.7754593,0.63043797,0.3346457,0.45272186,0.48515904,-0.5509186,-0.26087597,0.33070862,0.094556294,0.029681904,1.209565,1.1889691,1.3253942,1.1807966,0.88033456,0.31042847,0.31062075,0.40426052,0.42139298,0.4444669,0.66495126,0.8377319,1.2758929,1.3516092,1.5643848,0.43390012,0.40057743,0.464924,0.51496464,0.50963783,0.5660999,0.5994226,0.53507596,0.4850354,0.4903622,-0.13219975,-0.19884512,-0.07015196,0.029929226,0.019275619
SH600426,0.14986971354558118,1.0,,2026-05-29,-0.0033863694,0.020995572,-0.16128969,0.017609203,0.8387103,0.0,0.0,-0.020995572,-1.0,1.0033978,1.0210669,1.0,1.0089374,1.0672772,1.1658133,1.3248346,1.2667164,1.3761351,1.0157605,1.052188,1.1385268,1.1707487,1.2278019,0.012684252,0.04275835,0.1040845,0.099503666,0.102198645,-0.0057423604,-0.013501605,-0.01721456,-0.008924034,-0.0044487445,0.5123788,0.91398776,0.9573876,0.62337023,0.57794225,-0.0042758617,0.008569154,0.025011536,-0.041350193,-0.09656391,1.0723765,1.1705704,1.3489637,1.3489637,1.4984514,0.9921759,0.9921759,0.9921759,0.9921759,0.9921759,1.0251356,1.0903856,1.2107334,1.2432169,1.3117805,1.0057011,1.0144742,1.0302297,1.0670046,1.1709794,0.2,0.1,0.05,0.033333335,0.016666668,0.09755676,0.04385847,0.021929303,0.021929303,0.015454254,0.2,0.1,0.1,0.4,0.083333336,0.8,0.9,0.95,0.96666664,0.98333335,-0.6,-0.8,-0.85,-0.56666666,-0.9,0.14188147,-0.124520265,-0.22777367,-0.159706,0.27758762,-0.9683586,-0.90601945,-0.6961545,-0.47842333,-0.04431708,0.2,0.3,0.35,0.46666667,0.46666667,0.8,0.7,0.65,0.53333336,0.53333336,-0.6,-0.4,-0.3,-0.06666667,-0.06666667,0.15852685,0.09193364,0.108811274,0.29089502,0.3853908,0.84147316,0.90806633,0.89118874,0.70910496,0.6146092,-0.6829463,-0.8161327,-0.7823775,-0.41820997,-0.2292184,1.3244919,1.237605,1.1624739,1.1531241,1.2647239,0.58755803,0.44133624,0.39940867,0.35726932,0.43194646,1.3915124,1.2045331,1.327332,1.236021,1.1517847,0.52989393,0.5022608,0.48580593,0.49319562,0.4731653,0.47010607,0.49773917,0.5141941,0.5068044,0.52683467,0.059787855,0.0045216535,-0.028388152,-0.013608758,-0.05366938
SH600999,0.148886058182663,1.0,,2026-05-29,-0.0064327265,0.029824536,-0.21568571,0.021052608,0.70588213,0.0023392024,0.07843214,-0.025146132,-0.8431357,1.0064744,1.0276632,0.9976457,1.0082258,1.0205991,0.929374,0.9205457,0.9371321,0.9695024,1.0270733,1.012199,0.9761369,0.956697,0.9419743,0.023369892,0.029791461,0.04306085,0.045058697,0.03747325,-0.01054039,0.005389371,0.006305894,0.004362377,0.0011466984,0.5085574,0.29998806,0.75057864,0.72642505,0.28559825,-0.0059925076,-0.036451183,-0.036042944,-0.019951427,0.024198106,1.0800445,1.0800445,1.0800445,1.0800445,1.0800445,0.9976457,0.94296306,0.91535455,0.897698,0.8787052,1.0480471,1.0333868,1.0216693,1.0040663,0.9519529,1.0051365,0.9968432,0.94034237,0.9204387,0.9151953,0.2,0.3,0.65,0.76666665,0.8833333,0.02857258,0.41608074,0.5139686,0.5610308,0.6024398,0.6,0.8,0.9,0.93333334,0.96666664,1.0,0.1,0.05,0.26666668,0.25,-0.4,0.7,0.85,0.6666667,0.71666664,0.2143743,0.12757513,0.72868866,0.7297393,0.70797414,0.0037290074,0.41066802,0.40968418,0.2722609,0.17724435,0.4,0.6,0.6,0.5,0.48333332,0.6,0.4,0.4,0.46666667,0.48333332,-0.2,0.2,0.2,0.033333335,0.0,0.37620634,0.6907514,0.6507614,0.6005132,0.52519894,0.62379366,0.30924863,0.3492386,0.39948678,0.47480106,-0.24758734,0.38150272,0.3015228,0.20102644,0.05039788,1.1582099,1.3214452,0.97170013,0.7963481,0.59953135,0.19278233,0.4361243,0.48501942,0.479658,0.4083507,1.007999,0.75013936,1.1031132,1.3549601,1.4750371,0.41913188,0.55103046,0.51114964,0.5399715,0.5140205,0.5808681,0.44896957,0.48885036,0.4600285,0.48597953,-0.16173626,0.10206087,0.022299305,0.07994298,0.028040947
SZ300347,0.14811013691079766,1.0,,2026-05-29,-0.009291817,0.046710156,-0.19892499,0.02360624,0.50537705,0.013812098,0.29569796,-0.01908596,-0.4086041,1.0093789,1.0332066,0.98605835,1.0057318,1.0727514,1.1853037,1.4800996,1.5069692,1.4915107,1.0218471,1.0797442,1.1958778,1.2838507,1.3336828,0.03238732,0.06949423,0.13942476,0.17023084,0.13946192,-0.018579723,-0.022168621,-0.02336379,-0.018845353,-0.004834026,0.82275105,0.93280596,0.98282176,0.94980365,0.3664431,0.015312318,0.020014636,0.026078207,-0.010592989,-0.19107905,1.0780683,1.1906128,1.4390298,1.5439694,1.5439694,0.9835237,0.9835237,0.9835237,0.9835237,0.9835237,1.0432402,1.153301,1.3319592,1.4504857,1.4426835,0.9989339,1.00507,1.0649886,1.1248717,1.2135789,0.4,0.2,0.1,0.06666667,0.033333335,0.17426999,0.07956125,0.036171332,0.029398499,0.029398499,0.2,0.4,0.05,0.033333335,0.51666665,0.6,0.8,0.9,0.93333334,0.96666664,-0.4,-0.4,-0.85,-0.9,-0.45,-0.014237542,-0.5366955,-0.04663582,-0.3957782,-0.4077749,-0.47784135,-0.4072472,-0.43695566,-0.29116747,-0.033980273,0.2,0.2,0.15,0.23333333,0.35,0.8,0.8,0.85,0.76666665,0.65,-0.6,-0.6,-0.7,-0.53333336,-0.3,0.06390519,0.08883819,0.08824925,0.18112512,0.35935417,0.9360948,0.9111618,0.91175073,0.8188749,0.64064586,-0.87218964,-0.8223236,-0.82350147,-0.6377498,-0.28129166,1.0403583,0.9868021,1.0590484,0.9251376,0.7883479,0.12686196,0.36412573,0.479164,0.4469203,0.37684593,0.9721265,1.4978205,1.1819288,1.3072169,1.2268124,0.22867592,0.49446014,0.49661195,0.50774354,0.51654243,0.7713241,0.50553983,0.50338805,0.49225646,0.48345757,-0.54264814,-0.01107972,-0.0067760847,0.015487064,0.033084895
SH601360,0.14653208406519655,1.0,,2026-05-29,-0.035339043,0.04775545,-0.7400002,0.0124164075,0.2599998,0.0,0.0,-0.04775545,-1.0,1.0366336,1.0495049,1.0,1.0255597,1.0602522,1.0868753,1.0770668,1.0878094,1.1858944,1.0398879,1.0594115,1.0917796,1.0915927,1.1029114,0.028271513,0.03218901,0.044595826,0.03654277,0.05446275,-0.01742176,-0.009573545,-0.0061512957,-0.0017890022,-0.0014490245,0.9493491,0.81085247,0.6659058,0.18574648,0.21589978,-0.005044383,-0.016330523,-0.033342227,-0.06565217,-0.060165178,1.0762815,1.1138339,1.1976857,1.1976857,1.2817792,1.0,1.0,1.0,1.0,1.0,1.0659505,1.0847267,1.1341429,1.1120037,1.1432974,1.0220457,1.0361514,1.0581037,1.067632,1.0649229,0.2,0.1,0.05,0.033333335,0.016666668,0.0,0.0,0.0,0.0,0.0,0.4,0.2,0.25,0.5,0.1,1.0,1.0,1.0,1.0,1.0,-0.6,-0.8,-0.75,-0.5,-0.9,-0.93865085,-0.77721924,0.47164816,0.34609985,0.7332889,-0.75943214,-0.7879559,-0.11991317,-0.03589966,0.328899,0.2,0.4,0.5,0.5,0.53333336,0.8,0.6,0.5,0.46666667,0.45,-0.6,-0.2,0.0,0.033333335,0.083333336,0.10429443,0.23876396,0.38714093,0.4048583,0.42484894,0.8957056,0.761236,0.6128591,0.5951417,0.575151,-0.79141116,-0.5224721,-0.22571816,-0.19028343,-0.1503021,0.86340284,0.84829146,0.98838073,0.8911627,1.0013331,0.14003102,0.1306291,0.24081053,0.2448991,0.4660259,0.8166102,0.72086173,0.735937,0.79948086,1.2526412,0.5795339,0.51701105,0.5391358,0.53597116,0.4791395,0.42046613,0.48298895,0.46086416,0.46402884,0.5208605,0.15906774,0.034022108,0.07827168,0.07194235,-0.041721005
SZ002459,0.13833932074278693,1.0,,2026-05-29,-0.038014837,0.043294646,-0.8780494,0.0021119071,0.048779868,0.003167903,0.07317078,-0.03695884,-0.85365844,1.039517,1.0417124,0.9967069,1.013076,1.079256,1.1382936,1.1581076,1.2110797,1.3008492,1.033239,1.0655884,1.1308734,1.1524869,1.2242081,0.02156913,0.041223787,0.074682064,0.06880673,0.1069277,-0.011524467,-0.013042682,-0.011497102,-0.0064359605,-0.005329085,0.71370125,0.91759175,0.829492,0.6780576,0.75757337,-0.010190076,-0.006896321,-0.02165101,-0.059165478,-0.06700015,1.0812815,1.1419393,1.2503706,1.2503706,1.4698261,0.9967069,0.9967069,0.9967069,0.9967069,0.9967069,1.0443187,1.1065912,1.2009705,1.2054186,1.3513142,1.0219976,1.0372018,1.0547514,1.0756975,1.1361101,0.2,0.1,0.05,0.033333335,0.016666668,0.038937062,0.022674628,0.012982108,0.012982108,0.00696038,0.2,0.1,0.45,0.6333333,0.18333334,1.0,1.0,1.0,1.0,1.0,-0.8,-0.9,-0.55,-0.36666667,-0.81666666,-0.73765993,-0.0057318653,0.423606,-0.038118582,0.694408,-0.6221836,-0.40512818,-0.22538665,-0.1679685,0.29293293,0.2,0.2,0.45,0.4,0.46666667,0.8,0.8,0.55,0.6,0.53333336,-0.6,-0.6,-0.1,-0.2,-0.06666667,0.12595451,0.15524209,0.28633884,0.28322262,0.38511425,0.8740455,0.8447579,0.7136612,0.7167774,0.61488575,-0.748091,-0.6895158,-0.42732233,-0.4335548,-0.22977152,0.89625794,0.9319383,1.0705482,0.9500551,1.3047528,0.13295786,0.14249706,0.28003874,0.29280442,0.5741995,0.64274037,0.6906744,1.099196,1.1941468,1.1086704,0.58611,0.36000058,0.5223455,0.5055511,0.49472833,0.41388997,0.6399994,0.47765452,0.4944489,0.5052717,0.17222004,-0.27999884,0.04469095,0.011102218,-0.010543343
SZ002601,0.1378905781269726,1.0,,2026-05-29,-0.013793101,0.027586201,-0.5,0.0068965503,0.25,0.0068965503,0.25,-0.013793101,-0.5,1.013986,1.020979,0.993007,1.0067236,1.1202847,1.2272242,1.1734282,1.2426453,1.5825028,1.0359311,1.0948813,1.1489323,1.1765796,1.2385241,0.031597797,0.06868779,0.07657255,0.074661665,0.11076817,-0.018873056,-0.022396563,-0.009917765,-0.0067667905,-0.005226144,0.89188904,0.97457474,0.58715045,0.6366075,0.6789419,0.0018149492,0.0059031905,-0.054713577,-0.07846117,-0.084352836,1.1230463,1.2216371,1.2720276,1.2720276,1.630061,0.993007,0.993007,0.993007,0.993007,0.993007,1.0664057,1.1637722,1.202076,1.2373427,1.2792526,1.0106287,1.0261447,1.0706049,1.1253144,1.1806879,0.2,0.1,0.05,0.033333335,0.016666668,0.053776115,0.03058654,0.025062688,0.025062688,0.0109771,0.2,0.1,0.4,0.6,0.016666668,1.0,1.0,1.0,1.0,1.0,-0.8,-0.9,-0.6,-0.4,-0.98333335,-0.09537895,-0.088935375,0.14549775,-0.22388446,0.19576693,-0.97918314,-0.84737647,-0.49363965,-0.5080812,-0.36215624,0.2,0.2,0.4,0.43333334,0.41666666,0.8,0.8,0.6,0.56666666,0.55,-0.6,-0.6,-0.2,-0.13333334,-0.13333334,0.05212015,0.03154816,0.30501476,0.30303326,0.29593155,0.94787985,0.96845186,0.6949853,0.69696677,0.7040685,-0.8957597,-0.93690366,-0.3899705,-0.3939335,-0.40813693,1.256994,1.1884916,1.2509199,1.1771686,1.1554819,0.33790943,0.2914898,0.30807817,0.4342132,0.457572,0.89641327,0.88425905,0.8085159,1.2478939,1.2865751,0.52383775,0.50007576,0.40156963,0.51405823,0.4864793,0.47616225,0.4999242,0.59843034,0.48594177,0.51352066,0.04767546,0.00015155927,-0.1968607,0.028116481,-0.027041355
SZ300476,0.1365635813515785,1.0,,2026-05-29,-0.02507935,0.08063496,-0.3110233,0.050211634,0.6227031,0.005343971,0.06627362,-0.06994702,-0.86745274,1.0257245,1.0772278,0.9945186,1.0348527,1.0189396,0.92320347,0.8495051,0.83580047,0.8177352,1.0309175,0.9833511,0.9694125,0.93753326,0.84123737,0.024805319,0.062040444,0.061216746,0.07163698,0.112382196,-0.012918909,0.014592047,0.005294939,0.0059309215,0.00549527,0.678113,0.5071005,0.26184812,0.5312164,0.7292608,-0.005079708,-0.049015295,-0.019714428,-0.023531605,-0.0033478336,1.0924767,1.0924767,1.0924767,1.0924767,1.0924767,0.98773533,0.88304263,0.8249204,0.7938496,0.6761874,1.0457773,1.0315306,1.0269514,1.0187865,0.9324863,1.0147189,0.9129031,0.90669113,0.8854849,0.7436785,0.2,0.5,0.6,0.73333335,0.8666667,0.11709479,0.5584449,0.65436554,0.6903272,0.7778548,0.6,0.8,0.9,0.93333334,0.96666664,0.8,0.2,0.05,0.033333335,0.35,-0.2,0.6,0.85,0.9,0.6166667,0.7915171,0.820278,0.5027106,0.5090052,0.7555709,0.10924153,0.5267405,0.31352037,0.3346185,0.3636874,0.4,0.4,0.45,0.46666667,0.48333332,0.6,0.6,0.55,0.53333336,0.51666665,-0.2,-0.2,-0.1,-0.06666667,-0.033333335,0.41666666,0.6325449,0.6110086,0.58238244,0.5564549,0.5833333,0.3674551,0.38899145,0.41761753,0.44354513,-0.16666667,0.26508978,0.22201712,0.16476493,0.112909734,1.1490246,1.0188335,1.0319533,0.98809034,0.82153904,0.21021533,0.32209563,0.26791528,0.25306144,0.27829838,0.46185562,1.5824884,1.1477262,1.0429751,1.119296,0.13778047,0.49351287,0.54294753,0.49126732,0.51022226,0.8622195,0.50648713,0.45705247,0.5087327,0.48977777,-0.7244391,-0.012974246,0.08589506,-0.017465334,0.020444466
SH600176,0.13536904504379738,1.0,,2026-05-29,-0.031738736,0.045308154,-0.7005083,0.011499476,0.25380588,0.00206994,0.04568582,-0.041168272,-0.90862834,1.0327791,1.0446556,0.9978622,1.0172948,0.9067295,0.80056906,0.8157088,0.7677116,0.67029446,0.975954,0.9088807,0.89012146,0.8517365,0.73407894,0.04214361,0.080223866,0.063937634,0.07692182,0.13542153,0.01926941,0.025251593,0.0061395597,0.007135505,0.0070534023,0.5226529,0.90820074,0.3227226,0.6668866,0.82741183,-0.014492787,-0.022512903,0.05155273,0.044798702,0.057845697,1.0446556,1.0446556,1.0446556,1.0446556,1.0446556,0.89373255,0.7733782,0.7731501,0.7301147,0.51046383,1.0065545,0.980806,0.9334192,0.90200156,0.8777415,0.93757075,0.8291363,0.8291363,0.7885643,0.6043826,0.8,0.9,0.95,0.96666664,0.98333335,0.7041172,0.8353879,0.8355262,0.8580295,0.91640544,1.0,1.0,1.0,1.0,1.0,0.2,0.2,0.1,0.033333335,0.25,0.8,0.8,0.9,0.96666664,0.75,0.5710169,0.5545369,0.09188953,0.21953386,0.7559407,0.8858083,0.4813256,0.052991815,0.15701458,0.09945944,0.6,0.8,0.7,0.7,0.6,0.4,0.2,0.3,0.3,0.38333333,0.2,0.6,0.4,0.4,0.21666667,0.7002192,0.79407537,0.65613735,0.6430048,0.62031937,0.2997808,0.20592463,0.34386265,0.35699522,0.37968063,0.40043846,0.58815074,0.31227466,0.28600952,0.24063872,0.98449963,0.9279727,0.9339363,0.9110915,0.7219576,0.15300983,0.16902122,0.16556124,0.15571193,0.2530106,0.6717949,0.90983695,1.0512286,0.9903581,1.0475616,0.48671862,0.44219473,0.51504934,0.4960774,0.514672,0.5132814,0.55780524,0.48495066,0.5039226,0.48532802,-0.026562775,-0.115610525,0.030098647,-0.007845197,0.029343948
SZ002466,0.1351933688138075,1.0,,2026-05-29,-0.028280059,0.042806335,-0.66065127,0.010508387,0.24548674,0.0040178895,0.09386203,-0.03477056,-0.81227595,1.029103,1.0399173,0.99586517,1.0154865,1.057896,1.0990773,1.1534753,1.0262442,0.8775526,1.0331455,1.0515958,1.129069,1.1184276,0.99338007,0.024995698,0.029914234,0.09276574,0.0841601,0.14488202,-0.015252995,-0.008696707,-0.014777747,-0.0022671118,0.006565838,0.9309358,0.7747568,0.888197,0.056238677,0.6263992,-0.0026395593,-0.01246067,0.01131959,-0.08555453,-0.18707229,1.0827022,1.1316967,1.3118676,1.3118676,1.3118676,0.9939558,0.9939558,0.9939558,0.97806066,0.7678172,1.0568447,1.0650166,1.213659,1.1912267,1.1245916,1.0192105,1.0251627,1.0540161,1.0540161,0.85172063,0.2,0.1,0.05,0.06666667,0.51666665,0.06810652,0.043880984,0.019012202,0.065724574,0.42676702,0.2,0.1,0.15,0.43333334,0.71666664,0.8,0.9,0.95,0.033333335,0.26666668,-0.6,-0.8,-0.8,0.4,0.45,0.061457086,0.4214022,0.9076984,0.73200864,0.8006989,-0.44237992,-0.299393,0.15519443,0.4711229,0.4389144,0.2,0.4,0.4,0.46666667,0.51666665,0.8,0.6,0.6,0.53333336,0.48333332,-0.6,-0.2,-0.2,-0.06666667,0.033333335,0.038020365,0.2340101,0.3664484,0.4856374,0.5397037,0.9619796,0.7659899,0.6335516,0.51436263,0.46029627,-0.92395926,-0.5319798,-0.26710317,-0.02872521,0.07940745,1.0870823,1.1951545,1.6125959,1.7088178,1.3351521,0.08641609,0.18513417,0.5439292,0.5449863,0.60650814,1.1375533,0.9128882,0.89165044,1.0348163,1.1433284,0.45412037,0.37247732,0.4385058,0.47391108,0.500983,0.54587966,0.62752265,0.5614942,0.5260889,0.49901703,-0.09175927,-0.25504532,-0.12298838,-0.05217782,0.0019659472
SH600372,0.13397070876712042,1.0,,2026-05-29,-0.024518441,0.031523578,-0.777781,0.0035025685,0.11110948,0.0035025685,0.11110948,-0.024518441,-0.777781,1.0251347,1.0287253,0.9964094,1.0097424,1.0585533,1.1142366,1.1607348,1.1885763,1.4428818,1.0313433,1.0549942,1.1212543,1.1412648,1.1844863,0.025266008,0.032691136,0.07572875,0.06822232,0.08752752,-0.01529852,-0.0103921,-0.011494652,-0.006221545,-0.0039538266,0.9165699,0.9263136,0.806377,0.64453304,0.62236595,-0.00074625126,-0.00822982,-0.012055119,-0.051052444,-0.067848355,1.0756423,1.119533,1.2397463,1.2397463,1.4472337,0.9964094,0.9964094,0.9964094,0.9964094,0.9964094,1.0510907,1.0838118,1.1956947,1.1916188,1.2315155,1.0158439,1.0234787,1.0563719,1.0637773,1.1383467,0.2,0.1,0.05,0.033333335,0.016666668,0.045317035,0.029162625,0.014755687,0.014755687,0.007964533,0.2,0.1,0.3,0.53333336,0.06666667,1.0,1.0,1.0,1.0,1.0,-0.8,-0.9,-0.7,-0.46666667,-0.93333334,-0.1706052,0.34405524,0.56499,0.32728148,0.5886553,-0.49055773,-0.33635882,0.046964593,0.072912365,0.071604215,0.4,0.3,0.45,0.43333334,0.46666667,0.6,0.7,0.55,0.56666666,0.53333336,-0.2,-0.4,-0.1,-0.13333334,-0.06666667,0.13571484,0.10200034,0.26782763,0.27789038,0.30698028,0.8642852,0.89799964,0.73217237,0.7221096,0.6930197,-0.7285703,-0.7959993,-0.46434477,-0.44421923,-0.38603944,0.9271012,0.99273,1.1906039,1.124989,1.2040933,0.14764436,0.18047622,0.3561022,0.32651442,0.4981989,0.6879625,0.7051525,1.084005,1.2322701,1.6549621,0.552021,0.34041956,0.47840628,0.49479276,0.45229498,0.44797894,0.65958047,0.5215937,0.50520724,0.54770505,0.10404208,-0.31916088,-0.043187425,-0.010414452,-0.095410064
SH600023,0.13162576468892345,0.75,,2026-05-29,0.06065577,0.08852458,0.6851856,0.021311441,0.24074037,0.0065573733,0.07407404,0.0459017,0.5185192,0.942813,1.0200927,0.9366306,0.99586654,0.8887171,0.9381762,0.9103555,0.8531684,0.83925813,0.9446677,0.9412674,0.9255796,0.9104585,0.8787223,0.033030204,0.0467782,0.038632642,0.039800167,0.04350944,0.017619785,-0.00018734772,0.003162078,0.0031909056,0.001988617,0.7114079,0.00014703519,0.23447926,0.4981497,0.6371405,0.020092737,0.059575673,0.044380654,0.043273333,0.06261348,1.0200927,1.0463679,1.0463679,1.0463679,1.0463679,0.8748068,0.8717156,0.86862445,0.8408037,0.8068006,0.95425034,0.96043277,0.94034004,0.93323034,0.9137558,0.924575,0.90850073,0.8899536,0.88377124,0.84389496,1.0,0.9,0.95,0.96666664,0.98333335,0.8617023,0.7345133,0.7391304,0.77443606,0.8064516,1.0,0.2,0.6,0.73333335,0.8666667,0.2,0.5,0.1,0.033333335,0.25,0.8,-0.3,0.5,0.7,0.6166667,0.954889,0.62555623,0.6567255,0.7544568,0.466189,0.8696579,0.7535983,0.68817383,0.6366446,0.55503,0.8,0.7,0.75,0.7,0.6333333,0.2,0.3,0.25,0.23333333,0.31666666,0.6,0.4,0.5,0.46666667,0.31666666,0.90909094,0.5787401,0.59354836,0.6330532,0.5948905,0.090909034,0.42125988,0.4064516,0.3669468,0.40510952,0.81818193,0.15748024,0.18709674,0.2661064,0.18978094,0.60286206,0.7130059,0.54999924,0.4808188,0.46026343,0.22643849,0.31207535,0.27882797,0.25787783,0.22116643,1.0787457,1.1347758,1.6497458,1.9380049,2.0557868,0.8995929,0.6106147,0.54895097,0.58922005,0.5121918,0.10040715,0.38938528,0.45104906,0.41077995,0.48780826,0.7991857,0.22122942,0.09790188,0.17844008,0.02438349
SH600989,0.1305108296038133,1.0,,2026-05-29,-0.024390226,0.028455265,-0.85714287,0.0040650377,0.14285715,0.0,0.0,-0.028455265,-1.0,1.025,1.0291667,1.0,1.0135621,1.1058056,1.1868774,1.2899348,1.2119547,1.0814153,1.0329096,1.091515,1.1488148,1.1598649,1.2051414,0.018863223,0.07045375,0.08399598,0.075808644,0.09000688,-0.008450705,-0.022281209,-0.012889145,-0.0047809905,-0.0029924912,0.50175774,0.916813,0.82413656,0.30824783,0.337143,-0.016008245,0.008750504,-0.02636796,-0.09054051,-0.11686292,1.0816084,1.2418923,1.3172057,1.3172057,1.4992304,1.0,1.0,1.0,1.0,1.0,1.0420474,1.153899,1.1931295,1.2201306,1.2811404,1.0299554,1.0382687,1.046582,1.1063552,1.1478529,0.2,0.1,0.05,0.033333335,0.016666668,0.0,0.0,0.0,0.0,0.0,0.2,0.1,0.1,0.4,0.16666667,1.0,1.0,1.0,1.0,1.0,-0.8,-0.9,-0.9,-0.6,-0.8333333,0.08608522,0.1850508,0.47015366,0.54083264,0.5930139,-0.97549504,-0.70616645,-0.4863188,-0.3057403,0.08089165,0.2,0.2,0.3,0.4,0.46666667,0.8,0.8,0.7,0.6,0.53333336,-0.6,-0.6,-0.4,-0.2,-0.06666667,0.08378386,0.15482236,0.20448157,0.3575057,0.4800337,0.91621614,0.84517765,0.7955184,0.6424943,0.5199663,-0.83243227,-0.69035524,-0.59103686,-0.2849886,-0.03993259,1.1771723,1.1550376,1.3226488,1.4252093,2.0179877,0.5759145,0.41515613,0.42585033,0.4435722,0.98320556,1.449052,1.1657262,1.260538,1.092273,1.2178911,0.5226095,0.44256413,0.43979713,0.48241574,0.45679897,0.4773905,0.55743587,0.5602029,0.51758426,0.543201,0.045219,-0.11487177,-0.120405756,-0.035168532,-0.086402066
SH601298,0.12909638306477275,1.0,,2026-05-29,0.029312294,0.051860217,0.5652173,0.018038299,0.34782535,0.0045096246,0.086957306,0.01578362,0.30434927,0.97152245,1.0175246,0.9671413,0.9961003,0.9763072,0.97385615,0.995915,0.95261437,1.0245098,0.9740196,0.97761434,0.9801879,0.98017424,0.97678375,0.015146368,0.011529617,0.009763976,0.010621855,0.021050453,0.0058006556,-0.00042582754,-0.0003691809,1.4904262e-05,-0.00016441986,0.36667153,0.012504007,0.05003722,0.00015258852,0.018607393,0.014379094,0.024301857,0.023319336,0.019609619,0.028066643,1.0175246,1.0175246,1.0175246,1.0175246,1.0428351,0.94736344,0.94736344,0.94736344,0.94736344,0.9275311,0.97843134,0.98676467,0.98807186,0.9895425,0.995915,0.96486926,0.9689542,0.9723856,0.9710784,0.9607843,1.0,1.0,1.0,0.98333335,0.875,0.7502235,0.7502235,0.7502235,0.7502235,0.6285028,1.0,1.0,1.0,1.0,0.016666668,0.6,0.8,0.9,0.93333334,0.25,0.4,0.2,0.1,0.06666667,-0.23333333,0.9549304,0.40042564,-0.04318265,0.049681146,0.20218146,0.8940405,0.67437345,0.1492573,0.090445235,-0.062263522,0.4,0.5,0.5,0.56666666,0.5,0.6,0.5,0.5,0.43333334,0.48333332,-0.2,0.0,0.0,0.13333334,0.016666668,0.72307694,0.6333336,0.51162803,0.5847954,0.48062018,0.27692303,0.36666638,0.48837194,0.4152046,0.51937985,0.4461539,0.26666725,0.023256104,0.16959077,-0.038759667,0.7375727,0.65965724,0.6489507,0.60902303,0.6857775,0.15078159,0.15203872,0.16128059,0.15142576,0.22590652,1.3028586,1.1651478,1.1034955,0.979007,1.0930697,0.8710254,0.61958,0.5607475,0.5697427,0.48818547,0.12897463,0.38042006,0.4392525,0.43025735,0.51181453,0.74205077,0.2391599,0.12149503,0.13948531,-0.023629094
SH600489,0.1281888907706757,1.0,,2026-05-29,-0.024793299,0.0448021,-0.5533959,0.012614187,0.28155348,0.007394614,0.16505061,-0.03001287,-0.66989875,1.0254236,1.0383586,0.9924174,1.0092,1.0388043,1.0865558,1.1271362,1.1971717,1.5620266,1.0413109,1.0414014,1.1141964,1.1361727,1.1993984,0.04293177,0.030765954,0.08440689,0.07769755,0.11872747,-0.02226392,-0.0036992726,-0.012076306,-0.006835926,-0.005261731,0.67233497,0.13252668,0.71644104,0.599904,0.5990384,0.0032169558,-0.024754612,0.00052852376,-0.03705174,-0.044177372,1.1052786,1.1052786,1.2703263,1.2703263,1.58341,0.9776962,0.9776962,0.9776962,0.9776962,0.9776962,1.0685343,1.0607734,1.1985791,1.2065209,1.271731,0.9997319,1.0128677,1.0395281,1.0508478,1.0996581,0.4,0.2,0.1,0.06666667,0.033333335,0.17481904,0.17481904,0.07621854,0.07621854,0.03682241,0.4,0.7,0.25,0.5,0.016666668,0.8,0.9,0.95,0.96666664,0.98333335,-0.4,-0.2,-0.7,-0.46666667,-0.96666664,-0.2803617,-0.14038497,0.21372423,-0.10476558,0.13631468,0.33283207,0.23772988,0.020410422,-0.1467785,0.027312871,0.6,0.4,0.4,0.4,0.35,0.4,0.6,0.6,0.6,0.65,0.2,-0.2,-0.2,-0.2,-0.3,0.38149837,0.33155093,0.38858217,0.36306095,0.3349927,0.61850166,0.6684491,0.61141783,0.63693905,0.6650073,-0.2370033,-0.33689815,-0.22283563,-0.27387813,-0.3300146,0.95102376,0.8395504,0.8895627,0.82184154,0.92532253,0.18039948,0.18108888,0.18911685,0.19988503,0.33098266,0.7057687,0.78972054,0.8486716,1.0155625,1.2309011,0.646012,0.43426126,0.5564244,0.5166304,0.43840986,0.35398796,0.56573874,0.4435756,0.4833696,0.56159014,0.29202408,-0.13147749,0.11284882,0.033260837,-0.12318026
SH600570,0.1279535246796375,1.0,,2026-05-29,-0.026474154,0.036903307,-0.71739244,0.009626946,0.26086947,0.00080220617,0.021738056,-0.035298895,-0.9565239,1.0271941,1.0370828,0.99917597,1.0174215,1.0642772,1.0758147,1.0770451,1.1095983,1.1928314,1.0430137,1.0652221,1.0910361,1.0913863,1.0928769,0.032598544,0.033932257,0.039635606,0.0325081,0.037135076,-0.020354876,-0.010390599,-0.00518877,-0.0016418903,-0.0006543225,0.97472143,0.85954195,0.5998269,0.19770002,0.09469236,-0.0023038893,-0.018464508,-0.041742716,-0.06757889,-0.07357443,1.086529,1.1326725,1.1569835,1.1569835,1.2047789,0.98886967,0.98886967,0.98886967,0.98886967,0.98886967,1.0725139,1.0899042,1.1286364,1.112068,1.1294583,1.0181248,1.0394685,1.0698764,1.076799,1.0613079,0.2,0.1,0.05,0.033333335,0.016666668,0.11397126,0.07740007,0.066207275,0.066207275,0.0515511,0.2,0.4,0.3,0.53333336,0.016666668,0.8,0.9,0.95,0.96666664,0.98333335,-0.6,-0.5,-0.65,-0.43333334,-0.96666664,-0.52996147,-0.48678112,0.11427207,0.0853783,0.25512114,-0.18055677,-0.1205066,0.22424738,0.2988683,0.26364377,0.2,0.3,0.4,0.4,0.45,0.8,0.7,0.55,0.56666666,0.53333336,-0.6,-0.4,-0.15,-0.16666667,-0.083333336,0.14547068,0.27338585,0.38059315,0.3773057,0.40217116,0.8545293,0.7266142,0.6194068,0.6226943,0.5978288,-0.70905864,-0.45322832,-0.23881368,-0.24538863,-0.19565766,1.0310382,0.98323107,1.043529,0.9164182,0.83245826,0.23416783,0.23523898,0.254018,0.28017417,0.28188366,0.53741497,0.49986553,0.6601089,0.73654896,0.95031625,0.48673987,0.49284405,0.53402907,0.5175677,0.48580384,0.5132601,0.50715595,0.4659709,0.48243228,0.51419616,-0.02652027,-0.0143119255,0.06805818,0.035135426,-0.0283923
SZ300015,0.12591961483659697,1.0,,2026-05-29,-0.007616909,0.036996707,-0.20588073,0.029379798,0.7941193,0.0,0.0,-0.036996707,-1.0,1.0076754,1.0372807,1.0,1.0210073,1.0065755,1.1600939,1.2149123,1.0548351,1.1392518,1.0076776,1.0310333,1.1027434,1.1051927,1.0945941,0.011420041,0.03958929,0.07924815,0.07543783,0.059658773,-0.0030696872,-0.010825574,-0.0123333745,-0.0031887991,-0.00031544053,0.18063125,0.6854217,0.84772235,0.138477,0.008526801,-0.0015381724,0.01768184,0.014423679,-0.058955114,-0.085288644,1.0372807,1.1568016,1.2138205,1.2379353,1.2379353,0.98135847,0.98135847,0.98135847,0.98135847,0.98135847,1.0144795,1.0473772,1.181139,1.1820179,1.1559188,0.99890465,1.0052603,1.01119,1.0258793,1.0416673,0.4,0.2,0.1,0.06666667,0.033333335,0.3333476,0.106253974,0.080191724,0.07265477,0.07265477,1.0,0.1,0.05,0.26666668,0.6333333,0.6,0.8,0.9,0.93333334,0.96666664,0.4,-0.7,-0.85,-0.6666667,-0.33333334,-0.24731594,0.14695264,-0.23650213,0.3430957,0.31687367,-0.20890409,-0.25902823,0.21336249,0.51691896,0.35192528,0.6,0.3,0.3,0.4,0.41666666,0.4,0.7,0.7,0.56666666,0.55,0.2,-0.4,-0.4,-0.16666667,-0.13333334,0.45716813,0.15238932,0.22779796,0.45534894,0.4304505,0.5428319,0.84761065,0.7722021,0.54465103,0.5695495,-0.08566374,-0.69522136,-0.5444041,-0.08930211,-0.13909899,0.8178907,0.8863256,0.8244731,0.88502127,0.65079266,0.15841015,0.178232,0.17479317,0.45651254,0.4024602,0.61897695,0.68895316,0.77384454,1.4647791,1.7677076,0.63919485,0.59189147,0.45789057,0.5288135,0.5179001,0.36080515,0.40810856,0.54210943,0.47118652,0.4820999,0.27838972,0.1837829,-0.08421887,0.05762696,0.03580022
SH600893,0.1248545307823217,1.0,,2026-05-29,-0.050102975,0.06177071,-0.81111217,0.0013726568,0.022221807,0.010295078,0.16666602,-0.041180555,-0.666668,1.0527457,1.0541908,0.9891619,1.0115645,1.1033046,1.1349138,1.0982759,1.2360632,1.4775862,1.0563506,1.0884914,1.126189,1.145922,1.2042613,0.033907384,0.043040577,0.058298808,0.05901891,0.10474083,-0.019489938,-0.013077326,-0.0062893787,-0.004861357,-0.0046899747,0.82598543,0.8462392,0.4073467,0.52581674,0.6115174,-0.017370706,-0.029643424,-0.06643986,-0.07543228,-0.06590703,1.1153879,1.1739281,1.2765182,1.2765182,1.536105,0.9891619,0.9891619,0.9891619,0.9891619,0.9891619,1.0818822,1.1222988,1.1702155,1.2043247,1.250704,1.0433334,1.0607184,1.0833477,1.0974282,1.1254598,0.2,0.1,0.05,0.033333335,0.016666668,0.08586263,0.05865843,0.03771659,0.03771659,0.019815767,0.2,0.3,0.4,0.6,0.1,1.0,1.0,1.0,1.0,1.0,-0.8,-0.7,-0.6,-0.4,-0.9,-0.6739714,-0.4305364,0.6411884,0.3315416,0.41444466,-0.6289794,-0.42154884,0.36240256,0.33689427,0.17564686,0.0,0.2,0.4,0.33333334,0.38333333,1.0,0.8,0.6,0.6666667,0.6166667,-1.0,-0.6,-0.2,-0.33333334,-0.23333333,0.0,0.16583584,0.40853155,0.34736142,0.3772344,1.0,0.83416414,0.59146845,0.6526386,0.6227656,-1.0,-0.66832834,-0.1829369,-0.30527717,-0.24553119,0.76842207,0.73581076,0.8739821,0.8635236,0.91089934,0.14356959,0.116037786,0.27981457,0.2848862,0.2925488,1.2016556,1.004353,1.031745,1.0560443,1.0402803,0.77809036,0.5660057,0.48019964,0.52512455,0.46787888,0.22190966,0.43399426,0.51980036,0.47487545,0.5321211,0.55618066,0.13201144,-0.039600745,0.0502491,-0.064242266
SZ002625,0.12390469231777533,0.75,,2026-05-29,-0.047156386,0.058293816,-0.80894315,0.0066350717,0.11382119,0.0045023607,0.077235654,-0.049289096,-0.8455287,1.0494902,1.0564536,0.99527484,1.0228795,0.95077074,1.0024707,0.96566856,1.0116897,1.20916,1.0136293,0.99336237,1.005371,1.0017381,1.0128458,0.02488525,0.031759787,0.033419628,0.028324697,0.05577728,0.00491924,0.00505937,-0.0004772519,0.00030206208,-0.0014324324,0.09769042,0.23262113,0.0071377303,0.008813808,0.2011562,-0.023467818,-0.016129524,-0.0008370968,-0.0061180014,0.029411031,1.0790714,1.0790714,1.0790714,1.0790714,1.2056566,0.92615205,0.92615205,0.92615205,0.92615205,0.9231465,1.0321263,1.011402,1.0389999,1.0290434,1.0507265,0.9969172,0.9676746,0.9738772,0.982543,0.9680581,0.4,0.6,0.45,0.53333336,0.51666665,0.48292086,0.48292086,0.48292086,0.48292086,0.27203795,0.8,0.9,0.95,0.96666664,0.016666668,0.2,0.6,0.8,0.8666667,0.41666666,0.6,0.3,0.15,0.1,-0.4,0.59451264,0.68198514,0.52012837,0.3990292,0.07297123,0.796974,0.7006656,0.6455866,0.55784094,0.19197933,0.6,0.5,0.5,0.5,0.45,0.4,0.5,0.45,0.46666667,0.53333336,0.2,0.0,0.05,0.033333335,-0.083333336,0.62888587,0.49553153,0.5398989,0.48936027,0.414201,0.37111413,0.5044685,0.46010113,0.5106397,0.585799,0.25777176,-0.00893695,0.07979776,-0.021279436,-0.17159799,1.1978471,0.8554202,0.7881384,0.6949203,0.5607707,0.24182124,0.3970323,0.3007723,0.29524922,0.2711076,0.5350811,0.9393654,1.0834295,1.2265303,1.2393814,0.6144092,0.57676506,0.51307064,0.5127066,0.5121819,0.38559076,0.4232349,0.48692936,0.48729342,0.4878181,0.22881848,0.15353018,0.026141275,0.025413157,0.024363816
SH605117,0.12373838215614918,1.0,,2026-05-29,-0.0506527,0.062392216,-0.8118433,0.006485515,0.1039475,0.005254002,0.084209256,-0.05188421,-0.8315815,1.0533553,1.0601869,0.99446565,1.0094099,1.0437578,0.91866845,0.85535204,0.88304037,0.7024625,1.0277979,1.0187098,0.9810901,0.9449127,0.8679926,0.027243342,0.032678634,0.049099028,0.06666674,0.09597237,0.00026726822,0.005307841,0.006545297,0.006862921,0.0049905437,0.00024061011,0.2418352,0.6219865,0.82129914,0.8247136,-0.028332483,-0.042595066,-0.043270458,-0.04442503,-0.015213636,1.0973772,1.0973772,1.0973772,1.0973772,1.0973772,0.98634374,0.8952593,0.8488751,0.82608134,0.69054586,1.0543836,1.045679,1.031902,1.0076132,0.9706075,1.0029075,0.99468374,0.9243045,0.8787954,0.77618766,0.2,0.3,0.65,0.76666665,0.8833333,0.122992314,0.5182157,0.6081433,0.64106643,0.7606448,0.6,0.8,0.9,0.93333334,0.96666664,0.2,0.1,0.05,0.06666667,0.06666667,0.4,0.7,0.85,0.8666667,0.9,0.23555326,0.20059526,0.19050479,0.06233393,-0.13153563,0.07442448,0.52866817,0.5304921,0.4220787,0.45197898,0.2,0.4,0.45,0.43333334,0.46666667,0.8,0.6,0.55,0.56666666,0.53333336,-0.6,-0.2,-0.1,-0.13333334,-0.06666667,0.3573876,0.6304947,0.6184763,0.5728373,0.5955691,0.6426124,0.36950526,0.38152376,0.4271627,0.40443093,-0.2852248,0.2609895,0.23695248,0.14567459,0.19113813,1.0611438,1.1629688,1.1085653,1.108895,1.2737998,0.14225371,0.31174532,0.25931397,0.27625126,0.4733265,0.7992036,1.1034358,0.96694416,0.974309,1.0848327,0.52964777,0.4787183,0.52485377,0.4591708,0.4955832,0.47035226,0.52128166,0.47514623,0.54082924,0.50441676,0.05929548,-0.042563356,0.049707536,-0.08165843,-0.008833571
SH600919,0.12340788566757098,1.0,,2026-05-29,0.016201654,0.025202444,0.6428604,0.008100769,0.3214279,0.0009000211,0.03571166,0.009000906,0.35714418,0.98405665,1.0079716,0.983171,1.003144,0.98570675,0.9899418,1.0058231,0.9581789,0.9242985,0.988036,0.98867124,0.9934357,0.9902064,0.97052234,0.0077405535,0.0076234136,0.008369184,0.011973467,0.023854602,0.003440979,0.0004940833,-0.00081596326,0.000363794,0.0011587683,0.49403763,0.038504615,0.3326925,0.07154396,0.71969545,0.005082076,0.0091053825,0.014315981,0.0045185382,-0.00470598,1.0079716,1.0079716,1.0146961,1.0146961,1.0146961,0.9695856,0.9695856,0.9695856,0.9556544,0.91312104,0.98983586,0.994918,1.0001059,1.0,0.9938592,0.9854949,0.98422444,0.9872948,0.98337746,0.95532024,1.0,0.95,0.75,0.78333336,0.89166665,0.79233027,0.79233027,0.6742192,0.751089,0.85531735,1.0,1.0,0.35,0.56666666,0.78333336,0.6,0.8,0.9,0.033333335,0.033333335,0.4,0.2,-0.55,0.53333336,0.75,0.6864625,0.5302695,0.034886032,0.24996793,-0.16937786,0.061397124,0.50781924,0.34405047,0.46565032,0.073186524,0.6,0.5,0.4,0.46666667,0.48333332,0.2,0.4,0.55,0.5,0.45,0.4,0.1,-0.15,-0.033333335,0.033333335,0.7213122,0.5562129,0.4790876,0.59164745,0.58501786,0.27868778,0.4437871,0.5209124,0.40835252,0.41498214,0.44262445,0.1124258,-0.04182483,0.18329494,0.17003572,0.78513724,0.74944717,0.7015386,0.6719054,0.6982215,0.13508555,0.14323568,0.15444696,0.15270261,0.19533569,0.9425298,0.6638466,0.7616221,0.7294088,1.3424966,0.6301417,0.62746805,0.56712806,0.56264484,0.5137244,0.36985832,0.37253195,0.43287194,0.43735513,0.4862756,0.26028335,0.25493607,0.13425611,0.12528974,0.02744878
SZ001979,0.12340322493120066,0.875,,2026-05-29,0.043786965,0.07218927,0.6065577,0.02840231,0.39344224,0.0,0.0,0.015384654,0.21311551,0.9580499,1.0272108,0.9580499,1.002656,0.9621399,1.0288066,0.98106986,0.96049374,1.1168724,0.9728395,0.9822222,1.0158436,1.0022496,1.006502,0.023366388,0.02601887,0.047244057,0.04378573,0.061274786,0.00041151704,-0.004070328,-0.004707447,0.00036913506,-0.0011711525,0.00077541196,0.22433315,0.3474918,0.0055081677,0.11142,0.026337476,0.03609429,0.028877152,-0.007602083,0.028046979,1.0272108,1.0323209,1.1379634,1.1379634,1.1448143,0.9343399,0.9343399,0.9343399,0.9343399,0.8843537,0.989465,1.0027983,1.0541563,1.0329218,1.0752263,0.950288,0.96,0.978107,0.968395,0.9591769,1.0,0.8,0.45,0.6,0.53333336,0.7070038,0.6701314,0.32245833,0.32245833,0.44400692,1.0,0.2,0.35,0.56666666,0.016666668,0.6,0.8,0.9,0.93333334,0.41666666,0.4,-0.6,-0.55,-0.36666667,-0.4,0.13075401,0.29365155,0.47558868,0.54406226,0.15811156,0.016187841,0.03586717,0.21229805,0.24054402,0.23318109,0.8,0.5,0.5,0.5,0.43333334,0.2,0.5,0.5,0.5,0.55,0.6,0.0,0.0,0.0,-0.11666667,0.6575343,0.44548285,0.51939297,0.5310882,0.44771725,0.3424657,0.55451715,0.480607,0.46891186,0.55228275,0.31506863,-0.10903431,0.038785987,0.062176313,-0.10456552,0.61640096,0.59823644,0.6418888,0.5726758,0.5289044,0.2613867,0.19984914,0.20218647,0.21302912,0.18558073,1.0951746,0.882778,0.8022264,0.9232869,0.9926426,0.70382065,0.6205753,0.5817784,0.5101161,0.53201663,0.29617935,0.3794247,0.4182216,0.4898839,0.46798334,0.40764126,0.2411506,0.16355681,0.02023219,0.06403331
SH601111,0.12260010696774223,1.0,,2026-05-29,-0.004385969,0.032163743,-0.13636376,0.027777776,0.86363626,0.0,0.0,-0.032163743,-1.0,1.0044053,1.0323055,1.0,1.0192707,0.9807692,0.98974353,0.9782051,1.0141026,1.1884614,1.008205,0.99615383,1.0097436,1.0113674,1.0259615,0.0121490825,0.01673774,0.027264407,0.025917465,0.044035878,-0.0066666566,0.0031390854,-0.0012415658,-0.0007940441,-0.0013764151,0.75278187,0.32242155,0.07257974,0.07274546,0.29797882,0.0051282197,-0.010279694,0.0020513192,0.00014615778,0.014642744,1.0335395,1.0335395,1.083729,1.083729,1.18778,0.98331624,0.9606046,0.9606046,0.9606046,0.9360686,1.0197436,1.0089743,1.0317948,1.0317948,1.0551282,0.99871796,0.98282045,0.9879487,0.9879487,0.9917949,0.4,0.7,0.5,0.43333334,0.31666666,0.33219102,0.540144,0.3199641,0.3199641,0.25398687,0.4,0.7,0.25,0.5,0.016666668,0.8,0.1,0.55,0.7,0.25,-0.4,0.6,-0.3,-0.2,-0.23333333,0.3962068,0.5362996,0.31436574,0.362518,0.37584108,0.7456719,0.51819307,0.3020297,0.35703138,0.31793493,0.6,0.5,0.55,0.5,0.4,0.4,0.5,0.45,0.5,0.6,0.2,0.0,0.1,0.0,-0.2,0.6271185,0.5322583,0.530466,0.48548815,0.41522497,0.37288144,0.46774176,0.46953398,0.5145118,0.58477503,0.2542371,0.064516515,0.06093206,-0.029023686,-0.16955008,0.90083873,0.7635162,0.7369813,0.67747855,0.71758825,0.22692458,0.25013787,0.2675893,0.2520515,0.28346995,1.2105252,1.003871,1.0041965,1.0435859,1.2384945,0.62418187,0.49820077,0.5588153,0.5330216,0.49949,0.37581813,0.5017992,0.44118467,0.46697837,0.50051,0.24836375,-0.0035984626,0.11763065,0.06604324,-0.001019999
SZ002460,0.11976631537043131,1.0,,2026-05-29,-0.018266693,0.041477837,-0.44039646,0.018404057,0.4437082,0.0048070876,0.11589534,-0.03186366,-0.76820934,1.0186065,1.037353,0.9951035,1.0138919,1.0618393,1.0920563,1.1485807,1.235035,1.0064433,1.0287659,1.0513875,1.1200299,1.1343029,1.0810313,0.021463294,0.03157836,0.08334811,0.071704544,0.09963629,-0.013207156,-0.009761651,-0.013588508,-0.0059757214,0.0031193648,0.9465987,0.8759492,0.93029356,0.5382562,0.29894903,-0.0023516403,-0.0074601527,0.00906088,-0.04765494,-0.17305256,1.077229,1.1315099,1.2824633,1.2824633,1.2824633,0.98629177,0.98629177,0.98629177,0.98629177,0.8815068,1.0495288,1.0672928,1.1964765,1.1895423,1.1751019,1.0147749,1.0240667,1.0503662,1.0602438,0.9714953,0.2,0.1,0.05,0.033333335,0.3,0.150744,0.09439768,0.046284847,0.046284847,0.2955263,0.6,0.1,0.15,0.43333334,0.71666664,0.8,0.9,0.95,0.96666664,0.083333336,-0.2,-0.8,-0.8,-0.53333336,0.6333333,-0.43783376,0.23000656,0.80918294,0.74787116,0.6693184,0.4866722,-0.40067846,0.2784135,0.23462158,0.39817932,0.0,0.3,0.35,0.33333334,0.46666667,1.0,0.7,0.65,0.6666667,0.53333336,-1.0,-0.4,-0.3,-0.33333334,-0.06666667,0.0,0.2380738,0.35298496,0.36156747,0.49799514,1.0,0.7619262,0.64701504,0.6384325,0.50200486,-1.0,-0.5238524,-0.2940301,-0.27686507,-0.004009734,1.0382868,1.1288568,1.3990159,1.5100769,1.4755659,0.09842102,0.21634398,0.42242914,0.45228285,0.53439057,0.74458057,0.8270626,0.8497741,0.9845331,1.1839012,0.6888859,0.42922556,0.49185055,0.4435957,0.4961363,0.3111141,0.57077444,0.50814945,0.5564043,0.5038637,0.37777182,-0.14154889,-0.016298901,-0.112808615,-0.0077273753
SZ300418,0.11732545488350042,0.875,,2026-05-29,-0.014583791,0.05452097,-0.26748958,0.037020374,0.67901164,0.0029168045,0.053498764,-0.04868736,-0.89300245,1.0147996,1.0523679,0.99704003,1.02196,1.0516872,1.1204162,1.1293025,1.1577616,1.3226097,1.0410123,1.0650337,1.1224887,1.143682,1.1535151,0.03898837,0.043844003,0.075470634,0.071766965,0.06340076,-0.024178846,-0.012718751,-0.010340461,-0.0060076495,-0.0016766469,0.9614817,0.77140063,0.6570399,0.54307747,0.21330158,0.0073453467,-0.00779934,-0.024254354,-0.056571092,-0.10405408,1.1133835,1.1452663,1.2674832,1.3110195,1.315347,0.9653493,0.9653493,0.9653493,0.9653493,0.9653493,1.0653318,1.0999326,1.2019572,1.2174352,1.2124859,1.0067041,1.0359167,1.0545669,1.0812597,1.105388,0.2,0.1,0.05,0.033333335,0.016666668,0.23407227,0.19259271,0.114686534,0.10024206,0.09900268,0.6,0.2,0.25,0.16666667,0.1,0.8,0.9,0.95,0.96666664,0.98333335,-0.2,-0.7,-0.7,-0.8,-0.8833333,-0.7399344,-0.5967268,0.06124186,0.18088813,0.35800034,0.5094736,0.20617016,0.19983216,0.3409839,0.530315,0.2,0.2,0.4,0.4,0.41666666,0.8,0.8,0.6,0.6,0.5833333,-0.6,-0.6,-0.2,-0.2,-0.16666667,0.3165668,0.2627963,0.39590696,0.41027445,0.4221329,0.6834332,0.73720366,0.6040931,0.58972555,0.5778671,-0.3668664,-0.47440735,-0.20818612,-0.1794511,-0.15573415,1.0178123,0.8637536,0.8991423,0.89593,0.91994596,0.16441292,0.20648214,0.22549379,0.23088019,0.31434172,0.50541866,0.6719433,1.0005231,0.96855944,1.2334428,0.7604618,0.5044145,0.5583198,0.5214821,0.48113644,0.2395382,0.4955855,0.4416802,0.47851786,0.51886356,0.5209236,0.008829023,0.11663964,0.042964276,-0.037727103
SH600029,0.11675750157352922,0.875,,2026-05-29,-0.0018181247,0.03636368,-0.04999837,0.03272733,0.9000006,0.0018182235,0.050001085,-0.032727234,-0.89999783,1.0018214,1.0346084,0.9981785,1.0161299,0.9636364,0.97754014,0.99037427,1.0449197,1.2748663,1.002139,0.9841711,0.99716574,1.00877,1.0510695,0.012287829,0.02171939,0.024288036,0.02883449,0.06664747,-0.0049197776,0.005172583,-0.0013340833,-0.0021880518,-0.0031613356,0.4007566,0.5199135,0.10559641,0.44626448,0.6862363,0.0077005303,-0.007447738,0.015508024,0.022956707,0.042189892,1.0346084,1.0346084,1.0504959,1.0801638,1.2760935,0.9798804,0.9445915,0.9445915,0.9445915,0.9445915,1.0106951,1.0017112,1.0201069,1.0395721,1.1031016,0.9940107,0.9636364,0.97689843,0.9835294,1.0,0.6,0.8,0.525,0.38333333,0.20833333,0.36762914,0.6155344,0.5231937,0.40870067,0.16714369,1.0,1.0,0.25,0.033333335,0.016666668,0.8,0.1,0.55,0.7,0.85,0.2,0.9,-0.3,-0.6666667,-0.8333333,0.68923855,0.6749541,0.39927587,0.31701326,0.06352599,0.8588518,0.6096091,0.30538416,0.3520263,0.28178084,0.6,0.5,0.5,0.4,0.33333334,0.4,0.5,0.5,0.56666666,0.65,0.2,0.0,0.0,-0.16666667,-0.31666666,0.680851,0.55999994,0.5141956,0.44878057,0.38090825,0.31914902,0.4400001,0.48580435,0.55121946,0.61909175,0.36170197,0.11999983,0.028391302,-0.102438875,-0.23818353,0.7915913,0.64675045,0.6531989,0.6311786,0.636779,0.2195993,0.23827285,0.21503,0.20151025,0.19702215,0.9541251,0.9195356,0.7881121,0.86348474,1.137751,0.68847483,0.56302273,0.5648461,0.5314941,0.5047583,0.31152514,0.43697724,0.4351539,0.46850592,0.49524167,0.37694973,0.12604553,0.1296922,0.06298815,0.009516643
SZ300413,0.1159178402269552,1.0,,2026-05-29,0.00057338405,0.0326835,0.017543534,0.024082636,0.7368439,0.008027478,0.24561258,-0.015481774,-0.4736878,0.99942696,1.0240688,0.99140406,1.0074446,1.0424635,1.1079417,1.1199352,1.214911,1.3497568,1.0104376,1.0433388,1.0895786,1.1239438,1.1778013,0.011795654,0.040082525,0.05640991,0.0693239,0.07956842,-0.006677478,-0.012696824,-0.008701575,-0.007435239,-0.0041328333,0.8011631,0.919796,0.8328236,0.8915088,0.8228376,0.0029173184,0.01379693,-0.0069136797,-0.016132899,-0.055882644,1.0483088,1.119457,1.1748803,1.2247953,1.358242,0.978343,0.978343,0.978343,0.978343,0.978343,1.0182172,1.0812967,1.1420422,1.2017505,1.262496,0.99922204,1.0124474,1.0223014,1.0530957,1.1136467,0.4,0.2,0.1,0.06666667,0.033333335,0.30953684,0.15347159,0.11019284,0.087875016,0.057007242,0.2,0.2,0.3,0.033333335,0.016666668,0.8,0.9,0.95,0.96666664,0.98333335,-0.6,-0.7,-0.65,-0.93333334,-0.96666664,0.18057202,-0.6626361,-0.32997033,-0.42088726,-0.26151502,-0.1632412,-0.15156133,-0.4265275,-0.3679746,-0.0012213759,0.4,0.3,0.4,0.33333334,0.38333333,0.6,0.7,0.55,0.6333333,0.6,-0.2,-0.4,-0.15,-0.3,-0.21666667,0.09815876,0.14498894,0.2971488,0.25168514,0.32624793,0.9018412,0.85501105,0.7028512,0.74831486,0.67375207,-0.8036825,-0.7100221,-0.4057024,-0.49662971,-0.3475041,0.9883506,0.90002966,0.88715714,0.87240875,0.81188816,0.16731809,0.1576742,0.14564769,0.1986317,0.2231793,0.9093414,0.6413513,0.69633794,0.9682567,0.9763467,0.5664783,0.57065,0.43746302,0.52010673,0.4795486,0.43352166,0.42935002,0.56253695,0.47989324,0.5204514,0.13295667,0.14129993,-0.12507395,0.040213514,-0.0409028
SH600018,0.11416136009000545,0.875,,2026-05-29,0.023952013,0.025948077,0.9230747,0.0019960634,0.07692529,0.0,0.0,0.02195595,0.84614944,0.9766083,1.0019494,0.9766083,0.99460924,0.99653983,0.9942331,0.9550174,0.97462523,1.0,0.9886967,0.9920415,0.99071515,0.9803538,0.98667824,0.008090247,0.007831235,0.010292388,0.017611079,0.016995879,0.00069204584,-0.0008178651,0.0005159953,0.001459265,-0.00026359348,0.01829305,0.099980235,0.08796852,0.5321059,0.07336382,0.009919222,0.011638842,0.0043828976,-0.001513097,0.021097764,1.0019494,1.0067369,1.0067369,1.0067369,1.023228,0.9766083,0.9766083,0.954133,0.9472213,0.9472213,0.99261826,0.99723184,0.9970012,0.99653983,1.0,0.98200697,0.98546714,0.98546714,0.9614764,0.9734718,1.0,0.9,0.9,0.93333334,0.80833334,0.9230747,0.77639484,0.87193125,0.8868042,0.6943946,1.0,0.4,0.7,0.8,0.016666668,1.0,1.0,0.05,0.33333334,0.6666667,0.0,-0.6,0.65,0.46666667,-0.65,0.68225425,0.61667883,0.26564822,0.46401682,0.44125324,0.80137706,0.747234,0.59181654,0.26629224,-0.023201294,0.2,0.3,0.4,0.36666667,0.4,0.6,0.6,0.45,0.53333336,0.53333336,-0.4,-0.3,-0.05,-0.16666667,-0.13333334,0.5454543,0.53623146,0.6666667,0.5662649,0.5,0.4545457,0.46376857,0.33333334,0.43373507,0.5,0.090908594,0.07246286,0.33333334,0.13252988,0.0,0.6760195,0.70340484,0.7684103,0.7023749,0.797593,0.18654922,0.15539804,0.20180488,0.24101268,0.37658367,1.3240907,1.0837271,1.0632193,1.0568532,1.321553,0.7307535,0.5202739,0.5850172,0.5507525,0.47442025,0.26924652,0.47972605,0.4149828,0.44924748,0.52557975,0.46150696,0.040547896,0.1700344,0.10150506,-0.05115951
SH600309,0.11273029132652256,1.0,,2026-05-29,-0.0054164114,0.024373777,-0.22222291,0.014353423,0.58888793,0.0046039424,0.18888916,-0.015165892,-0.62222165,1.005446,1.0198776,0.995371,1.007778,1.0447007,1.0958711,1.198613,1.2146897,1.2634487,1.0191468,1.0371886,1.0892019,1.1214399,1.124264,0.01634609,0.023713943,0.06373627,0.06976646,0.07002482,-0.009262197,-0.007536492,-0.010431782,-0.0073746345,-0.0011892307,0.8026759,0.9258538,0.9375875,0.865943,0.087968685,-0.00062243047,-0.003274415,0.009899964,-0.014507693,-0.08918166,1.063588,1.0894413,1.2150916,1.2237988,1.2993476,0.99156,0.99156,0.99156,0.99156,0.98268217,1.0313858,1.0595715,1.1230656,1.1943269,1.1955334,1.0043576,1.0184078,1.03629,1.0436025,1.0567588,0.2,0.1,0.05,0.033333335,0.016666668,0.11717675,0.086226985,0.03775756,0.036341943,0.05468801,0.2,0.1,0.1,0.06666667,0.083333336,0.8,0.9,0.95,0.96666664,0.25,-0.6,-0.8,-0.85,-0.9,-0.16666667,-0.04734073,0.050123647,0.3098605,0.32742622,0.27572185,-0.38315338,-0.5790095,-0.4721578,-0.41753504,-0.021065345,0.2,0.2,0.25,0.3,0.41666666,0.8,0.8,0.75,0.7,0.5833333,-0.6,-0.6,-0.5,-0.4,-0.16666667,0.15218322,0.12788965,0.11956484,0.21325836,0.38193125,0.84781677,0.87211037,0.88043517,0.7867416,0.61806875,-0.6956336,-0.7442207,-0.76087034,-0.5734833,-0.23613748,1.0553337,1.0481646,1.1857142,1.2172312,1.380377,0.09741016,0.14475256,0.39182997,0.3407618,0.46862453,0.4073846,0.64967424,1.8090833,1.6946174,1.2723192,0.5850062,0.47471976,0.50087243,0.47025612,0.47807348,0.41499385,0.52528024,0.49912757,0.52974385,0.5219265,0.17001231,-0.050560497,0.0017448873,-0.05948774,-0.043853063
SH600031,0.11272886082619848,0.875,,2026-05-29,0.0027949186,0.03689218,0.075759105,0.03409726,0.9242409,0.0,0.0,-0.031302344,-0.8484818,0.9972129,1.0340022,0.9972129,1.0115485,1.0568631,1.1404744,1.122632,1.1627645,1.2803774,1.0258648,1.0481633,1.1063846,1.108456,1.1259309,0.02616846,0.030446453,0.066105865,0.05489136,0.060308143,-0.015383813,-0.0094391545,-0.00966165,-0.0033239555,-0.0017980847,0.8639958,0.8810575,0.7476368,0.28418693,0.27112415,0.0049028103,-0.0056870417,-0.014598922,-0.060258646,-0.072887465,1.083612,1.1371251,1.2530681,1.2530681,1.2965418,0.98384076,0.98384076,0.98384076,0.98384076,0.98384076,1.0501667,1.0772599,1.1663309,1.1493863,1.1726907,0.99955523,1.0236348,1.0518377,1.0568631,1.0731364,0.4,0.2,0.1,0.06666667,0.033333335,0.16196299,0.10542006,0.06002084,0.06002084,0.051676348,0.2,0.1,0.3,0.53333336,0.016666668,0.8,0.9,0.95,0.96666664,0.98333335,-0.6,-0.8,-0.65,-0.43333334,-0.96666664,-0.54692924,-0.47804254,0.26178804,0.18726218,-0.016181432,0.89532334,-0.27172446,0.27038077,0.3802204,0.1754312,0.4,0.3,0.4,0.33333334,0.31666666,0.6,0.6,0.55,0.6333333,0.65,-0.2,-0.3,-0.15,-0.3,-0.33333334,0.074891455,0.06246775,0.34763867,0.34198904,0.38645226,0.92510855,0.93753225,0.65236133,0.65801096,0.61354774,-0.8502171,-0.8750645,-0.3047227,-0.31602192,-0.22709551,0.801031,0.7400649,0.80959857,0.7119131,0.6304646,0.16661003,0.18608831,0.27698612,0.28385022,0.24685667,1.0217558,1.2100118,1.4462645,1.568476,1.3456684,0.87765193,0.58804756,0.5015704,0.53578365,0.5242699,0.122348085,0.41195244,0.49842957,0.46421638,0.4757301,0.7553038,0.17609514,0.0031408647,0.07156726,0.048539806
SZ002001,0.1121056407572561,1.0,,2026-05-29,-0.020999981,0.026333382,-0.79746616,0.0043333923,0.1645589,0.0010000085,0.03797494,-0.024333365,-0.92405015,1.0214504,1.0258768,0.99897856,1.0082366,1.0475236,1.0916247,1.173528,1.2657125,1.0776944,1.0204748,1.0302182,1.0676684,1.1024464,1.1447743,0.017335972,0.018389069,0.046069104,0.06572075,0.07456444,-0.005441797,-0.004130687,-0.0069531105,-0.0069868076,-0.0028238664,0.24633625,0.46252647,0.7972725,0.87589943,0.4374462,-0.009591148,-0.011630151,-0.0016139182,-0.0011377443,-0.06147027,1.0508342,1.0889738,1.1705444,1.2753283,1.3326937,0.99897856,0.99897856,0.99897856,0.99897856,0.99897856,1.0280238,1.0477886,1.0962645,1.1550258,1.2037058,1.0120173,1.0158209,1.021855,1.0450025,1.0816071,0.2,0.1,0.05,0.033333335,0.016666668,0.019698123,0.011350156,0.005953742,0.0036962559,0.0030608715,0.2,0.1,0.1,0.06666667,0.13333334,1.0,1.0,1.0,1.0,1.0,-0.8,-0.9,-0.9,-0.93333334,-0.8666667,0.46006078,0.17587394,0.27736703,0.43380037,0.5193653,-0.3146798,-0.24373816,-0.2145703,-0.25474095,0.10246929,0.4,0.3,0.35,0.4,0.43333334,0.6,0.7,0.65,0.6,0.56666666,-0.2,-0.4,-0.3,-0.2,-0.13333334,0.31061152,0.3030191,0.28274366,0.31245863,0.4753437,0.6893885,0.6969809,0.71725637,0.68754137,0.5246563,-0.378777,-0.3939618,-0.43451267,-0.37508276,-0.049312618,1.1185373,1.0416702,1.2051653,1.2869773,1.6577588,0.17878777,0.19420327,0.44928193,0.44259864,0.69769096,0.51786333,0.62792444,1.1191962,0.9941293,1.1723406,0.52762115,0.5233456,0.47916025,0.48961163,0.46513203,0.47237882,0.4766544,0.52083975,0.5103884,0.53486794,0.055242337,0.046691205,-0.041679516,-0.020776771,-0.069735914
SZ300316,0.11189166635044161,1.0,,2026-05-29,-0.07968129,0.101955816,-0.7815277,0.014125299,0.13854334,0.008149221,0.07992894,-0.08565737,-0.84014213,1.0865802,1.1019284,0.9911452,1.0318948,1.0840175,1.0362166,0.7905048,0.83623284,1.1006016,1.0622145,1.057036,0.9979585,0.9536562,0.91565895,0.04020513,0.041174483,0.091567636,0.09947252,0.08831553,-0.01981343,0.0011726085,0.012553185,0.009350827,0.0023564447,0.6071506,0.007434662,0.6577971,0.68485004,0.21714017,-0.022587597,-0.062312752,-0.11721376,-0.08924321,0.014825917,1.1349809,1.1349809,1.1349809,1.1349809,1.1349809,0.9911452,0.9730287,0.782077,0.782077,0.78147995,1.0860174,1.0891716,1.0779612,1.0601699,1.0011219,1.0469067,1.0192667,0.90441835,0.85528004,0.8363954,0.2,0.1,0.4,0.6,0.8,0.061561767,0.16653837,0.61751366,0.61751366,0.61815965,0.4,0.7,0.85,0.9,0.95,1.0,0.2,0.05,0.36666667,0.45,-0.6,0.5,0.8,0.53333336,0.5,0.43421346,0.64500594,0.7624484,0.664271,0.68554515,-0.30087543,0.606329,0.664271,0.43275762,0.35346127,0.6,0.6,0.7,0.6,0.48333332,0.4,0.4,0.3,0.4,0.51666665,0.2,0.2,0.4,0.2,-0.033333335,0.26457855,0.46031532,0.63267094,0.5832438,0.4688452,0.7354215,0.53968465,0.3673291,0.4167562,0.5311548,-0.4708429,-0.07936935,0.26534185,0.16648759,-0.06230961,1.1652758,1.2084279,1.2009671,1.1092845,0.91895425,0.15740083,0.22128129,0.4150008,0.3965917,0.39362484,0.79809904,0.8229239,1.1471058,1.2266132,1.3842856,0.30405614,0.3791331,0.47781658,0.513701,0.4844128,0.69594383,0.6208669,0.5221834,0.48629898,0.5155872,-0.39188772,-0.24173379,-0.04436684,0.027402068,-0.03117443
SH600115,0.1116055092272436,1.0,,2026-05-29,0.0068807676,0.043577988,0.15789549,0.03440368,0.7894739,0.002293537,0.05263063,-0.025229378,-0.5789477,0.99316627,1.0341686,0.9908884,1.0151658,0.9425287,0.9408867,0.98357964,1.0065681,1.2643678,0.99408865,0.96798027,0.98711,0.9968801,1.0199233,0.014941609,0.030438013,0.035861712,0.034921743,0.062336892,-0.0039408794,0.008031052,-0.002188969,-0.0020380241,-0.0021649876,0.1739128,0.6381513,0.1304023,0.26395416,0.36789197,0.013793098,-0.0041200165,0.033685207,0.032671236,0.043943774,1.0341686,1.0341686,1.069897,1.069897,1.2644284,0.9662539,0.9085273,0.9085273,0.9085273,0.9085273,1.0036125,1.0003284,1.0147783,1.028243,1.0617405,0.98062396,0.9415435,0.945156,0.9720854,0.9809524,0.6,0.8,0.6,0.46666667,0.41666666,0.4968898,0.7280466,0.5668515,0.5668515,0.2570172,1.0,1.0,0.2,0.46666667,0.016666668,0.8,0.1,0.55,0.7,0.85,0.2,0.9,-0.35,-0.23333333,-0.8333333,0.7038505,0.7073064,0.26926276,0.16235812,0.12294316,0.83125544,0.7498014,0.2914074,0.3235424,0.25421226,0.6,0.5,0.5,0.4,0.35,0.4,0.5,0.5,0.53333336,0.5833333,0.2,0.0,0.0,-0.13333334,-0.23333333,0.72151923,0.63846165,0.51865673,0.49415207,0.40405244,0.27848077,0.36153838,0.48134327,0.50584793,0.59594756,0.44303843,0.27692327,0.037313472,-0.011695864,-0.19189513,0.9180956,0.7941338,0.7794052,0.73849165,0.76118785,0.23422633,0.24305163,0.22935258,0.2378928,0.24573313,1.0678799,1.0873588,0.9201773,1.0832251,1.130771,0.61796385,0.49666244,0.5583302,0.5224623,0.4949316,0.38203615,0.50333756,0.4416698,0.47753772,0.5050684,0.23592767,-0.006675096,0.11666041,0.044924576,-0.010136788
SZ000408,0.11127116013200666,1.0,,2026-05-29,-0.026733927,0.035308935,-0.75714344,0.00605293,0.17142773,0.002522076,0.071428835,-0.030264782,-0.8571423,1.0274682,1.0336875,0.9974086,1.0111059,1.0489738,1.0846063,1.149638,1.0801034,1.0953798,1.0341737,1.0345254,1.0898889,1.103121,1.0615119,0.036880836,0.026123747,0.06279027,0.056604452,0.0652515,-0.013732016,-0.001822927,-0.009282356,-0.0042050704,0.0017117576,0.34658283,0.04463536,0.7648915,0.42770764,0.20989563,-0.0067097056,-0.02632223,-0.0017065094,-0.04214748,-0.11200871,1.0959945,1.0959945,1.2034221,1.2034221,1.2034221,0.9974086,0.9974086,0.9974086,0.9974086,0.8914938,1.0557021,1.0472025,1.1499841,1.1510112,1.1320022,1.0051802,1.0117596,1.03353,1.0385575,1.0186926,0.2,0.1,0.05,0.033333335,0.13333334,0.026285265,0.026285265,0.0125785675,0.0125785675,0.3478563,0.6,0.8,0.4,0.6,0.8,1.0,1.0,1.0,1.0,0.25,-0.4,-0.2,-0.6,-0.4,0.55,0.80795944,0.48745322,0.30177233,0.07556216,-0.3537815,0.651831,0.37342706,0.3229082,0.372688,0.06464272,0.2,0.3,0.35,0.36666667,0.4,0.8,0.7,0.65,0.6333333,0.6,-0.6,-0.4,-0.3,-0.26666668,-0.2,0.36365536,0.35287648,0.36449423,0.44577405,0.46543682,0.6363446,0.6471235,0.63550574,0.554226,0.5345632,-0.27268928,-0.29424703,-0.2710115,-0.10845191,-0.069126375,1.2125033,1.1717709,1.2306119,1.1905258,1.2959222,0.24499032,0.28136042,0.24931636,0.2479549,0.43652216,0.80793506,0.92310685,0.808263,0.86390203,1.2091058,0.51412505,0.3836233,0.52864945,0.4937142,0.48406073,0.48587495,0.6163767,0.47135058,0.5062858,0.5159393,0.02825007,-0.23275337,0.057298854,-0.012571571,-0.031878557
SZ000975,0.10724419313560762,1.0,,2026-05-29,-0.05311976,0.059021924,-0.9000005,0.002951028,0.049998846,0.0029511328,0.050000623,-0.053119656,-0.8999988,1.0560998,1.0592164,0.99688333,1.013422,1.0636537,1.1170831,1.1950191,1.3304821,1.4810233,1.0583228,1.0605029,1.1409134,1.1862283,1.2553356,0.05247211,0.036909707,0.0935203,0.10380597,0.115549184,-0.028186662,-0.004984272,-0.01313109,-0.010456797,-0.0051171286,0.7213902,0.16716054,0.69001395,0.78641963,0.59816194,-0.0019494059,-0.038073625,-0.016168052,-0.034604687,-0.10438033,1.1393704,1.1393704,1.3094144,1.3659347,1.4814647,0.99688333,0.99688333,0.99688333,0.99688333,0.99688333,1.0928787,1.0842378,1.2414942,1.3012094,1.3408101,1.0120943,1.0354233,1.0611713,1.0686505,1.1559913,0.2,0.1,0.05,0.033333335,0.016666668,0.02187349,0.02187349,0.009972417,0.008445139,0.0064317174,0.4,0.7,0.25,0.033333335,0.15,1.0,1.0,1.0,1.0,1.0,-0.6,-0.3,-0.75,-0.96666664,-0.85,-0.06407237,-0.03311937,-0.08240083,-0.49784836,-0.18799663,0.6378489,0.17858997,-0.23627383,-0.19463545,0.03358218,0.4,0.3,0.35,0.3,0.35,0.6,0.7,0.65,0.7,0.6333333,-0.2,-0.4,-0.3,-0.4,-0.28333333,0.33719987,0.30171123,0.3585199,0.3176289,0.3847444,0.66280013,0.69828874,0.6414801,0.6823711,0.6152556,-0.32560027,-0.39657754,-0.2829602,-0.3647422,-0.23051119,1.0650144,1.0100656,1.0219698,0.89457357,0.9191086,0.17217986,0.2132077,0.2420944,0.28721407,0.33521426,0.60405385,0.7227136,0.81815517,0.97716284,1.1739331,0.69133174,0.3800643,0.54642725,0.5399638,0.45202592,0.30866826,0.6199357,0.45357272,0.4600362,0.5479741,0.38266352,-0.23987137,0.09285454,0.07992759,-0.095948175
SH601100,0.10229043614983765,1.0,,2026-05-29,-0.03442478,0.03973444,-0.8663714,0.0,0.0,0.0053096586,0.13362862,-0.029115124,-0.7327427,1.035652,1.035652,0.99450105,1.0093313,1.072752,1.0633085,0.95791423,0.9609424,1.0273815,1.0172244,1.030674,1.0215741,0.9925426,0.96617484,0.01168387,0.019816937,0.03099711,0.051796306,0.058623616,-0.003592714,-0.003546814,0.0020155732,0.0042346832,0.0014468753,0.23638059,0.29364002,0.14798674,0.5180194,0.18578765,-0.010039011,-0.014713272,-0.04072211,-0.053945556,-0.008857676,1.0814773,1.0892484,1.0892484,1.0892484,1.0892484,0.9944022,0.9944022,0.9337332,0.8628804,0.8165971,1.0275611,1.0415726,1.0410799,1.0393298,1.0288237,1.0103265,1.0164392,0.9999076,0.9511805,0.91818935,0.2,0.1,0.25,0.5,0.68333334,0.064286776,0.05901952,0.42611128,0.60573745,0.6726645,0.2,0.4,0.7,0.8,0.9,0.8,0.9,0.05,0.26666668,0.26666668,-0.6,-0.5,0.65,0.53333336,0.6333333,0.29148433,0.1480799,0.34434238,-0.13878709,-0.12647937,-0.5765326,-0.099033855,0.5284191,0.3354349,0.13901256,0.4,0.5,0.55,0.5,0.48333332,0.6,0.5,0.45,0.5,0.5,-0.2,0.0,0.1,0.0,-0.016666668,0.206825,0.34220257,0.5535877,0.53224844,0.4890038,0.793175,0.6577974,0.4464123,0.46775156,0.51099616,-0.58635,-0.31559485,0.1071754,0.06449688,-0.02199237,1.1629807,1.1239542,1.2060492,1.2869701,1.2256956,0.30637076,0.27324817,0.40249535,0.48953623,0.5705295,0.9886333,0.96002036,1.5867845,1.4789529,1.5663061,0.46151492,0.35422415,0.42018154,0.49452204,0.5026946,0.53848505,0.64577585,0.5798184,0.50547796,0.4973054,-0.07697015,-0.2915517,-0.15963691,-0.010955938,0.005389193
SZ002074,0.09975929495838062,1.0,,2026-05-29,-0.04075693,0.042212516,-0.9655177,0.0,0.0,0.0014555854,0.03448232,-0.039301343,-0.93103534,1.0424887,1.0424887,0.9984826,1.015367,1.071281,1.0964626,1.1847978,1.2115115,1.128972,1.0344547,1.0575511,1.0941743,1.1319388,1.1278751,0.019594654,0.029674398,0.04547912,0.06637446,0.057850648,-0.0093997745,-0.009014401,-0.0071975784,-0.0071820375,-0.00080144225,0.575307,0.8459045,0.8766309,0.9073924,0.05853665,-0.01565516,-0.016986301,-0.025797252,-0.02779923,-0.10423254,1.0755372,1.1204902,1.195397,1.2591432,1.2591432,0.9984826,0.9984826,0.9984826,0.9984826,0.9984826,1.0444607,1.0852442,1.1320364,1.2067683,1.1825194,1.0317633,1.0402372,1.0477383,1.0686163,1.080501,0.2,0.1,0.05,0.033333335,0.016666668,0.019692935,0.012437178,0.007706041,0.005821481,0.005821481,0.2,0.1,0.15,0.2,0.6,1.0,1.0,1.0,1.0,1.0,-0.8,-0.9,-0.85,-0.8,-0.4,-0.21905836,0.08840095,0.73117036,0.751964,0.71938246,-0.26474115,-0.52745277,-0.10033606,0.037788462,0.501841,0.4,0.4,0.35,0.36666667,0.46666667,0.6,0.6,0.65,0.6333333,0.53333336,-0.2,-0.2,-0.3,-0.26666668,-0.06666667,0.04661025,0.1932199,0.27021202,0.31299323,0.4456851,0.95338976,0.8067801,0.72978795,0.6870068,0.5543149,-0.9067795,-0.6135602,-0.45957592,-0.37401354,-0.1086298,0.96666807,0.9881444,1.3058525,1.4713433,1.4153173,0.071281664,0.11148063,0.46630976,0.50069124,0.6318905,1.1595607,1.0162809,1.00466,0.943521,1.4784043,0.65688306,0.38423336,0.48790964,0.42112598,0.49883947,0.34311694,0.61576664,0.5120904,0.578874,0.50116056,0.31376612,-0.2315333,-0.02418072,-0.15774803,-0.0023210763
SH600010,0.09969731372594164,1.0,,2026-05-29,-0.024793403,0.03719007,-0.66666734,0.008264443,0.22222178,0.0041322215,0.11111089,-0.028925626,-0.7777782,1.0254238,1.0338984,0.9957627,1.0110472,1.0721494,1.123108,1.1614531,1.2119071,1.4071645,1.0322906,1.0616045,1.1162966,1.1420282,1.1598133,0.029785022,0.038139828,0.06517895,0.066666014,0.078527085,-0.016548943,-0.011867412,-0.010081713,-0.0066883373,-0.002287537,0.7717642,0.88749534,0.83737874,0.7800618,0.2588196,0.00080725306,-0.008201094,-0.020520411,-0.045047376,-0.09233099,1.0891004,1.1190755,1.22896,1.2375379,1.4026035,0.9957627,0.9957627,0.9957627,0.9957627,0.9957627,1.0551968,1.0986882,1.1765893,1.1985873,1.2204844,1.0068617,1.0255299,1.0679113,1.0757821,1.0799192,0.2,0.1,0.05,0.033333335,0.016666668,0.045397334,0.03436203,0.018170359,0.017525699,0.010415078,0.2,0.1,0.3,0.2,0.016666668,1.0,1.0,1.0,1.0,1.0,-0.8,-0.9,-0.7,-0.8,-0.98333335,-0.4762933,-0.70983404,0.63776344,0.5831359,0.6710908,-0.45087796,-0.27461743,0.3731129,0.28728116,0.2862753,0.2,0.2,0.3,0.33333334,0.36666667,0.6,0.7,0.65,0.6333333,0.6166667,-0.4,-0.5,-0.35,-0.3,-0.25,0.18502234,0.16111113,0.32300884,0.3328025,0.36335927,0.81497765,0.8388889,0.67699116,0.66719747,0.6366407,-0.6299553,-0.67777777,-0.35398233,-0.33439496,-0.27328146,1.0714004,0.9834413,1.315199,1.3505135,1.6980436,0.16638795,0.15449621,0.4780065,0.43452922,0.7727511,0.723653,0.8535371,0.9366758,0.9658382,1.4993984,0.6081111,0.36874563,0.48186085,0.41938606,0.4145918,0.39188892,0.6312544,0.5181392,0.580614,0.5854082,0.21622215,-0.26250872,-0.03627831,-0.16122791,-0.17081642
SZ002493,0.09767494969968593,1.0,,2026-05-29,-0.011413544,0.02897281,-0.39393982,0.014047413,0.48484814,0.0035118533,0.121212035,-0.021949103,-0.7575759,1.0115453,1.0257549,0.9964476,1.0088432,1.0168788,1.1571949,1.1571949,1.0772904,1.4227666,1.018652,1.0375711,1.1096386,1.1003277,1.1202234,0.017072383,0.03229316,0.08042036,0.069023475,0.091690905,-0.008263263,-0.009157384,-0.012755975,-0.0023046117,-0.002358825,0.5856725,0.73711157,0.8805689,0.086397976,0.20185468,-0.0021254744,0.0036371648,0.0115431845,-0.06691088,-0.050638027,1.0639623,1.1563307,1.2531278,1.2531278,1.4547019,0.983121,0.983121,0.983121,0.983121,0.9724755,1.0277109,1.074426,1.1886225,1.1591384,1.1968175,1.0035462,1.0143896,1.022903,1.0332121,1.0490339,0.2,0.1,0.05,0.033333335,0.016666668,0.20879175,0.09744841,0.06251329,0.06251329,0.057077903,0.2,0.1,0.1,0.4,0.016666668,0.4,0.7,0.85,0.9,0.25,-0.2,-0.6,-0.75,-0.5,-0.23333333,0.5885564,0.47370934,0.6909913,0.6201118,0.47068152,0.5660604,-0.08029066,-0.09573915,0.09963344,-0.17939946,0.4,0.3,0.35,0.43333334,0.35,0.6,0.7,0.65,0.56666666,0.65,-0.2,-0.4,-0.3,-0.13333334,-0.3,0.37655875,0.13586135,0.334609,0.44750655,0.37459123,0.6234412,0.86413866,0.665391,0.55249345,0.62540877,-0.24688247,-0.7282773,-0.33078203,-0.1049869,-0.25081757,0.93725085,1.0862813,1.2746443,1.2791167,1.4434553,0.18188855,0.2529652,0.3564694,0.3709725,0.52789074,0.666492,1.1959255,1.0769677,0.99421114,1.3109664,0.42635956,0.47193092,0.3826616,0.49146295,0.47998214,0.5736404,0.5280691,0.6173384,0.50853705,0.52001786,-0.14728086,-0.05613816,-0.23467681,-0.017074095,-0.04003575
SZ000807,0.09684418352850366,1.0,,2026-05-29,-0.031281892,0.03672224,-0.8518514,0.0047603045,0.12963001,0.0006800435,0.018518573,-0.035362154,-0.96296287,1.032292,1.037206,0.999298,1.0170817,1.0797054,1.044249,1.1404468,1.2495723,1.1530418,1.0410837,1.0478232,1.0799596,1.1235282,1.127519,0.04419089,0.034088865,0.046061497,0.07719462,0.083705984,-0.017419213,-0.0026644738,-0.0061971103,-0.008087048,-0.0012227547,0.38844675,0.05600274,0.6335348,0.8505654,0.065082684,-0.0062452275,-0.035833053,-0.021087041,-0.006265989,-0.09144774,1.128855,1.128855,1.1674616,1.2927835,1.2927835,0.9975532,0.9975532,0.9975532,0.9975532,0.9347222,1.0603802,1.0712643,1.1164163,1.1997339,1.2060837,1.0078707,1.0163022,1.0425665,1.0516064,1.0467585,0.2,0.1,0.05,0.033333335,0.1,0.018634668,0.018634668,0.014400492,0.00828765,0.18230897,0.4,0.7,0.05,0.1,0.55,0.8,0.9,0.95,0.96666664,0.26666668,-0.4,-0.2,-0.9,-0.8666667,0.28333333,0.9789769,0.40585914,-0.18605152,-0.43938693,-0.07162654,0.75104815,0.53242433,0.18732867,0.22984841,0.4057137,0.2,0.4,0.35,0.33333334,0.41666666,0.8,0.6,0.65,0.6666667,0.5833333,-0.6,-0.2,-0.3,-0.33333334,-0.16666667,0.32877266,0.43747485,0.38328463,0.36280507,0.46106786,0.67122734,0.56252515,0.6167154,0.63719493,0.53893214,-0.34245464,-0.12505029,-0.23343073,-0.27438986,-0.0778643,1.34844,1.1409923,1.0681822,0.98318195,1.0435518,0.4265113,0.3623749,0.29536343,0.2895844,0.33351356,0.82198495,0.99376774,1.0397063,1.0182656,0.9687115,0.5428946,0.4584455,0.5232282,0.5181725,0.47504762,0.45710537,0.5415545,0.4767718,0.48182747,0.52495235,0.085789256,-0.08310904,0.0464564,0.036345042,-0.049904764
SH603993,0.09581787295287662,1.0,,2026-05-29,-0.039439533,0.0425532,-0.9268288,0.002594723,0.060975976,0.0005189446,0.012195195,-0.041515313,-0.9756096,1.0410589,1.0437602,0.99945974,1.0176251,0.986844,1.0054938,0.9842417,1.0417811,1.3208038,1.0351019,1.000159,1.0269481,1.0345622,1.0300733,0.03273121,0.044486996,0.04940558,0.045396782,0.07931907,-0.013025893,0.008945023,-0.002247705,-0.0020295947,-0.0010539488,0.39594138,0.37060234,0.0724427,0.1549067,0.053849746,-0.009050155,-0.040411644,-0.005594921,-0.0051330803,0.0010182257,1.0896033,1.0896033,1.1424707,1.1424707,1.3080628,0.9833405,0.93571407,0.93571407,0.93571407,0.8692166,1.0522192,1.0328177,1.0693942,1.0761024,1.0784733,1.0126066,0.96585226,0.98450196,0.9906607,0.9523204,0.2,0.6,0.35,0.26666668,0.35,0.15677656,0.41774163,0.3109255,0.3109255,0.29801643,0.4,0.7,0.4,0.6,0.016666668,0.8,0.3,0.65,0.76666665,0.25,-0.4,0.4,-0.25,-0.16666667,-0.23333333,0.9005459,0.8373732,0.72165275,0.3333392,0.019471252,0.8818321,0.7655489,0.4424674,0.25655952,0.17358942,0.4,0.3,0.45,0.46666667,0.38333333,0.6,0.7,0.55,0.53333336,0.6166667,-0.2,-0.4,-0.1,-0.06666667,-0.23333333,0.5355746,0.49079454,0.5125953,0.4726585,0.4012461,0.46442538,0.50920546,0.48740467,0.52734154,0.59875387,0.07114922,-0.018410921,0.025190623,-0.054683037,-0.19750778,1.1969342,1.0757506,1.1924295,1.1173574,1.1828051,0.29098642,0.2401971,0.2677103,0.28420824,0.36553684,0.64264274,0.75008756,0.64452106,0.80713123,1.0557184,0.4945683,0.38320354,0.5092548,0.47922742,0.47422424,0.5054317,0.6167965,0.49074522,0.5207726,0.52577573,-0.010863436,-0.23359293,0.018509574,-0.04154515,-0.051551513
SH603260,0.09580322987187499,1.0,,2026-05-29,-0.04298647,0.050527927,-0.8507468,0.0025137812,0.04975033,0.0050276723,0.09950285,-0.040472582,-0.80099434,1.0449173,1.047544,0.9947465,1.0104457,1.0676512,1.1160713,1.1428571,1.1741071,1.3313873,1.0434409,1.0615385,1.115977,1.1331674,1.1551483,0.025539396,0.03010186,0.06262449,0.057245944,0.07702166,-0.010731468,-0.007808861,-0.010075369,-0.005245181,-0.0027292233,0.44140482,0.6168793,0.9059443,0.6506287,0.38295898,-0.021978011,-0.026398607,-0.020261005,-0.057112236,-0.07463615,1.0978657,1.1262044,1.2283702,1.2283702,1.3421752,0.9947465,0.9947465,0.9947465,0.9947465,0.9947465,1.0560097,1.0878434,1.184478,1.1844779,1.2123283,1.0365385,1.0456731,1.0528159,1.067548,1.0853709,0.2,0.1,0.05,0.033333335,0.016666668,0.050945926,0.039963376,0.022487024,0.022487024,0.015121093,0.4,0.3,0.2,0.46666667,0.016666668,1.0,1.0,1.0,1.0,1.0,-0.6,-0.7,-0.8,-0.53333336,-0.98333335,-0.42549062,-0.53801405,0.18433598,0.00917417,0.060979664,0.21030118,0.06393984,0.13081406,0.14673984,0.15869007,0.2,0.3,0.35,0.36666667,0.43333334,0.8,0.7,0.65,0.6333333,0.56666666,-0.6,-0.4,-0.3,-0.26666668,-0.13333334,0.19409937,0.2626405,0.35206255,0.35389048,0.37596402,0.80590063,0.73735946,0.6479374,0.6461095,0.62403595,-0.61180127,-0.474719,-0.29587486,-0.29221904,-0.24807194,0.7848496,0.7406795,0.80914503,0.76932406,0.7480218,0.16993573,0.14139482,0.16951244,0.17370144,0.22136723,1.0153414,0.93186754,0.78998107,0.94633996,1.1431832,0.6506089,0.5418726,0.5638316,0.49543285,0.5070022,0.3493911,0.45812735,0.43616837,0.50456715,0.49299785,0.30121782,0.083745286,0.12766322,-0.009134306,0.014004304
SZ002230,0.0945348161935711,0.875,,2026-05-29,-0.035441022,0.053161494,-0.6666672,0.015908193,0.29924276,0.001812277,0.034090035,-0.04953694,-0.9318199,1.0367433,1.053236,0.99812114,1.0260454,0.9885144,0.98413455,1.0265242,1.0089742,1.1340296,1.0238472,1.0137614,1.0168709,1.0175465,1.0228608,0.017916547,0.01977069,0.02129014,0.018982634,0.043187264,-0.0035100142,0.0014567949,-0.00048322484,-8.7445216e-05,-0.0009607938,0.09595092,0.049769662,0.01803057,0.0016446022,0.15095545,-0.016827228,-0.020316921,-0.012280247,-0.016278535,0.0054826606,1.0645155,1.0645155,1.0645155,1.0645155,1.1442629,0.9897804,0.9764059,0.9764059,0.9764059,0.9469707,1.0323681,1.0261842,1.0347816,1.0331123,1.0547451,1.0130354,0.9977029,0.99724346,0.99954057,0.9855618,0.2,0.3,0.3,0.23333333,0.35,0.13674374,0.2677812,0.2677812,0.2677812,0.26878572,0.6,0.8,0.9,0.93333334,0.016666668,0.2,0.5,0.75,0.8333333,0.33333334,0.4,0.3,0.15,0.1,-0.31666666,0.6616284,0.67003226,0.49059826,0.29923755,0.2533467,0.9299043,0.49961933,0.37940806,0.38994554,0.3926098,0.6,0.6,0.5,0.53333336,0.5,0.4,0.4,0.5,0.46666667,0.5,0.2,0.2,0.0,0.06666667,0.0,0.5523887,0.5408581,0.46397072,0.49061075,0.4292939,0.44761124,0.4591419,0.5360293,0.5093893,0.57070607,0.10477751,0.0817162,-0.07205855,-0.018778533,-0.14141218,1.0765183,0.88692135,0.8254002,0.7190905,0.59480083,0.28473657,0.2903405,0.22648072,0.24076118,0.23667724,0.3236124,0.5674799,0.6827517,0.81440365,0.99243283,0.6525105,0.5582695,0.56546193,0.55405194,0.5126689,0.34748948,0.4417305,0.43453807,0.44594803,0.48733112,0.30502108,0.11653901,0.13092384,0.10810392,0.025337774
SH601988,0.09444500197673726,1.0,,2026-05-29,0.010344783,0.025862047,0.3999986,0.008620722,0.3333349,0.006896542,0.2666665,0.008620602,0.3333302,0.9897611,1.0085324,0.9829352,0.99822974,1.0,0.988111,0.99141353,0.9782035,0.90620875,1.0011889,0.99517834,0.98662484,0.98894763,0.9690335,0.006980701,0.010383157,0.012319398,0.011746368,0.03083557,-0.0031703992,0.0016692679,0.001527099,0.0001348915,0.0013860632,0.5156676,0.23692161,0.5378033,0.0102202995,0.6162571,0.005151882,-0.0026900582,-0.0011323021,0.009096444,-0.009922356,1.0208719,1.0208719,1.0208719,1.0208719,1.0208719,0.9829352,0.96619374,0.9576674,0.9576674,0.90087044,1.0075297,1.001453,0.9989432,0.9989432,0.9936592,0.99722594,0.9896962,0.97397625,0.97886395,0.9375165,0.6,0.75,0.875,0.85,0.875,0.44982317,0.6182776,0.66977215,0.66977215,0.8260698,0.6,0.8,0.9,0.93333334,0.96666664,1.0,0.4,0.3,0.53333336,0.033333335,-0.4,0.4,0.6,0.4,0.93333334,-0.0035533553,0.5186574,0.6436244,0.30543807,-0.057473682,0.27272928,0.6159879,0.47376952,0.5478678,0.45335552,0.6,0.6,0.45,0.43333334,0.48333332,0.4,0.3,0.45,0.46666667,0.41666666,0.2,0.3,0.0,-0.033333335,0.06666667,0.5,0.56617635,0.5314008,0.5507692,0.5969945,0.5,0.43382365,0.46859923,0.4492308,0.40300545,0.0,0.1323527,0.062801555,0.10153844,0.19398908,0.82419914,0.7964978,0.73196787,0.6677175,0.75234413,0.11032997,0.14088145,0.14572796,0.16146113,0.26403284,0.50819826,0.7020524,0.82009596,0.8884835,1.383496,0.5654352,0.5607346,0.5834394,0.5541569,0.51352084,0.43456486,0.4392654,0.41656062,0.4458431,0.48647916,0.13087031,0.121469215,0.16687877,0.10831383,0.027041651
SZ000157,0.0905711476938296,0.875,,2026-05-29,0.0,0.02219134,0.0,0.020804426,0.9375019,0.0013869159,0.062498067,-0.01941751,-0.8750039,1.0,1.0208044,0.99861306,1.0115056,1.0124865,1.0443811,1.1220593,1.2052721,1.3786345,1.0149777,1.012206,1.0538839,1.0785952,1.1559418,0.018224202,0.012723111,0.048424203,0.055336457,0.099779375,-0.010678326,-0.00047122975,-0.007221716,-0.005686121,-0.00529045,0.8583201,0.0125744855,0.7784378,0.8182975,0.8574397,0.0063789478,-0.010085404,0.014722377,0.0038536198,0.00012642016,1.0402181,1.0485463,1.1705934,1.2246891,1.3855838,0.9819695,0.9819695,0.9819695,0.9819695,0.9819695,1.0330046,1.017478,1.1045784,1.1226143,1.2266346,1.0,1.0044396,1.0066594,1.011654,1.0740591,0.3,0.15,0.075,0.05,0.025,0.3095439,0.2708228,0.09558981,0.07428538,0.04467266,0.2,0.4,0.3,0.033333335,0.016666668,0.8,0.9,0.95,0.96666664,0.98333335,-0.6,-0.5,-0.65,-0.93333334,-0.96666664,0.24392079,0.10914357,0.793328,0.35795477,-0.058725234,0.0500638,0.00625886,0.29600745,-0.10578647,-0.18336281,0.2,0.3,0.4,0.36666667,0.36666667,0.6,0.6,0.55,0.6,0.6,-0.4,-0.3,-0.15,-0.23333333,-0.23333333,0.39995182,0.29485577,0.3281237,0.2989127,0.35646337,0.6000482,0.7051442,0.6718763,0.7010873,0.6435366,-0.20009638,-0.41028848,-0.34375265,-0.4021746,-0.28707322,0.966031,1.0207615,1.4831086,1.4344352,1.2623245,0.1293405,0.20747033,0.7595375,0.79615545,0.6237359,1.0522662,1.151445,1.6335698,1.7499914,1.4744174,0.53253675,0.47920913,0.4824024,0.50293076,0.49646813,0.46746325,0.5207909,0.51759756,0.4970692,0.5035319,0.065073505,-0.041581765,-0.03519515,0.005861554,-0.00706374
SZ000301,0.09022615471636239,1.0,,2026-05-29,-0.0065951617,0.019785594,-0.3333315,0.013190432,0.6666685,0.0,0.0,-0.019785594,-1.0,1.006639,1.0199169,1.0,1.0089406,1.0282525,1.0802232,1.0837111,0.94593644,1.0994071,1.0176492,1.0300314,1.0559121,1.0465643,1.0000465,0.012902181,0.01700615,0.031054985,0.037813623,0.07937434,-0.0076386495,-0.0051135668,-0.004891544,0.00026080274,0.0016295657,0.8762881,0.8287953,0.86835504,0.003686629,0.12855335,-0.002371817,-0.007020338,-0.009442429,-0.050345987,-0.048118684,1.0531496,1.073736,1.1185769,1.1185769,1.2199334,0.9848285,0.9848285,0.9848285,0.9375447,0.83564574,1.02902,1.043181,1.0809208,1.0757586,1.0723404,1.0097663,1.0149982,1.0282525,1.024346,0.9257063,0.2,0.1,0.05,0.1,0.46666667,0.22206204,0.17064399,0.11343337,0.3449955,0.4276855,0.2,0.1,0.1,0.4,0.033333335,0.8,0.9,0.95,0.033333335,0.26666668,-0.6,-0.8,-0.85,0.36666667,-0.23333333,0.13964015,0.18766731,0.6651116,0.51969194,0.37760195,-0.7740022,-0.50326496,-0.1085444,0.3724463,0.2852586,0.2,0.3,0.5,0.6,0.51666665,0.6,0.6,0.45,0.36666667,0.46666667,-0.4,-0.3,0.05,0.23333333,0.05,0.106796,0.14939041,0.3119123,0.5616548,0.45908698,0.893204,0.8506096,0.6880877,0.43834522,0.540913,-0.786408,-0.70121914,-0.3761754,0.123309575,-0.08182601,1.0700736,1.217805,1.5087107,1.5408043,1.8056431,0.22564426,0.3378676,0.5257141,0.54291517,0.9014532,0.9731894,1.2469565,1.2605182,1.3153304,1.7064874,0.2130986,0.34746623,0.4418721,0.49003267,0.46940383,0.7869014,0.65253377,0.5581279,0.5099673,0.5305962,-0.57380277,-0.3050675,-0.11625579,-0.019934684,-0.061192337
SZ000425,0.0882893789491297,0.875,,2026-05-29,0.033934284,0.058324497,0.5818187,0.024390215,0.4181813,0.0,0.0,0.009544068,0.16363738,0.9671795,1.0235897,0.9671795,1.0081962,0.9897476,1.0471753,1.0297298,1.0676802,1.2451248,0.97845817,0.9770219,1.0173813,1.0200977,1.0677215,0.0247157,0.017860716,0.04807067,0.0414577,0.07960145,-0.0042060832,0.00060933,-0.00563949,-0.0022436627,-0.0035561537,0.072401896,0.010668881,0.4817119,0.2269898,0.60872185,0.029954001,0.020236127,0.036193863,0.012435338,0.03718505,1.0235918,1.0389642,1.1343585,1.1343585,1.2810221,0.93332404,0.93332404,0.93332404,0.93332404,0.93332404,1.0002055,0.99179804,1.0578388,1.0523086,1.1089189,0.95712185,0.96328264,0.971891,0.9848152,1.0042971,0.8,0.9,0.45,0.33333334,0.16666667,0.7386471,0.6311616,0.33166432,0.33166432,0.19176395,0.2,0.1,0.35,0.56666666,0.1,0.8,0.9,0.95,0.96666664,0.98333335,-0.6,-0.8,-0.6,-0.4,-0.8833333,0.2605792,0.118507095,0.16582747,0.117162965,-0.13977033,0.76919115,-0.06845276,0.08749605,0.028245794,-0.04756216,0.4,0.5,0.5,0.43333334,0.43333334,0.6,0.5,0.5,0.56666666,0.56666666,-0.2,0.0,0.0,-0.13333334,-0.13333334,0.54234993,0.39733687,0.47379252,0.4537917,0.4208112,0.4576501,0.60266316,0.52620745,0.54620826,0.5791888,0.08469982,-0.20532626,-0.05241493,-0.09241658,-0.1583776,0.56037337,0.56322396,0.5639477,0.52706534,0.44829524,0.25645742,0.21601889,0.20346102,0.20583194,0.1942997,1.2557164,1.3362054,1.213693,1.3109897,1.3375894,0.84776217,0.63224703,0.56910884,0.55996424,0.533196,0.15223783,0.36775297,0.43089116,0.44003576,0.46680403,0.69552433,0.26449406,0.13821772,0.11992848,0.06639197
SZ300014,0.08795196056265103,0.875,,2026-05-29,-0.03221882,0.040729523,-0.7910434,0.0039513875,0.097015314,0.004559314,0.111941256,-0.031610895,-0.7761175,1.0332915,1.0373744,0.9952889,1.0168482,1.0109936,1.0329723,1.1022805,1.1315484,0.9611094,1.0075992,1.0149806,1.0569189,1.0752274,1.0566976,0.017415462,0.017566467,0.0572188,0.054223996,0.061979987,0.005370765,-0.0021662582,-0.008558976,-0.0048806737,0.0005547747,0.23776194,0.13940008,0.7831306,0.6278822,0.024436004,-0.018340813,-0.005232417,0.024391385,-0.004457592,-0.07306348,1.0434961,1.0609297,1.1922752,1.1922752,1.1922752,0.9814675,0.9814675,0.9814675,0.9814675,0.913375,1.0199724,1.029646,1.1019688,1.1240718,1.1113597,0.99450403,0.9989952,1.0096431,1.0215137,0.99450403,0.6,0.3,0.15,0.1,0.23333333,0.29877344,0.2332242,0.08791189,0.08791189,0.31059498,0.6,0.3,0.15,0.43333334,0.71666664,0.2,0.6,0.8,0.8666667,0.083333336,0.4,-0.3,-0.65,-0.43333334,0.6333333,0.6912185,0.409732,0.7103507,0.5787335,0.6408366,0.31176406,0.2950197,0.34949332,0.4663137,0.5091818,0.6,0.6,0.55,0.5,0.55,0.4,0.4,0.45,0.5,0.45,0.2,0.2,0.1,0.0,0.1,0.44127008,0.40524656,0.39421162,0.40035862,0.5134803,0.5587299,0.59475344,0.60578835,0.5996414,0.48651966,-0.11745982,-0.18950686,-0.21157676,-0.19928277,0.02696065,1.0134158,0.9896602,1.2165729,1.1935661,1.1718909,0.22795063,0.2154676,0.37175918,0.32628185,0.37612426,0.62237287,0.77667344,0.9347074,0.97777,1.2121673,0.62151873,0.4649052,0.5104228,0.4817787,0.51012903,0.37848127,0.5350948,0.4895772,0.5182213,0.48987097,0.24303748,-0.07018959,0.02084562,-0.036442593,0.020258058
SH601899,0.08480331809396878,1.0,,2026-05-29,-0.028097041,0.038314197,-0.73333234,0.0019157538,0.050001144,0.008301405,0.21666653,-0.021711389,-0.5666669,1.0289093,1.0308805,0.9914586,1.0048645,1.0170541,1.0460308,1.0824027,1.1432236,1.3392695,1.0316632,1.0210836,1.0686387,1.0914931,1.111231,0.031556398,0.026710548,0.055890527,0.058067277,0.06720024,-0.0131602865,0.0008735091,-0.0074638748,-0.005502743,-0.0023453496,0.4348063,0.009803491,0.62419504,0.6959808,0.37151244,-0.0053425953,-0.025014423,0.0022681018,-0.011703344,-0.042043198,1.0833704,1.0833704,1.1606176,1.1826539,1.3255873,0.98820716,0.98157537,0.98157537,0.98157537,0.9789053,1.0471778,1.0316632,1.1271054,1.1414126,1.1496528,1.0071235,0.999668,1.0154241,1.0273167,1.0525506,0.2,0.3,0.15,0.1,0.05,0.12392234,0.1809972,0.10290662,0.09162901,0.060847353,0.4,0.7,0.35,0.033333335,0.016666668,0.8,0.5,0.75,0.8333333,0.25,-0.4,0.2,-0.4,-0.8,-0.23333333,0.7893992,0.39990735,0.35273716,0.088800706,-0.10545666,0.7814714,0.31111404,0.26527873,0.2640746,0.10556732,0.4,0.3,0.45,0.43333334,0.4,0.6,0.7,0.55,0.56666666,0.6,-0.2,-0.4,-0.1,-0.13333334,-0.2,0.44096136,0.40292814,0.4133883,0.38640177,0.38110855,0.55903864,0.5970719,0.5866117,0.6135982,0.6188915,-0.118077286,-0.19414373,-0.17322338,-0.22719647,-0.23778291,1.1964351,1.1145989,1.1987537,1.1411916,1.1310289,0.29220164,0.2514536,0.26022252,0.26340547,0.34217548,0.8284207,0.82357067,0.82109076,0.90325946,1.0555485,0.49224585,0.39648163,0.51545185,0.49133664,0.47858804,0.50775415,0.60351837,0.48454815,0.50866336,0.52141196,-0.015508303,-0.20703673,0.03090371,-0.0173267,-0.04282394
SH601939,0.08329178169450092,1.0,,2026-05-29,-0.0049950243,0.030969005,-0.1612911,0.019980017,0.6451617,0.005993964,0.1935472,-0.018981077,-0.6129056,1.0050201,1.0251005,0.99397594,1.0114217,1.0140846,0.9859155,0.98390347,0.93963784,0.8744467,1.0184306,1.0080483,0.99269617,0.98519117,0.95676726,0.013277861,0.016914185,0.021040222,0.02208049,0.03552147,-0.005835005,0.0034144279,0.002532792,0.0018907664,0.0018693323,0.4827988,0.3735469,0.5071851,0.56827694,0.8446776,-0.006760588,-0.023413226,-0.016757704,-0.012607264,-0.011912577,1.0492505,1.0492505,1.0492505,1.0492505,1.0492505,0.99397594,0.9738554,0.95273936,0.9336356,0.86826575,1.0279276,1.0197183,1.0131187,1.0017706,0.9849497,1.0103018,0.995171,0.9742455,0.9707847,0.92635816,0.2,0.4,0.7,0.8,0.9,0.10898429,0.34676808,0.48969135,0.5740127,0.727875,0.6,0.8,0.9,0.93333334,0.96666664,1.0,0.1,0.3,0.033333335,0.016666668,-0.4,0.7,0.6,0.9,0.95,0.34943303,0.63519275,0.5700483,0.47040704,0.01682519,0.35419792,0.591613,0.4254286,0.55832154,0.37288365,0.4,0.5,0.5,0.5,0.5833333,0.6,0.5,0.5,0.5,0.4,-0.2,0.0,0.0,0.0,0.18333334,0.3741006,0.5627241,0.5427349,0.6083814,0.6147058,0.6258994,0.43727586,0.45726508,0.39161858,0.3852942,-0.25179878,0.12544827,0.08546986,0.21676283,0.22941162,0.9301364,0.89503103,0.8462946,0.7914768,0.81090814,0.21210705,0.25898886,0.2673234,0.2640556,0.27217537,0.52703595,0.70765346,0.7962406,0.9892707,0.97262293,0.4870089,0.51488066,0.52858526,0.5341041,0.5018935,0.5129911,0.48511934,0.47141474,0.4658959,0.49810648,-0.025982192,0.029761294,0.057170514,0.0682082,0.0037870475
SH688111,0.08255395732141832,0.875,,2026-05-29,-0.0062499624,0.05183335,-0.12057802,0.020625025,0.39791033,0.024958361,0.48151165,-0.0019166255,-0.036976688,1.0062892,1.027044,0.9748847,1.0029718,1.0150776,1.0536599,1.0380453,1.0420523,1.2293044,1.0057998,1.0241035,1.0598335,1.054829,1.062889,0.016645357,0.027380873,0.04912158,0.040915854,0.06861696,-0.008373262,-0.008267988,-0.006327276,-0.0011555131,-0.0016806569,0.6326204,0.83582747,0.5807068,0.061811343,0.18297641,0.010946809,0.013102368,0.00027561455,-0.038074028,-0.013309602,1.0416659,1.0804946,1.1831372,1.1831372,1.2639874,0.96025884,0.96025884,0.96025884,0.96025884,0.9441494,1.0197455,1.0461913,1.0984715,1.0763631,1.1275694,0.99158126,0.9983394,1.0170274,1.0240251,1.0058576,0.6,0.3,0.15,0.1,0.18333334,0.4881778,0.3305267,0.17830871,0.17830871,0.17462163,0.2,0.2,0.25,0.5,0.016666668,0.8,0.9,0.95,0.96666664,0.41666666,-0.6,-0.7,-0.7,-0.46666667,-0.4,-0.60195637,-0.51963866,0.5945798,0.50064623,0.12204884,-0.10396073,-0.33953223,0.019233998,0.19017784,0.3635521,0.4,0.4,0.5,0.5,0.41666666,0.6,0.6,0.5,0.5,0.5833333,-0.2,-0.2,0.0,0.0,-0.16666667,0.374398,0.2968412,0.44913286,0.46088827,0.4046646,0.625602,0.7031588,0.55086714,0.53911173,0.59533536,-0.25120404,-0.4063176,-0.101734266,-0.07822345,-0.19067079,0.8646829,0.83891654,0.9548252,0.92507046,0.76821893,0.10412433,0.114712395,0.23786324,0.23010597,0.3260714,0.8138992,0.73076564,0.99380034,0.9349541,1.3011072,0.7229077,0.5381005,0.5245737,0.39146432,0.5099385,0.27709228,0.46189955,0.47542632,0.6085357,0.49006155,0.44581547,0.07620092,0.04914735,-0.21707137,0.019876918
SZ002463,0.08071831495686818,1.0,,2026-05-29,-0.0084853815,0.055868417,-0.15188155,0.04280238,0.7661283,0.0045806593,0.08199014,-0.0467071,-0.83601975,1.008558,1.0517267,0.99538016,1.020968,0.8639071,0.77998036,0.76799756,0.73528314,0.6171529,0.98347056,0.8917702,0.84876907,0.8175647,0.7145167,0.03455518,0.10222091,0.08508518,0.08433358,0.12310771,0.014163068,0.031406768,0.010892686,0.007738098,0.006413798,0.41997972,0.86532336,0.57362777,0.65248275,0.8278657,-0.011796703,-0.03310062,0.047750384,0.07023283,0.09627626,1.0517267,1.0517267,1.0517267,1.0517267,1.0517267,0.90276074,0.74446,0.74446,0.6928494,0.52390844,1.0081762,1.001545,0.9367629,0.8548792,0.8050909,0.9628833,0.7851738,0.7835543,0.7685932,0.59293586,0.6,0.8,0.9,0.93333334,0.96666664,0.6527617,0.83165544,0.83165544,0.85586524,0.90199906,1.0,1.0,1.0,1.0,1.0,0.2,0.2,0.6,0.06666667,0.083333336,0.8,0.8,0.4,0.93333334,0.9166667,0.043182272,0.80459887,0.8247341,0.36669222,0.117145,0.68543243,0.20812097,0.24074787,0.15155095,0.2903664,0.6,0.7,0.65,0.6666667,0.6333333,0.4,0.3,0.3,0.3,0.35,0.2,0.4,0.35,0.36666667,0.28333333,0.7980231,0.82602406,0.73427004,0.6864532,0.6477975,0.20197687,0.17397593,0.26572996,0.3135468,0.3522025,0.59604627,0.6520481,0.46854007,0.37290642,0.29559502,1.0832313,0.90158206,0.79342514,0.8338772,0.87611115,0.10458442,0.26292604,0.22111565,0.2308328,0.28709453,0.7261634,1.0716743,1.2551085,1.0852482,1.0342196,0.391987,0.61086655,0.5894033,0.49802107,0.5020231,0.60801303,0.38913345,0.41059673,0.50197893,0.49797687,-0.21602604,0.2217331,0.17880654,-0.0039578504,0.004046245
SH601985,0.08051062797256861,0.75,,2026-05-29,0.024943402,0.036281206,0.687502,0.007936429,0.21874769,0.003401373,0.093750276,0.020408345,0.56250465,0.9756636,1.0077432,0.97234505,0.99462706,0.96399635,1.0117011,1.0063006,0.96309626,0.9585958,0.9760576,0.9830783,0.9943294,0.9916591,0.99009895,0.014296995,0.020179328,0.019900998,0.019162346,0.020217847,0.0072907214,-0.0028148238,-0.0017121991,3.9249077e-05,4.1115745e-05,0.650117,0.17836122,0.2590758,0.00032513464,0.001261381,0.0093609765,0.029588435,0.021936502,0.0077717705,0.008688126,1.0077432,1.0240232,1.031355,1.031355,1.0445751,0.96047026,0.95846254,0.95846254,0.9579774,0.9426929,0.9827182,1.00036,1.0127813,1.0063006,1.0073807,0.9677768,0.9663366,0.96849686,0.9692168,0.96849686,1.0,0.8,0.575,0.6166667,0.6333333,0.83620065,0.63357365,0.5698453,0.572689,0.562484,1.0,0.2,0.4,0.6,0.28333333,0.6,0.5,0.75,0.1,0.033333335,0.4,-0.3,-0.35,0.5,0.25,0.8888196,0.32676443,0.35248843,0.43588683,0.50223154,0.5477482,0.29220575,0.33139008,0.36523628,0.4590201,0.6,0.4,0.5,0.53333336,0.51666665,0.2,0.5,0.4,0.4,0.45,0.4,-0.1,0.1,0.13333334,0.06666667,0.91666585,0.45454574,0.48547724,0.56269115,0.5363924,0.08333414,0.54545426,0.51452273,0.43730882,0.46360758,0.8333317,-0.0909085,-0.029045511,0.12538236,0.07278484,0.6273507,0.6571861,0.6821755,0.67439044,0.81226254,0.22812375,0.1853803,0.1427353,0.1422032,0.36307248,1.2597579,0.9615871,0.9665199,0.94137806,1.0349334,0.7619169,0.59670764,0.54905474,0.570701,0.49088988,0.23808315,0.40329233,0.45094523,0.42929897,0.50911015,0.5238337,0.19341534,0.09810954,0.14140207,-0.018220268
SH688472,0.07923717968359129,1.0,,2026-05-29,-0.073426545,0.08321683,-0.8823521,0.0034965072,0.042016827,0.006293777,0.07563106,-0.07062928,-0.8487379,1.0792452,1.0830188,0.99320745,1.020712,1.0900369,1.101107,1.0383763,1.010332,1.0583025,1.0342436,1.0690037,1.093321,1.061476,1.0631734,0.022069992,0.044189088,0.04525973,0.059729762,0.06756592,-0.005313656,-0.012572952,-0.0043464727,0.0029423444,-0.00035795104,0.14491804,0.74208874,0.32278854,0.18806463,0.008560355,-0.023616228,-0.012425374,-0.052029498,-0.10413996,-0.05261383,1.0926595,1.1533902,1.1964481,1.1964481,1.2253984,0.99320745,0.99320745,0.99320745,0.9525161,0.9370474,1.0454613,1.1095202,1.1369741,1.1095202,1.1297417,1.0224354,1.0392619,1.0556457,0.99940956,0.99940956,0.2,0.1,0.05,0.23333333,0.225,0.06829957,0.042404886,0.033421118,0.19466048,0.21831919,0.6,0.1,0.45,0.6333333,0.13333334,1.0,1.0,1.0,0.3,0.41666666,-0.4,-0.9,-0.55,0.33333334,-0.28333333,-0.08699547,-0.0005494126,0.43053225,0.564334,0.7034751,-0.3792061,-0.05703879,0.11597248,0.28585547,0.44744965,0.4,0.5,0.6,0.53333336,0.46666667,0.6,0.5,0.4,0.46666667,0.53333336,-0.2,0.0,0.2,0.06666667,-0.06666667,0.20388347,0.34743866,0.46587932,0.49306935,0.48089018,0.79611653,0.65256137,0.5341207,0.50693065,0.51910985,-0.59223306,-0.3051227,-0.06824135,-0.013861275,-0.03821963,1.0011418,0.98157024,1.1793082,1.0797585,1.0332547,0.13853186,0.14800113,0.31671846,0.41976917,0.44863066,0.7086997,0.6398525,0.8161976,1.2519429,1.1719167,0.58002925,0.4013643,0.39279053,0.512378,0.5030238,0.41997075,0.5986357,0.6072095,0.48762202,0.49697617,0.16005851,-0.19727138,-0.21441898,0.024755964,0.0060476596
SH600219,0.07776631372871456,1.0,,2026-05-29,-0.0038314173,0.04789275,-0.079999946,0.040229913,0.8400001,0.0038314173,0.079999946,-0.040229913,-0.8400001,1.0038462,1.0442308,0.99615383,1.020415,1.015304,0.9772628,0.99038047,1.1943594,1.3871884,1.0237867,1.006537,1.0145168,1.0540664,1.1446582,0.040110577,0.034715056,0.028751727,0.07015135,0.1346078,-0.010362917,0.0048217196,-0.00069927744,-0.0061137252,-0.006638801,0.16687305,0.17683962,0.020703284,0.5886287,0.7418885,-0.003060799,-0.028234702,-0.007873713,0.034582544,0.051186416,1.1037986,1.1037986,1.1037986,1.2019438,1.4977078,0.9864502,0.9434982,0.9434982,0.9434982,0.9434982,1.039965,1.0176214,1.0337998,1.1318759,1.2175338,0.9992129,0.9850459,0.9945344,0.9992129,1.0207258,0.4,0.55,0.325,0.25,0.125,0.11546638,0.3524745,0.3524745,0.21862179,0.10195027,0.4,0.7,0.85,0.1,0.05,0.8,0.1,0.55,0.7,0.85,-0.4,0.6,0.3,-0.6,-0.8,0.7899541,0.8020938,0.5863427,-0.08123393,0.39167872,0.9419669,0.7755113,0.60514754,0.004113148,0.27794158,0.4,0.5,0.5,0.36666667,0.38333333,0.6,0.5,0.5,0.56666666,0.55,-0.2,0.0,0.0,-0.2,-0.16666667,0.4617903,0.5369843,0.5102325,0.36960983,0.39504564,0.53820974,0.46301568,0.48976746,0.63039017,0.60495436,-0.076419435,0.07396863,0.02046506,-0.26078033,-0.20990874,1.1772456,0.87754714,0.81089944,0.8015267,0.8803286,0.5549263,0.49163234,0.3498004,0.34953564,0.3646241,1.2132373,1.4862094,1.6400806,1.6510122,1.4118099,0.54682624,0.5306327,0.43355215,0.49345532,0.4915536,0.45317376,0.46936736,0.56644785,0.5065447,0.5084464,0.0936525,0.06126529,-0.13289571,-0.013089367,-0.016892811
SZ002236,0.07773045078757096,1.0,,2026-05-29,-0.039700795,0.04833144,-0.82142794,0.0063291825,0.13095373,0.0023014615,0.047618315,-0.043728516,-0.9047634,1.0413421,1.047933,0.9976034,1.0125936,1.0482445,1.0271147,1.0629165,1.0705494,1.1040006,1.0454215,1.0473019,1.0556375,1.0675132,1.0465709,0.02785566,0.02068398,0.021180488,0.027522268,0.03827119,-0.015458345,-0.0027351973,-0.0022114962,-0.0025013308,0.0004497102,0.7699084,0.16029522,0.38156494,0.6401408,0.04211351,-0.014504828,-0.034993477,-0.034628216,-0.031243881,-0.059837356,1.0964742,1.0964742,1.1069375,1.1374557,1.1374557,0.9976034,0.9976034,0.9976034,0.9976034,0.95962274,1.0635151,1.0635029,1.0738328,1.0855727,1.073016,1.0297269,1.0359713,1.0380406,1.047188,1.0099542,0.2,0.1,0.05,0.033333335,0.2,0.024239799,0.024239799,0.021920035,0.017136717,0.22705154,0.6,0.8,0.1,0.06666667,0.53333336,1.0,1.0,1.0,1.0,0.25,-0.4,-0.2,-0.9,-0.93333334,0.28333333,-0.5647853,-0.45443708,0.08014352,0.47388473,0.6497153,0.2888405,-0.13882633,0.065133326,0.2733561,0.13052055,0.4,0.5,0.5,0.43333334,0.48333332,0.6,0.5,0.5,0.53333336,0.5,-0.2,0.0,0.0,-0.1,-0.016666668,0.21136518,0.42206433,0.4020815,0.4219834,0.44027272,0.78863484,0.5779357,0.5979185,0.57801664,0.5597273,-0.5772696,-0.15587135,-0.19583699,-0.15603325,-0.119454585,0.93809783,0.8832891,0.9571662,1.0132298,0.81982595,0.19183093,0.15495932,0.19508557,0.31351924,0.34144366,0.92332613,0.7125323,0.6961332,0.904265,1.0884268,0.69554895,0.5318335,0.53000224,0.4870719,0.49751073,0.30445108,0.46816647,0.46999776,0.5129281,0.50248927,0.39109784,0.06366707,0.06000449,-0.025856227,-0.0049785418
SZ002594,0.07541027550200721,0.875,,2026-05-29,-0.02750249,0.034074865,-0.80711955,0.006066797,0.17804316,0.0005055794,0.014837311,-0.033063706,-0.97032535,1.0282803,1.0345186,0.9994801,1.0119958,0.9747341,1.001255,1.0551225,1.0794306,1.0063412,0.9977013,0.9886948,1.0157226,1.0312339,1.0420294,0.0050702365,0.012581129,0.03409873,0.036962207,0.039712038,-0.00024110833,0.002194814,-0.0047746263,-0.003637417,-0.00069690053,0.0056533776,0.27897653,0.68623114,0.7505369,0.093928434,0.0027809108,0.0014285771,0.029636318,0.021508649,-0.021470848,1.0345186,1.0345186,1.0983735,1.1018022,1.162628,0.9776604,0.9628813,0.9628813,0.9628813,0.9628813,1.0007728,0.9985204,1.0443358,1.0652288,1.0736971,0.9955215,0.9742387,0.98854613,0.997556,0.9996301,0.8,0.9,0.45,0.3,0.21666667,0.39289978,0.5181472,0.27395418,0.26719287,0.18582863,1.0,1.0,0.05,0.06666667,0.25,0.8,0.5,0.75,0.8333333,0.9166667,0.2,0.5,-0.7,-0.76666665,-0.6666667,0.34075195,0.24163766,0.7172476,0.5672194,0.5320246,0.3665548,0.075958274,0.45002922,0.5000379,0.63187236,0.8,0.7,0.5,0.43333334,0.43333334,0.2,0.3,0.5,0.56666666,0.56666666,0.6,0.4,0.0,-0.13333334,-0.13333334,0.73861504,0.49471036,0.39616767,0.40161988,0.4966876,0.26138493,0.5052896,0.6038323,0.59838015,0.5033124,0.4772301,-0.010579269,-0.20766465,-0.19676024,-0.0066248206,0.684737,0.62413657,0.74723864,0.7437599,0.9483599,0.18502796,0.15338646,0.29215544,0.25543332,0.41789472,0.77299166,0.82705337,1.3295707,1.1922082,1.313818,0.8243921,0.5732784,0.5402413,0.5068802,0.4675436,0.1756079,0.4267216,0.4597587,0.49311978,0.5324564,0.64878416,0.1465568,0.08048259,0.013760448,-0.06491278
SH600795,0.0745405643169631,0.75,,2026-05-29,0.023856902,0.033797223,0.7058835,0.0039761276,0.11764659,0.0059641916,0.17646988,0.025844965,0.76470685,0.976699,1.0038835,0.9708738,0.9948664,0.9514588,0.9553421,0.9553421,0.9359256,0.96505034,0.97204024,0.9679628,0.95990497,0.9563776,0.9590637,0.016046522,0.018963538,0.019439718,0.017334664,0.021372756,0.007960757,0.0015180176,0.0019022322,0.0011049474,-0.00025405674,0.6153,0.05873897,0.33513144,0.31488654,0.043096323,0.01203822,0.025206119,0.022023836,0.027600633,0.048430994,1.0038835,1.0038835,1.0038835,1.0038835,1.0252434,0.94563293,0.9378665,0.91650885,0.91650885,0.91262573,0.97670025,0.97670025,0.96932197,0.963497,0.9755352,0.96272033,0.9530121,0.9491288,0.9467988,0.9398089,1.0,0.9,0.95,0.96666664,0.96666664,0.93333143,0.9411745,0.95555365,0.95555365,0.77584904,1.0,1.0,1.0,1.0,0.15,0.6,0.5,0.1,0.4,0.41666666,0.4,0.5,0.9,0.6,-0.26666668,0.7868964,0.75986105,0.65951973,0.67592514,0.71752816,-0.23904742,0.70088273,0.559409,0.5830655,0.49177173,0.8,0.5,0.5,0.5,0.45,0.2,0.4,0.45,0.46666667,0.51666665,0.6,0.1,0.05,0.033333335,-0.06666667,0.9310347,0.6385543,0.5782313,0.5873016,0.5245897,0.068965316,0.36144575,0.42176872,0.41269842,0.47541028,0.86206937,0.2771085,0.15646257,0.1746032,0.04917946,0.5857932,0.5486333,0.49599037,0.4266626,0.4196828,0.29975235,0.25452322,0.19475457,0.18968745,0.16955651,1.417708,1.3315457,1.3106023,1.4615309,1.3028886,0.93743986,0.6572787,0.61815304,0.61757976,0.5316522,0.06256013,0.34272128,0.381847,0.38242027,0.46834776,0.8748797,0.3145574,0.23630603,0.23515947,0.063304454
SZ300122,0.0743016121297233,0.75,,2026-05-29,-0.0065789917,0.029239807,-0.2250012,0.022660814,0.7749988,0.0,0.0,-0.029239807,-1.0,1.0066226,1.0294335,1.0,1.0146037,1.0345742,1.106705,1.0985309,1.1684525,1.2236828,1.0029162,1.0387496,1.0875732,1.0988697,1.1278895,0.011419078,0.04205332,0.06189701,0.054474387,0.05427841,0.000972059,-0.0124532655,-0.008737852,-0.004379648,-0.0022015367,0.018116035,0.80385435,0.6974901,0.5009511,0.5017616,-0.004860295,0.017290091,-0.0045636175,-0.03536476,-0.06294417,1.0404007,1.1111063,1.233238,1.233238,1.2354127,0.9646202,0.9646202,0.9646202,0.9646202,0.9646202,1.0098531,1.0854965,1.1347619,1.1382967,1.174086,0.9969071,1.0058323,1.0129018,1.0598476,1.0961008,0.4,0.2,0.1,0.06666667,0.033333335,0.4668721,0.24152361,0.13171074,0.13171074,0.13065295,0.2,0.1,0.3,0.53333336,0.13333334,0.6,0.8,0.9,0.93333334,0.96666664,-0.4,-0.7,-0.6,-0.4,-0.8333333,0.49096262,-0.8297982,0.2802551,0.042539857,0.019738106,0.56811464,0.077977195,0.5926881,0.51873773,0.44185522,0.2,0.2,0.35,0.3,0.38333333,0.8,0.8,0.65,0.6666667,0.6,-0.6,-0.6,-0.3,-0.36666667,-0.21666667,0.3147928,0.21077818,0.37820855,0.33081856,0.40304503,0.6852072,0.7892218,0.6217914,0.66918147,0.59695494,-0.3704144,-0.57844365,-0.2435829,-0.33836287,-0.19390993,1.0815086,0.91660637,1.0617616,0.93255615,0.9090871,0.19245787,0.25145626,0.5489321,0.48963037,0.41674232,0.71340215,0.72995704,1.6368634,1.8816862,1.5907284,0.47739312,0.5376643,0.4943395,0.49836192,0.49298847,0.52260685,0.46233574,0.50566053,0.5016381,0.50701153,-0.04521376,0.07532854,-0.011321033,-0.0032761758,-0.014023092
SH601698,0.07334056514328753,0.875,,2026-05-29,-0.047468364,0.050632924,-0.9375,0.0,0.0,0.0031645577,0.0625,-0.04430381,-0.875,1.0498339,1.0498339,0.99667776,1.0164545,1.1085527,1.1657895,1.1664474,1.1263157,1.3171053,1.0555921,1.0933882,1.169523,1.1798356,1.1538267,0.039592724,0.052008945,0.094147585,0.08427684,0.083628416,-0.023289453,-0.016453352,-0.013672091,-0.0051017944,-0.00016667631,0.8650234,0.9174113,0.7381074,0.28400838,0.0012115459,-0.009013168,-0.019348057,-0.03963814,-0.10585949,-0.14890978,1.1387728,1.2051971,1.3618966,1.3618966,1.3618966,0.99667776,0.99667776,0.99667776,0.99667776,0.99667776,1.0766447,1.1311842,1.2594737,1.2588816,1.2439474,1.0363157,1.0527631,1.0936842,1.1093421,1.0786842,0.2,0.1,0.05,0.033333335,0.016666668,0.023380537,0.015932618,0.009096627,0.009096627,0.009096627,0.2,0.1,0.3,0.53333336,0.76666665,1.0,1.0,1.0,1.0,1.0,-0.8,-0.9,-0.7,-0.46666667,-0.23333333,-0.14081281,0.19189733,0.8119519,0.7874134,0.7775853,-0.05205855,-0.5220044,0.10194359,0.512811,0.49273148,0.4,0.4,0.5,0.53333336,0.51666665,0.6,0.6,0.45,0.43333334,0.46666667,-0.2,-0.2,0.05,0.1,0.05,0.079081535,0.13688794,0.3485031,0.42819753,0.40379244,0.92091846,0.86311203,0.6514969,0.5718025,0.59620756,-0.8418369,-0.7262241,-0.30299377,-0.14360495,-0.19241512,0.9293673,0.96365756,1.4138453,1.6723827,1.4128323,0.08287364,0.20887932,0.6659277,0.8733752,0.7308955,0.91100055,0.856166,1.217922,1.3357766,1.4165193,0.7392084,0.41098884,0.48512846,0.48949108,0.44894898,0.2607916,0.5890112,0.51487154,0.5105089,0.551051,0.47841683,-0.17802233,-0.02974306,-0.021017829,-0.10210206
SH600048,0.0718738423287506,0.875,,2026-05-29,0.023049606,0.06914894,0.33333272,0.04432626,0.6410258,0.0017730814,0.02564148,-0.019503573,-0.28205162,0.9774697,1.0433276,0.97573656,1.0144632,1.0087265,1.0763073,1.0450758,1.0312315,1.1768256,0.9972574,1.0184044,1.0621711,1.0503576,1.0523763,0.019524906,0.030927477,0.05415594,0.048047174,0.05560351,-0.0076373075,-0.008929266,-0.007258172,-0.0006641381,-0.0010108076,0.38250986,0.76410645,0.62868106,0.014807536,0.100793466,0.01801719,0.02177736,0.0067814924,-0.040727608,-0.02255746,1.0433276,1.0745519,1.1889735,1.1889735,1.1889735,0.967112,0.967112,0.967112,0.967112,0.94801897,1.0146054,1.04959,1.1102815,1.098117,1.1092448,0.980605,0.99653566,1.0128732,1.0128732,1.0073355,0.6,0.3,0.15,0.13333334,0.18333334,0.43151277,0.3061059,0.14823659,0.14823659,0.21572965,1.0,0.2,0.3,0.53333336,0.76666665,0.8,0.9,0.95,0.96666664,0.41666666,0.2,-0.7,-0.65,-0.43333334,0.35,-0.1627459,-0.24221314,0.50323623,0.52761525,0.47547606,0.63832265,0.11761976,0.41179055,0.45754012,0.29383218,0.4,0.3,0.35,0.4,0.38333333,0.6,0.7,0.55,0.53333336,0.53333336,-0.2,-0.4,-0.2,-0.13333334,-0.15,0.44641402,0.29982784,0.43923575,0.46955743,0.40888503,0.553586,0.7001722,0.56076425,0.5304426,0.591115,-0.107171975,-0.40034434,-0.12152849,-0.060885146,-0.18222997,0.5134823,0.46305877,0.5528833,0.50075567,0.47215495,0.2774942,0.20128344,0.24261737,0.23440173,0.19560938,1.1226753,0.8887162,1.0657889,1.1626574,1.1160083,0.9009261,0.71254516,0.52325463,0.5278589,0.5215447,0.09907389,0.28745487,0.4767454,0.4721411,0.47845533,0.8018522,0.42509028,0.04650923,0.05571785,0.043089338
SH601398,0.0704347784839013,1.0,,2026-05-29,0.027026989,0.032716885,0.8260868,0.0,0.0,0.005689897,0.17391317,0.032716885,1.0,0.97368425,1.0,0.96814406,0.9887155,0.99457705,1.0032538,1.0195228,1.0097615,0.94251627,0.9899132,0.99246204,0.9995662,1.0062003,0.9993583,0.0096065225,0.008364056,0.010097481,0.013279513,0.020232063,-0.0006507671,-0.0010747437,-0.0011938747,-0.0012002974,0.0004268329,0.011472519,0.15135173,0.48928228,0.63316244,0.13574857,0.011388297,0.01237429,0.011775629,0.0112040015,-0.011949871,1.0018061,1.0115077,1.0208658,1.039575,1.0436273,0.96814406,0.96814406,0.96814406,0.96814406,0.9357695,0.9956616,0.99696314,1.0100868,1.0170282,1.0155097,0.98416483,0.98731023,0.9929501,0.99457705,0.98546636,1.0,0.9,0.5,0.33333334,0.45,0.94634384,0.7346214,0.6042272,0.445968,0.5955112,0.2,0.2,0.05,0.16666667,0.36666667,1.0,1.0,1.0,1.0,0.016666668,-0.8,-0.8,-0.95,-0.8333333,0.35,0.08870503,0.009386621,0.23895551,-0.25238714,-0.13331522,0.545363,0.43251464,-0.046504203,0.11813138,0.12208194,0.4,0.5,0.5,0.5,0.53333336,0.6,0.5,0.5,0.46666667,0.41666666,-0.2,0.0,0.0,0.033333335,0.11666667,0.5581388,0.48170716,0.43793115,0.47867292,0.5560254,0.44186118,0.51829284,0.5620688,0.5213271,0.4439746,0.116277635,-0.036585703,-0.1241377,-0.042654157,0.11205078,0.69231874,0.67338085,0.7409915,0.68177503,0.7702597,0.19657087,0.13703837,0.14394501,0.15036464,0.22752082,1.2653997,1.0988029,0.9383438,0.9362934,1.1296278,0.8335705,0.65886104,0.6160583,0.56584585,0.5009582,0.1664295,0.34113896,0.3839417,0.43415415,0.49904177,0.667141,0.31772208,0.23211661,0.13169171,0.0019164495
SZ002916,0.07022713779016931,0.75,,2026-05-29,0.015827194,0.058493882,0.2705786,0.03355552,0.57365865,0.009111169,0.15576276,-0.008617158,-0.14731726,0.9844194,1.0330327,0.9754502,1.0042998,0.9139066,0.7809865,0.7608769,0.69042665,0.70009726,0.9798125,0.90649074,0.8465809,0.8017842,0.699665,0.02528809,0.08493772,0.086647876,0.09798003,0.12782536,0.0015919864,0.025231035,0.012850362,0.010263433,0.0061199316,0.009908015,0.80887306,0.7698088,0.85037756,0.6991314,0.017003523,-0.020030433,0.031340644,0.049396038,0.11979704,1.0461146,1.0461146,1.0461146,1.0461146,1.0461146,0.92908764,0.7618478,0.7296383,0.6427356,0.5097803,1.0027045,0.973127,0.95794904,0.8563745,0.8010285,0.9611822,0.81061107,0.7795933,0.72795165,0.5846724,0.8,0.9,0.95,0.96666664,0.98333335,0.6059488,0.837777,0.8542873,0.8856792,0.91401887,0.4,0.7,0.85,0.9,0.95,0.8,0.2,0.05,0.1,0.4,-0.4,0.5,0.8,0.8,0.55,0.4220377,0.869188,0.8738949,0.5523108,0.4840253,0.6632977,0.44362402,0.5215364,0.42972276,0.3036644,0.8,0.8,0.6,0.6,0.53333336,0.2,0.2,0.4,0.36666667,0.45,0.6,0.6,0.2,0.23333333,0.083333336,0.7158858,0.8130436,0.72272056,0.7161805,0.61703354,0.28411418,0.1869564,0.27727944,0.2838195,0.38296646,0.43177164,0.6260872,0.4454411,0.432361,0.23406707,1.1372094,0.94657195,0.80948603,0.81236523,0.7455527,0.20345451,0.27285558,0.24231482,0.20574968,0.23062049,0.56043845,0.8039885,0.96326303,0.97077775,1.0334727,0.50981486,0.6182539,0.5363317,0.5043204,0.5089083,0.49018514,0.38174608,0.46366826,0.49567962,0.49109173,0.019629735,0.23650782,0.072663486,0.008640752,0.017816534
SZ000786,0.06912845453333799,1.0,,2026-05-29,0.019136649,0.024922095,0.7678588,0.003115262,0.125,0.0026701833,0.10714121,0.018691571,0.75,0.9812227,1.0030568,0.97860265,0.99002475,1.0384405,1.1060956,1.098261,1.1135274,1.2873147,0.99712247,1.0308366,1.0875984,1.0935957,1.1207097,0.031189533,0.043740645,0.06709699,0.05563518,0.05769849,-0.012139849,-0.013005843,-0.01046584,-0.004051664,-0.002325967,0.37874672,0.8104349,0.8515499,0.41102624,0.4956534,0.02715723,0.02768974,0.011827078,-0.034846596,-0.052093614,1.0493419,1.1004487,1.1816475,1.1816475,1.3021816,0.9484778,0.9484778,0.9484778,0.9484778,0.9484778,1.015032,1.0756434,1.151609,1.1424272,1.1586089,0.96952593,0.99414974,1.0324144,1.0429727,1.0868242,0.6,0.3,0.15,0.1,0.05,0.51080775,0.33902657,0.22096436,0.22096436,0.14566477,0.2,0.1,0.35,0.56666666,0.016666668,0.8,0.9,0.95,0.96666664,0.98333335,-0.6,-0.8,-0.6,-0.4,-0.96666664,-0.73866785,-0.20465322,0.108843796,0.06902854,0.27891892,-0.80033696,-0.42782444,-0.030276757,-0.04490503,-0.10469767,0.6,0.5,0.5,0.5,0.43333334,0.4,0.5,0.5,0.5,0.56666666,0.2,0.0,0.0,0.0,-0.13333334,0.33448905,0.24525304,0.3791426,0.38072154,0.35325357,0.66551095,0.754747,0.62085736,0.61927843,0.64674646,-0.3310219,-0.5094939,-0.24171478,-0.2385569,-0.29349288,1.5080283,1.4555831,1.5090309,1.4456879,1.5374179,0.5767667,0.49433264,0.4513732,0.40554762,0.44369867,0.99330235,1.0107585,0.9385744,1.1135143,1.0145469,0.5427903,0.49077123,0.4628267,0.4579914,0.44190556,0.45720974,0.50922877,0.53717333,0.5420086,0.55809444,0.08558054,-0.018457543,-0.07434661,-0.08401721,-0.116188884
SZ300033,0.06856082982235394,1.0,,2026-05-29,-0.038987294,0.06232066,-0.62559175,0.019789029,0.3175356,0.003544338,0.056872603,-0.055231985,-0.8862548,1.040569,1.0611608,0.99631184,1.0251755,0.99609137,1.0162029,1.0151026,1.0519392,0.9989559,1.0360554,1.0212108,1.0446787,1.0445486,1.0059664,0.023415715,0.024944594,0.039072696,0.036097012,0.05321903,-0.008443114,0.0037868381,-0.0029116578,-0.0010317658,0.0017269922,0.32503527,0.21125744,0.1943578,0.06331717,0.32117864,-0.019169273,-0.0382516,-0.017017925,-0.029587997,-0.056912705,1.0838159,1.1235087,1.1327717,1.1327717,1.1327717,0.99631184,0.9722946,0.9722946,0.9722946,0.8995238,1.0518699,1.0406309,1.0817007,1.0810425,1.0520979,1.024307,0.9992447,1.0013342,1.0053749,0.96085453,0.2,0.3,0.15,0.1,0.45,0.042148065,0.18321946,0.1726437,0.1726437,0.43076992,0.6,0.4,0.3,0.53333336,0.76666665,1.0,0.2,0.6,0.73333335,0.41666666,-0.4,0.2,-0.3,-0.2,0.35,0.35440648,0.47759393,0.25542897,0.17264406,0.62873095,-0.14544345,0.55942464,0.5159422,0.42213383,0.5150935,0.4,0.4,0.45,0.5,0.51666665,0.6,0.6,0.55,0.5,0.48333332,-0.2,-0.2,-0.1,0.0,0.033333335,0.51524913,0.4648741,0.48367614,0.45950124,0.5004206,0.48475087,0.5351259,0.51632386,0.5404988,0.4995794,0.030498259,-0.070251815,-0.032647755,-0.08099754,0.00084119715,0.9803138,0.9897381,0.9471993,0.8560365,0.7152939,0.0830089,0.40042004,0.3283655,0.3082541,0.2966234,0.52868396,0.93382496,0.9743233,1.0374091,1.1581318,0.3773849,0.528967,0.52771044,0.5149142,0.5174766,0.6226151,0.47103295,0.47228956,0.4850858,0.48252335,-0.2452302,0.057934098,0.055420853,0.02982844,0.034953266
SZ002648,0.06746718546392974,1.0,,2026-05-29,-0.016898984,0.026193501,-0.64515936,0.0025348586,0.09677433,0.00675966,0.2580663,-0.012674183,-0.48386744,1.0171895,1.0197679,0.9931241,1.002437,1.060616,1.2067299,1.2462362,1.2883565,1.0614762,1.0216721,1.0664096,1.1339211,1.1498483,1.1566086,0.012955854,0.060178284,0.08713536,0.07688565,0.0734126,-0.006875551,-0.018422054,-0.013557666,-0.006015116,-0.00044319572,0.70408154,0.8590293,0.8473231,0.47435024,0.011116032,-0.007921087,0.016489599,-0.005123308,-0.06262911,-0.14353433,1.0820777,1.2312131,1.2978292,1.2978292,1.304699,0.9931241,0.9931241,0.9931241,0.9931241,0.9931241,1.0290705,1.1060847,1.197439,1.2022564,1.2122886,1.0165172,1.0251199,1.0324057,1.0664394,1.1029613,0.2,0.1,0.05,0.033333335,0.016666668,0.077297114,0.02887935,0.022565613,0.022565613,0.022068072,0.2,0.1,0.1,0.4,0.48333332,1.0,1.0,1.0,1.0,1.0,-0.8,-0.9,-0.9,-0.6,-0.51666665,0.5426535,0.46251777,0.42763436,0.30923015,0.14652728,-0.6302114,-0.36919785,-0.3408062,-0.25062007,0.1113685,0.2,0.1,0.35,0.43333334,0.48333332,0.8,0.9,0.65,0.56666666,0.51666665,-0.6,-0.8,-0.3,-0.13333334,-0.033333335,0.07788012,0.025660457,0.2507034,0.32313186,0.4838435,0.92211986,0.97433954,0.7492966,0.67686814,0.5161565,-0.8442398,-0.9486791,-0.49859324,-0.35373628,-0.032312997,1.1714723,1.2584499,1.4140772,1.429049,1.7662852,0.3616194,0.29336706,0.37174746,0.3835757,0.7584773,0.9809799,0.8199938,1.2611187,1.1351429,1.1014792,0.4838784,0.35863414,0.4665417,0.46622306,0.47101474,0.5161216,0.6413658,0.5334583,0.53377694,0.52898526,-0.032243196,-0.28273168,-0.0669166,-0.067553855,-0.057970516
SZ000792,0.06704246732753671,0.875,,2026-05-29,-0.01975145,0.040140156,-0.49206212,0.012424379,0.30952492,0.007964326,0.19841295,-0.024211502,-0.6031741,1.0201495,1.0328242,0.9918752,1.0083743,1.0672694,1.1014116,1.2031318,1.2629025,1.2398323,1.0261314,1.0452095,1.1338531,1.1599118,1.1820511,0.02246866,0.026699938,0.103763424,0.09298243,0.076114744,-0.012254063,-0.007719454,-0.01688691,-0.008578741,-0.0021018183,0.7436112,0.7662387,0.92700034,0.6597009,0.23256941,-0.0016232833,-0.01047195,0.02657259,-0.035519984,-0.12004747,1.0724802,1.1114798,1.3519584,1.3519584,1.3519584,0.9918752,0.9918752,0.9918752,0.9918752,0.9918752,1.0431671,1.0674018,1.2422673,1.2324481,1.2440581,1.0111866,1.0186414,1.0472077,1.0564269,1.1193383,0.2,0.1,0.05,0.033333335,0.016666668,0.10079771,0.06793055,0.022563681,0.022563681,0.022563681,0.2,0.1,0.1,0.4,0.7,1.0,1.0,1.0,1.0,1.0,-0.8,-0.9,-0.9,-0.6,-0.3,0.9482514,0.56051207,0.80043954,0.4894044,0.32345602,0.59338033,-0.19713718,0.31041127,0.30103678,0.30517265,0.2,0.3,0.25,0.26666668,0.43333334,0.8,0.7,0.75,0.73333335,0.56666666,-0.6,-0.4,-0.5,-0.46666667,-0.13333334,0.17147796,0.2491817,0.31094515,0.3403344,0.42773986,0.828522,0.7508183,0.68905485,0.6596656,0.57226014,-0.65704405,-0.50163656,-0.37810972,-0.3193312,-0.1445203,1.1207974,1.2587446,1.6684022,1.533478,1.4795945,0.13669273,0.2500045,0.62211794,0.5588117,0.48728693,0.55534977,0.4979162,0.90859705,0.88898116,1.0000918,0.48922116,0.3769064,0.50592834,0.46794918,0.48845163,0.51077884,0.6230936,0.49407166,0.53205085,0.5115484,-0.021557698,-0.24618722,0.011856653,-0.06410166,-0.023096759
SZ000063,0.06683319207801937,1.0,,2026-05-29,-0.04623374,0.06077929,-0.76068246,0.0072728326,0.119659714,0.007272715,0.11965779,-0.04623386,-0.76068443,1.0484749,1.0561002,0.9923747,1.0219721,0.9705953,0.9997294,0.98067284,0.97576934,1.0305033,0.98938435,0.992543,1.0126829,1.0026566,0.97595114,0.035872985,0.03321735,0.03620574,0.035037357,0.052144915,0.009964491,-0.0019148735,-0.0030710204,0.0006155036,0.0009611292,0.19289243,0.030462231,0.25181326,0.023916641,0.10361902,-0.0093133645,0.016073959,0.016491786,-0.011581388,-0.004304439,1.0561002,1.0561002,1.094773,1.094773,1.094773,0.9376382,0.9376382,0.9376382,0.9376382,0.8660248,1.0086066,1.0222852,1.0451021,1.0381896,1.0172194,0.96395016,0.9640043,0.98432493,0.9671087,0.93202686,0.8,0.6,0.45,0.53333336,0.65,0.5264283,0.5264283,0.3968681,0.3968681,0.58568853,1.0,1.0,0.45,0.6333333,0.81666666,0.6,0.8,0.9,0.93333334,0.33333334,0.4,0.2,-0.45,-0.3,0.48333332,0.54203045,0.070239075,0.17800562,0.47397035,0.6838107,0.3261014,-0.20281994,0.012219675,0.3295175,0.19198932,0.4,0.5,0.55,0.5,0.5,0.6,0.5,0.45,0.5,0.46666667,-0.2,0.0,0.1,0.0,0.033333335,0.5756037,0.50042427,0.51854676,0.5168691,0.48782563,0.42439628,0.49957573,0.48145324,0.48313087,0.51217437,0.15120746,0.0008485553,0.037093543,0.033738267,-0.024348728,0.63481313,0.5464973,0.5362831,0.49647444,0.4041008,0.26968428,0.21532004,0.1737091,0.18664943,0.184163,1.0845505,1.1799077,1.1835748,1.2384688,1.3533131,0.87051135,0.659933,0.6075179,0.5740987,0.54583424,0.12948863,0.34006703,0.39248213,0.42590132,0.4541658,0.7410227,0.3198659,0.21503575,0.14819738,0.091668434
SZ300628,0.06664890243102813,1.0,,2026-05-29,-0.014449265,0.02399126,-0.60227203,0.0027262957,0.11363704,0.0068157,0.28409094,-0.010359861,-0.4318181,1.0146611,1.0174273,0.9930844,1.0040318,1.0153382,1.0180131,0.98301464,0.96137774,0.9645798,1.0096483,1.0151643,1.0135685,1.000596,0.95396256,0.0057970313,0.015008767,0.022628246,0.02949221,0.05550647,-0.003174375,-0.002321572,0.0009248767,0.002242414,0.002520094,0.7496269,0.2193238,0.05847012,0.44804186,0.6287037,-0.0032995434,-0.0047171684,-0.022354817,-0.033111043,-0.028305346,1.0305616,1.0623536,1.0639545,1.0639545,1.0639545,0.9904932,0.98862576,0.97019666,0.9416067,0.839029,1.012397,1.0198764,1.0365429,1.0207908,1.0097774,1.0079906,1.0056398,0.99712205,0.9815731,0.9033562,0.2,0.2,0.35,0.53333336,0.76666665,0.23726489,0.15427338,0.31787565,0.4772731,0.7156637,0.4,0.4,0.4,0.6,0.8,0.4,0.5,0.2,0.1,0.31666666,0.0,-0.1,0.2,0.5,0.48333332,-0.9327269,-0.46362427,0.3135465,0.48671618,0.48031855,-0.84144694,-0.53425044,0.15481164,0.5267093,0.45199925,0.4,0.5,0.5,0.5,0.53333336,0.6,0.5,0.45,0.43333334,0.43333334,-0.2,0.0,0.05,0.06666667,0.1,0.07393723,0.4313964,0.5306773,0.54758275,0.52288204,0.92606276,0.56860363,0.46932268,0.45241725,0.47711793,-0.8521255,-0.13720721,0.06135465,0.09516551,0.045764133,0.7347347,0.73177105,0.7787323,0.7902998,0.7170824,0.16796339,0.13590297,0.18108964,0.2980861,0.28225526,1.4041855,1.241561,1.1226906,1.6213229,1.5197796,0.729224,0.5742169,0.5330112,0.52247494,0.48993215,0.270776,0.4257831,0.4669888,0.47752506,0.5100679,0.45844802,0.14843383,0.06602241,0.04494987,-0.020135708
SZ002384,0.06650482385400636,0.875,,2026-05-29,-0.044318788,0.08634997,-0.5132461,0.031489715,0.36467543,0.010541473,0.12207847,-0.06526703,-0.75584304,1.0463741,1.079324,0.9889697,1.0284709,1.0352029,0.954472,0.8631808,0.6852843,0.42726973,1.0353081,1.0263858,0.99713457,0.93313706,0.7272624,0.023399498,0.02899115,0.057529416,0.11215514,0.22681926,-0.013415113,0.001276055,0.0064819455,0.011335316,0.012388532,0.8217044,0.017759034,0.44432306,0.7916453,0.9098706,-0.008477896,-0.032128006,-0.058713056,-0.097499155,-0.09272408,1.0983381,1.0983381,1.0983381,1.0983381,1.0983381,0.9889697,0.9293639,0.8302283,0.67402333,0.40924528,1.0511373,1.0470519,1.0390816,1.0353911,0.9937703,1.0223436,0.99831134,0.9680654,0.8644931,0.5029533,0.2,0.3,0.45,0.6333333,0.81666666,0.10085475,0.41802883,0.63321704,0.7682426,0.8572934,0.6,0.8,0.9,0.93333334,0.96666664,1.0,0.2,0.05,0.033333335,0.083333336,-0.4,0.6,0.85,0.9,0.8833333,0.42598504,0.060812607,-0.29162958,-0.34529388,0.21727513,0.55364496,0.047557637,-0.17603704,-0.02205735,0.18795006,0.4,0.6,0.7,0.6666667,0.65,0.6,0.4,0.3,0.33333334,0.35,-0.2,0.2,0.4,0.33333334,0.3,0.33851984,0.56691116,0.61500365,0.6829639,0.6912633,0.6614802,0.43308887,0.38499638,0.3170361,0.30873668,-0.32296032,0.13382228,0.23000725,0.36592782,0.38252667,1.0340807,1.0999742,1.1374912,1.1859592,1.1349182,0.09734245,0.14993362,0.13523681,0.17703338,0.2754066,0.3209639,0.75256723,0.9133454,0.99515563,0.9364694,0.40744603,0.4131254,0.4934795,0.48539594,0.49365342,0.592554,0.5868746,0.5065205,0.51460403,0.5063466,-0.18510795,-0.17374921,-0.013041035,-0.02920811,-0.012693169
SH601058,0.06646407547259416,1.0,,2026-05-29,0.0023810011,0.028571472,0.083334915,0.019047603,0.6666651,0.007142868,0.25,-0.0095237335,-0.33333015,0.99762464,1.0190023,0.9904988,1.0043141,1.0126116,1.0158708,1.14808,1.0569646,1.2145387,1.0229275,1.0109819,1.0407467,1.0568135,1.0730102,0.024958363,0.022011882,0.042653408,0.04350704,0.049597446,-0.013277595,0.0022973155,-0.00568294,-0.003777724,-0.0018056594,0.70753294,0.099847764,0.62130773,0.5843097,0.40425265,0.0036276218,-0.02131989,0.013241187,-0.0020365375,-0.019743264,1.0561639,1.0561639,1.1487516,1.1639155,1.2169403,0.9833886,0.97547805,0.97547805,0.97547805,0.97547805,1.0403004,1.0314581,1.0872325,1.0912852,1.103585,0.9988947,0.9957205,0.9992064,1.0111946,1.0294175,0.4,0.5,0.25,0.16666667,0.083333336,0.22825578,0.30391908,0.1415217,0.1301332,0.1015561,0.4,0.7,0.05,0.33333334,0.016666668,0.8,0.3,0.65,0.76666665,0.8833333,-0.4,0.4,-0.6,-0.43333334,-0.8666667,-0.46255141,-0.45137784,0.4383901,0.2339149,-0.022486128,-0.344609,-0.45875517,-0.21605866,0.54927313,0.123062834,0.6,0.6,0.35,0.4,0.4,0.4,0.4,0.65,0.6,0.6,0.2,0.2,-0.3,-0.2,-0.2,0.43962008,0.45638636,0.27113456,0.44397998,0.41692275,0.5603799,0.5436137,0.72886544,0.55602,0.58307725,-0.12075985,-0.08722729,-0.45773092,-0.11204003,-0.16615449,1.1091009,1.1416105,1.2918062,1.2614431,1.1674048,0.18607232,0.20713082,0.30182332,0.59658206,0.52917427,0.6807848,0.5795933,0.5584842,1.9004171,1.4622302,0.53236526,0.45366454,0.3438912,0.4928662,0.5028371,0.46763477,0.54633546,0.6561088,0.5071338,0.4971629,0.06473049,-0.09267092,-0.3122176,-0.0142676,0.005674212
SZ000617,0.0652827806261662,0.875,,2026-05-29,0.0077519417,0.027131755,0.28571472,0.016795833,0.61904705,0.0025839806,0.09523824,-0.006459911,-0.23809409,0.99230766,1.0166667,0.9897436,1.0067564,1.0422761,1.1308471,1.1973959,1.2589616,1.233403,1.0061727,1.0484649,1.1179553,1.1491507,1.2106923,0.014186495,0.053395715,0.08270792,0.08189637,0.10484862,-0.0070728147,-0.01674972,-0.01363947,-0.008444398,-0.0032564772,0.6214044,0.90201485,0.9518506,0.8239668,0.2942188,0.007972994,0.02690886,0.01161964,-0.026706973,-0.114626214,1.0449476,1.152532,1.2230761,1.2743658,1.5089884,0.9756295,0.9756295,0.9756295,0.9756295,0.9756295,1.0192895,1.1020415,1.1994535,1.2092268,1.3076676,0.9953705,0.9992284,1.0231475,1.0546215,1.1445749,0.6,0.3,0.15,0.1,0.05,0.3515742,0.13776216,0.09848781,0.08157853,0.045692433,0.2,0.1,0.1,0.033333335,0.41666666,0.8,0.9,0.95,0.96666664,0.98333335,-0.6,-0.8,-0.85,-0.93333334,-0.56666666,0.3405985,0.4510529,0.4839574,0.59366155,0.8373674,-0.1135375,-0.5662537,-0.32316938,-0.2582903,0.5096299,0.4,0.4,0.35,0.36666667,0.38333333,0.6,0.6,0.65,0.6333333,0.6,-0.2,-0.2,-0.3,-0.26666668,-0.21666667,0.13370512,0.15034373,0.17920569,0.22685646,0.43553543,0.86629486,0.8496563,0.8207943,0.77314353,0.56446457,-0.7325897,-0.69931257,-0.6415886,-0.54628706,-0.12892914,0.878753,0.9870368,1.054428,1.1772162,2.2733092,0.15877293,0.20662406,0.21292499,0.32351166,1.7528013,0.87466633,1.0277913,1.0184222,0.9363829,1.8476964,0.50995785,0.495615,0.5081764,0.39102986,0.47754008,0.49004218,0.504385,0.49182364,0.6089701,0.5224599,0.019915657,-0.008770001,0.016352713,-0.21794026,-0.044919837
SH601601,0.06494268848567035,0.75,,2026-05-29,0.0040561548,0.018720793,0.21666577,0.012792591,0.683336,0.0018720459,0.09999822,-0.0068643903,-0.366672,0.99596024,1.012741,0.99409574,1.0038333,1.0209696,1.0734899,1.129473,1.1933436,1.2427857,1.0152751,1.0262024,1.0821855,1.1058357,1.1532449,0.018096462,0.01901906,0.06318479,0.0622168,0.06890109,-0.01065795,-0.0056408662,-0.010253512,-0.0064013675,-0.0034031305,0.8671615,0.8063526,0.9216971,0.8204118,0.74405456,0.006040767,-0.00081852474,0.015222863,-0.013015796,-0.05285255,1.0592422,1.0715829,1.1952078,1.2067518,1.279888,0.9824476,0.9824476,0.9824476,0.9824476,0.9824476,1.0329357,1.0404772,1.1568296,1.1596769,1.2170836,0.9990381,1.0112351,1.0246634,1.0342056,1.1073105,0.4,0.2,0.1,0.06666667,0.033333335,0.22856276,0.19691858,0.08249845,0.07825257,0.059011422,0.4,0.4,0.1,0.033333335,0.18333334,0.8,0.9,0.95,0.96666664,0.98333335,-0.4,-0.5,-0.85,-0.93333334,-0.8,-0.115281105,-0.34491682,0.3470449,-0.18025202,-0.29719374,0.42689845,-0.02936616,0.2141418,0.22069165,0.09170092,0.4,0.2,0.25,0.2,0.35,0.6,0.8,0.75,0.76666665,0.6166667,-0.2,-0.6,-0.5,-0.56666666,-0.26666668,0.318936,0.16724677,0.2761141,0.23171346,0.381569,0.681064,0.83275324,0.7238859,0.7682865,0.61843103,-0.362128,-0.6655064,-0.44777182,-0.5365731,-0.23686202,0.9233511,0.85528004,0.9761014,0.8370131,0.7439953,0.11653189,0.18219632,0.3276174,0.33369347,0.28294328,0.6400207,0.6585464,1.1325717,1.336738,1.1939753,0.67296803,0.56073844,0.5279641,0.5214556,0.50330704,0.32703197,0.4392616,0.47203588,0.4785444,0.49669296,0.34593606,0.12147685,0.05592826,0.042911183,0.006614076
SH600025,0.06451704126967506,0.75,,2026-05-29,0.032325365,0.035453644,0.91176426,0.0020855197,0.058823843,0.0010427599,0.029411921,0.031282607,0.8823523,0.9686868,1.0020202,0.96767676,0.9945825,0.93273175,0.96062344,0.97703034,0.9507793,0.973749,0.969155,0.96390486,0.9662018,0.969155,0.99260324,0.021254681,0.02298917,0.016302072,0.015290587,0.035377167,0.012879407,0.0017202378,-0.00014309744,-0.0003774133,-0.0015789409,0.91795754,0.051326517,0.0026967844,0.04721584,0.6075549,0.0050861514,0.0283541,0.035157632,0.036317457,0.05397554,1.0020202,1.0050504,1.0050504,1.0050504,1.0770615,0.9296299,0.9296299,0.9296299,0.9296299,0.9296299,0.9776866,0.9776866,0.97227234,0.97768664,1.0339622,0.95619357,0.9424118,0.9588187,0.96045935,0.96259224,1.0,0.95,0.975,0.98333335,0.65833336,0.97209275,0.9330358,0.9330358,0.9330358,0.47730663,1.0,0.2,0.6,0.73333335,0.15,0.2,0.6,0.8,0.8666667,0.93333334,0.8,-0.4,-0.2,-0.13333334,-0.78333336,0.9311902,0.5935524,0.3584267,0.08801805,0.1800456,0.26771438,0.56813437,0.509337,0.46485886,0.19563296,0.8,0.6,0.55,0.56666666,0.46666667,0.0,0.3,0.4,0.4,0.48333332,0.8,0.3,0.15,0.16666667,-0.016666668,1.0,0.61320764,0.5514706,0.576923,0.52168024,0.0,0.3867924,0.44852945,0.42307696,0.4783198,1.0,0.22641525,0.10294111,0.15384609,0.043360427,0.6801672,0.72515374,0.6852722,0.61343193,0.5903374,0.21078794,0.21347158,0.19775614,0.19265899,0.21278532,1.0596422,1.0467565,1.3738338,1.3680067,1.2567725,0.7010988,0.51249725,0.5963241,0.5689949,0.5096013,0.29890117,0.48750275,0.40367588,0.4310051,0.49039873,0.40219766,0.024994465,0.19264822,0.1379898,0.019202553
SH600027,0.064171066491735,0.625,,2026-05-29,0.049056612,0.07169817,0.6842101,0.018867962,0.26315823,0.0037735922,0.052631643,0.033962242,0.47368357,0.9532374,1.0179857,0.9496403,0.98708355,0.9223529,0.96000004,0.89568627,0.827451,0.9333334,0.95309806,0.95066667,0.9415687,0.9146144,0.9083922,0.028367855,0.027278507,0.027548704,0.046407368,0.0510097,0.016235279,0.0008128355,0.0024520138,0.004584092,0.0002582416,0.81885415,0.008139086,0.2772755,0.75619626,0.007817118,0.014431359,0.045675546,0.035137217,0.018916262,0.083989695,1.0179857,1.0179857,1.0179857,1.0179857,1.0179857,0.91323245,0.91323245,0.877569,0.82326686,0.80895364,0.962353,0.971451,0.9614118,0.9540393,0.9501177,0.9312942,0.92800003,0.9212549,0.8746667,0.84627455,1.0,1.0,1.0,1.0,1.0,0.8283045,0.8283045,0.8719123,0.9076327,0.9139574,1.0,1.0,1.0,1.0,1.0,0.2,0.6,0.05,0.033333335,0.41666666,0.8,0.4,0.95,0.96666664,0.5833333,0.9606065,0.8477433,0.73497427,0.69467723,0.6197965,0.8353114,0.7155713,0.49285847,0.48635554,0.43397075,1.0,0.7,0.75,0.73333335,0.55,0.0,0.2,0.2,0.2,0.38333333,1.0,0.5,0.55,0.53333336,0.16666667,1.0,0.6153845,0.67828417,0.7330509,0.5428859,0.0,0.3846155,0.32171583,0.26694915,0.45711407,1.0,0.23076901,0.35656834,0.46610174,0.08577184,0.5230515,0.47641587,0.4736588,0.42946506,0.44638032,0.29798606,0.22504431,0.18824063,0.17697279,0.19399664,1.6449648,1.3824784,1.2883549,1.377369,1.3259765,0.99433464,0.6604546,0.5874496,0.6073452,0.5218023,0.0056653656,0.33954543,0.4125504,0.39265478,0.4781977,0.9886693,0.32090917,0.17489924,0.21469046,0.04360459
SH600674,0.0632328302655943,0.75,,2026-05-29,0.03333328,0.038666654,0.8620678,0.0,0.0,0.005333375,0.13793217,0.038666654,1.0,0.96774197,1.0,0.9625807,0.98889273,0.95871395,0.9671077,0.9909802,0.9296913,0.9541898,0.9767705,0.97393376,0.97948503,0.97426,0.9798113,0.013496937,0.015600095,0.013810463,0.016391898,0.024220644,0.006387815,0.0007347904,-0.000942433,0.00057659706,-0.00048976496,0.5599822,0.02033686,0.16298683,0.09589327,0.124710746,0.010453826,0.022759711,0.029468097,0.017379344,0.034636777,1.0,1.0180639,1.0180639,1.0180639,1.055489,0.9541861,0.94064933,0.94064933,0.9258059,0.91936857,0.98090196,0.98090196,0.9913672,0.9883853,1.0001309,0.96941817,0.9643819,0.9676085,0.96528673,0.9603927,1.0,0.9,0.95,0.96666664,0.8,1.0,0.7666605,0.7666605,0.8042025,0.592354,1.0,0.2,0.6,0.73333335,0.15,0.2,0.5,0.75,0.033333335,0.5,0.8,-0.3,-0.15,0.7,-0.35,0.9095006,0.78985506,0.3652357,0.5197009,0.53407955,0.6639095,0.7520003,0.63590866,0.6642389,0.55769426,0.8,0.7,0.5,0.53333336,0.45,0.2,0.3,0.45,0.4,0.5,0.6,0.4,0.05,0.13333334,-0.05,0.8902637,0.6185885,0.5236179,0.6166777,0.53477323,0.10973632,0.3814115,0.47638205,0.38332227,0.4652268,0.78052735,0.23717701,0.047235902,0.23335546,0.06954641,0.58284396,0.54729486,0.50173324,0.4889432,0.5070515,0.24954502,0.20151602,0.16780333,0.1846722,0.20708017,1.4625272,1.1214825,1.3742145,1.4037879,1.2705885,0.88003814,0.6552382,0.5630815,0.5757648,0.49841687,0.11996188,0.3447618,0.4369185,0.42423525,0.5015831,0.7600762,0.31047642,0.12616302,0.15152952,-0.0031662525
SH601377,0.06299407934363584,1.0,,2026-05-29,0.008771959,0.022806961,0.38461763,0.012280654,0.5384608,0.0017543476,0.07692158,-0.0017543476,-0.07692158,0.99130434,1.0121739,0.98956525,1.0026592,1.0123839,1.0247679,1.0278637,1.050774,1.1547987,1.0080495,1.0140557,1.0345201,1.0348194,1.055098,0.011559234,0.011551117,0.024738343,0.020849867,0.042925056,-0.00433436,-0.002765737,-0.0035582746,-0.0012038137,-0.0017819365,0.35150525,0.52551514,0.724112,0.2583531,0.52560866,0.00061918487,-0.0016099105,-0.0007165057,-0.017364092,-0.0025309124,1.0365874,1.0576106,1.0804385,1.0804385,1.1620816,0.9792738,0.9792738,0.9792738,0.9792738,0.97756237,1.0191951,1.0199381,1.0616719,1.0542414,1.103777,0.9986378,1.006935,1.0123839,1.0191951,1.0191951,0.4,0.2,0.1,0.06666667,0.06666667,0.36162773,0.26457784,0.20487563,0.20487563,0.121600494,0.6,0.4,0.2,0.46666667,0.016666668,0.8,0.9,0.95,0.96666664,0.41666666,-0.2,-0.5,-0.75,-0.5,-0.4,-0.45144147,-0.595163,0.2273258,0.26020378,0.028976735,-0.49665093,-0.25025842,0.021691099,0.11587032,0.154509,0.4,0.3,0.4,0.36666667,0.38333333,0.4,0.5,0.5,0.56666666,0.56666666,0.0,-0.2,-0.1,-0.2,-0.18333334,0.36842117,0.35915488,0.43362838,0.40639266,0.39669424,0.6315788,0.6408451,0.5663716,0.5936073,0.60330576,-0.26315764,-0.2816902,-0.13274324,-0.18721467,-0.20661151,1.0503033,0.95171434,1.0504273,0.9597456,0.95294714,0.13354315,0.35907498,0.32211587,0.30633393,0.31968018,1.1876413,1.12448,0.8561655,0.9538323,1.1375175,0.55560094,0.4792808,0.5084585,0.49062246,0.4910392,0.44439906,0.52071923,0.49154148,0.50937754,0.5089608,0.11120189,-0.041438423,0.016917042,-0.018755076,-0.017921612
SH688303,0.06165054581969502,1.0,,2026-05-29,0.0036082992,0.08247423,0.04375062,0.05309272,0.6437492,0.025773214,0.31250018,-0.023711208,-0.28749835,0.99640465,1.0529019,0.9707241,1.0105082,1.0607325,1.0885489,1.1441817,1.1302736,1.2364395,1.0044506,1.0420492,1.0988873,1.1222994,1.1301498,0.009892302,0.043582898,0.06857508,0.0666026,0.06261133,-0.0049142204,-0.013438977,-0.010707575,-0.006216766,-0.0018513871,0.6169565,0.8715889,0.8533314,0.6752248,0.26667878,0.005377825,0.01842627,0.0028346342,-0.032156363,-0.07553396,1.055695,1.1394454,1.2127538,1.2755694,1.2755694,0.96639246,0.96639246,0.96639246,0.96639246,0.96639246,1.0065832,1.0916088,1.1680111,1.1795086,1.1829393,0.99944365,1.0003709,1.0179878,1.0576727,1.0723226,0.4,0.2,0.1,0.06666667,0.033333335,0.37633336,0.19420381,0.13641566,0.10870001,0.10870001,0.2,0.4,0.2,0.16666667,0.5833333,0.8,0.9,0.95,0.96666664,0.98333335,-0.6,-0.5,-0.75,-0.8,-0.4,-0.15002078,-0.29034495,0.24950774,0.25787845,0.18159644,0.33100766,0.06776414,0.07906653,0.28204787,0.5234583,0.2,0.4,0.45,0.43333334,0.43333334,0.8,0.6,0.55,0.56666666,0.56666666,-0.6,-0.2,-0.1,-0.13333334,-0.13333334,0.041958105,0.24258761,0.34917563,0.40028393,0.40207377,0.9580419,0.7574124,0.65082437,0.59971607,0.5979262,-0.9160838,-0.5148248,-0.3016487,-0.19943215,-0.19585243,0.67719424,0.635942,0.7040865,0.70172006,0.59044784,0.18861185,0.14864296,0.1600038,0.1826438,0.21212889,1.1533879,1.0871472,0.87966883,0.9570463,1.2607054,0.76993877,0.506756,0.5762182,0.51540476,0.5251954,0.23006125,0.493244,0.4237818,0.48459527,0.47480455,0.5398775,0.01351204,0.15243636,0.030809492,0.050390888
SZ003816,0.06144755692107926,1.0,,2026-05-29,0.020044513,0.040089108,0.499999,0.013363008,0.33333266,0.0066815857,0.16666836,0.013363089,0.33333468,0.98034936,1.0131004,0.9737991,1.0001373,0.9757009,1.0429907,1.0280374,0.9682243,0.8859813,0.9925234,1.0013084,1.0128037,1.006729,0.97872275,0.010978828,0.032638106,0.029530808,0.028771563,0.0456762,-0.0013084098,-0.0058340393,-0.0016175952,0.0005987963,0.001941401,0.03550713,0.29288712,0.105016395,0.03356858,0.55099845,0.010093456,0.024944775,0.0025634267,-0.015411506,-0.035994064,1.0165143,1.0782027,1.0782027,1.0782027,1.0782027,0.95295954,0.95295954,0.95295954,0.95012075,0.8622822,1.0011215,1.0138317,1.0414953,1.0392523,1.013084,0.9813084,0.98018694,0.988785,0.98093456,0.94130844,0.8,0.65,0.4,0.43333334,0.65,0.74015677,0.37559313,0.37559313,0.38943234,0.63781714,0.4,0.2,0.6,0.73333335,0.8666667,0.2,0.6,0.8,0.033333335,0.033333335,0.2,-0.4,-0.2,0.7,0.8333333,0.66107,-0.05320054,-0.011560459,0.04497774,-0.3524046,0.35756424,-0.30724946,-0.44545746,-0.23154806,-0.029101517,0.6,0.6,0.7,0.6666667,0.5833333,0.2,0.3,0.25,0.3,0.38333333,0.4,0.3,0.45,0.36666667,0.2,0.6666667,0.40170935,0.45856354,0.53586495,0.5724465,0.33333334,0.5982906,0.54143643,0.46413505,0.42755347,0.33333334,-0.19658129,-0.08287292,0.07172992,0.14489304,0.7676247,0.9293033,0.981639,0.9548844,1.257899,0.13720459,0.25867456,0.23162721,0.20889327,0.52239436,0.6511539,1.1454865,1.2032437,1.2099526,1.2073442,0.5589775,0.5091648,0.5146795,0.5202755,0.4739782,0.44102255,0.49083516,0.48532048,0.4797245,0.52602184,0.11795493,0.01832967,0.029359015,0.040551,-0.052043617
SH603799,0.0612951744374486,1.0,,2026-05-29,-0.031802133,0.033568844,-0.9473705,0.0017667104,0.05262947,0.0,0.0,-0.033568844,-1.0,1.0328467,1.0346714,1.0,1.0167652,1.0744538,1.0610902,1.171675,1.1636852,1.4193594,1.0291734,1.0416743,1.1051155,1.1281128,1.1284688,0.02284435,0.02278898,0.07874399,0.07318462,0.08070592,-0.012373607,-0.0050668605,-0.012455004,-0.0067463303,-0.0017126575,0.7334576,0.45314753,0.87563074,0.658563,0.13735047,-0.004426204,-0.018873435,0.013206952,-0.03029104,-0.077945314,1.081386,1.0827073,1.2818413,1.2818413,1.4045304,0.994168,0.994168,0.994168,0.994168,0.97570115,1.0454783,1.0600721,1.1962242,1.1948526,1.2056282,1.0160645,1.0230219,1.0394965,1.0541751,1.0521954,0.2,0.1,0.05,0.033333335,0.016666668,0.06686737,0.06586943,0.020273125,0.020273125,0.05666321,0.2,0.4,0.2,0.46666667,0.016666668,0.8,0.9,0.95,0.96666664,0.26666668,-0.6,-0.5,-0.75,-0.5,-0.25,0.88578725,0.58542776,0.90709555,0.7826158,0.11573417,0.63081825,0.3691345,0.48086753,0.33150545,0.18649699,0.2,0.3,0.3,0.33333334,0.36666667,0.8,0.7,0.7,0.6666667,0.6333333,-0.6,-0.4,-0.4,-0.33333334,-0.26666668,0.16571392,0.35031188,0.320361,0.3897514,0.3722373,0.8342861,0.6496881,0.67963904,0.6102486,0.62776273,-0.6685721,-0.29937625,-0.35927805,-0.2204972,-0.25552544,1.1080797,1.1254345,1.4647949,1.5345265,1.3474859,0.14360593,0.12587717,0.40788442,0.4141441,0.45259076,0.57834136,0.7519653,0.76337826,0.7625322,0.8552402,0.31711522,0.34460974,0.48102358,0.41607714,0.49949503,0.68288475,0.65539026,0.5189764,0.58392286,0.500505,-0.36576954,-0.31078053,-0.037952818,-0.16784574,-0.00100996
SZ000333,0.06054008903444226,0.875,,2026-05-29,0.024455206,0.034972068,0.6992783,0.005195081,0.14854944,0.0053217793,0.15217228,0.024581905,0.7029011,0.9761286,1.005071,0.97093385,0.9962181,0.9929607,1.0212934,0.99506587,0.94682133,0.95796144,0.9874915,0.99728733,0.9986985,0.99228305,0.96598977,0.00859445,0.01409005,0.01216459,0.01487872,0.030422918,0.0018289057,-0.0034362623,-0.00047919707,0.0008342379,0.001393457,0.11321043,0.5452039,0.054312695,0.243641,0.6398604,0.0088506965,0.01817585,0.005853893,-0.0043794937,-0.0070967483,1.005071,1.0320399,1.0320399,1.0320399,1.0320399,0.97093385,0.97093385,0.97093385,0.9424883,0.88769704,0.9918949,1.008048,1.008048,1.003614,0.9945483,0.98244333,0.9865047,0.9893248,0.9833117,0.9430846,1.0,0.6,0.6,0.73333335,0.8666667,0.85145056,0.47566742,0.47566742,0.6422184,0.7780292,1.0,0.1,0.55,0.7,0.85,1.0,1.0,1.0,0.033333335,0.33333334,0.0,-0.9,-0.45,0.6666667,0.51666665,0.82545996,0.7342263,0.6017294,0.61427623,0.33665597,0.882916,0.68303674,0.52489406,0.50807595,0.13074827,0.4,0.4,0.5,0.53333336,0.5,0.6,0.5,0.45,0.43333334,0.48333332,-0.2,-0.1,0.05,0.1,0.016666668,0.5679222,0.3923747,0.51397,0.6105992,0.5394818,0.43207785,0.6076253,0.48602995,0.38940078,0.46051818,0.1358443,-0.2152506,0.027940087,0.22119844,0.07896362,0.6533562,0.7074795,0.77715635,0.72231686,0.6638869,0.19485025,0.14968325,0.14540327,0.15026918,0.21589504,1.1423827,1.02247,0.8489032,0.87158066,1.7677032,0.6966531,0.50353956,0.5651562,0.5758982,0.5197625,0.30334687,0.49646044,0.4348438,0.42410186,0.48023748,0.39330626,0.007079152,0.1303124,0.15179628,0.03952502
SH688223,0.05804128588285262,1.0,,2026-05-29,-0.05636069,0.07246379,-0.7777773,0.006441239,0.08888907,0.009661858,0.13333361,-0.05314007,-0.7333328,1.059727,1.0665529,0.98976105,1.0120003,1.1416804,1.1647446,1.0609555,1.1301482,1.2553542,1.0517298,1.0906096,1.1446458,1.1457441,1.1875068,0.034174085,0.051274143,0.08121549,0.0706129,0.09603474,-0.018780883,-0.015136535,-0.008009314,-0.002966502,-0.003423933,0.75505453,0.79885423,0.3403932,0.13678008,0.387698,-0.014168025,-0.022495111,-0.068557285,-0.102729775,-0.0865008,1.1433766,1.1892189,1.3354576,1.3354576,1.4999232,0.98976105,0.98976105,0.98976105,0.98976105,0.98976105,1.0698516,1.1429983,1.2266886,1.1911037,1.2658978,1.0329489,1.0570016,1.0734761,1.0889621,1.1080724,0.2,0.1,0.05,0.033333335,0.016666668,0.06665295,0.05133382,0.029618267,0.029618267,0.020069951,0.2,0.1,0.45,0.6333333,0.11666667,1.0,1.0,1.0,1.0,1.0,-0.8,-0.9,-0.55,-0.36666667,-0.8833333,-0.49630904,0.09560207,0.64436454,0.52777475,0.7436323,-0.25506777,0.23695315,0.29939154,0.43594003,0.5030312,0.2,0.3,0.55,0.43333334,0.41666666,0.8,0.7,0.45,0.53333336,0.55,-0.6,-0.4,0.1,-0.1,-0.13333334,0.109090984,0.25961557,0.45727485,0.4320138,0.44186047,0.890909,0.74038446,0.54272515,0.5679862,0.5581395,-0.78181803,-0.4807689,-0.085450284,-0.1359724,-0.11627906,0.8488632,0.86859375,1.0053024,0.9201975,1.0707006,0.097607166,0.11535422,0.26471943,0.27191547,0.4315552,0.608814,0.754174,0.8810558,0.9969598,1.0736682,0.39509138,0.3216531,0.55446386,0.5356474,0.49057522,0.60490865,0.67834693,0.44553617,0.4643526,0.5094248,-0.20981725,-0.3566938,0.1089277,0.07129481,-0.018849563
SZ000338,0.05731867595208287,1.0,,2026-05-29,-0.015324632,0.037336346,-0.41044807,0.012538335,0.33582115,0.009473379,0.25373074,-0.018389588,-0.49253848,1.0155631,1.0282966,0.9903792,1.0067865,0.9623596,0.98386496,0.85115194,0.7408011,0.78437907,0.9909417,0.963354,0.9531963,0.9001215,0.80831337,0.0099261515,0.0323673,0.039556522,0.08608725,0.11422411,0.0026597953,0.00887072,0.003824667,0.008675889,0.0055169114,0.17950423,0.6885194,0.3272044,0.7871401,0.7115023,0.0037386995,-0.003272243,0.010469393,-0.025921902,0.028937766,1.0282966,1.0282966,1.0282966,1.0282966,1.0282966,0.94085723,0.889928,0.8392778,0.7399576,0.60554266,0.99931455,0.99439317,0.98698336,0.9777537,0.9435792,0.9841522,0.9349746,0.92478913,0.8259175,0.70299894,1.0,1.0,1.0,1.0,1.0,0.67638606,0.79549843,0.8502974,0.90186346,0.933066,1.0,1.0,1.0,1.0,1.0,0.2,0.3,0.05,0.16666667,0.31666666,0.8,0.7,0.95,0.8333333,0.68333334,0.8342787,-0.47042915,-0.0679886,-0.10119163,-0.22908193,0.1862624,-0.0095242625,0.11226261,0.2285607,0.0043832017,0.6,0.4,0.55,0.6333333,0.53333336,0.4,0.6,0.45,0.36666667,0.46666667,0.2,-0.2,0.1,0.26666668,0.06666667,0.7628517,0.5422379,0.65238446,0.6970748,0.58193386,0.23714827,0.45776215,0.34761554,0.30292526,0.4180661,0.5257035,0.084475696,0.3047689,0.39414948,0.16386777,0.80875313,0.9131365,1.0697492,1.0929762,1.1988387,0.16083711,0.17164713,0.28810102,0.28946212,0.3765513,0.9454593,0.9446165,1.0090102,1.0169878,0.858252,0.5265233,0.48689094,0.49093324,0.47813714,0.49544683,0.4734767,0.513109,0.50906676,0.52186286,0.5045532,0.05304657,-0.02621811,-0.018133504,-0.04372571,-0.009106338
SZ300803,0.056429793524719746,0.875,,2026-05-29,-0.037816864,0.062015537,-0.6097966,0.018960847,0.3057435,0.005237827,0.084459916,-0.051539883,-0.83108014,1.0393032,1.0590093,0.9945563,1.0227486,1.0690403,1.0828035,1.0454035,1.1306007,1.2454934,1.0562346,1.0741566,1.0975016,1.0904181,1.1072544,0.039088827,0.033583593,0.043865643,0.03888631,0.050646637,-0.023247821,-0.008778341,-0.0039744047,-0.0004528264,-0.0015219796,0.8842993,0.6262994,0.2873182,0.010509252,0.27543318,-0.009738936,-0.034654114,-0.05974484,-0.08385215,-0.06235595,1.1233561,1.189979,1.1961688,1.1961688,1.2890341,0.9945563,0.9945563,0.9945563,0.9945563,0.9945563,1.0891017,1.0977186,1.124527,1.1103299,1.1552546,1.0312364,1.0538858,1.0671853,1.0593313,1.068442,0.2,0.1,0.05,0.033333335,0.016666668,0.042264756,0.027855994,0.02700076,0.02700076,0.01848591,0.2,0.4,0.3,0.53333336,0.016666668,1.0,1.0,1.0,1.0,1.0,-0.8,-0.6,-0.7,-0.46666667,-0.98333335,0.32810247,0.07260702,0.26160097,0.38209644,0.19260472,-0.16675651,0.3597455,0.5125332,0.4929023,0.4926858,0.4,0.5,0.5,0.43333334,0.43333334,0.6,0.5,0.5,0.56666666,0.56666666,-0.2,0.0,0.0,-0.13333334,-0.13333334,0.22611271,0.29938403,0.45073855,0.39712465,0.40486956,0.7738873,0.70061594,0.54926145,0.60287535,0.59513044,-0.5477746,-0.4012319,-0.098522894,-0.20575067,-0.1902609,1.0431218,1.118483,1.096387,0.9832863,0.8955139,0.066829585,0.4458137,0.40948936,0.37578508,0.334987,0.4868996,0.74247897,1.0070143,1.0549186,1.0827708,0.24183309,0.49005863,0.52235264,0.5029967,0.50647986,0.7581669,0.5099414,0.47764736,0.49700332,0.49352017,-0.5163338,-0.019882748,0.04470529,0.0059933714,0.012959665
SH601059,0.056293552326528565,0.875,,2026-05-29,0.009389675,0.015258274,0.61538255,0.0058685984,0.38461745,0.0,0.0,0.003521077,0.23076509,0.9906977,1.005814,0.9906977,1.0006634,0.99598163,0.96555686,0.9764638,0.9902411,1.0241102,1.0013777,0.9974742,0.9910448,0.9859166,0.9849694,0.0066525885,0.01129522,0.012066472,0.012961078,0.020777091,-0.0024684346,0.0015655936,0.00109631,0.0009404503,-0.00011288069,0.34419298,0.17610845,0.28891766,0.4080291,0.009002636,0.0035591333,-0.004519357,-0.0014597436,0.00044687893,0.018360576,1.0120988,1.0180308,1.0180308,1.0180308,1.0311283,0.985582,0.96202576,0.9574185,0.9574185,0.9389884,1.0049368,1.0044776,1.0006889,0.99804825,1.0065442,0.99816304,0.9949483,0.9819748,0.9764638,0.9638347,0.4,0.6,0.8,0.8666667,0.71666664,0.5437304,0.6780507,0.7025225,0.7025225,0.66216236,0.4,0.4,0.7,0.8,0.016666668,0.8,0.1,0.5,0.6666667,0.25,-0.4,0.3,0.2,0.13333334,-0.23333333,-0.64939153,0.399527,0.60165393,0.6721876,0.48293653,-0.55044067,0.5162226,0.50509566,0.48335522,0.27181467,0.6,0.6,0.5,0.46666667,0.45,0.4,0.4,0.45,0.5,0.51666665,0.2,0.2,0.05,-0.033333335,-0.06666667,0.55072474,0.689873,0.57295364,0.52242744,0.4748804,0.44927529,0.31012702,0.42704636,0.4775726,0.5251196,0.10144945,0.37974596,0.14590727,0.044854823,-0.050239187,0.7739307,0.8809926,0.7096243,0.5960173,0.6023017,0.19471477,0.33770782,0.30689427,0.300871,0.29709882,0.64404863,1.3084911,1.3730361,1.5189317,1.5699114,0.6164482,0.5648258,0.55051535,0.548737,0.5028848,0.38355175,0.43517426,0.44948465,0.451263,0.49711516,0.2328965,0.1296515,0.1010307,0.097473994,0.005769655
SH600875,0.05584438039504536,0.75,,2026-05-29,-0.044221375,0.050461173,-0.87634456,0.0,0.0,0.0062397975,0.12365542,-0.037981577,-0.7526891,1.0462674,1.0462674,0.9934715,1.0130508,1.0232636,1.108954,1.1223431,1.105021,1.0646863,1.0270126,1.0481005,1.0809623,1.11224,1.1017058,0.022037076,0.042527758,0.049492355,0.06539252,0.06704232,-0.0066694557,-0.010883736,-0.006616165,-0.006114206,-0.0006363626,0.22898804,0.60037494,0.62546706,0.6775255,0.02747964,-0.013673641,0.00087638776,-0.018108787,-0.023583924,-0.082933046,1.0573167,1.1677715,1.177914,1.2843542,1.288072,0.9934715,0.9934715,0.9934715,0.9934715,0.97615343,1.0485188,1.0662594,1.134293,1.1784937,1.1608033,1.0104436,1.0212218,1.0248703,1.0502259,1.0453055,0.2,0.1,0.05,0.033333335,0.06666667,0.1022551,0.037455518,0.035395842,0.022443747,0.076451235,0.8,0.1,0.2,0.23333333,0.06666667,1.0,1.0,1.0,1.0,0.016666668,-0.2,-0.9,-0.8,-0.76666665,0.05,0.6324724,0.783583,0.6655134,0.58657753,0.47774684,0.80451864,0.3594406,0.20909671,0.52140903,0.42716262,0.6,0.4,0.5,0.46666667,0.43333334,0.4,0.6,0.5,0.53333336,0.56666666,0.2,-0.2,0.0,-0.06666667,-0.13333334,0.42146882,0.30886662,0.4022727,0.44603074,0.4852801,0.57853115,0.6911334,0.5977273,0.55396926,0.5147199,-0.15706234,-0.38226673,-0.19545458,-0.10793853,-0.029439809,0.9965679,1.1712502,1.4323835,1.4931499,1.6558155,0.106955595,0.2896565,0.43288508,0.4717733,0.5498222,0.45170897,0.6059018,0.90480125,1.0952761,1.0057194,0.5226099,0.33517018,0.5049659,0.46650696,0.4769911,0.4773901,0.66482985,0.49503413,0.53349304,0.52300894,0.045219798,-0.32965964,0.009931765,-0.06698607,-0.04601785
SZ002709,0.05454075388449013,1.0,,2026-05-29,0.008333342,0.063178286,0.13190201,0.035658974,0.56441826,0.019185966,0.30367973,-0.008139667,-0.12883648,0.9917355,1.0353643,0.9727081,1.0069445,1.1162874,1.1059071,1.0365216,0.94324434,0.79110646,1.0088067,1.0506289,1.0962952,1.0573403,0.95746416,0.013921357,0.04946209,0.06671243,0.08239209,0.12078483,-0.00419157,-0.0114363795,-0.009628394,0.0028552269,0.005580564,0.22663675,0.49005365,0.7290582,0.093070485,0.6510754,-0.0004236185,0.0008348096,-0.004825521,-0.098741084,-0.122090824,1.1089853,1.1608709,1.2488972,1.2488972,1.2488972,0.9667567,0.9667567,0.9667567,0.90731496,0.7551726,1.0214946,1.1102855,1.1410367,1.1233207,1.081763,0.9988528,0.9998474,1.0259861,0.9970162,0.8381634,0.6,0.3,0.15,0.3,0.65,0.23373148,0.17125635,0.117825314,0.2713403,0.49587843,0.2,0.4,0.15,0.43333334,0.71666664,0.8,0.9,0.95,0.033333335,0.083333336,-0.6,-0.5,-0.8,0.4,0.6333333,0.61538225,0.44691935,0.6670869,0.47692105,0.66706514,-0.29439923,0.11632602,0.05471238,0.18504725,0.37215984,0.4,0.4,0.45,0.46666667,0.48333332,0.6,0.6,0.55,0.53333336,0.51666665,-0.2,-0.2,-0.1,-0.06666667,-0.033333335,0.1736208,0.3339248,0.47593448,0.52612203,0.5580243,0.8263792,0.66607517,0.5240655,0.47387797,0.4419757,-0.6527584,-0.3321504,-0.04813104,0.05224404,0.116048574,1.0738271,1.1116018,1.2603581,1.2623751,1.092095,0.2858957,0.25415692,0.30597186,0.27849063,0.3450279,1.2588817,1.1585499,0.99514425,0.9200833,1.0017058,0.48043418,0.4508384,0.44397873,0.48370403,0.5205394,0.5195658,0.5491616,0.5560213,0.51629597,0.47946057,-0.03913162,-0.09832323,-0.11204256,-0.032591928,0.041078847
SH601688,0.05362578748248384,0.875,,2026-05-29,0.0038652401,0.02650466,0.14583248,0.0193263,0.7291661,0.0033131198,0.12500142,-0.01214794,-0.45833224,0.99614966,1.019252,0.9928493,1.0079482,0.9988138,1.0185844,1.0597074,1.0411229,1.1648873,1.0101225,1.0135627,1.035864,1.039146,1.0426717,0.014214547,0.013062676,0.027302379,0.023389498,0.03946305,-0.006287072,-0.0021112666,-0.0038256964,-0.0015563174,-0.0009780296,0.48906973,0.23946014,0.68720776,0.34312811,0.18733655,0.002451568,-0.0040619755,0.00048014123,-0.016579296,-0.013819793,1.0445763,1.0689888,1.0956186,1.0956186,1.1748536,0.98549247,0.98549247,0.98549247,0.98549247,0.96482575,1.0192171,1.0264927,1.0632662,1.0613681,1.0730724,0.99841833,0.9997628,1.0128114,1.0182681,1.0096481,0.4,0.3,0.15,0.1,0.13333334,0.24554129,0.17375045,0.13173562,0.13173562,0.16747421,0.4,0.4,0.35,0.56666666,0.016666668,0.8,0.9,0.95,0.96666664,0.41666666,-0.4,-0.5,-0.6,-0.4,-0.4,-0.17350839,-0.020839004,0.4035305,0.30241537,0.058132775,-0.05241546,0.31936052,0.3555053,0.5414733,0.32862362,0.6,0.5,0.45,0.43333334,0.4,0.4,0.5,0.5,0.53333336,0.56666666,0.2,0.0,-0.05,-0.1,-0.16666667,0.50810796,0.43304843,0.3894582,0.44514766,0.40595394,0.49189207,0.5669516,0.6105418,0.5548523,0.59404606,0.016215865,-0.13390312,-0.2210836,-0.10970467,-0.18809208,0.83708364,0.8790992,0.999405,0.91505736,0.77167124,0.1414713,0.25032064,0.32896793,0.3391327,0.3281936,0.45604068,0.6651649,0.7503908,0.8928263,1.025517,0.4514047,0.47729608,0.47184253,0.5142407,0.505544,0.5485953,0.52270395,0.5281575,0.48575935,0.49445596,-0.09719059,-0.045407835,-0.05631493,0.028481305,0.011088043
SH688036,0.05343167534277074,1.0,,2026-05-29,-0.008400539,0.046450377,-0.18084975,0.010871412,0.23404357,0.027178427,0.5851067,0.007906475,0.17021337,1.0084717,1.0194352,0.97259134,0.9960738,1.0524982,0.99391913,0.960981,0.85345083,0.90331405,1.0257626,1.0366879,0.9984645,0.96279174,0.92825747,0.022669248,0.024315324,0.04423062,0.06586352,0.063326046,-0.014158293,-0.004910153,0.005666872,0.006818742,0.002267448,0.9751861,0.37380177,0.57452476,0.83065426,0.3910297,0.0025539838,-0.01459222,-0.052299827,-0.061663523,0.0048528262,1.0693791,1.0822868,1.0822868,1.0822868,1.0822868,0.97259134,0.97259134,0.932641,0.84655595,0.8317932,1.046397,1.052559,1.0461335,1.0241208,0.9743184,1.0070537,1.0196817,0.95396775,0.8914969,0.8696463,0.2,0.1,0.55,0.7,0.85,0.28318307,0.24986137,0.4501227,0.6509289,0.6715013,0.4,0.2,0.6,0.73333335,0.8666667,1.0,1.0,0.1,0.13333334,0.25,-0.6,-0.8,0.5,0.6,0.6166667,-0.06201286,0.43171388,0.5150173,0.62494177,0.695465,0.1802514,0.28274763,0.48134655,0.69705486,0.65406144,0.2,0.4,0.45,0.5,0.45,0.8,0.6,0.55,0.5,0.55,-0.6,-0.2,-0.1,0.0,-0.1,0.0057252636,0.514313,0.5588146,0.6406616,0.5423849,0.99427474,0.48568702,0.44118538,0.3593384,0.45761505,-0.9885495,0.02862598,0.117629215,0.2813232,0.0847699,0.88063717,1.0759387,0.98374474,0.93310255,0.79210746,0.14906605,0.35439593,0.31371608,0.37310135,0.35425225,0.7334785,1.1972806,1.260903,1.2589381,1.5075954,0.6209841,0.4272122,0.4367175,0.53351665,0.5011836,0.37901592,0.57278776,0.5632825,0.46648335,0.49881637,0.24196815,-0.14557555,-0.12656496,0.067033306,0.0023672723
SH601816,0.05236995334779844,0.75,,2026-05-29,0.020325169,0.024390234,0.8333323,0.0,0.0,0.0040650642,0.1666677,0.024390234,1.0,0.9800797,1.0,0.9760956,0.9931817,0.96863467,0.9870849,0.9778598,0.9815498,1.0,0.9767528,0.97804433,0.97942805,0.98031986,0.99249697,0.014327132,0.01308822,0.012645623,0.01097783,0.01727066,0.008487089,-0.00030191432,9.710011e-06,-0.00015269117,-0.0007045829,0.87728137,0.00487773,2.0636071e-05,0.014993276,0.5076287,0.0062730326,0.023314303,0.020479675,0.021894183,0.028288234,1.0,1.010559,1.0453583,1.0453583,1.0453583,0.9611098,0.9611098,0.9611098,0.9611098,0.9611098,0.9837639,0.992989,0.992989,0.98819196,1.0092251,0.9675277,0.9682657,0.9682657,0.9701107,0.9756458,1.0,1.0,0.95,0.96666664,0.60833335,1.0,0.7864691,0.46161318,0.46161318,0.46161318,1.0,0.2,0.35,0.56666666,0.78333336,0.2,0.6,0.8,0.8666667,0.93333334,0.8,-0.4,-0.45,-0.3,-0.15,0.9727111,0.8555988,0.8105479,0.6200694,0.20964265,0.948501,0.75108933,0.802891,0.7935755,0.3587943,0.8,0.6,0.5,0.46666667,0.48333332,0.2,0.4,0.45,0.46666667,0.45,0.6,0.2,0.05,0.0,0.033333335,0.86956537,0.5813951,0.56818175,0.54310346,0.5,0.13043463,0.4186049,0.43181822,0.45689654,0.5,0.73913074,0.16279018,0.13636355,0.086206906,0.0,0.6239053,0.6679478,0.76119655,0.6634769,0.64517504,0.21481496,0.16908808,0.39967883,0.35642025,0.30380002,1.2114885,1.0620493,1.8964943,2.0608168,1.8273998,0.81168705,0.5894742,0.5560289,0.54248327,0.47932497,0.18831298,0.41052583,0.44397107,0.45751673,0.52067506,0.62337404,0.17894836,0.112057865,0.084966525,-0.04135007
SH601018,0.051745822053753165,1.0,,2026-05-29,0.017543888,0.020467797,0.8571459,0.0029239093,0.14285412,0.0,0.0,0.014619979,0.71429175,0.9827586,1.0028735,0.9827586,0.9939813,1.01,1.024,1.078,1.08,1.196,1.0004,1.0086,1.0275999,1.0441333,1.0979333,0.01651664,0.015086401,0.02345521,0.030827358,0.06380793,-0.007199991,-0.00355151,-0.0034255628,-0.0033014456,-0.0035645452,0.47507313,0.5080029,0.74654025,0.8888682,0.95182866,0.01399999,0.007381817,0.0049428707,0.0037376522,0.007220782,1.0317479,1.042011,1.0760106,1.1023939,1.2179999,0.97826236,0.97826236,0.97826236,0.97826236,0.97826236,1.0084,1.0212,1.05,1.0728,1.1647999,0.9872,0.9976,1.0087999,1.0131999,1.0408,0.6,0.3,0.15,0.1,0.05,0.4064209,0.34098965,0.22238399,0.17511776,0.090672605,0.2,0.4,0.05,0.033333335,0.083333336,0.8,0.9,0.95,0.96666664,0.98333335,-0.6,-0.5,-0.9,-0.93333334,-0.9,-0.1624327,-0.34229878,0.1399396,-0.5223391,-0.03762285,0.049499396,-0.02057577,-0.25443614,-0.21179546,-0.34843537,0.4,0.3,0.35,0.33333334,0.35,0.6,0.7,0.6,0.53333336,0.51666665,-0.2,-0.4,-0.25,-0.2,-0.16666667,0.43243268,0.40625,0.33613452,0.36666656,0.3575581,0.56756735,0.59375,0.6638655,0.63333344,0.6424419,-0.13513464,-0.1875,-0.32773098,-0.2666669,-0.28488383,0.8258022,0.7670542,0.84309965,0.73578316,0.72786963,0.16270185,0.17643358,0.17586894,0.22198355,0.24555607,0.5469673,0.62831086,0.7610302,0.9312805,0.9776273,0.6902151,0.4694346,0.52943337,0.5552425,0.47998387,0.3097849,0.53056544,0.4705666,0.44475752,0.52001613,0.38043022,-0.06113084,0.058866784,0.11048498,-0.040032256
SH600515,0.051450430013426876,0.75,,2026-05-29,0.01582279,0.037974745,0.41666618,0.022151953,0.58333385,0.0,0.0,-0.0063291616,-0.16666766,0.9844237,1.021807,0.9844237,1.0067744,1.0028545,1.021884,1.1056137,1.1455756,1.2797335,0.9982874,1.007041,1.0452902,1.0652394,1.119537,0.01473096,0.015376116,0.045420136,0.049417783,0.07457678,-0.0058039986,-0.0041518877,-0.007291302,-0.0050702286,-0.004004548,0.38809007,0.6683583,0.90194774,0.81581235,0.8794265,0.013320629,0.011642565,0.023977151,0.008278837,-0.0014028018,1.0274183,1.0430727,1.1339892,1.1555294,1.3048214,0.9713715,0.9713715,0.9713715,0.9713715,0.9713715,1.0081828,1.0194101,1.090961,1.1094196,1.1737393,0.98382497,0.996765,1.005138,1.0156043,1.0593721,0.6,0.3,0.15,0.1,0.05,0.5107974,0.3992756,0.17604806,0.15545654,0.085855596,0.2,0.4,0.1,0.033333335,0.016666668,0.8,0.9,0.95,0.96666664,0.98333335,-0.6,-0.5,-0.85,-0.93333334,-0.96666664,0.36129323,-0.13890173,0.5269382,0.0354898,-0.0253415,0.59721136,0.26905322,0.2886917,0.0944008,0.13390666,0.4,0.4,0.35,0.36666667,0.38333333,0.4,0.5,0.55,0.5,0.5,0.0,-0.1,-0.2,-0.13333334,-0.11666667,0.4782608,0.38613865,0.30795845,0.32413796,0.34493676,0.52173924,0.6138613,0.6920416,0.675862,0.6550633,-0.04347846,-0.22772267,-0.38408312,-0.3517241,-0.31012648,0.69127244,0.64708984,0.78730625,0.76565856,0.70866275,0.1847031,0.14695607,0.22585887,0.26262072,0.23159856,0.66120136,0.8537176,0.8806331,1.040052,1.029631,0.7392301,0.51715845,0.4710542,0.53202194,0.4884948,0.26076993,0.48284158,0.5289458,0.46797803,0.5115052,0.47846013,0.034316856,-0.05789161,0.06404391,-0.023010364
SH601995,0.05136251566716738,0.75,,2026-05-29,0.009862525,0.024805695,0.39759117,0.0149431685,0.6024088,0.0,0.0,-0.0050806436,-0.20481762,0.9902338,1.0147972,0.9902338,1.0048822,0.9968372,0.9956872,1.0161011,0.99396205,1.0250144,1.0044278,1.0056928,1.0122197,1.0096128,0.99838984,0.010768838,0.010530085,0.012079692,0.011218472,0.022236897,-0.0041690655,-0.0008852165,-0.0011967816,5.494559e-05,0.00030353141,0.3746966,0.06478085,0.343547,0.001859088,0.05682753,0.00391032,-0.0017094227,-0.0008502134,-0.010409488,-0.007344029,1.0290644,1.0343221,1.0343221,1.0343221,1.0416106,0.9861146,0.9861146,0.9861146,0.9861146,0.94472826,1.0105232,1.0170788,1.0203565,1.0182289,1.0156411,0.99781483,0.99608964,0.9993674,0.99971247,0.9731454,0.4,0.4,0.25,0.23333333,0.4,0.32329324,0.2880338,0.2880338,0.2880338,0.5705038,0.4,0.4,0.7,0.8,0.016666668,0.8,0.9,0.95,0.96666664,0.41666666,-0.4,-0.5,-0.25,-0.16666667,-0.4,0.110752374,0.31490484,0.119072355,0.39438304,0.5240909,0.4205159,0.51374596,0.42543283,0.51808965,0.32606277,0.6,0.4,0.4,0.46666667,0.46666667,0.4,0.6,0.55,0.5,0.5,0.2,-0.2,-0.15,-0.033333335,-0.033333335,0.525822,0.5197889,0.45731723,0.51216686,0.47554812,0.474178,0.48021108,0.54268277,0.48783314,0.5244519,0.051644016,0.039577857,-0.085365534,0.02433371,-0.048903786,0.7464872,0.7381771,0.6983694,0.6419362,0.6070003,0.22731714,0.19683288,0.17013723,0.17814729,0.23122492,0.41807243,0.73609334,0.7989612,0.88311255,1.1533698,0.6129825,0.56692296,0.5254866,0.54508275,0.5125542,0.38701746,0.43307704,0.4745134,0.45491725,0.48744574,0.22596505,0.1338459,0.050973162,0.09016549,0.02510851
SZ000895,0.05019051523423339,1.0,,2026-05-29,0.0121359015,0.018608421,0.6521725,0.0036408296,0.19565494,0.0028316905,0.15217254,0.011326762,0.60869014,0.98800963,1.0035971,0.98521185,0.9970729,1.02837,1.0623492,1.1310897,1.1042703,1.0261451,0.9972008,1.0201421,1.0519167,1.0746545,1.0776467,0.020524085,0.0287229,0.040046208,0.04645914,0.036529,-0.005513524,-0.008385787,-0.0064886324,-0.0048717926,-0.000575167,0.18041432,0.78134435,0.91886485,0.8521911,0.07561574,0.013826286,0.017593918,0.009725285,-0.004013485,-0.06067934,1.0331644,1.0719448,1.1450869,1.1509159,1.1509159,0.9548337,0.9548337,0.9548337,0.9548337,0.9548337,1.0063131,1.050362,1.0856842,1.1184202,1.1078516,0.9851301,0.987692,1.022696,1.0338093,1.0516349,0.8,0.4,0.2,0.13333334,0.06666667,0.5766109,0.38567057,0.23740116,0.23034386,0.23034386,0.2,0.3,0.05,0.16666667,0.5833333,0.6,0.8,0.9,0.93333334,0.96666664,-0.4,-0.5,-0.85,-0.76666665,-0.38333333,-0.86315787,-0.87725806,-0.18172695,-0.23535302,-0.15843327,-0.93090814,-0.87356716,-0.49947667,-0.17949447,-0.116067015,0.8,0.4,0.35,0.4,0.46666667,0.2,0.5,0.6,0.56666666,0.51666665,0.6,-0.1,-0.25,-0.16666667,-0.05,0.31017634,0.21322213,0.20920064,0.33700103,0.48071453,0.6898237,0.78677785,0.7907994,0.662999,0.51928544,-0.3796473,-0.5735557,-0.5815987,-0.32599795,-0.038570922,1.1395816,0.8962209,0.90649813,0.8608029,0.87026143,0.43468532,0.39093128,0.31062427,0.276144,0.25659344,1.6604934,1.9924401,1.6556592,1.6036971,1.350142,0.5862256,0.56450963,0.5085209,0.5124742,0.5136964,0.41377434,0.43549037,0.49147907,0.48752585,0.48630363,0.17245132,0.12901926,0.017041853,0.024948312,0.027392719
SZ000630,0.04975252385200406,0.75,,2026-05-29,0.005830887,0.05539357,0.10526288,0.048104998,0.86842203,0.0014576857,0.02631507,-0.040816426,-0.73684406,0.9942029,1.0478262,0.9927537,1.0153787,0.9217446,0.90146494,0.9043757,0.9188338,1.2203083,0.9762466,0.9252279,0.9398626,0.9340173,0.9340149,0.024260994,0.059900902,0.05248241,0.04417211,0.07686298,0.0034785515,0.016443482,0.00053887645,0.0008828496,-0.0010279045,0.05139487,0.6907681,0.0036899368,0.030958429,0.054546997,0.016796285,0.0007764686,0.055018082,0.053181384,0.09630827,1.0478262,1.0478262,1.0478262,1.0478262,1.1898535,0.9116203,0.8333382,0.8333382,0.8333382,0.8028888,0.99190724,0.9806079,0.9913251,0.9771055,0.99738514,0.96869785,0.8695615,0.88927805,0.9037935,0.862614,1.0,1.0,0.95,0.96666664,0.8333333,0.6488686,0.7770218,0.7770218,0.7770218,0.5093777,1.0,1.0,1.0,1.0,0.016666668,0.8,0.5,0.75,0.8333333,0.25,0.2,0.5,0.25,0.16666667,-0.23333333,0.83331925,0.9172613,0.75330037,0.6460402,0.43199193,0.79352003,0.84185123,0.6898157,0.5448161,0.35829717,0.8,0.5,0.6,0.53333336,0.43333334,0.2,0.5,0.4,0.43333334,0.55,0.6,0.0,0.2,0.1,-0.11666667,0.7109054,0.6477744,0.57929724,0.5569163,0.421812,0.28909466,0.35222563,0.42070276,0.4430837,0.578188,0.4218107,0.29554877,0.15859446,0.11383258,-0.156376,0.75159645,0.58157027,0.545889,0.47463813,0.4439045,0.20949878,0.24528328,0.18388124,0.18571828,0.16846874,0.5870739,0.923907,0.9347613,1.1462483,1.1768346,0.63976693,0.6149143,0.63101214,0.5859347,0.49079835,0.36023304,0.38508573,0.36898783,0.41406527,0.50920165,0.2795339,0.22982854,0.26202434,0.17186943,-0.018403286
SZ001965,0.04756929124622615,0.875,,2026-05-29,0.001996057,0.017964106,0.11111364,0.012974065,0.7222216,0.0029939834,0.16666476,-0.0079840245,-0.44444317,0.9980079,1.0129483,0.9950199,1.0058143,0.9970082,0.99027675,0.9446522,0.87883323,0.9723261,1.0047868,1.0002244,0.9792446,0.96173024,0.9657442,0.007185722,0.009474289,0.026809648,0.034040738,0.04486767,-0.0029169857,0.0014188268,0.0041822945,0.003710763,-0.00020964848,0.4119721,0.20557816,0.8517556,0.9209376,0.0066591105,0.0010471429,-0.0066090925,-0.018976368,-0.0155363,0.04044043,1.0199391,1.0199391,1.0199391,1.0199391,1.0353998,0.98729396,0.97931194,0.91550463,0.8768673,0.8628856,1.0089753,1.007629,1.0022438,0.9976066,1.0062828,0.999252,0.9944652,0.9473448,0.9304413,0.9272999,0.4,0.5,0.75,0.8333333,0.75,0.38921782,0.5092179,0.8090757,0.86063594,0.7948008,0.4,0.7,0.85,0.9,0.21666667,0.8,0.1,0.1,0.033333335,0.48333332,-0.4,0.6,0.75,0.8666667,-0.26666668,0.07511626,0.7335569,0.20414242,0.0010301683,-0.00092087535,0.66285133,0.83956754,0.7524908,0.6861385,-0.085181005,0.6,0.5,0.6,0.6666667,0.5833333,0.4,0.5,0.35,0.3,0.38333333,0.2,0.0,0.25,0.36666667,0.2,0.5370372,0.5442175,0.6434108,0.697561,0.5189355,0.46296284,0.45578244,0.3565892,0.30243897,0.48106447,0.07407436,0.088435106,0.2868216,0.39512208,0.03787106,0.8596555,0.8131229,0.8272989,0.8532372,1.065332,0.09678344,0.16877681,0.16710359,0.28117037,0.5115025,0.32680604,0.6488421,0.6259456,1.2385262,2.3275924,0.746099,0.4834466,0.4964464,0.5214653,0.49419054,0.253901,0.5165534,0.5035536,0.4785347,0.5058094,0.49219796,-0.03310683,-0.0071072183,0.042930596,-0.011618901
SH600690,0.047416059547517535,0.75,,2026-05-29,0.039322987,0.054753575,0.7181812,0.013937258,0.25454515,0.0014933301,0.027273655,0.026879061,0.49090967,0.9621648,1.01341,0.960728,0.99594223,0.9760535,1.024911,1.0220286,1.0028714,1.2126473,0.9739493,0.983957,1.0045505,1.0019327,1.0565628,0.0149934525,0.01782713,0.025080167,0.02193393,0.08198319,0.004932314,-0.0035725613,-0.0037908896,-0.00081373076,-0.003934608,0.27054417,0.36813572,0.7996308,0.10666705,0.702511,0.016186057,0.03211956,0.031463034,0.00986635,0.059508152,1.01341,1.024902,1.046454,1.046454,1.2207868,0.95354825,0.95354825,0.95354825,0.95354825,0.95354825,0.9781643,1.0009578,1.0272968,1.0245209,1.1741422,0.96504253,0.96781856,0.9753839,0.9804593,0.99368304,1.0,0.75,0.375,0.48333332,0.3,0.7759846,0.6510061,0.49998835,0.49998835,0.17382129,1.0,0.1,0.2,0.46666667,0.016666668,0.6,0.8,0.9,0.93333334,0.96666664,0.4,-0.7,-0.7,-0.46666667,-0.95,0.8680011,0.44666138,0.59783006,0.54241556,-0.30380017,0.8753025,0.58887845,0.5092766,0.61294323,-0.03956927,0.2,0.1,0.3,0.36666667,0.36666667,0.8,0.9,0.7,0.6333333,0.6333333,-0.6,-0.8,-0.4,-0.26666668,-0.26666668,0.74042755,0.37374958,0.43503565,0.4942574,0.35374755,0.25957242,0.62625045,0.56496435,0.5057426,0.64625245,0.48085514,-0.25250083,-0.12992871,-0.011485216,-0.29250494,0.5204941,0.52852106,0.62852573,0.6486313,0.62040824,0.27615193,0.21591763,0.23558363,0.25415453,0.26280856,1.8990581,1.610864,1.3606657,1.7594721,1.4326619,0.7074784,0.511797,0.44580993,0.54173076,0.5233425,0.29252157,0.48820296,0.55419004,0.45826927,0.47665748,0.41495687,0.023594067,-0.10838011,0.08346146,0.046685018
SZ000963,0.045307163151260446,0.75,,2026-05-29,0.007638798,0.03402775,0.2244873,0.025000071,0.73469657,0.0013888816,0.040816143,-0.01597239,-0.4693931,0.9924191,1.0248106,0.99104077,1.010576,1.0068738,1.0785507,1.1629785,1.2060612,1.1833189,1.0031636,1.0141233,1.0775425,1.1149827,1.1633908,0.0072920355,0.01528373,0.06780024,0.0778336,0.07660464,-0.002064705,-0.0045201336,-0.010698871,-0.00833273,-0.0032448568,0.20042801,0.80178005,0.87152815,0.88826406,0.5472436,0.000965882,0.0062172953,0.02409667,0.0058418172,-0.06766753,1.0248106,1.0682319,1.1750447,1.2380952,1.2804872,0.9831076,0.9831076,0.9831076,0.9831076,0.9831076,1.0074974,1.0246027,1.1478152,1.177457,1.2232126,0.99862015,1.0030255,1.0067359,1.0196402,1.1429193,0.4,0.2,0.1,0.06666667,0.033333335,0.40506464,0.19844371,0.08801002,0.06624789,0.056804113,1.0,0.1,0.35,0.033333335,0.38333333,0.8,0.9,0.95,0.96666664,0.98333335,0.2,-0.8,-0.6,-0.93333334,-0.6,-0.18609065,0.11427606,0.042596113,-0.05288158,-0.12721595,0.5556429,0.18495898,-0.033937585,0.25437072,0.36679345,0.6,0.4,0.3,0.3,0.4,0.4,0.5,0.6,0.6333333,0.56666666,0.2,-0.1,-0.3,-0.33333334,-0.16666667,0.41098523,0.14828381,0.124116026,0.234002,0.40111923,0.58901477,0.85171616,0.875884,0.765998,0.59888077,-0.17802957,-0.7034324,-0.75176793,-0.531996,-0.19776152,0.6166419,0.64685124,0.6678185,0.6504662,0.584691,0.23245664,0.19291508,0.2023615,0.22205922,0.20945819,0.8705587,1.31472,1.5193455,1.3194542,1.2689818,0.6840669,0.49839598,0.517237,0.54165256,0.49923432,0.31593308,0.501604,0.48276296,0.4583474,0.5007657,0.36813384,-0.003208017,0.03447407,0.083305165,-0.0015313508
SH600905,0.04452400289169473,0.75,,2026-05-29,0.007246303,0.019323682,0.37499598,0.0072464067,0.37500134,0.0048309723,0.25000268,0.004830869,0.24999732,0.99280584,1.0071943,0.98800963,1.0013894,0.98416287,0.98416287,0.9819005,0.98642534,1.0067874,0.9882353,0.9889141,0.9915159,0.9888387,1.0081825,0.008674338,0.009078027,0.011177472,0.010081849,0.031377256,0.0036199065,-0.0002605329,-0.00013438823,0.0003231336,-0.0011563672,0.43537349,0.007550116,0.005059451,0.07961329,0.41424897,0.0045248857,0.012258344,0.009760816,0.0064759147,0.025930291,1.0071943,1.0115815,1.0275477,1.0275477,1.1191207,0.97406644,0.97406644,0.97406644,0.97406644,0.97406644,0.99457014,0.99457014,1.0,0.99773765,1.0384616,0.98280543,0.98325795,0.9837104,0.9819005,0.9819005,1.0,0.9,0.825,0.8833333,0.55833334,0.78283286,0.6912825,0.48490942,0.48490942,0.17878522,1.0,0.2,0.4,0.6,0.28333333,0.8,0.9,0.95,0.96666664,0.98333335,0.2,-0.7,-0.55,-0.36666667,-0.7,0.8207777,0.62550575,0.7442939,0.76570773,0.87421054,0.75440043,0.40968227,0.45556715,0.5313282,0.4550417,0.6,0.6,0.6,0.46666667,0.45,0.4,0.4,0.35,0.43333334,0.43333334,0.2,0.2,0.25,0.033333335,0.016666668,0.7333331,0.5897435,0.5540538,0.53191483,0.49377584,0.26666686,0.41025653,0.44594625,0.4680852,0.50622416,0.46666625,0.17948695,0.10810753,0.06382962,-0.0124483025,0.5979422,0.568386,0.6143494,0.5536566,0.79707265,0.27377072,0.19589299,0.20166087,0.19982946,0.4608915,1.0052974,0.80696225,0.9019724,1.046465,1.4294312,0.9559937,0.6570688,0.6086074,0.5780332,0.5045178,0.044006307,0.3429312,0.39139262,0.4219668,0.4954822,0.91198736,0.3141376,0.21721476,0.15606643,0.00903558
SZ000938,0.044424548821209935,1.0,,2026-05-29,-0.046287056,0.101232104,-0.45723692,0.015317992,0.15131555,0.039627057,0.3914475,-0.021977993,-0.21710496,1.0485336,1.064595,0.9584497,1.0048655,1.0425937,1.1141375,1.1026456,0.9727615,0.87569076,1.0161866,1.0515233,1.0873808,1.0688379,0.98022234,0.039856296,0.05714816,0.056650553,0.06448692,0.104153745,-0.01668052,-0.015768422,-0.0075179515,0.0009838087,0.0049261567,0.43789035,0.6978843,0.6163946,0.01803764,0.6822861,0.017174434,0.0194346,-0.01596026,-0.08310314,-0.12554397,1.1110033,1.1550287,1.2042595,1.2042595,1.2042595,0.94832766,0.94832766,0.94832766,0.94200265,0.8110718,1.0245782,1.1140105,1.132476,1.1240647,1.107438,0.9956673,1.0072376,1.0189741,0.9983862,0.88029736,0.4,0.2,0.1,0.23333333,0.6166667,0.31764027,0.24998583,0.20189878,0.2211471,0.4805039,0.2,0.3,0.45,0.6333333,0.81666666,0.8,0.9,0.95,0.033333335,0.083333336,-0.6,-0.6,-0.5,0.6,0.73333335,-0.022499617,-0.32119504,0.2448099,0.5299689,0.82599294,0.13982955,-0.39324206,-0.17364861,0.24235749,0.43503472,0.4,0.4,0.4,0.46666667,0.51666665,0.6,0.6,0.6,0.53333336,0.48333332,-0.2,-0.2,-0.2,-0.06666667,0.033333335,0.38661814,0.33609557,0.42012334,0.51473,0.538583,0.61338186,0.6639044,0.57987666,0.48527,0.46141705,-0.22676371,-0.32780886,-0.15975332,0.029459987,0.077165924,0.7554763,0.73416585,0.83723164,0.8037773,0.6034351,0.15965536,0.16528718,0.16870655,0.2356226,0.29073462,0.6744676,1.0690963,0.9272682,1.0330228,1.1478561,0.7343433,0.48606545,0.55295795,0.53568125,0.53651625,0.2656567,0.51393455,0.44704208,0.46431875,0.46348378,0.46868658,-0.027869131,0.105915844,0.07136249,0.07303244
SZ300308,0.0424711237910796,0.375,,2026-05-29,-0.0242353,0.04621011,-0.5244589,0.01679829,0.3635198,0.005176518,0.112021334,-0.035857074,-0.77595735,1.0248373,1.0420527,0.9946949,1.0160555,0.8939175,0.90415645,0.709658,0.6649271,0.4908075,0.97601044,0.93095225,0.87270546,0.8257565,0.6712266,0.038475856,0.055241454,0.08989653,0.10084658,0.17546579,0.019920455,0.015539367,0.013813626,0.010560705,0.009700079,0.6701344,0.7253505,0.82641387,0.8498948,0.93210644,-0.015851347,-0.00087939267,-0.003934896,0.021113306,0.04262103,1.0420527,1.0420527,1.0420527,1.0420527,1.0420527,0.8832122,0.8516313,0.70211434,0.6557672,0.4352566,1.0063437,0.96569663,0.9430231,0.9090016,0.8787695,0.94819003,0.89186686,0.7615614,0.7361601,0.4937858,0.8,0.9,0.95,0.96666664,0.98333335,0.7352517,0.7791596,0.87629306,0.8911356,0.9306971,1.0,1.0,1.0,1.0,1.0,0.2,0.2,0.05,0.06666667,0.083333336,0.8,0.8,0.95,0.93333334,0.9166667,0.8998529,0.66025037,0.14224502,-0.26072899,-0.12385286,0.75143373,0.2355826,0.2340633,0.28768322,0.47240385,0.8,0.6,0.7,0.6666667,0.6166667,0.2,0.4,0.3,0.33333334,0.38333333,0.6,0.2,0.4,0.33333334,0.23333333,0.81289226,0.6783445,0.7823033,0.74473727,0.7125268,0.18710774,0.32165554,0.2176967,0.2552627,0.28747323,0.6257845,0.35668895,0.5646066,0.48947456,0.42505354,0.91243935,0.8700901,0.9143639,0.97363335,0.99940264,0.083535016,0.089755535,0.13578029,0.16563852,0.21894066,0.88091016,0.91220045,0.9207356,0.86711615,0.9036368,0.85083556,0.5211247,0.49518234,0.49794653,0.472277,0.14916444,0.47887525,0.50481766,0.50205344,0.527723,0.7016711,0.042249497,-0.009635332,-0.0041069197,-0.055446
SH601088,0.0390313752878013,0.875,,2026-05-29,0.019778341,0.043251455,0.4572873,0.021082355,0.4874369,0.0023907584,0.05527579,0.0010867448,0.025126204,0.98060524,1.0206735,0.9782609,1.0051936,0.9586442,0.9739641,1.0261946,0.9731703,0.9533259,0.9750595,0.97380537,0.9776552,0.98076147,0.9961052,0.019924713,0.01502256,0.0220902,0.021459615,0.027942607,0.012001913,0.0011747894,-0.001333783,-0.0006055478,-0.00086631265,0.9071035,0.056058772,0.12759662,0.061709885,0.29316714,0.00093665445,0.020908093,0.035015773,0.028018968,0.029451046,1.0206735,1.0206735,1.0379684,1.0379684,1.0737644,0.9428944,0.9428944,0.9428944,0.9428944,0.9305564,0.98685503,0.98274326,0.98685503,1.000254,1.019892,0.9547388,0.95788217,0.9618828,0.962883,0.9714875,1.0,1.0,0.85,0.8,0.6,0.7342026,0.7342026,0.60064393,0.60064393,0.48491412,1.0,1.0,0.05,0.36666667,0.25,0.6,0.8,0.9,0.93333334,0.033333335,0.4,0.2,-0.85,-0.56666666,0.21666667,0.1569559,0.29336998,0.11710427,0.2311551,0.29255292,0.043062422,0.24157342,-0.015873961,0.156667,0.26623392,0.8,0.6,0.5,0.53333336,0.46666667,0.2,0.4,0.5,0.46666667,0.53333336,0.6,0.2,0.0,0.06666667,-0.06666667,0.9141492,0.6604697,0.42458877,0.54870325,0.5315451,0.08585077,0.33953032,0.5754112,0.45129675,0.46845493,0.82829845,0.3209394,-0.15082245,0.09740651,0.06309017,0.75783294,0.6457542,0.60365313,0.57827276,0.65524864,0.19539878,0.18518335,0.16175783,0.1520439,0.25544065,1.1141392,1.20765,1.5060625,1.3729441,1.3547192,0.6908597,0.590011,0.5502136,0.5605128,0.48423934,0.30914032,0.409989,0.4497864,0.43948725,0.51576066,0.38171938,0.18002202,0.10042718,0.121025525,-0.0315213
SH601238,0.03847160517208752,0.75,,2026-05-29,0.0,0.026359137,0.0,0.023064258,0.8750005,0.0032948796,0.12499952,-0.019769378,-0.75000095,1.0,1.0230643,0.9967051,1.0069438,1.0447081,1.0875913,1.1468979,1.2080293,1.3111314,1.0158759,1.0340328,1.0845803,1.1154805,1.1744374,0.015771737,0.022962004,0.057171904,0.0649506,0.08249198,-0.009580287,-0.0072937477,-0.009504144,-0.007150484,-0.0044326237,0.9224397,0.9248969,0.9672278,0.93930405,0.8806393,0.0032846727,-0.0012109975,0.0057090623,-0.011798535,-0.043674972,1.0546228,1.0807234,1.1726698,1.2093488,1.3311553,0.9934102,0.9934102,0.9934102,0.9934102,0.9934102,1.0255474,1.0476278,1.1518248,1.1717154,1.2554746,1.0,1.0160583,1.0337591,1.0447081,1.1145985,0.3,0.15,0.075,0.05,0.025,0.10765383,0.07547269,0.036760986,0.030516827,0.019511042,0.2,0.1,0.1,0.033333335,0.016666668,0.8,0.9,0.95,0.96666664,0.98333335,-0.6,-0.8,-0.85,-0.93333334,-0.96666664,-0.85033506,-0.4562221,-0.18305458,-0.56747717,-0.082582325,0.39890468,-0.39841017,-0.21212068,-0.11797418,0.04109433,0.0,0.1,0.2,0.2,0.36666667,0.8,0.6,0.55,0.6333333,0.55,-0.8,-0.5,-0.35,-0.43333334,-0.18333334,0.0,0.078946985,0.12903167,0.117449425,0.26547447,1.0,0.921053,0.87096834,0.8825506,0.7345255,-1.0,-0.84210604,-0.7419367,-0.76510113,-0.46905106,0.67011005,0.64768034,0.6537665,0.57900405,0.5876361,0.19657649,0.15937415,0.16441813,0.18093474,0.17833273,1.0170923,1.1162896,1.1288397,1.1931171,1.0939643,0.90314025,0.62695956,0.6151359,0.57502115,0.50900555,0.09685976,0.37304044,0.3848641,0.42497885,0.49099442,0.8062805,0.2539191,0.2302718,0.15004231,0.018011127
SH600482,0.03772945233528773,0.875,,2026-05-29,-0.07167914,0.080701694,-0.8881987,0.0,0.0,0.009022557,0.111801334,-0.06265658,-0.77639735,1.0772138,1.0772138,0.99028075,1.0147926,0.96732736,1.0002714,1.0637162,1.0442574,0.9090415,1.0055027,0.9905783,1.0196171,1.0317856,0.9745829,0.035385802,0.031467758,0.043602515,0.04529548,0.08908609,0.012498877,0.005280608,-0.004076919,-0.002526959,0.0026621162,0.31190613,0.25813547,0.30599138,0.24120611,0.27235422,-0.030500475,-0.014341037,0.0191136,0.004855246,-0.05311533,1.0772138,1.0772138,1.1441289,1.1703451,1.1703451,0.9346619,0.9346619,0.9346619,0.9346619,0.7856437,1.0222825,1.0055208,1.0555164,1.0645307,1.0551362,0.9807765,0.96928227,0.9811023,0.9946421,0.873708,0.6,0.7,0.35,0.26666668,0.53333336,0.45834604,0.45834604,0.31192532,0.27722844,0.55720186,1.0,1.0,0.1,0.23333333,0.6166667,0.2,0.6,0.8,0.8666667,0.25,0.8,0.4,-0.7,-0.6333333,0.36666667,0.74162185,0.4501362,0.5964386,0.6535595,0.33399096,0.5378639,0.19407713,0.3453002,0.4856243,0.2640021,0.6,0.5,0.4,0.36666667,0.43333334,0.4,0.5,0.6,0.6333333,0.56666666,0.2,0.0,-0.2,-0.26666668,-0.13333334,0.58887255,0.49957216,0.45229056,0.47781104,0.5227736,0.41112748,0.50042784,0.54770947,0.52218896,0.47722638,0.17774507,-0.00085571205,-0.095418885,-0.044377934,0.045547258,1.004508,0.95319235,1.1030443,1.1761141,1.2344418,0.2847812,0.25341436,0.3250949,0.3905713,0.38940898,0.64933723,0.62713677,0.9360396,0.9950029,0.88549167,0.598709,0.447227,0.5040871,0.4662685,0.49203148,0.40129104,0.552773,0.49591288,0.5337315,0.5079685,0.19741793,-0.10554599,0.008174232,-0.06746301,-0.015937004
SZ300059,0.03721551243782757,0.875,,2026-05-29,-0.0020833493,0.02968748,-0.07017603,0.02760413,0.929824,0.0,0.0,-0.02968748,-1.0,1.0020877,1.0297495,1.0,1.013311,1.0177411,1.0297447,1.0521904,1.0464467,1.1399266,1.0217087,1.0266148,1.0514841,1.0481571,1.0489904,0.020782506,0.016192768,0.03331546,0.027751395,0.044294864,-0.011898534,-0.003219998,-0.0042361077,-0.0007817704,-0.00078326004,0.81946635,0.36247694,0.5658618,0.061502177,0.09536853,0.0020883656,-0.0121247405,-0.011241025,-0.03682138,-0.02588417,1.0584508,1.0975955,1.1273478,1.1273478,1.1596639,0.9895577,0.9895577,0.9895577,0.9895577,0.95296896,1.0389296,1.0394535,1.0831884,1.0639838,1.1004641,1.0012494,1.0145051,1.0259887,1.0294324,1.0166267,0.2,0.1,0.05,0.033333335,0.16666667,0.1515728,0.09665442,0.07578429,0.07578429,0.22753835,0.4,0.4,0.35,0.56666666,0.016666668,0.8,0.9,0.95,0.96666664,0.41666666,-0.4,-0.5,-0.6,-0.4,-0.4,0.35111564,0.12348954,0.26605248,0.33084887,0.15612265,0.10686379,0.49699134,0.5091364,0.54620516,0.43165556,0.4,0.5,0.45,0.46666667,0.46666667,0.6,0.5,0.55,0.53333336,0.53333336,-0.2,0.0,-0.1,-0.06666667,-0.06666667,0.38196623,0.39164954,0.4169422,0.4440055,0.42559522,0.61803377,0.60835046,0.58305776,0.5559945,0.5744048,-0.23606752,-0.2167009,-0.16611557,-0.11198901,-0.14880952,0.96649045,0.9743276,0.98858446,0.8679955,0.7628719,0.10490155,0.4009388,0.32951784,0.32726172,0.3271511,0.56699735,0.77148,0.9828447,1.0778782,1.2215838,0.4105688,0.50084436,0.50451624,0.5168968,0.50756234,0.58943117,0.49915564,0.4954838,0.48310322,0.49243763,-0.17886238,0.0016886989,0.009032437,0.033793546,0.015124713
SZ300251,0.03702926582334669,0.875,,2026-05-29,-0.0015660878,0.02036015,-0.07691927,0.018010966,0.88461864,0.00078309426,0.03846211,-0.018793961,-0.9230758,1.0015686,1.0196078,0.99921566,1.0090164,1.0209107,1.0666456,1.1255499,1.3240016,1.4495801,1.0099012,1.0250928,1.0760955,1.12475,1.1853429,0.01542387,0.025615,0.058671795,0.09156225,0.10440336,-0.0021624663,-0.006209501,-0.009345593,-0.009870292,-0.0049763266,0.049141906,0.5386866,0.88802046,0.9005934,0.6929288,-0.00557618,0.002849947,0.01268765,0.018369237,-0.0385413,1.0542303,1.1069539,1.1743811,1.3348536,1.4650738,0.98292905,0.98292905,0.98292905,0.98292905,0.98292905,1.0187396,1.0440096,1.1388733,1.192984,1.2866309,0.9995315,1.0018282,1.0142432,1.032063,1.1137633,0.4,0.2,0.1,0.06666667,0.033333335,0.23941976,0.13764134,0.08916556,0.04850737,0.035406243,0.6,0.2,0.25,0.16666667,0.016666668,0.8,0.9,0.95,0.96666664,0.98333335,-0.2,-0.7,-0.7,-0.8,-0.96666664,0.70469016,0.31030822,0.2137293,0.7051099,0.6543503,0.52019703,0.5036201,0.07009341,0.07573433,0.2658568,0.6,0.5,0.5,0.43333334,0.46666667,0.4,0.5,0.5,0.56666666,0.53333336,0.2,0.0,0.0,-0.13333334,-0.06666667,0.38476086,0.35077423,0.3306359,0.27288753,0.34739947,0.61523914,0.6492258,0.6693641,0.7271125,0.6526005,-0.23047832,-0.29845157,-0.33872816,-0.45422494,-0.30520105,1.1774205,1.0945244,1.1381655,1.46247,1.5990341,0.26459438,0.26930052,0.2744251,0.71066344,0.7245543,0.7720631,0.63528156,0.78508824,1.4956657,1.3064307,0.6065398,0.48276365,0.4736744,0.41677564,0.45147756,0.39346024,0.51723635,0.5263256,0.58322436,0.5485225,0.21307953,-0.034472726,-0.052651223,-0.16644873,-0.09704491
SH600111,0.03650979338430401,0.75,,2026-05-29,-0.03416758,0.043901477,-0.7782786,0.0033770858,0.07692419,0.006356811,0.1447972,-0.031187857,-0.7104056,1.0353763,1.0388728,0.99341834,1.0105997,1.0508008,1.1061356,0.9526938,1.0394914,1.2698475,1.0285507,1.0400894,1.0805874,1.054412,1.0423627,0.026920086,0.02359636,0.05209483,0.05971785,0.06343883,-0.009853486,-0.00487803,-0.006219254,0.0013463524,0.00034935877,0.33493993,0.3917512,0.4988332,0.039392263,0.00924981,-0.008843775,-0.018138284,-0.021504527,-0.07393411,-0.05266876,1.0623251,1.0952367,1.1921084,1.1921084,1.2649145,0.9872473,0.9872473,0.97676307,0.95187116,0.9053938,1.0490749,1.0536455,1.1283877,1.1088499,1.1065472,0.99967194,1.0268247,1.0443493,1.0098789,0.97910297,0.4,0.2,0.1,0.2,0.3,0.16986021,0.11809252,0.10790538,0.20033877,0.26314533,0.2,0.4,0.3,0.53333336,0.016666668,0.8,0.9,0.05,0.33333334,0.26666668,-0.6,-0.5,0.25,0.2,-0.25,-0.016704226,0.19498655,0.7001273,0.7563345,0.66595626,0.48137027,0.445338,0.6497312,0.45650023,0.39721286,0.4,0.4,0.5,0.4,0.41666666,0.6,0.6,0.5,0.6,0.5833333,-0.2,-0.2,0.0,-0.2,-0.16666667,0.33288667,0.3169953,0.53221405,0.47788936,0.41283536,0.66711336,0.68300474,0.46778598,0.52211064,0.58716464,-0.3342267,-0.36600944,0.06442804,-0.044221282,-0.1743293,1.01994,1.0545264,1.4244636,1.2427747,1.0402536,0.15006047,0.18250845,0.48622328,0.50905454,0.46302167,0.86121494,0.6878269,0.8781598,1.0738033,1.3265514,0.63227993,0.39684907,0.5386782,0.48714212,0.47309977,0.36772004,0.6031509,0.46132177,0.51285785,0.52690023,0.26455992,-0.20630187,0.07735645,-0.025715748,-0.053800475
SZ300498,0.03642209392117496,0.75,,2026-05-29,0.021657858,0.044809595,0.48333085,0.011202427,0.25000063,0.011949308,0.26666853,0.02240474,0.49999872,0.97880125,1.010965,0.96710527,0.99450076,1.0070922,1.1023303,1.1496117,1.2593719,1.1621075,1.0006754,1.024789,1.0906451,1.1273444,1.1794552,0.017212324,0.033000745,0.07740878,0.08539463,0.08230589,-0.007598797,-0.01016446,-0.012763418,-0.009179474,-0.003794405,0.48724866,0.8696261,0.9515279,0.8955218,0.64822435,0.014522104,0.02095111,0.030607382,0.0057579735,-0.06752024,1.0247551,1.1001099,1.2162395,1.2636409,1.3068397,0.9640451,0.9640451,0.9640451,0.9640451,0.9640451,1.0152652,1.0545087,1.1758865,1.2111449,1.2395812,0.99148935,0.9991219,1.0130363,1.0387707,1.1023303,0.6,0.3,0.15,0.1,0.05,0.59223986,0.26424822,0.14256816,0.1200113,0.10488754,0.4,0.1,0.1,0.033333335,0.18333334,0.8,0.9,0.95,0.96666664,0.98333335,-0.4,-0.8,-0.85,-0.93333334,-0.8,-0.4886042,-0.03882824,0.01182839,-0.12118548,-0.030393088,-0.4069229,-0.5540346,-0.31168047,-0.18365538,0.20561737,0.4,0.2,0.3,0.26666668,0.4,0.6,0.8,0.6,0.6666667,0.56666666,-0.2,-0.6,-0.3,-0.4,-0.16666667,0.4553187,0.20696293,0.28844294,0.23590085,0.41842282,0.5446813,0.79303706,0.71155703,0.7640992,0.5815772,-0.08936262,-0.5860741,-0.42311412,-0.5281983,-0.16315435,0.78515434,0.8643965,0.9011697,0.8563195,0.8671718,0.17501307,0.29535407,0.27329516,0.25422174,0.3218637,0.66431415,0.88972723,0.9773169,1.0665116,1.0784535,0.33713955,0.5265963,0.5294141,0.48163396,0.49894598,0.66286045,0.4734037,0.47058588,0.51836604,0.501054,-0.32572094,0.05319259,0.058828212,-0.036732055,-0.0021080137
SZ000983,0.03632317634907474,0.75,,2026-05-29,0.016467052,0.034431133,0.47826055,0.014970089,0.43478352,0.0029939914,0.086955935,0.004490954,0.13043295,0.9837997,1.0147276,0.9808542,1.0038345,0.944068,0.9794259,0.99260813,0.9529383,1.0898116,0.98055935,0.9735124,0.9949366,0.98092073,1.0052052,0.014016859,0.01889629,0.032545052,0.034572303,0.051438365,0.0070592593,0.0014186476,-0.004034233,0.0008204802,-0.0017745784,0.63409865,0.051666312,0.537799,0.043649707,0.36300775,0.0053221574,0.020103704,0.043388654,0.007182324,0.047144923,1.0206532,1.0206532,1.079575,1.079575,1.1340853,0.94551855,0.93523115,0.93523115,0.923399,0.923399,0.9917211,0.9873845,1.0241222,1.0085746,1.0521867,0.96966857,0.96171,0.97173834,0.9482075,0.954121,1.0,1.0,0.65,0.76666665,0.55,0.72511655,0.7582208,0.44871244,0.49047896,0.36357856,0.2,0.6,0.15,0.43333334,0.016666668,0.6,0.5,0.75,0.13333334,0.56666666,-0.4,0.1,-0.6,0.3,-0.55,0.031366613,0.30094576,0.5068666,0.6386261,0.7893294,0.89869976,0.46276826,0.490724,0.5177705,0.63041025,0.8,0.6,0.55,0.5,0.41666666,0.2,0.3,0.4,0.43333334,0.53333336,0.6,0.3,0.15,0.06666667,-0.11666667,0.8649514,0.5792971,0.51105374,0.55362153,0.45662263,0.13504861,0.4207029,0.48894626,0.4463785,0.54337734,0.72990274,0.1585942,0.02210748,0.10724303,-0.08675474,1.1566722,0.8662093,0.90017015,0.8007748,1.0216019,0.30010736,0.3734976,0.37801117,0.35878313,0.62174726,1.0114893,1.2180772,1.1987861,1.2769928,1.9731799,0.6103503,0.54494786,0.4913207,0.5401591,0.48598444,0.38964966,0.4550521,0.5086793,0.45984092,0.51401556,0.22070067,0.089895785,-0.017358596,0.08031817,-0.028031118
SH601077,0.03415852902315304,0.75,,2026-05-29,0.0015082599,0.018099582,0.083331205,0.009049791,0.5,0.0075415308,0.4166688,0.0,0.0,0.998494,1.0090362,0.9909638,0.9999588,1.0279503,1.0393374,1.110766,1.1035197,0.9782609,1.0084887,1.0206004,1.0440993,1.0646307,1.0579537,0.014030655,0.016217714,0.032803617,0.0406083,0.036143042,-0.0074534197,-0.0048497384,-0.005210231,-0.004130884,0.00018376981,0.7054972,0.81972617,0.882955,0.8019699,0.007884947,0.0064182202,0.0012234075,0.0053978176,-0.0047329618,-0.06337497,1.0358543,1.0527046,1.1261982,1.13552,1.1366403,0.9909638,0.9909638,0.9909638,0.9909638,0.96819127,1.0238096,1.0337474,1.0778468,1.1074535,1.0937889,0.9977225,0.9995859,1.0238096,1.0277433,1.026294,0.6,0.3,0.15,0.1,0.075,0.2012934,0.14635669,0.066818535,0.06250973,0.18883309,0.4,0.1,0.05,0.26666668,0.5,1.0,1.0,1.0,1.0,0.016666668,-0.6,-0.9,-0.95,-0.73333335,0.48333332,-0.5189844,-0.60677034,0.05810174,-0.44345197,-0.47908738,-0.7107708,-0.725711,-0.45987567,-0.3675991,0.23707503,0.2,0.3,0.2,0.3,0.48333332,0.6,0.6,0.75,0.6666667,0.48333332,-0.4,-0.3,-0.55,-0.36666667,0.0,0.09090817,0.17241299,0.14569533,0.27678555,0.5171289,0.90909183,0.827587,0.8543047,0.72321445,0.48287115,-0.81818366,-0.655174,-0.70860934,-0.4464289,0.034257717,0.8708084,0.7981143,0.9129049,0.8106463,0.9730003,0.1612109,0.17184082,0.25133818,0.26527846,0.37279117,1.5732903,1.4052025,1.1300228,1.146982,1.2635293,0.5800244,0.5672895,0.52627033,0.5228097,0.48070475,0.41997558,0.43271053,0.4737297,0.47719032,0.5192952,0.16004887,0.13457896,0.05254062,0.04561937,-0.03859049
SH600015,0.033964490263629216,0.875,,2026-05-29,0.022865815,0.027439062,0.8333308,0.0015244436,0.055557426,0.0030488032,0.11111179,0.024390174,0.88888514,0.97764534,1.0014904,0.9746647,0.9916119,1.0060169,0.98363423,1.0714802,1.0895307,1.0105897,0.9974007,0.9960289,0.9983514,1.0217248,1.0432932,0.011020398,0.009330403,0.022147682,0.03839359,0.040586643,-0.003874851,0.00057907414,-0.0012762966,-0.0035573693,-0.001156512,0.30906904,0.03530848,0.116229065,0.6653378,0.24764745,0.010348975,0.001365276,0.013773418,0.02985701,-0.009176132,1.0149592,1.0149592,1.0789874,1.0909657,1.1207165,0.9746647,0.9746647,0.9718031,0.9718031,0.9718031,1.0060169,1.0060169,1.0060169,1.070036,1.0795667,0.99239475,0.98960286,0.9830566,0.98844767,0.9979784,0.6,0.7,0.7,0.46666667,0.23333333,0.6287533,0.6287533,0.26306948,0.23662521,0.18935099,0.2,0.6,0.05,0.033333335,0.38333333,1.0,1.0,0.45,0.6333333,0.81666666,-0.8,-0.4,-0.4,-0.6,-0.43333334,-0.38710555,-0.12612508,-0.018927695,-0.5722441,-0.35059184,0.3181025,0.18376951,-0.5385199,-0.46820152,-0.20897047,0.2,0.5,0.45,0.4,0.48333332,0.4,0.2,0.4,0.5,0.45,-0.2,0.3,0.05,-0.1,0.033333335,0.43654826,0.61724114,0.30278894,0.33797896,0.49102038,0.56345177,0.38275886,0.697211,0.66202104,0.5089796,-0.1269035,0.2344823,-0.3944221,-0.32404205,-0.017959265,0.7485972,0.7125551,0.8313123,0.72271186,0.7035963,0.16921118,0.13549772,0.30414832,0.2984943,0.25557646,1.0793198,1.1790545,1.7797669,1.7863235,1.4753191,0.71398497,0.6390957,0.53922063,0.5647666,0.49584538,0.28601503,0.36090428,0.4607794,0.4352334,0.5041546,0.42796993,0.27819142,0.078441225,0.12953319,-0.008309238
SH601618,0.03332292964034023,0.625,,2026-05-29,0.014336834,0.025089573,0.571426,0.010752739,0.42857403,0.0,0.0,0.003584094,0.14285193,0.98586583,1.0106008,0.98586583,1.0005424,0.9836512,1.0217985,1.0354224,1.0572207,1.1280653,0.9929156,0.99727523,1.0194823,1.0273389,1.0569937,0.006839166,0.011049517,0.02499312,0.024048613,0.042353097,0.0013623943,-0.0020477239,-0.0037921802,-0.0023004683,-0.002150991,0.09920632,0.31482384,0.80575883,0.7091761,0.7866956,0.0043596663,0.011939545,0.0165434,0.0060179783,0.0064605665,1.0106008,1.0187868,1.0561106,1.0642924,1.1901265,0.96162826,0.96162826,0.96162826,0.96162826,0.96162826,1.0,1.0081744,1.0468665,1.0490463,1.0882834,0.98637605,0.98637605,0.99182564,1.0,1.026703,0.9,0.65,0.325,0.21666667,0.108333334,0.7835365,0.67132175,0.40612605,0.3737598,0.16793011,1.0,0.1,0.2,0.033333335,0.15,0.2,0.6,0.8,0.8666667,0.93333334,0.8,-0.5,-0.6,-0.8333333,-0.78333336,0.6974308,-0.4575082,0.06919927,-0.12620734,0.77446485,0.717751,0.007749742,-0.09670153,0.04527033,0.086545765,0.6,0.4,0.35,0.26666668,0.36666667,0.4,0.6,0.5,0.56666666,0.51666665,0.2,-0.2,-0.15,-0.3,-0.15,0.6875003,0.3888885,0.38983038,0.36,0.39647576,0.31249967,0.6111115,0.61016965,0.64,0.60352427,0.37500066,-0.22222298,-0.22033927,-0.28,-0.20704849,0.8545081,0.8249188,0.8587467,0.80660594,1.2323562,0.11947023,0.14044677,0.15064646,0.16062878,0.76201105,0.6524182,0.5042656,0.74821246,0.8634222,1.5644877,0.4850037,0.5159351,0.52649385,0.51936364,0.45774835,0.5149963,0.4840649,0.47350612,0.48063633,0.54225165,-0.029992595,0.031870198,0.05298775,0.038727313,-0.08450327
SZ002920,0.03326238085346852,0.875,,2026-05-29,-0.07826088,0.08224646,-0.951541,0.003985583,0.04845902,0.0,0.0,-0.08224646,-1.0,1.0849056,1.0892297,1.0,1.0277016,1.0858432,1.0318689,1.0160266,1.0436585,1.1708575,1.061343,1.0411532,1.0336051,1.0414695,1.0587133,0.03750764,0.046989463,0.03380064,0.033372205,0.046421263,-0.014359403,0.0064005605,0.0020474636,-0.0003547994,-0.0015205455,0.3664151,0.17007735,0.1284253,0.008759872,0.3272388,-0.032624118,-0.06995571,-0.05305597,-0.036324833,-0.013857209,1.1297363,1.1297363,1.1297363,1.1297363,1.2195168,1.0,0.9473703,0.9473703,0.9473703,0.9473703,1.0825459,1.0795064,1.0635166,1.0668141,1.1049646,1.0506217,1.0070001,1.014737,1.0187529,1.0208714,0.2,0.2,0.1,0.06666667,0.033333335,0.0,0.28859392,0.28859392,0.28859392,0.19338751,0.6,0.8,0.9,0.93333334,0.016666668,1.0,0.3,0.65,0.76666665,0.8833333,-0.4,0.5,0.25,0.16666667,-0.8666667,0.44914174,0.43303627,0.44675645,0.24289832,0.040441472,-0.06357131,0.08526441,0.15784982,0.05164999,0.058764387,0.4,0.4,0.5,0.46666667,0.43333334,0.6,0.6,0.5,0.53333336,0.56666666,-0.2,-0.2,0.0,-0.06666667,-0.13333334,0.23001142,0.45815185,0.4836895,0.46997717,0.43087125,0.7699886,0.5418481,0.5163105,0.5300228,0.56912875,-0.53997713,-0.0836963,-0.032621015,-0.060045645,-0.13825752,1.0948445,1.089595,0.78160405,0.6971575,0.5188325,0.1402225,0.41943386,0.4353403,0.38525018,0.33342388,0.5498815,1.0323361,1.5058296,1.5246931,1.8154647,0.10395625,0.5747529,0.5180876,0.56268084,0.5350563,0.8960437,0.42524707,0.4819124,0.43731916,0.46494374,-0.7920875,0.14950587,0.03617519,0.1253617,0.07011253
SH601166,0.03258519789455512,0.75,,2026-05-29,0.03932588,0.04157305,0.94594646,0.0011235849,0.027026761,0.0011235849,0.027026761,0.03932588,0.94594646,0.96216214,1.0010811,0.961081,0.9889626,0.94379,0.95519894,0.980614,1.003803,0.9897968,0.97235876,0.9570633,0.9593869,0.97005844,0.98941344,0.017267657,0.019968502,0.015095266,0.020477474,0.025602078,0.010054724,0.0057817763,9.254661e-05,-0.0015161178,-0.0011215586,0.84764415,0.7684984,0.0013155504,0.42482972,0.58531994,0.0075317877,0.01691867,0.03973394,0.051925294,0.043672524,1.0010811,1.0010811,1.0010811,1.0157597,1.0318985,0.9416373,0.93406016,0.93406016,0.93406016,0.93406016,0.9784064,0.97174656,0.96965027,0.986402,1.0143214,0.96176606,0.94238013,0.9455709,0.95486504,0.95946574,1.0,1.0,1.0,0.93333334,0.5833333,0.98181355,0.9838697,0.9838697,0.8071017,0.67396754,1.0,1.0,1.0,0.06666667,0.36666667,0.2,0.5,0.75,0.8333333,0.9166667,0.8,0.5,0.25,-0.76666665,-0.55,0.9207918,0.91646343,0.77542347,0.076291636,-0.46388328,0.92713076,0.77791536,0.527706,0.35845903,-0.02877814,0.8,0.7,0.45,0.36666667,0.43333334,0.2,0.3,0.45,0.56666666,0.51666665,0.6,0.4,0.0,-0.2,-0.083333336,0.97343713,0.7482016,0.5794678,0.4885283,0.51215744,0.026562888,0.2517984,0.42053223,0.5114717,0.4878426,0.9468742,0.49640322,0.15893556,-0.022943404,0.024314841,0.6031959,0.49962962,0.49278748,0.472362,0.40454084,0.23290345,0.19362865,0.15501003,0.1423121,0.13712572,1.2523311,1.4482933,1.6715473,1.7014829,1.4233056,0.8030354,0.7522293,0.6396643,0.631098,0.560317,0.19696465,0.2477707,0.36033574,0.36890203,0.439683,0.6060707,0.5044586,0.27932853,0.26219594,0.120634
SH600438,0.0315591968091865,0.5,,2026-05-29,-0.024438534,0.03104359,-0.7872329,0.0059445133,0.19148923,0.0006605419,0.021277884,-0.029722504,-0.95744425,1.0250508,1.0311441,0.9993229,1.0088153,1.090016,1.1002135,1.1665242,1.1929525,,1.0308596,1.057197,1.1087587,1.1420573,1.1579314,0.020676326,0.03273193,0.05982476,0.07010148,0.0747718,-0.012386556,-0.009859723,-0.009739069,-0.007312556,-0.0030017633,0.89721054,0.83175904,0.9275578,0.84330714,0.39888933,-0.0060864645,-0.012828229,-0.01623749,-0.036025215,-0.078384675,1.0744673,1.1150985,1.2105476,1.2748555,1.3452635,0.9993229,0.9993229,0.9993229,0.9993229,0.9993229,1.041559,1.0901548,1.1673678,1.1923971,1.2292471,1.0194768,1.0335718,1.0520022,1.0816231,1.0904324,0.2,0.1,0.05,0.033333335,0.018518519,0.009010499,0.005848286,0.0032055385,0.0024573829,0.0019572405,0.6,0.3,0.2,0.23333333,0.016666668,1.0,1.0,1.0,1.0,0.016666668,-0.4,-0.7,-0.8,-0.76666665,0.0,0.28389695,-0.24509895,0.46208167,0.45529073,0.6246237,0.32366183,0.11390182,0.073487826,0.34800348,0.52919775,0.2,0.4,0.4,0.4,0.36666667,0.8,0.6,0.55,0.53333336,0.48333332,-0.6,-0.2,-0.15,-0.13333334,-0.11666667,0.02156653,0.22789207,0.23723692,0.30561534,0.3835512,0.9784335,0.77210796,0.7627631,0.69438463,0.61644876,-0.9568669,-0.54421586,-0.52552617,-0.3887693,-0.23289756,1.0164664,0.98422784,1.1458035,1.1774076,1.2778637,0.12349665,0.10675544,0.25568885,0.28581527,0.595712,0.6561352,0.7813061,0.98248804,0.98403436,1.4689337,0.5138635,0.3340283,0.50734085,0.44597456,0.44497696,0.4861365,0.6659717,0.49265915,0.5540254,0.555023,0.02772702,-0.33194336,0.014681726,-0.108050875,-0.110046074
SZ002938,0.031026695061683887,0.75,,2026-05-29,-0.027595086,0.083248444,-0.3314787,0.0463006,0.55617374,0.009352758,0.112347536,-0.06454293,-0.7753049,1.0283781,1.0759927,0.99038184,1.0335218,0.9897334,0.81809896,0.71063083,0.57451564,0.5473588,1.0422752,0.9706077,0.8605481,0.7935668,0.6482627,0.050106246,0.0904677,0.13378972,0.14930855,0.18084964,-0.027256165,0.021848895,0.021251963,0.015934486,0.009359845,0.73975134,0.5346669,0.8831219,0.8826906,0.816962,0.012237119,-0.06892773,-0.06244174,-0.024616858,0.07562191,1.1710274,1.1710274,1.1710274,1.1710274,1.1710274,0.9665851,0.77621007,0.68126684,0.5631559,0.45712736,1.0918695,1.0252856,1.0017221,0.9177347,0.8048518,1.0068885,0.8889054,0.72159296,0.6852459,0.49445271,0.2,0.6,0.8,0.8666667,0.93333334,0.16344424,0.56681883,0.6507938,0.7186454,0.76043224,0.4,0.7,0.85,0.9,0.95,0.8,0.1,0.1,0.033333335,0.33333334,-0.4,0.6,0.75,0.8666667,0.6166667,-0.20446558,0.17419441,0.18363129,0.054397423,0.49629012,0.32969585,-0.019575668,0.09302675,0.13913989,0.21448687,0.6,0.7,0.6,0.6,0.56666666,0.4,0.3,0.4,0.4,0.43333334,0.2,0.4,0.2,0.2,0.13333334,0.5232036,0.694666,0.70590323,0.7143931,0.65442634,0.47679636,0.30533397,0.29409674,0.28560692,0.34557366,0.046407256,0.38933206,0.4118065,0.42878613,0.30885264,1.0348616,0.81071967,0.73318356,0.7474742,0.61295813,0.46908754,0.41870162,0.31079283,0.2680094,0.2554939,1.1829939,0.86834514,0.9197975,0.8375048,0.90905386,0.68369925,0.5619512,0.553204,0.5129722,0.5247165,0.31630075,0.43804878,0.44679603,0.48702782,0.47528347,0.3673985,0.12390245,0.10640795,0.02594438,0.049433053
SZ002415,0.030890042796607155,0.875,,2026-05-29,-0.014193536,0.033870894,-0.41904813,0.0064515695,0.19047531,0.01322579,0.39047652,-0.007419315,-0.21904692,1.0143979,1.0209423,0.98658377,1.0001994,1.041553,1.0594287,1.1083684,1.0709383,0.99672306,1.0290602,1.041032,1.0797049,1.079608,1.0368346,0.024726113,0.02286265,0.048866846,0.040555045,0.054862384,-0.015251351,-0.0062133837,-0.0077221794,-0.0021633909,0.0019053487,0.9511409,0.6770405,0.8740157,0.2205372,0.36787432,0.0014424337,-0.0130717205,-0.0063442085,-0.04823883,-0.09304235,1.0746136,1.0962096,1.186409,1.186409,1.186409,0.98658377,0.98658377,0.98658377,0.98658377,0.94554245,1.048894,1.0577955,1.1322929,1.1093917,1.0763723,1.0052323,1.0293181,1.0403765,1.0538954,0.98367953,0.2,0.1,0.05,0.033333335,0.33333334,0.15240532,0.12238187,0.067139745,0.067139745,0.22609012,0.4,0.3,0.15,0.43333334,0.71666664,1.0,1.0,1.0,1.0,0.26666668,-0.6,-0.7,-0.85,-0.56666666,0.45,-0.84776,-0.7179531,0.42801362,0.37994465,0.7121482,-0.3790756,-0.40138245,0.27087805,0.3915955,0.286424,0.2,0.3,0.25,0.33333334,0.45,0.8,0.7,0.75,0.6666667,0.55,-0.6,-0.4,-0.5,-0.33333334,-0.1,0.20477186,0.26349562,0.30613625,0.41680324,0.5020599,0.7952281,0.7365044,0.69386375,0.58319676,0.4979401,-0.59045625,-0.47300875,-0.3877275,-0.16639349,0.0041197846,0.8956612,0.79959214,0.92139846,0.9123576,0.72472787,0.20940302,0.18533827,0.25563744,0.29363045,0.3419665,0.88730824,0.96932244,1.1987131,1.264823,1.3266588,0.71599287,0.54815286,0.49523732,0.45904222,0.51281,0.28400713,0.45184714,0.5047627,0.5409578,0.48719,0.4319857,0.09630571,-0.009525378,-0.08191559,0.025619986
SH600887,0.03011477680684832,0.625,,2026-05-29,0.039382156,0.04555984,0.86440504,0.006177685,0.13559496,0.0,0.0,0.03320447,0.7288101,0.96211004,1.0059437,0.96211004,0.9901901,0.97325486,1.0256343,0.94688135,0.9654535,0.9658252,0.983582,0.9917915,1.0083221,0.9870988,0.9809014,0.013102701,0.016626848,0.023149854,0.0359754,0.027600825,0.0026741065,-0.0033567813,-0.0024601058,0.0020559377,0.0005607941,0.10412998,0.37362653,0.39525658,0.2531106,0.12591065,0.011069742,0.023314059,0.01504883,-0.016909884,0.002555175,1.0059437,1.0271173,1.0549811,1.0549811,1.0549811,0.96211004,0.96211004,0.9472517,0.9335077,0.9335077,0.99108607,1.0082475,1.0268972,1.0223634,1.001486,0.97385037,0.97533625,0.9872965,0.947476,0.9541623,1.0,0.7,0.4,0.6,0.8,0.86440504,0.5828577,0.48963732,0.5473819,0.5473819,1.0,0.1,0.35,0.56666666,0.78333336,1.0,1.0,0.05,0.23333333,0.6166667,0.0,-0.9,0.3,0.33333334,0.16666667,0.30702356,-0.5715703,0.14645582,0.42109746,0.38529986,0.09474761,-0.12603174,0.43077695,0.24696998,0.14225622,0.8,0.4,0.4,0.36666667,0.48333332,0.2,0.6,0.6,0.6,0.48333332,0.6,-0.2,-0.2,-0.23333333,0.0,0.6836644,0.39761806,0.6111975,0.5599993,0.5363918,0.3163356,0.60238194,0.38880253,0.4400007,0.4636082,0.36732882,-0.20476389,0.22239497,0.11999858,0.07278359,0.80079496,0.73264945,0.99377525,0.87958336,0.70609283,0.14894186,0.16309746,0.56497765,0.49697447,0.40794048,1.0910021,1.0572037,1.6505674,1.8690103,2.1183558,0.58537924,0.638137,0.48860916,0.5431313,0.5081934,0.4146208,0.36186305,0.51139086,0.4568687,0.49180663,0.17075843,0.2762739,-0.022781692,0.086262584,0.016386734
SH603019,0.02881030332114169,0.75,,2026-05-29,-0.054448046,0.06548765,-0.83142465,0.0075026304,0.11456557,0.003536975,0.054009803,-0.0584137,-0.8919804,1.0575833,1.065518,0.99625933,1.0264462,1.0746099,1.0707504,1.030377,1.0071639,1.0252957,1.0456656,1.070778,1.084284,1.0666926,1.00845,0.03620482,0.040457267,0.04061137,0.043097515,0.072319224,-0.022152508,-0.012054906,-0.002903423,0.0016807086,0.0029296167,0.9359509,0.8138531,0.17889301,0.11786426,0.50051135,-0.0013605797,-0.016530966,-0.056701384,-0.09106287,-0.09487367,1.0932971,1.1516879,1.1902329,1.1902329,1.1902329,0.99625933,0.99625933,0.99625933,0.99625933,0.8703245,1.0740824,1.114089,1.1189259,1.114089,1.0715222,1.0251236,1.0337591,1.0498528,1.0292886,0.94107294,0.2,0.1,0.05,0.033333335,0.45,0.03854836,0.02406666,0.01928431,0.01928431,0.405352,0.2,0.1,0.45,0.6333333,0.81666666,1.0,1.0,1.0,1.0,0.4,-0.8,-0.9,-0.55,-0.36666667,0.41666666,0.75494623,0.4714506,0.6699746,0.7129784,0.85527307,0.23329502,-0.29113215,0.4541678,0.47022405,0.35043573,0.4,0.5,0.45,0.5,0.46666667,0.6,0.5,0.55,0.5,0.53333336,-0.2,0.0,-0.1,0.0,-0.06666667,0.18350978,0.3573667,0.4738102,0.49524614,0.4908208,0.81649023,0.64263326,0.5261898,0.5047539,0.50917923,-0.6329804,-0.28526658,-0.052379586,-0.009507727,-0.018358419,1.1128315,1.218522,1.3591926,1.275876,0.9696835,0.16420698,0.263064,0.39562812,0.3738693,0.44514188,0.5636246,0.9335571,0.9928706,1.0593284,1.2103169,0.46853477,0.40572953,0.4880974,0.5083646,0.50914097,0.53146523,0.59427047,0.51190263,0.49163538,0.490859,-0.06293049,-0.1885409,-0.023805209,0.016729211,0.018281993
SH600930,0.028121279001997675,0.75,,2026-05-29,0.009419173,0.04395603,0.21428625,0.020408163,0.46428588,0.014128692,0.32142785,0.003139702,0.07142825,0.9906687,1.0202178,0.9766719,1.0016848,0.9411765,0.9736842,0.9907121,0.9411765,0.9411765,0.97089785,0.9643963,0.9779412,0.97146547,0.98457175,0.024753278,0.022479897,0.02636547,0.02678938,0.051680744,0.013777083,0.0024392516,-0.0012698177,0.00074007193,-0.0006338189,0.77444243,0.10792847,0.08118574,0.059145845,0.045874644,0.0015480011,0.024627082,0.03412208,0.017803516,0.034125924,1.0202178,1.0202178,1.0635575,1.0635575,1.22639,0.93954545,0.9380652,0.9380652,0.92556757,0.91945803,0.99628484,0.99040246,1.0003096,0.9941177,1.0027864,0.9535604,0.94613004,0.95479876,0.9436533,0.9411765,1.0,1.0,0.8,0.8666667,0.76666665,0.7493845,0.7539002,0.49353477,0.53940475,0.26240987,1.0,1.0,0.4,0.6,0.28333333,0.6,0.5,0.75,0.16666667,0.033333335,0.4,0.5,-0.35,0.43333334,0.25,0.99009144,0.8818943,0.9016037,0.8673356,0.89385116,0.9657603,0.7263226,0.7934445,0.78193206,0.71506983,0.8,0.6,0.55,0.53333336,0.48333332,0.2,0.4,0.45,0.43333334,0.48333332,0.6,0.2,0.1,0.1,0.0,0.8958334,0.5841584,0.512295,0.55937505,0.5249344,0.10416665,0.4158416,0.48770496,0.44062498,0.47506562,0.7916667,0.1683168,0.024590064,0.11875004,0.04986879,0.6118357,0.5305326,0.6322786,0.6109281,0.87636095,0.33944815,0.2560154,0.28026867,0.29128647,0.66214263,1.4007002,1.1870513,0.9694121,1.2247335,1.4984373,0.9632022,0.5996426,0.54433966,0.54912585,0.51698977,0.036797836,0.40035743,0.45566034,0.45087415,0.48301023,0.9264043,0.19928513,0.08867932,0.09825169,0.033979554
SH601600,0.02790903179679195,0.875,,2026-05-29,-0.005226467,0.060104545,-0.08695627,0.03832754,0.63768125,0.016550537,0.2753625,-0.02700347,-0.44927502,1.0052539,1.0437828,0.9833625,1.0112174,0.97670686,0.9574297,1.0208836,1.0915663,1.2497993,1.0094779,0.97951806,1.0038555,1.0251942,1.0643775,0.038367186,0.043116976,0.043476403,0.049711782,0.09118306,0.0006425798,0.01064622,-0.0030884456,-0.004073603,-0.00355179,0.0007012522,0.5588636,0.17662036,0.5204038,0.4627709,-0.01076307,-0.027426071,0.025484798,0.033873122,0.040400278,1.0921233,1.0921233,1.0921233,1.1212852,1.3314978,0.95612,0.90581244,0.90581244,0.90581244,0.90581244,1.0412852,1.0073895,1.0420884,1.0595984,1.1187148,0.9840964,0.946988,0.9612851,0.9739759,0.99614465,0.6,0.8,0.45,0.3,0.25,0.32263917,0.50554,0.50554,0.43712062,0.22126104,0.6,0.8,0.9,0.06666667,0.05,0.2,0.2,0.6,0.73333335,0.8666667,0.4,0.6,0.3,-0.6666667,-0.81666666,0.94341236,0.8695466,0.2413584,0.013599751,0.48471114,0.9950866,0.83800155,0.64760643,0.565515,0.57605726,0.4,0.5,0.4,0.33333334,0.41666666,0.6,0.5,0.6,0.6666667,0.5833333,-0.2,0.0,-0.2,-0.33333334,-0.16666667,0.5611814,0.5688312,0.480597,0.4370861,0.43042505,0.43881857,0.4311688,0.51940304,0.5629139,0.56957495,0.12236283,0.13766243,-0.038806044,-0.1258278,-0.13914992,1.027277,0.8159379,0.7243878,0.6757743,0.79576534,0.3745615,0.33863786,0.2703415,0.23703167,0.28540823,1.2198254,1.3380756,1.3340096,1.3674661,0.99776673,0.6459513,0.52774566,0.56007206,0.53106725,0.4903723,0.35404873,0.47225434,0.4399279,0.46893272,0.5096277,0.29190257,0.05549135,0.12014416,0.06213456,-0.01925538
SH601225,0.02757889027979378,0.625,,2026-05-29,0.046341486,0.04999996,0.9268305,0.0,0.0,0.0036584744,0.073169544,0.04999996,1.0,0.95571095,1.0,0.9522145,0.986365,0.9058666,0.92683476,1.0104841,0.9716708,0.9638635,0.95489633,0.942427,0.94582874,0.9597963,0.98012865,0.029070565,0.02711978,0.03589907,0.037522018,0.037438024,0.017175987,0.0043923547,-0.0015186865,-0.0021179498,-0.0012953319,0.8727231,0.24045503,0.06263801,0.24692245,0.3651204,0.010751698,0.03780742,0.0685988,0.07091397,0.058083627,1.0,1.0,1.0373133,1.0422255,1.0853544,0.91603005,0.8864441,0.8864441,0.8864441,0.8864441,0.9664511,0.95806384,0.9664511,1.0012492,1.0147222,0.92991304,0.92433643,0.9215258,0.92571944,0.9458399,1.0,1.0,0.85,0.8,0.68333334,1.0,1.0,0.75267774,0.7289441,0.57088983,1.0,1.0,0.05,0.26666668,0.25,0.4,0.5,0.75,0.8333333,0.9166667,0.6,0.5,-0.7,-0.56666666,-0.6666667,-0.013033624,0.2624735,0.16294135,0.09958047,0.13438375,0.5189963,0.28043896,0.04931078,-0.028349858,0.12402788,0.8,0.5,0.35,0.4,0.41666666,0.0,0.3,0.45,0.46666667,0.51666665,0.8,0.2,-0.1,-0.06666667,-0.1,1.0,0.7336182,0.48190907,0.53135794,0.52010924,0.0,0.2663818,0.5180909,0.46864203,0.47989076,1.0,0.4672364,-0.036181863,0.06271593,0.04021846,0.91899383,0.80033773,0.7837702,0.7552781,0.76547277,0.22501834,0.23840879,0.20453899,0.210398,0.2885913,0.94579786,1.0198997,1.419165,1.2906578,1.1933532,0.5995555,0.5547919,0.5167764,0.539711,0.4775988,0.4004445,0.44520807,0.48322362,0.460289,0.5224012,0.19911097,0.109583855,0.03355276,0.07942197,-0.04480241
SH600918,0.027555922841823184,0.75,,2026-05-29,-0.0018348586,0.016513795,-0.111110665,0.012844077,0.7777787,0.0018348586,0.111110665,-0.012844077,-0.7777787,1.0018382,1.0147059,0.9981618,1.0040214,1.0373666,1.0747331,1.0960854,1.1263345,1.163701,1.019573,1.0387901,1.0710855,1.0828589,1.1075623,0.017388644,0.025494495,0.038447842,0.035912987,0.038292747,-0.010142356,-0.008131133,-0.0061635408,-0.0035171544,-0.0018782895,0.8505235,0.9324398,0.89946586,0.7433297,0.7338239,0.0007117224,-0.0021999704,-0.012531806,-0.031860135,-0.052152768,1.0450283,1.0810169,1.1212906,1.130262,1.1766895,0.996265,0.996265,0.996265,0.996265,0.996265,1.0316727,1.0580071,1.1071174,1.1120996,1.1427047,1.0014235,1.0231317,1.0359432,1.0487545,1.091815,0.2,0.1,0.05,0.033333335,0.016666668,0.07659486,0.044070035,0.029874051,0.02787389,0.020701287,0.4,0.4,0.35,0.033333335,0.016666668,0.8,0.9,0.95,0.96666664,0.98333335,-0.4,-0.5,-0.6,-0.93333334,-0.96666664,-0.90349525,-0.87116146,-0.3293413,-0.50416636,-0.099178076,-0.6788389,-0.38600633,-0.10307041,-0.069303446,0.08865229,0.2,0.2,0.3,0.3,0.43333334,0.6,0.7,0.65,0.6666667,0.53333336,-0.4,-0.5,-0.35,-0.36666667,-0.1,0.043479256,0.09615411,0.21276613,0.20168103,0.35350317,0.95652074,0.9038459,0.7872339,0.798319,0.64649683,-0.9130415,-0.80769175,-0.5744678,-0.59663796,-0.29299366,0.6840743,0.55507296,0.5382478,0.479126,0.49261084,0.24165508,0.22861823,0.17547952,0.16721801,0.17075002,1.5098914,1.3100305,1.152671,1.2773876,1.5145127,0.7699368,0.64705396,0.6085219,0.60611576,0.526417,0.2300632,0.35294604,0.39147812,0.39388427,0.47358298,0.5398736,0.29410788,0.21704373,0.21223147,0.052834045
SH600030,0.02729757022412651,0.75,,2026-05-29,0.020368287,0.04778697,0.42623097,0.027418684,0.57376903,0.0,0.0,-0.007050396,-0.14753804,0.9800383,1.0268713,0.9800383,1.0076345,0.993117,1.0115103,1.0480074,1.0053791,1.0391577,0.9947828,0.99873906,1.0193735,1.0182563,0.9934987,0.013842318,0.01088938,0.024252588,0.021227542,0.038346376,-0.004372705,-0.0020212466,-0.0037579173,-0.0008292571,0.0008374094,0.2494725,0.31582296,0.84032315,0.118271634,0.14545438,0.013962624,0.010356563,0.01632667,-0.006232037,-0.018202286,1.0268713,1.0399336,1.0687312,1.0687312,1.0687312,0.96778756,0.96778756,0.96778756,0.96778756,0.9124558,1.0055295,1.006212,1.0450112,1.0449418,1.0238069,0.9860258,0.99234194,1.0009254,1.0036092,0.9478743,0.6,0.4,0.2,0.16666667,0.45,0.5451991,0.44648942,0.31911325,0.31911325,0.56019205,1.0,0.4,0.15,0.43333334,0.71666664,0.8,0.9,0.95,0.96666664,0.41666666,0.2,-0.5,-0.8,-0.53333336,0.3,0.29657146,-0.04086768,0.047457937,0.24732402,0.3685853,0.78227425,0.7092453,0.5914304,0.6766497,0.51115537,0.6,0.5,0.4,0.43333334,0.43333334,0.4,0.5,0.6,0.53333336,0.55,0.2,0.0,-0.2,-0.1,-0.11666667,0.54726,0.44787854,0.37900886,0.4908985,0.47194368,0.45273998,0.55212146,0.6209912,0.5091015,0.5280563,0.09452001,-0.1042429,-0.24198231,-0.01820301,-0.056112643,0.5879626,0.49652797,0.47906154,0.45842722,0.42208803,0.2437043,0.221863,0.16227894,0.16297768,0.19090308,1.072724,1.2397288,1.137734,1.0910342,1.9718561,0.7931502,0.66954064,0.5355798,0.56394154,0.5331916,0.2068498,0.33045936,0.46442023,0.43605843,0.4668084,0.58630043,0.33908126,0.07115954,0.1278831,0.06638318
SH600362,0.026826346842152734,0.75,,2026-05-29,-0.016949117,0.045197792,-0.3749988,0.021468941,0.47499976,0.006779734,0.15000145,-0.031638324,-0.6999971,1.0172414,1.0390804,0.9931034,1.0124726,1.0409062,1.0660793,1.0179987,1.0653241,1.3704216,1.0237885,1.0252109,1.0613341,1.0586784,1.0738137,0.029648708,0.02355847,0.046447024,0.040276825,0.07557903,-0.014109496,-0.0024112775,-0.0050340444,-0.0014234679,-0.0020882834,0.566176,0.096031055,0.4111368,0.09680251,0.23284991,0.004430481,-0.014360051,-0.013510719,-0.038038097,-0.01220932,1.0759586,1.0759586,1.1926498,1.1926498,1.3447071,0.9724725,0.9724725,0.9724725,0.9724725,0.97021204,1.04219,1.0416614,1.1103334,1.0873253,1.1227187,0.9998741,0.9999245,1.0143486,1.0249465,1.0143486,0.4,0.3,0.15,0.1,0.13333334,0.26600197,0.26600197,0.12502426,0.12502426,0.07954173,0.4,0.7,0.45,0.6333333,0.016666668,0.8,0.9,0.95,0.96666664,0.25,-0.4,-0.2,-0.5,-0.33333334,-0.23333333,0.5903859,0.5749245,0.87669235,0.62911296,0.33759204,0.6884727,0.72313184,0.7480956,0.5791254,0.40890616,0.4,0.4,0.5,0.43333334,0.36666667,0.6,0.6,0.5,0.53333336,0.6166667,-0.2,-0.2,0.0,-0.1,-0.25,0.31679872,0.3718889,0.48334506,0.44850177,0.36471462,0.68320125,0.62811106,0.51665497,0.55149823,0.6352854,-0.36640254,-0.25622216,-0.03330988,-0.10299645,-0.27057076,0.9729348,0.97014886,1.1441115,1.0196801,0.8853244,0.19943984,0.1618922,0.26854816,0.32450476,0.31219277,1.0821036,0.7047941,0.56047356,0.79445547,0.92667824,0.49566397,0.45567504,0.55158854,0.5019384,0.47126088,0.504336,0.544325,0.4484115,0.4980616,0.52873915,-0.008672054,-0.088649936,0.103177026,0.0038768258,-0.057478275
SH601838,0.026426133336408558,0.875,,2026-05-29,0.011419228,0.027732411,0.4117647,0.008156592,0.29411766,0.008156592,0.29411766,0.011419228,0.4117647,0.9887097,1.0080645,0.9806452,0.9983824,0.99696743,1.0064443,1.0075815,0.92949206,0.89992416,0.9915087,0.9963609,1.0076952,0.99145824,0.9556609,0.00535152,0.008359151,0.014101923,0.03070156,0.042706694,0.0026535222,-0.0009373496,-0.0020755073,0.0018882066,0.002111297,0.61465454,0.1152631,0.7581583,0.29314318,0.74542964,0.0031842084,0.007857164,0.012022064,-0.018837204,-0.017944159,1.0080645,1.0147665,1.035085,1.035085,1.035085,0.9800536,0.9800536,0.9800536,0.9205448,0.883388,0.9939348,1.0051554,1.0194845,1.0178165,1.0066718,0.98779386,0.988552,0.99211526,0.97134197,0.91978776,1.0,0.7,0.35,0.53333336,0.76666665,0.71209395,0.5746107,0.36245465,0.69368845,0.76871663,1.0,0.3,0.35,0.56666666,0.78333336,0.4,0.7,0.85,0.1,0.033333335,0.6,-0.4,-0.5,0.46666667,0.75,0.7835319,-0.19439004,0.2252884,0.17748627,-0.112794206,0.32151636,-0.05715063,0.0012344745,0.37466493,0.26791427,0.6,0.5,0.45,0.53333336,0.53333336,0.4,0.5,0.55,0.46666667,0.46666667,0.2,0.0,-0.1,0.06666667,0.06666667,0.54545456,0.463519,0.47549015,0.63556856,0.61018366,0.45454547,0.53648096,0.52450985,0.36443147,0.38981637,0.09090909,-0.072961986,-0.049019672,0.2711371,0.22036728,0.76129764,0.73459375,0.76582867,0.8203208,0.8623738,0.13925876,0.16710655,0.1800214,0.32076067,0.31330046,0.59915215,0.80439574,0.83793765,1.4391366,1.330027,0.8265,0.6090285,0.50150245,0.5378918,0.4384139,0.17350003,0.39097145,0.49849755,0.46210817,0.56158614,0.65299994,0.21805708,0.0030048997,0.07578367,-0.12317224
SH600150,0.02375784226007146,0.75,,2026-05-29,-0.016315784,0.03526311,-0.46268705,0.012105255,0.34328386,0.006842069,0.1940291,-0.021578971,-0.6119418,1.0165864,1.0288924,0.99304444,1.0068611,1.0273393,1.0848079,1.105452,0.8828312,1.020086,1.0175196,1.0201658,1.0586203,1.0300521,0.9662256,0.0126813175,0.012054843,0.041468576,0.06896414,0.09557922,-0.0041527203,-0.00085889647,-0.006163364,0.002919995,0.002697306,0.2680875,0.046533957,0.773153,0.13893744,0.24290323,-0.009214104,-0.016300755,-6.8318186e-05,-0.072392,-0.045796152,1.0698397,1.084792,1.1615773,1.1615773,1.1615773,0.99201244,0.99197155,0.99197155,0.86249393,0.80257183,1.0241671,1.0288857,1.1012594,1.1009564,1.0387056,1.011159,1.0117488,1.0203252,0.99518573,0.8662841,0.2,0.1,0.05,0.23333333,0.55,0.10263201,0.08649464,0.047336064,0.45975828,0.54993075,0.6,0.1,0.1,0.4,0.7,0.8,0.3,0.65,0.1,0.31666666,-0.2,-0.2,-0.55,0.3,0.38333333,0.4557746,0.3919225,0.61306417,0.6214194,0.7070208,0.27358142,-0.19170691,0.22036,0.6322085,0.45705408,0.4,0.3,0.4,0.53333336,0.5,0.6,0.6,0.55,0.43333334,0.48333332,-0.2,-0.3,-0.15,0.1,0.016666668,0.32517862,0.2883851,0.35728145,0.5932268,0.4905759,0.6748214,0.7116149,0.64271855,0.4067732,0.5094241,-0.34964278,-0.4232298,-0.28543708,0.1864536,-0.018848173,1.1618675,1.2890042,1.5241678,1.5762265,1.2981228,0.2023735,0.27904242,0.5471296,0.6884554,0.6084181,0.50234103,1.1592585,0.93751967,1.4155347,1.4936117,0.41279677,0.46353424,0.38618436,0.5078526,0.49078193,0.5872032,0.53646576,0.61381567,0.49214736,0.50921804,-0.17440644,-0.07293151,-0.2276313,0.01570527,-0.018436106
SZ300979,0.02307744977925267,0.625,,2026-05-29,0.026734766,0.036347214,0.7355382,0.0060077715,0.16528836,0.0036046782,0.099173434,0.024331672,0.6694233,0.97396135,1.0058514,0.9704506,0.9924928,1.030597,1.083582,1.1763681,1.2064676,1.352985,1.0035821,1.0318656,1.058694,1.1083084,1.1970646,0.020207195,0.035095386,0.03701878,0.07818991,0.11104457,-0.009701478,-0.011067389,-0.0053736954,-0.008427496,-0.0060825767,0.57624054,0.91159457,0.7375135,0.90032095,0.9151249,0.015820896,0.017937604,-0.0076438985,0.013890252,-0.017628638,1.0385978,1.0898899,1.1215848,1.2454283,1.3824204,0.9674881,0.9674881,0.9674881,0.9674881,0.9674881,1.0168159,1.0638806,1.0842786,1.2061194,1.3122885,0.99472636,1.001592,1.0254726,1.0506965,1.0800498,0.4,0.2,0.1,0.06666667,0.033333335,0.45720717,0.26561615,0.21098378,0.11697438,0.07835467,0.2,0.1,0.3,0.16666667,0.18333334,0.8,0.9,0.95,0.96666664,0.98333335,-0.6,-0.8,-0.65,-0.8,-0.8,-0.7886453,-0.5732187,0.16670078,-0.41641513,-0.35151026,-0.2607815,-0.18438628,-0.35888693,-0.3597323,-0.21802273,0.2,0.2,0.25,0.3,0.33333334,0.8,0.8,0.75,0.6666667,0.65,-0.6,-0.6,-0.5,-0.36666667,-0.31666666,0.31641805,0.21428575,0.2340585,0.2567409,0.3097345,0.68358195,0.78571427,0.7659415,0.74325913,0.69026554,-0.36716387,-0.5714285,-0.531883,-0.4865182,-0.38053104,0.7364587,0.69187194,0.8537165,0.7378012,0.6448063,0.2103359,0.20800455,0.447578,0.40331906,0.35477978,0.8380745,0.94714254,1.8657606,2.1029148,1.9326012,0.55107254,0.6084918,0.5335538,0.52045226,0.5076093,0.44892743,0.39150822,0.46644625,0.47954777,0.49239066,0.10214512,0.21698353,0.06710752,0.040904462,0.015218654
SZ002142,0.02143222125706506,0.625,,2026-05-29,0.017377073,0.043278657,0.401516,0.020655673,0.47727156,0.005245913,0.12121247,0.0019673137,0.0454569,0.98291975,1.0203029,0.9777634,1.0064666,1.0018294,1.0260029,1.0714753,0.9960799,1.0408989,0.99317914,1.0007186,1.023102,1.0270569,1.0088266,0.0065316963,0.01004155,0.027382864,0.02584251,0.029814055,-0.0005226633,-0.0023021246,-0.004353886,-0.0015972559,0.0004925762,0.016007815,0.4818009,0.88483936,0.2960611,0.0832539,0.00786621,0.00964092,0.018259902,-0.0038966797,-0.023357566,1.0203029,1.0270288,1.0840449,1.0917921,1.0917921,0.97581035,0.97581035,0.97581035,0.97581035,0.9442233,0.99738663,1.0097739,1.0474323,1.0474323,1.0327976,0.9877433,0.9947994,0.9993467,1.001777,0.9811054,1.0,0.5,0.25,0.16666667,0.41666666,0.5436792,0.47228402,0.223493,0.20856442,0.37797087,1.0,0.4,0.05,0.3,0.65,0.8,0.9,0.95,0.96666664,0.25,0.2,-0.5,-0.9,-0.6666667,0.4,0.6636249,0.044778097,0.27044594,0.48642033,0.45442474,0.7207542,0.29362643,0.07113398,0.43783778,0.10773923,0.4,0.4,0.35,0.43333334,0.45,0.6,0.6,0.65,0.56666666,0.53333336,-0.2,-0.2,-0.3,-0.13333334,-0.083333336,0.47328272,0.36313644,0.3293826,0.5057961,0.46693432,0.5267173,0.6368635,0.6706174,0.49420393,0.5330657,-0.053434562,-0.2737271,-0.3412348,0.011592144,-0.06613132,0.69131386,0.6571867,0.68020654,0.7450408,0.6679747,0.19429205,0.14757551,0.13629086,0.28065923,0.24944891,1.1624033,0.88727564,0.7685335,1.0008785,1.0758214,0.7219078,0.62849057,0.5056162,0.5361586,0.49962127,0.2780922,0.37150943,0.49438384,0.46384138,0.5003787,0.44381562,0.2569811,0.011232331,0.072317265,-0.000757451
SZ000166,0.021217385134672192,0.75,,2026-05-29,0.011467944,0.02752293,0.4166687,0.011467859,0.41666564,0.004587127,0.16666564,0.0045872116,0.16666873,0.98866206,1.0113379,0.984127,1.0005673,1.0014347,1.0286944,1.061693,1.081779,1.1262554,1.005165,1.0090387,1.0402439,1.0483979,1.0682209,0.0117261475,0.01034701,0.03472613,0.031101553,0.034708213,-0.0048780437,-0.0021825114,-0.005360243,-0.0027941132,-0.0016085691,0.43263403,0.4078446,0.8339195,0.62549746,0.65511084,0.0045911255,0.00078259694,0.010678442,-0.007883218,-0.020768125,1.0335401,1.0469028,1.0922784,1.0922784,1.1427287,0.98398775,0.98398775,0.98398775,0.98398775,0.98398775,1.0109038,1.0143472,1.0774748,1.0774748,1.0978479,0.99770445,1.0011477,1.0086083,1.0129124,1.0473458,0.4,0.2,0.1,0.06666667,0.033333335,0.32313788,0.2545061,0.14786384,0.14786384,0.100870356,0.6,0.4,0.35,0.56666666,0.18333334,0.8,0.9,0.95,0.96666664,0.98333335,-0.2,-0.5,-0.6,-0.4,-0.8,-0.13268651,-0.051729456,-0.19132149,-0.37580493,-0.15331484,0.27302754,0.34387374,0.084591314,0.16999957,0.060631923,0.6,0.4,0.4,0.3,0.4,0.4,0.5,0.5,0.56666666,0.53333336,0.2,-0.1,-0.1,-0.26666668,-0.13333334,0.48837212,0.3717948,0.34965017,0.33898303,0.39767438,0.51162785,0.62820524,0.6503498,0.66101694,0.6023256,-0.02325575,-0.25641042,-0.30069962,-0.3220339,-0.20465127,0.80556136,0.8214946,0.8063136,0.7245687,0.7052161,0.15252061,0.1776888,0.1646071,0.19064434,0.20080699,0.43768826,0.52196205,0.87865144,1.0302542,1.1640648,0.59123474,0.47915363,0.5235242,0.55113274,0.5045832,0.40876526,0.52084637,0.47647575,0.44886726,0.4954168,0.18246947,-0.04169272,0.047048505,0.102265485,0.009166395
SH600061,0.020891585345093777,0.75,,2026-05-29,0.015772903,0.02523661,0.62500083,0.007886409,0.31249872,0.0015772989,0.062500425,0.009463793,0.37500256,0.98447204,1.007764,0.9829192,0.99860144,0.98601943,1.009425,1.0108387,1.0870247,1.1475023,0.9996858,0.99968576,1.0188109,1.0276625,1.0620877,0.011404047,0.0098550925,0.023302676,0.027507983,0.045847334,-0.002481928,-0.00073305715,-0.0029913369,-0.002399811,-0.002380234,0.11841329,0.05071842,0.57674927,0.58984554,0.82207406,0.005278054,0.0036129635,0.009606871,0.007134718,0.008129288,1.0249,1.0326273,1.068381,1.0900763,1.1615819,0.9797723,0.9797723,0.9797723,0.9797723,0.9797723,1.006566,1.0062519,1.042884,1.0497957,1.1152999,0.9940622,0.9946905,0.9996858,1.0012567,1.0136663,0.6,0.55,0.275,0.18333334,0.09166667,0.4482325,0.38270146,0.22828095,0.18338114,0.11125747,0.6,0.4,0.35,0.033333335,0.016666668,0.8,0.9,0.95,0.96666664,0.98333335,-0.2,-0.5,-0.6,-0.93333334,-0.96666664,0.48749527,0.10768254,0.33957544,-0.18222351,-0.35804942,0.3643497,0.28659424,0.2979192,0.2547779,0.03881301,0.6,0.5,0.5,0.33333334,0.43333334,0.4,0.5,0.5,0.6666667,0.53333336,0.2,0.0,0.0,-0.33333334,-0.1,0.59175295,0.46394256,0.47809535,0.3655341,0.39527103,0.40824705,0.5360574,0.52190465,0.6344659,0.604729,0.18350588,-0.07211486,-0.04380931,-0.2689318,-0.20945793,0.93593884,0.93310046,1.0554572,1.0032412,0.86841744,0.21400444,0.23126289,0.35406765,0.3385414,0.32702577,0.45662978,0.52461153,0.870525,0.9230374,1.149109,0.50392675,0.5012299,0.46976298,0.52652735,0.4959101,0.49607322,0.4987701,0.530237,0.47347265,0.5040899,0.007853552,0.0024598024,-0.060474012,0.05305471,-0.008179796
SH603296,0.020516727730066336,0.875,,2026-05-29,-0.062389806,0.107243516,-0.5817583,0.021060988,0.19638473,0.023792718,0.22185694,-0.05965808,-0.55628616,1.0665413,1.0890037,0.9746241,1.0148968,1.0239185,1.0700562,0.97653896,0.92393154,0.8407398,1.0165337,1.0205137,1.0346426,1.0111314,0.92581034,0.023987118,0.02328084,0.040366605,0.05120957,0.09929253,-0.01377597,-0.004085429,-0.0012135627,0.0031488533,0.0050623077,0.8245713,0.2822861,0.03163356,0.29302478,0.79280025,0.011018181,-0.0021292244,-0.02311368,-0.05678981,-0.075148426,1.0890037,1.1043651,1.1466466,1.1466466,1.1466466,0.9647889,0.9647889,0.91824824,0.8990234,0.7495327,1.0367794,1.0367794,1.0716507,1.0546334,1.0252124,0.999255,0.999255,0.999255,0.9726441,0.8170566,0.4,0.3,0.25,0.43333334,0.71666664,0.2834692,0.25227135,0.357935,0.4077833,0.630719,1.0,0.1,0.25,0.5,0.75,0.8,0.9,0.1,0.06666667,0.35,0.2,-0.8,0.15,0.43333334,0.4,-0.50737095,-0.25257596,0.24077883,0.56466377,0.63231486,0.18538871,-0.37242693,0.088442065,0.36344537,0.44226778,0.4,0.4,0.45,0.46666667,0.48333332,0.6,0.6,0.55,0.53333336,0.51666665,-0.2,-0.2,-0.1,-0.06666667,-0.033333335,0.35791907,0.34132633,0.521185,0.54851615,0.55524826,0.64208096,0.65867364,0.47881502,0.45148382,0.44475177,-0.2841619,-0.31734732,0.042369954,0.09703234,0.11049649,0.6697061,0.68922514,0.75301784,0.70424604,0.6032455,0.18589075,0.18394949,0.17869274,0.18579082,0.22451279,0.652272,0.7095976,0.8534065,0.8733764,1.0294483,0.9689816,0.61537355,0.5751476,0.54796517,0.53092813,0.031018376,0.38462645,0.4248524,0.4520348,0.46907184,0.93796325,0.23074713,0.15029523,0.09593037,0.061856307
SZ300274,0.02030729958735696,0.625,,2026-05-29,-0.06390032,0.07694328,-0.8304861,0.0025770175,0.03349243,0.010465936,0.13602145,-0.056011405,-0.7279571,1.0682623,1.0710152,0.98881966,1.0207564,0.92426306,0.85931796,0.72626317,0.7797732,0.8352354,1.0094942,0.9579855,0.8739184,0.8320709,0.8422492,0.047498226,0.06714397,0.09975552,0.1009272,0.09911407,0.018315526,0.02004329,0.015757747,0.010186415,-7.5405136e-05,0.37172693,0.816837,0.8733382,0.7894562,0.00017653512,-0.046125222,-0.048180327,-0.023617009,0.020226106,0.15997525,1.0770826,1.0770826,1.0770826,1.0770826,1.0770826,0.89330816,0.83156335,0.7101017,0.69785905,0.68069094,1.0410128,1.0113486,0.95168227,0.931197,0.9352405,0.9879206,0.91625226,0.78156155,0.7513658,0.7502046,0.4,0.7,0.85,0.9,0.95,0.58055866,0.6860426,0.7899548,0.79673576,0.8055393,0.6,0.8,0.9,0.93333334,0.96666664,0.2,0.1,0.05,0.33333334,0.41666666,0.4,0.7,0.85,0.6,0.55,0.009390466,-0.08133535,0.48454428,0.51251644,0.27503845,0.10408572,0.36120087,0.48036507,0.31485608,0.29664984,0.8,0.6,0.6,0.53333336,0.5,0.2,0.4,0.4,0.46666667,0.5,0.6,0.2,0.2,0.06666667,0.0,0.6788825,0.7234963,0.7313405,0.65917367,0.55835545,0.32111752,0.2765037,0.26865944,0.3408263,0.44164452,0.35776496,0.4469926,0.4626811,0.31834736,0.116710946,1.1091245,1.1404519,1.0297861,0.9488066,0.93469757,0.16452508,0.14640291,0.32956475,0.32516113,0.33108893,0.6133967,0.80747706,1.3643566,1.5491933,1.4414037,0.4922339,0.2736194,0.45859843,0.48462886,0.50400245,0.50776607,0.7263806,0.54140157,0.51537114,0.49599755,-0.015532176,-0.45276114,-0.08280313,-0.030742303,0.008004933
SH601658,0.020007741154842835,0.75,,2026-05-29,0.008097211,0.022267206,0.3636384,0.008097111,0.36363393,0.006072883,0.27272767,0.0060729827,0.27273214,0.99196786,1.0080321,0.98594373,0.9997172,0.99262536,0.9985251,1.0442477,1.0147492,1.0029498,0.99941003,0.9960177,1.0044248,1.0145034,1.0147493,0.0042492338,0.0057356074,0.011444748,0.018192701,0.015975708,-0.00073746534,0.00068830093,-0.0015015389,-0.0017046137,-0.00017228645,0.07530121,0.13201077,0.60246074,0.6803921,0.03547169,0.0020649028,0.00088495837,0.009839867,0.010213483,-0.009666788,1.0080321,1.0091112,1.0439614,1.0592574,1.0592574,0.98594373,0.9785598,0.9785598,0.9785598,0.9785598,1.0029498,1.00059,1.0123893,1.0345132,1.0286136,0.99734515,0.9917404,0.99616516,0.9985251,1.0,0.6,0.8,0.45,0.3,0.21666667,0.63636607,0.7017754,0.32782394,0.26568565,0.26568565,1.0,0.2,0.05,0.16666667,0.5833333,1.0,0.5,0.75,0.8333333,0.9166667,0.0,-0.3,-0.7,-0.6666667,-0.33333334,0.5445239,0.20709024,0.3264944,0.27557614,0.14387125,0.43762177,0.4244032,-0.068493,0.41683894,0.118167266,0.6,0.5,0.35,0.4,0.46666667,0.2,0.3,0.55,0.5,0.48333332,0.4,0.2,-0.2,-0.1,-0.016666668,0.6315789,0.516129,0.30263177,0.46268666,0.49695122,0.36842105,0.48387095,0.69736826,0.53731334,0.5030488,0.2631579,0.032258064,-0.39473647,-0.0746267,-0.006097581,0.769277,0.7908811,0.8380784,0.86592704,0.9647881,0.1469638,0.116024636,0.17472284,0.24093479,0.27831554,0.6766654,0.83115745,0.98610574,1.1191744,1.1452998,0.5254203,0.45683226,0.5310565,0.50537276,0.5005681,0.4745797,0.54316777,0.4689435,0.49462724,0.4994319,0.050840642,-0.08633549,0.062113,0.010745524,0.0011361798
SH601825,0.019221915818988588,0.75,,2026-05-29,0.020408215,0.03481396,0.5862078,0.009603791,0.27586034,0.004801953,0.13793184,0.015606377,0.4482793,0.97999996,1.0094117,0.97529405,0.9974676,1.0115349,1.0363797,1.0647738,1.085182,0.98757756,0.9934339,1.0075421,1.0194321,1.0366163,1.039441,0.009486347,0.017298138,0.019930264,0.03040607,0.030901223,-0.0020408176,-0.005071116,-0.002759335,-0.003225905,-0.00013118568,0.11570452,0.7878069,0.67088914,0.8723368,0.005496944,0.010647732,0.015277883,0.006781593,0.0101592615,-0.035570983,1.0138247,1.0439657,1.0761628,1.1013267,1.1013267,0.97529405,0.97529405,0.97529405,0.97529405,0.97314847,1.0001775,1.0225377,1.0354924,1.0688553,1.0724046,0.98420584,0.9969831,1.0007099,1.0115349,1.0108252,0.7,0.35,0.175,0.11666667,0.14166667,0.64120233,0.3597694,0.24493168,0.19602823,0.20948578,0.2,0.1,0.05,0.06666667,0.53333336,1.0,1.0,1.0,1.0,0.033333335,-0.8,-0.9,-0.95,-0.93333334,0.5,0.32689378,-0.09008781,0.27212402,-0.010077934,-0.11641161,0.7045147,0.6661831,-0.1466106,-0.23766083,-0.10140877,0.2,0.2,0.45,0.43333334,0.51666665,0.8,0.8,0.55,0.53333336,0.46666667,-0.6,-0.6,-0.1,-0.1,0.05,0.38181865,0.31192687,0.33632293,0.3628572,0.5098592,0.61818135,0.6880731,0.66367704,0.63714284,0.4901408,-0.23636271,-0.37614623,-0.32735413,-0.2742856,0.019718405,0.6464885,0.59728456,0.7910525,0.78391343,0.7380595,0.21096788,0.16190778,0.33126327,0.3240745,0.27227172,1.0173335,0.8606575,1.2710608,1.2033461,1.0431206,0.77515554,0.5628503,0.52858555,0.5478019,0.5128793,0.22484446,0.43714973,0.47141445,0.4521981,0.4871207,0.5503111,0.12570053,0.05717113,0.095603846,0.02575865
SH601288,0.01903626701661075,0.75,,2026-05-29,0.022653714,0.033980615,0.6666658,0.0048543867,0.14285752,0.0064725154,0.1904767,0.024271842,0.71428496,0.9778481,1.0047468,0.971519,0.9928574,1.0221453,1.0553633,1.0830449,1.049135,1.0055363,1.0033218,1.018339,1.0413148,1.0585467,1.0460669,0.014789297,0.020321513,0.028106468,0.034513958,0.029838657,-0.007197224,-0.0061696586,-0.004475896,-0.0036589678,0.00015782942,0.5920726,0.8449318,0.8875962,0.87102246,0.008533304,0.011072676,0.009424381,0.0012061498,-0.005491661,-0.05072284,1.0272915,1.0588298,1.0868243,1.1312566,1.1312566,0.971519,0.971519,0.971519,0.971519,0.971519,1.016609,1.033218,1.0671281,1.0874741,1.0740484,0.9954325,0.9997232,1.0186851,1.0221453,1.0220069,0.6,0.3,0.15,0.1,0.05,0.5106634,0.32620266,0.24700536,0.17829888,0.17829888,0.2,0.2,0.05,0.16666667,0.5833333,1.0,1.0,1.0,1.0,1.0,-0.8,-0.8,-0.95,-0.8333333,-0.41666666,-0.66937095,-0.1592161,0.29544348,0.11019954,0.13518374,0.031009939,-0.2518177,-0.027238715,-0.0038074246,0.33963427,0.2,0.3,0.35,0.43333334,0.45,0.8,0.7,0.65,0.56666666,0.55,-0.6,-0.4,-0.3,-0.13333334,-0.1,0.30487838,0.25609776,0.27941194,0.42058173,0.49586776,0.69512165,0.7439022,0.720588,0.57941824,0.5041323,-0.39024326,-0.48780444,-0.4411761,-0.15883654,-0.008264483,0.8360435,0.8703942,0.9566885,0.9605578,1.0554428,0.2207419,0.18211724,0.21500675,0.24919844,0.38090143,0.76737934,0.78471357,0.82433105,0.94130075,1.3490089,0.60533655,0.46415803,0.5196196,0.49081978,0.49184108,0.39466348,0.535842,0.4803804,0.5091802,0.5081589,0.21067305,-0.07168395,0.039239213,-0.01836041,-0.016317869
SH601021,0.018800945218930103,0.625,,2026-05-29,0.011143186,0.029921612,0.37241265,0.018778425,0.6275874,0.0,0.0,-0.007635238,-0.2551747,0.98897964,1.0185715,0.98897964,1.0063221,0.9475099,0.9236158,0.95403516,0.96727765,1.0750408,0.9863545,0.9618943,0.9588859,0.9654256,0.96755594,0.008393186,0.031828843,0.025050046,0.023315609,0.029683778,0.0021207188,0.0092964955,0.0010651565,-0.0005848763,-0.00046806358,0.15960722,0.7820026,0.06328166,0.04876814,0.07583526,0.009404079,-0.0037284924,0.030995095,0.04305511,0.04625196,1.0185715,1.0185715,1.0185715,1.0185715,1.0880978,0.9648396,0.8940885,0.8940885,0.8940885,0.8791531,0.98955953,0.98526055,0.9789848,0.9842242,0.9870646,0.9814605,0.93029463,0.93624413,0.9474331,0.9452452,1.0,1.0,1.0,1.0,0.93333334,0.65436786,0.8508111,0.8508111,0.8508111,0.5783678,1.0,1.0,1.0,1.0,0.016666668,0.6,0.1,0.55,0.7,0.25,0.4,0.9,0.45,0.3,-0.23333333,0.53717697,0.7358851,0.72821844,0.24665342,0.06246955,0.7413015,0.6709085,0.6319668,0.5501349,0.109561816,0.6,0.6,0.45,0.43333334,0.4,0.4,0.4,0.55,0.56666666,0.6,0.2,0.2,-0.1,-0.13333334,-0.2,0.84489256,0.6933915,0.58290064,0.5457718,0.45797506,0.15510741,0.30660847,0.4170994,0.45422822,0.54202497,0.6897852,0.38678303,0.16580124,0.091543525,-0.08404991,0.8291882,0.7207576,0.61522025,0.53190696,0.60748255,0.24862646,0.2960525,0.25095803,0.24250218,0.2959556,1.2316965,1.0789726,1.3945972,1.5555754,1.6175108,0.60632205,0.6086264,0.57287043,0.5437971,0.500872,0.39367798,0.3913736,0.4271296,0.45620292,0.49912795,0.21264404,0.2172528,0.14574084,0.08759415,0.0017440849
SH603259,0.01455223602538103,0.75,,2026-05-29,0.00793648,0.03988098,0.19900416,0.018452415,0.46268708,0.013492086,0.33830878,0.0029761519,0.07462584,0.992126,1.0183071,0.97874016,1.0013733,1.0073849,0.9991626,1.071222,1.0322802,0.930453,0.99460983,0.9963989,1.0222955,1.0111877,0.9723563,0.011746706,0.01074236,0.03405038,0.038757995,0.061148945,-0.0019109175,-3.414489e-05,-0.0047693863,7.813892e-05,0.0026016005,0.066159405,9.26112e-05,0.6866716,0.00031500237,0.5520814,0.00921201,0.0037547075,0.02301375,-0.012320706,-0.049103532,1.0183071,1.0427617,1.1092867,1.1092867,1.1092867,0.96690094,0.96690094,0.96690094,0.94567037,0.8437323,1.0017282,1.0076361,1.0570993,1.0553939,1.0290521,0.9901408,0.9881919,0.9941378,0.97320896,0.9053826,0.8,0.7,0.45,0.53333336,0.6666667,0.6438731,0.43631366,0.23246042,0.33205515,0.5884584,1.0,0.4,0.05,0.36666667,0.68333334,0.8,0.9,0.95,0.16666667,0.25,0.2,-0.5,-0.9,0.2,0.43333334,0.45658192,0.560842,0.6634513,0.56456476,0.49648365,0.96431226,0.72067255,0.18469492,0.0965125,0.17263828,0.4,0.4,0.45,0.5,0.53333336,0.6,0.6,0.55,0.5,0.46666667,-0.2,-0.2,-0.1,0.0,0.06666667,0.45626667,0.5033906,0.389486,0.469597,0.5340617,0.5437333,0.4966094,0.610514,0.53040296,0.46593836,-0.087466635,0.006781214,-0.22102799,-0.060805958,0.068123296,0.70280457,0.67174983,0.8387933,0.7948622,0.7276048,0.17483696,0.1935941,0.31978112,0.30600527,0.28377438,0.52567333,0.722043,0.96592504,1.4407029,1.4282056,0.804184,0.5791811,0.503791,0.528263,0.51498413,0.19581597,0.42081892,0.49620903,0.47173703,0.48501587,0.6083681,0.15836218,0.0075819665,0.056525934,0.029968236
SH601186,0.014091732376818697,0.375,,2026-05-29,0.025641054,0.033653803,0.76190656,0.008012749,0.23809342,0.0,0.0,0.017628305,0.5238131,0.97499996,1.0078124,0.97499996,0.99336076,0.9947033,1.0296609,1.0561441,1.0868644,1.148305,0.9866525,0.99894065,1.0251589,1.0411017,1.0769597,0.010818588,0.017240893,0.030115271,0.03412403,0.047329664,7.3495556e-09,-0.0045326105,-0.0047653564,-0.003677344,-0.0025441092,1.1537748e-12,0.6335613,0.8763655,0.9000146,0.881261,0.013347469,0.021456104,0.020112019,0.012219825,-0.0019084851,1.0078124,1.0343484,1.0623934,1.0915492,1.1851612,0.96882904,0.96882904,0.96882904,0.96882904,0.96882904,0.9932203,1.013983,1.0544491,1.0726695,1.1194915,0.9769068,0.9879237,0.9940677,1.0025424,1.0478814,1.0,0.6,0.3,0.2,0.1,0.7995958,0.47575194,0.3331498,0.25400028,0.1440883,1.0,0.2,0.35,0.033333335,0.15,0.8,0.9,0.95,0.96666664,0.98333335,0.2,-0.7,-0.6,-0.93333334,-0.8333333,0.69701123,0.17023598,-0.08109586,-0.33318046,0.46796277,0.82026535,0.69409776,0.40588692,0.2910634,0.051361743,0.2,0.2,0.25,0.2,0.33333334,0.8,0.8,0.75,0.73333335,0.6,-0.6,-0.6,-0.5,-0.53333336,-0.26666668,0.55555624,0.3679248,0.3354038,0.29081652,0.3605578,0.44444376,0.6320752,0.6645962,0.70918345,0.6394422,0.11111248,-0.26415035,-0.32919237,-0.41836694,-0.27888438,0.6936891,0.65246016,0.64352405,0.6111574,0.744529,0.18342698,0.1478936,0.13504131,0.13347608,0.3415115,1.3467909,0.94720906,1.022031,1.1499243,1.260196,0.75845724,0.62482035,0.6089586,0.5925831,0.48575184,0.24154276,0.37517968,0.39104143,0.40741685,0.5142482,0.5169145,0.24964066,0.21791716,0.18516628,-0.028496329
SH601901,0.013315221781268965,0.75,,2026-05-29,0.00730998,0.016081885,0.45454752,0.0073098894,0.45454186,0.0014620143,0.090910636,0.0014621052,0.09091629,0.9927431,1.0072569,0.99129164,0.99832755,1.0243572,1.0175912,1.0257103,1.037889,1.0960758,1.014073,1.0156969,1.0302435,1.0273342,1.0316193,0.016395262,0.0117310155,0.01908781,0.016729984,0.027019946,-0.00947225,-0.0013613788,-0.0025222045,-0.00043108998,-0.0006273733,0.834468,0.123452015,0.6111059,0.051457245,0.1644307,0.004871451,-0.009570654,-0.006282593,-0.02108339,-0.013111756,1.0413893,1.046624,1.063993,1.063993,1.1018094,0.99129164,0.99129164,0.99129164,0.99129164,0.9807625,1.0297699,1.0254397,1.0506089,1.0427605,1.0584574,0.99891746,1.0086603,1.0154263,1.0154263,1.0067658,0.4,0.2,0.1,0.06666667,0.15,0.17382704,0.15738271,0.1197824,0.1197824,0.1589263,0.4,0.4,0.35,0.56666666,0.016666668,1.0,1.0,1.0,1.0,0.38333333,-0.6,-0.6,-0.65,-0.43333334,-0.36666667,-0.5611365,-0.13379976,-0.23396868,0.04713795,-0.13692796,-0.019776527,0.101873256,0.049967445,0.23188241,0.08826003,0.4,0.5,0.5,0.43333334,0.46666667,0.4,0.4,0.45,0.5,0.48333332,0.0,0.1,0.05,-0.06666667,-0.016666668,0.23529527,0.39682552,0.42635667,0.4156627,0.41876435,0.7647047,0.60317445,0.5736433,0.5843373,0.58123565,-0.52940947,-0.20634894,-0.14728662,-0.16867462,-0.16247128,0.8760592,0.81720513,0.7674357,0.6936177,0.67893726,0.14080262,0.24002859,0.18638004,0.19698413,0.20406096,0.94266146,0.7896549,0.71841913,0.8701664,1.1539806,0.5007942,0.5485263,0.5306807,0.5605108,0.5028439,0.49920583,0.45147368,0.46931928,0.43948916,0.49715608,0.0015883592,0.09705262,0.061361406,0.12102166,0.005687822
SH600009,0.012995408867639512,0.625,,2026-05-29,0.0088531505,0.030985981,0.2857147,0.020925555,0.6753233,0.0012072764,0.038962018,-0.010865128,-0.35064656,0.9912245,1.0207419,0.99002784,1.0048097,1.0052077,1.0398831,1.0829417,1.0965323,1.1950971,1.0092722,1.0145307,1.0459926,1.0601931,1.0976968,0.012617498,0.011620136,0.035252757,0.035251614,0.051391557,-0.006757251,-0.0028236075,-0.0056928154,-0.0036348156,-0.002764955,0.71702385,0.54124975,0.9127168,0.82396454,0.88286114,0.0042423313,-0.0018244109,0.008089148,-0.0074882032,-0.016130561,1.0315653,1.0442187,1.1081297,1.1081297,1.2038168,0.99002784,0.99002784,0.99002784,0.99002784,0.99002784,1.019662,1.0223802,1.0861932,1.0920868,1.16032,0.9984758,1.0041661,1.0179855,1.020856,1.0677505,0.4,0.2,0.1,0.06666667,0.033333335,0.24007596,0.18401912,0.08443673,0.08443673,0.046644814,0.4,0.4,0.2,0.46666667,0.016666668,1.0,1.0,1.0,1.0,1.0,-0.6,-0.6,-0.8,-0.53333336,-0.98333335,-0.50984275,-0.53123724,-0.3271845,-0.60294306,-0.31538874,0.31400946,0.25290626,0.24406253,0.093264386,-0.06494286,0.6,0.5,0.4,0.4,0.41666666,0.4,0.5,0.6,0.6,0.5833333,0.2,0.0,-0.2,-0.2,-0.16666667,0.45107386,0.30521062,0.268275,0.2831047,0.32393402,0.5489262,0.6947894,0.73172504,0.7168953,0.676066,-0.097852305,-0.3895788,-0.46345,-0.43379062,-0.35213193,0.6342113,0.55541635,0.5258255,0.44996014,0.4165875,0.22760192,0.1853186,0.14675926,0.16441105,0.15413785,0.56863767,0.67762303,0.7322634,0.9184636,1.3692749,0.79639953,0.6377915,0.64833814,0.6034994,0.51496476,0.20360045,0.36220846,0.35166186,0.39650062,0.4850352,0.5927991,0.27558306,0.29667625,0.20699878,0.029929558
SH601456,0.011897348153890134,0.75,,2026-05-29,0.011641452,0.024447016,0.4761911,0.011641452,0.4761911,0.0011641125,0.04761777,0.0011641125,0.04761777,0.9884925,1.0115075,0.9873418,1.0015144,1.0432372,1.0731708,1.0898005,1.0764966,1.1175166,1.023725,1.0423503,1.0735034,1.0733925,1.0710459,0.026844392,0.027410489,0.038166597,0.03118434,0.026929948,-0.014855881,-0.008036015,-0.0059750252,-0.001739799,-0.00031971803,0.7656489,0.7878787,0.8577894,0.24122748,0.042989567,0.005986702,-0.006188269,-0.016740583,-0.04816537,-0.06161414,1.06379,1.0988194,1.1213111,1.1213111,1.1270673,0.9873418,0.9873418,0.9873418,0.9873418,0.9873418,1.045898,1.0645233,1.1101996,1.1086475,1.0913526,0.99800444,1.0283813,1.045011,1.0583148,1.0472285,0.4,0.2,0.1,0.06666667,0.033333335,0.16557904,0.113549285,0.094485864,0.094485864,0.090593345,0.4,0.4,0.1,0.4,0.016666668,1.0,1.0,1.0,1.0,1.0,-0.6,-0.6,-0.9,-0.6,-0.98333335,-0.8468176,-0.7283878,-0.34542006,-0.17761728,0.0693167,-0.6663963,-0.24457568,-0.30780354,0.01401284,0.18355618,0.6,0.5,0.5,0.46666667,0.45,0.4,0.5,0.45,0.46666667,0.48333332,0.2,0.0,0.05,0.0,-0.033333335,0.20000045,0.17000003,0.25454527,0.3519313,0.39271247,0.79999954,0.83,0.7454547,0.6480687,0.6072875,-0.5999991,-0.65999997,-0.49090946,-0.2961374,-0.21457504,0.8727084,0.7509412,0.7214476,0.6678325,0.6124621,0.29518762,0.29448,0.23057956,0.27550232,0.2426615,1.5032189,1.6826308,1.7024162,1.7544872,1.5416833,0.5509399,0.562517,0.4440984,0.54068077,0.5043952,0.44906008,0.43748298,0.5559016,0.45931923,0.4956048,0.10187981,0.12503402,-0.11180316,0.08136152,0.008790375
SH600066,0.011178845029573808,0.5,,2026-05-29,0.0059171524,0.029585762,0.2,0.01650571,0.5578937,0.0071628992,0.24210629,-0.003425659,-0.11578742,0.9941177,1.0164086,0.9869969,1.0065829,0.97678274,1.0151736,1.0400634,1.0727599,0.8833095,1.0022314,0.9938725,1.0156221,1.0313979,0.9978371,0.01013084,0.012558308,0.025559716,0.031498283,0.07307186,-0.00015515379,0.0021764317,-0.00324523,-0.0030610587,0.0024145823,0.00058637274,0.27532092,0.56421804,0.7319328,0.3330301,-0.0019210002,-0.0036664612,0.01520749,0.012987379,-0.0690673,1.0349885,1.0349885,1.0742191,1.1010724,1.1238431,0.9758531,0.9724495,0.9724495,0.9724495,0.85353833,1.0117667,1.0022295,1.0419313,1.063533,1.0641758,0.9939972,0.9817375,0.9903428,0.9987006,0.9120345,0.6,0.8,0.4,0.26666668,0.46666667,0.40833235,0.4405332,0.2707147,0.21419606,0.541839,0.8,0.9,0.1,0.26666668,0.38333333,0.2,0.1,0.55,0.7,0.033333335,0.6,0.8,-0.45,-0.43333334,0.35,0.27756143,0.38894448,0.65830714,0.6681014,0.34901163,0.48681608,0.2608806,0.07626896,0.023408644,0.38219872,0.6,0.4,0.5,0.43333334,0.46666667,0.4,0.6,0.5,0.5,0.5,0.2,-0.2,0.0,-0.06666667,-0.033333335,0.68655336,0.44442886,0.42516348,0.39842632,0.5600958,0.3134466,0.55557114,0.57483655,0.60157365,0.43990418,0.37310678,-0.111142285,-0.14967306,-0.20314734,0.12019161,0.93729836,0.89076257,1.1129164,1.2188257,1.4861379,0.19773963,0.22407164,0.34760714,0.35963383,0.87314665,0.8256453,0.87669903,0.8641778,0.89245796,1.5470439,0.6383772,0.49481684,0.42850605,0.50069714,0.49168274,0.3616228,0.50518316,0.571494,0.49930286,0.5083173,0.2767544,-0.0103662945,-0.14298792,0.0013942431,-0.016634533
SH601916,0.010663513808087556,0.75,,2026-05-29,0.01351347,0.016891839,0.8,0.0033783675,0.2,0.0,0.0,0.010135103,0.6,0.9866667,1.0033333,0.9866667,0.99663377,0.99036145,0.99759036,0.9879518,0.99759036,1.0048193,0.9913253,0.9939759,0.9963855,0.99646586,1.0040964,0.004996737,0.005707904,0.0065642484,0.0070673972,0.01696522,0.0016867484,-0.00092004455,-0.0003514814,-0.00021121209,-0.00051004835,0.2848837,0.23816381,0.10034661,0.06921819,0.27567896,0.005301209,0.010164302,0.0069535337,0.0065967147,0.010950038,1.0033333,1.0081575,1.0114958,1.0114958,1.0500405,0.9866667,0.9866667,0.98461413,0.98461413,0.97738713,0.9922891,0.99807227,1.0048193,1.0048193,1.0236145,0.9879518,0.9898795,0.99036145,0.9898795,0.99036145,1.0,0.9,0.725,0.7,0.55833334,0.8,0.62041795,0.57235456,0.57235456,0.31124344,1.0,0.2,0.25,0.5,0.18333334,1.0,1.0,0.05,0.3,0.41666666,0.0,-0.8,0.2,0.2,-0.23333333,0.7880475,0.4831398,0.4617506,0.3842587,0.55051893,0.6919667,0.6396356,0.5174456,0.48890767,-0.088960096,0.2,0.2,0.25,0.23333333,0.3,0.2,0.4,0.35,0.36666667,0.43333334,0.0,-0.2,-0.1,-0.13333334,-0.13333334,0.8333333,0.53333336,0.5925926,0.5121951,0.49305555,0.16666667,0.46666667,0.4074074,0.4878049,0.5069444,0.6666667,0.06666667,0.18518518,0.024390243,-0.013888889,0.60105735,0.58162355,0.595895,0.581706,0.8059454,0.24374206,0.18369563,0.17140727,0.15509579,0.37176087,1.9278702,1.4073664,1.5696077,1.4643661,2.031961,0.7200023,0.56590855,0.5790715,0.55133545,0.48733702,0.27999774,0.43409142,0.42092848,0.44866458,0.512663,0.44000456,0.13181713,0.15814304,0.10267088,-0.025325963
SH688256,0.010244899592823861,0.75,,2026-05-29,-0.064285696,0.08499992,-0.756303,0.009999956,0.11764666,0.010714266,0.12605031,-0.063571386,-0.74789935,1.0687022,1.0793892,0.98854965,1.021891,0.9816788,0.92290133,0.7036197,0.63578147,0.610145,1.0471693,1.0178984,0.96747553,0.87307215,0.7159339,0.034044042,0.046899624,0.0810981,0.15108818,0.19244702,-0.016218314,0.007919272,0.010707628,0.015904455,0.009886129,0.5673737,0.26136252,0.6101453,0.8587729,0.80487794,-0.014732751,-0.05353512,-0.06919802,-0.103686765,-0.007574753,1.1053504,1.1053504,1.1053504,1.1053504,1.1053504,0.98854965,0.89694697,0.68947566,0.63429695,0.49552846,1.0743446,1.0645026,1.0263244,1.0056064,0.95745313,1.0183222,0.9846724,0.9215273,0.69077075,0.5442008,0.2,0.4,0.65,0.76666665,0.8833333,0.09803332,0.4944883,0.74667764,0.7763516,0.82724404,0.4,0.7,0.85,0.9,0.95,1.0,0.2,0.05,0.033333335,0.25,-0.6,0.5,0.8,0.8666667,0.7,0.35458845,0.42222324,-0.18019778,0.42012027,0.6001271,0.56967163,0.6389784,0.5686419,0.45239353,0.41745275,0.6,0.6,0.65,0.7,0.55,0.4,0.4,0.35,0.3,0.43333334,0.2,0.2,0.3,0.4,0.11666667,0.5364854,0.5903815,0.661497,0.67358243,0.6312333,0.4635146,0.40961847,0.33850297,0.32641757,0.36876675,0.0729708,0.18076305,0.32299405,0.34716487,0.26246652,1.0165287,1.0328354,1.2042569,1.0928469,0.92961454,0.12138162,0.17491539,0.32329845,0.33001706,0.32534605,0.7808469,0.8381919,1.177371,1.3561763,1.4595954,0.6299913,0.47196752,0.5212989,0.5131507,0.50325924,0.3700087,0.5280325,0.4787011,0.4868493,0.4967408,0.2599826,-0.056064986,0.042597756,0.02630136,0.0065184245
SH601689,0.009835175223061748,0.625,,2026-05-29,-0.051815823,0.06807479,-0.7611602,0.0101808375,0.14955372,0.006078132,0.08928609,-0.055918526,-0.8214278,1.0546474,1.0653846,0.9935897,1.0205091,1.1546342,1.113105,0.90209013,0.95572054,1.0615373,1.0854235,1.1125343,1.0713936,1.0280963,0.99459225,0.062454987,0.05161485,0.06885244,0.08478656,0.07546517,-0.038868237,-0.012224967,0.0068098786,0.007555562,0.0021320495,0.96826774,0.51423013,0.3423798,0.6154337,0.24344525,-0.007687019,-0.057521973,-0.13608749,-0.13765195,-0.057487685,1.1995598,1.1995598,1.1995598,1.1995598,1.1995598,0.9935897,0.9935897,0.8916978,0.891436,0.8802417,1.141859,1.152599,1.1373212,1.1206545,1.064989,1.0438393,1.0757012,1.020957,0.948061,0.92520624,0.2,0.1,0.2,0.46666667,0.5833333,0.031122416,0.031122416,0.35178807,0.35233897,0.37504396,0.4,0.7,0.85,0.9,0.95,1.0,1.0,0.05,0.26666668,0.26666668,-0.6,-0.3,0.8,0.6333333,0.68333334,0.24683338,0.3647621,0.59433174,0.7547679,0.60054046,0.034282327,0.25107557,0.5803231,0.56130695,0.5379399,0.0,0.2,0.55,0.43333334,0.38333333,1.0,0.8,0.45,0.56666666,0.6166667,-1.0,-0.6,0.1,-0.13333334,-0.23333333,0.0,0.2616635,0.5955705,0.53181195,0.47368115,1.0,0.7383365,0.40442947,0.46818808,0.52631885,-1.0,-0.476673,0.19114105,0.06362386,-0.05263769,1.1416919,1.2459112,1.1739677,1.0126562,0.7649091,0.18577138,0.3165603,0.39842537,0.40474725,0.39197502,0.8427909,0.9161287,1.141349,1.2081763,1.4070607,0.4128977,0.34383196,0.528872,0.5204304,0.5134172,0.5871023,0.65616804,0.471128,0.4795696,0.4865828,-0.17420457,-0.31233612,0.057744056,0.040860776,0.026834399
SH600415,0.009096389211264379,0.5,,2026-05-29,0.015860422,0.041237175,0.38461465,0.02220467,0.53846246,0.0031720842,0.07692293,-0.0031721646,-0.076924875,0.9843872,1.021858,0.98126465,1.0072522,1.0421591,1.0733913,1.0757226,0.9578588,1.1256942,1.022804,1.047941,1.0416946,1.0288653,1.0395205,0.029316595,0.03939793,0.031126492,0.043611813,0.044974867,-0.017100303,-0.010522908,-0.00020526015,0.0022472444,-0.0007953994,0.8505905,0.65393746,0.0015220081,0.20577566,0.0953961,0.011396637,-0.00058792566,-0.03974461,-0.0614504,-0.016056208,1.0765185,1.121004,1.121004,1.121004,1.1428607,0.98126465,0.98126465,0.98126465,0.9406786,0.9406786,1.0395145,1.0718323,1.0582503,1.0634005,1.0816557,0.99781466,1.0224943,1.0188996,0.98704445,1.0096918,0.4,0.2,0.1,0.26666668,0.18333334,0.19668864,0.13407362,0.13407362,0.32896882,0.29340604,0.2,0.3,0.65,0.76666665,0.016666668,1.0,1.0,1.0,0.1,0.55,-0.8,-0.7,-0.35,0.6666667,-0.53333336,0.37268865,0.7932442,0.74502826,0.7622775,-0.034860127,0.31481412,0.54029566,0.5919866,0.72855574,0.5466676,0.4,0.3,0.4,0.43333334,0.4,0.6,0.7,0.6,0.56666666,0.6,-0.2,-0.4,-0.2,-0.13333334,-0.2,0.30149135,0.3575769,0.4096794,0.5326009,0.4495867,0.6985086,0.6424231,0.5903206,0.46739912,0.5504133,-0.3970173,-0.28484622,-0.18064117,0.065201774,-0.100826606,1.0767847,1.3818074,1.4137268,1.4506773,1.0458858,0.08767199,0.4628957,0.49645877,0.6992229,0.6934258,0.6394838,1.1008369,1.0793599,1.6374384,1.803335,0.35721642,0.335523,0.44638136,0.49665803,0.5033297,0.6427836,0.664477,0.55361867,0.503342,0.49667034,-0.28556716,-0.32895395,-0.10723729,-0.006683967,0.006659344
SH601336,0.007842778242116821,0.5,,2026-05-29,0.022610476,0.04213768,0.53658575,0.018499495,0.43902504,0.0010277046,0.02438921,0.0051386855,0.1219499,0.9778895,1.0180905,0.9768845,1.005272,0.98008573,1.02546,1.0437359,1.0412151,1.2682128,0.99286616,0.99544996,1.0357008,1.043156,1.0824133,0.012036507,0.012003081,0.045230348,0.039264716,0.07799091,-0.0019536177,-0.0019257377,-0.006830507,-0.003092701,-0.0035123404,0.06585947,0.23595013,0.79820436,0.48080906,0.618593,0.011041078,0.013215841,0.029189015,0.0016881044,0.021200776,1.0334836,1.0346442,1.1250081,1.1250081,1.309776,0.963496,0.963496,0.963496,0.963496,0.963496,1.0015377,1.0071843,1.0844971,1.0790269,1.171868,0.9825057,0.982909,0.99425256,0.999874,1.0151501,0.8,0.7,0.35,0.23333333,0.13333334,0.5215772,0.5130695,0.2260137,0.2260137,0.10541745,0.4,0.4,0.1,0.4,0.016666668,0.8,0.9,0.95,0.96666664,0.98333335,-0.4,-0.5,-0.85,-0.56666666,-0.96666664,0.7030237,0.000107937725,0.3978022,0.31137386,-0.04529926,0.7739759,0.6413946,0.625633,0.6256196,0.32145205,0.6,0.4,0.45,0.43333334,0.38333333,0.4,0.6,0.55,0.56666666,0.6166667,0.2,-0.2,-0.1,-0.13333334,-0.23333333,0.6257961,0.40560755,0.42333183,0.4459504,0.36970365,0.37420395,0.5943925,0.5766682,0.5540496,0.63029635,0.2515921,-0.18878491,-0.15333635,-0.10809925,-0.2605927,0.74818575,0.62814385,0.6906252,0.6557306,0.6126805,0.23644829,0.21810201,0.2087039,0.20624389,0.19556588,0.602419,0.7141619,0.69402945,0.8999016,1.073891,0.6680247,0.6150258,0.5589514,0.53457206,0.51906693,0.3319753,0.3849742,0.4410486,0.46542794,0.4809331,0.3360494,0.23005158,0.1179028,0.06914416,0.038133822
SH601318,0.007348585997109447,0.625,,2026-05-29,0.017303685,0.022247624,0.7777768,0.0034227218,0.15384662,0.0015212173,0.068376616,0.015402181,0.69230676,0.9829906,1.0033646,0.9814953,0.9954586,1.0033407,1.0374038,1.0771939,1.102249,1.1654238,1.000859,1.0068185,1.053129,1.0638151,1.0885681,0.013914931,0.012864701,0.052221727,0.04516852,0.04915732,-0.0060609654,-0.003253558,-0.008226495,-0.003939923,-0.0021816697,0.4743092,0.5863125,0.86855096,0.5896651,0.6007606,0.011262907,0.00782243,0.025022801,-0.0066862516,-0.024208812,1.0298907,1.0366641,1.1422334,1.1422334,1.1910355,0.97475016,0.97475016,0.97475016,0.97475016,0.97475016,1.013661,1.0151644,1.1104097,1.1095628,1.1309909,0.9927101,0.999141,1.0045338,1.0130645,1.058307,0.6,0.3,0.15,0.1,0.05,0.45791793,0.4078211,0.15076037,0.15076037,0.116743125,0.4,0.1,0.2,0.46666667,0.016666668,0.8,0.9,0.95,0.96666664,0.98333335,-0.4,-0.8,-0.75,-0.5,-0.96666664,0.10993427,-0.17634201,0.3091289,-0.09354251,-0.18683508,0.7904376,0.35250705,0.41317827,0.38482708,0.009073991,0.6,0.3,0.35,0.3,0.4,0.4,0.7,0.65,0.6666667,0.5833333,0.2,-0.4,-0.3,-0.36666667,-0.18333334,0.47388077,0.30919075,0.33418757,0.31995797,0.39112687,0.52611923,0.69080925,0.66581243,0.680042,0.6088731,-0.052238464,-0.38161847,-0.33162484,-0.36008406,-0.21774624,0.90304136,0.8613833,0.9505649,0.8306187,0.7703374,0.057305112,0.10849799,0.2228841,0.2511848,0.2439893,0.62183625,0.7085426,1.0682054,1.2655101,1.178404,0.8874003,0.44248542,0.5340905,0.5261858,0.499592,0.1125997,0.5575146,0.4659095,0.47381416,0.500408,0.7748006,-0.11502916,0.06818101,0.052371655,-0.0008159901
SZ302132,0.0072920989510226325,0.5,,2026-05-29,0.0080919145,0.05227382,0.15479861,0.033176877,0.6346748,0.011005028,0.21052659,-0.014079934,-0.2693496,0.99197304,1.0329106,0.98105633,1.0101895,1.0436765,1.0948725,1.0720742,1.1253767,1.3310401,1.0062982,1.0328187,1.0742648,1.0833445,1.1090695,0.014866241,0.031894017,0.054050636,0.046465818,0.060760442,-0.0071940864,-0.010172926,-0.0067095,-0.0033372734,-0.0024595547,0.58544886,0.93257713,0.53932023,0.39977726,0.49977094,0.008090034,0.012959467,-0.010524478,-0.034953985,-0.036512636,1.0592506,1.096479,1.2128628,1.2128628,1.3164235,0.97929627,0.97929627,0.97929627,0.97929627,0.97929627,1.0173746,1.058086,1.1182466,1.1130416,1.1656401,0.9968269,0.99968004,1.025182,1.0436445,1.0718502,0.6,0.3,0.15,0.1,0.05,0.25894445,0.17667873,0.08864159,0.08864159,0.061412163,0.2,0.1,0.35,0.56666666,0.016666668,0.6,0.8,0.9,0.93333334,0.96666664,-0.4,-0.7,-0.55,-0.36666667,-0.95,0.37451288,-0.08533117,0.7331497,0.45466113,0.43743727,-0.1067573,-0.26248568,0.64312774,0.5975184,0.42632663,0.4,0.3,0.35,0.3,0.36666667,0.6,0.7,0.65,0.6666667,0.6166667,-0.2,-0.4,-0.3,-0.36666667,-0.25,0.15119284,0.08434594,0.39475125,0.36027578,0.33803853,0.84880716,0.91565406,0.60524875,0.63972425,0.6619615,-0.6976143,-0.8313081,-0.21049751,-0.27944845,-0.32392293,0.83091265,0.79003924,1.0294275,0.90248084,0.8525569,0.1901159,0.15150568,0.52739435,0.46700284,0.42052776,0.7417194,0.80702627,1.7515279,1.9114182,1.6612924,0.6372037,0.51280016,0.5274468,0.5047629,0.4266116,0.3627963,0.48719984,0.47255322,0.49523714,0.5733884,0.27440742,0.025600296,0.054893557,0.0095257275,-0.1467768
SH688009,0.007065497680274037,0.625,,2026-05-29,0.0020876904,0.03131523,0.06666693,0.02922754,0.93333304,0.0,0.0,-0.02713985,-0.86666614,0.99791664,1.0291667,0.99791664,1.0126321,1.0120069,1.0308747,1.0891938,1.1234992,1.2315608,1.0054889,1.0121784,1.0365351,1.0613494,1.1248714,0.006796437,0.010679733,0.028540112,0.042879704,0.08131426,-0.0039451136,-0.002921147,-0.004568023,-0.0047580968,-0.004388774,0.8423575,0.6858001,0.8966301,0.9542556,0.88849056,0.0024013713,0.0009667777,0.006861061,0.007643073,0.0045974758,1.0291667,1.0401813,1.1036502,1.13256,1.3262672,0.9895833,0.9895833,0.9895833,0.9895833,0.9895833,1.01235,1.0171527,1.058662,1.1132075,1.193482,1.0,1.0013722,1.0120069,1.0133791,1.0569469,0.3,0.15,0.075,0.05,0.025,0.26315874,0.2058719,0.09132105,0.07285596,0.030939119,1.0,0.2,0.05,0.033333335,0.11666667,0.8,0.9,0.95,0.96666664,0.98333335,0.2,-0.7,-0.9,-0.93333334,-0.8666667,-0.3226588,-0.44154665,-0.02189788,-0.37871176,0.38067687,0.2609314,0.10263121,-0.30057186,-0.29677597,0.002738605,0.2,0.2,0.25,0.26666668,0.31666666,0.6,0.6,0.55,0.6,0.5833333,-0.4,-0.4,-0.3,-0.33333334,-0.26666668,0.11111201,0.28571442,0.2346936,0.23134331,0.36893213,0.888888,0.7142856,0.7653064,0.7686567,0.6310679,-0.77777594,-0.4285712,-0.53061277,-0.5373134,-0.26213574,0.4980019,0.41136968,0.43582925,0.39643925,0.44852427,0.28470495,0.21136573,0.16978551,0.15407921,0.16886058,1.4060051,1.0107874,1.1907694,1.1923367,1.2257801,0.8294744,0.68221015,0.63995486,0.6082312,0.50821435,0.17052561,0.31778982,0.3600451,0.3917688,0.49178565,0.6589488,0.36442032,0.27990976,0.2164624,0.016428683
SH601607,0.005281843213858025,0.625,,2026-05-29,0.018541474,0.0222497,0.83333594,0.0024721888,0.11111111,0.0012360365,0.055552956,0.017305322,0.7777778,0.981796,1.0024272,0.98058254,0.99589556,0.9975411,1.0151358,1.0273209,1.0327852,1.0467187,0.9923501,0.9985301,1.0161002,1.0207238,1.0274493,0.006666874,0.009180584,0.019998651,0.018227538,0.018828617,0.0002459001,-0.002100565,-0.0030677072,-0.0016136544,-0.00055330974,0.0034010487,0.47989145,0.8235585,0.6073888,0.26339018,0.007158089,0.010922432,0.013043028,0.0026741873,-0.011126665,1.0024272,1.0187846,1.0473282,1.0485476,1.0552342,0.97633195,0.97633195,0.97633195,0.97633195,0.97633195,0.99562865,1.0026555,1.0374843,1.0374843,1.0436587,0.98954153,0.99344295,0.9969401,1.0009617,1.0079887,1.0,0.6,0.3,0.2,0.15,0.90698737,0.5575151,0.33337015,0.32774132,0.29996672,1.0,0.3,0.35,0.06666667,0.18333334,0.6,0.8,0.9,0.93333334,0.96666664,0.4,-0.5,-0.55,-0.8666667,-0.78333336,0.5932979,0.0162223,0.29129273,0.2550366,0.33750546,0.7875084,0.4041898,0.4077568,0.32375294,0.16607238,0.4,0.3,0.3,0.33333334,0.43333334,0.6,0.7,0.6,0.6,0.51666665,-0.2,-0.4,-0.3,-0.26666668,-0.083333336,0.53069574,0.41150185,0.3990308,0.421875,0.4438018,0.46930426,0.5884982,0.6009692,0.578125,0.5561982,0.061391465,-0.1769963,-0.20193839,-0.15625001,-0.11239641,0.7172816,0.6766054,0.71276176,0.70840704,0.82497966,0.23837312,0.1845348,0.1692403,0.17868017,0.29270723,1.1137874,0.87710017,0.89572734,0.8816218,1.2962595,0.62992316,0.5604682,0.5320727,0.5141235,0.49566424,0.37007686,0.43953183,0.46792728,0.4858765,0.50433576,0.25984627,0.12093636,0.06414546,0.028246993,-0.0086715
SH601328,0.0020423324085213127,0.625,,2026-05-29,0.019908182,0.029096449,0.68421346,0.0045941332,0.15789326,0.0045941332,0.15789326,0.019908182,0.68421346,0.98048043,1.0045044,0.97597593,0.99241894,0.99668694,1.0088348,1.0480397,1.0358918,0.98785204,0.9908338,0.99348426,1.0021812,1.0169888,1.0230812,0.0065171346,0.00649083,0.013302462,0.024132548,0.02096729,0.0006626167,-0.00085671654,-0.0017408219,-0.0024803288,-0.00048473445,0.025843503,0.15969278,0.5993944,0.81867945,0.16301328,0.007840964,0.010370955,0.014356695,0.018976012,-0.0087814815,1.0045044,1.0131116,1.0490733,1.0670687,1.0703155,0.97597593,0.97597593,0.97597593,0.97597593,0.97597593,0.9938156,1.0,1.0091662,1.0450579,1.0434014,0.9879625,0.98884594,0.9919382,0.99668694,1.0011044,1.0,0.85,0.425,0.28333333,0.15,0.84210676,0.6469265,0.32865795,0.26373154,0.25465512,1.0,0.2,0.05,0.16666667,0.35,1.0,1.0,1.0,1.0,1.0,0.0,-0.8,-0.95,-0.8333333,-0.65,0.41628388,0.13818942,0.10374083,-0.5160049,-0.38104445,0.57610565,0.35410896,-0.06796717,0.04265872,0.09803067,0.2,0.3,0.3,0.36666667,0.5,0.8,0.6,0.6,0.56666666,0.45,-0.6,-0.3,-0.3,-0.2,0.05,0.55,0.43548387,0.31330472,0.4052478,0.5135468,0.45,0.5645161,0.6866953,0.5947522,0.4864532,0.1,-0.12903225,-0.37339056,-0.18950437,0.027093597,0.7283081,0.73852205,0.75201267,0.6788684,0.69367564,0.17098087,0.13419746,0.17662309,0.18250543,0.21823983,1.3044388,1.1040264,1.1968504,1.1830275,1.3338068,0.60098916,0.59625214,0.5690691,0.557283,0.51174444,0.3990108,0.40374786,0.43093094,0.442717,0.48825553,0.20197837,0.19250429,0.13813815,0.11456601,0.023488935
SZ300408,0.0020168037484602774,0.25,,2026-05-29,-0.02439392,0.050757583,-0.48059657,0.0,0.0,0.026363663,0.51940346,0.001969743,0.038806874,1.0250039,1.0250039,0.97297716,1.0015595,0.8930021,0.6654705,0.63096005,0.49910283,0.48666444,0.9569186,0.8619584,0.7668153,0.690069,0.5637208,0.056460857,0.11865748,0.1279871,0.15359607,0.16754276,0.032642905,0.038015753,0.01959034,0.016541755,0.008395859,0.8356466,0.94091076,0.8200108,0.8988862,0.7659118,-0.022204408,-0.0330293,0.047076464,0.07007553,0.18860136,1.0482935,1.0482935,1.0482935,1.0482935,1.0482935,0.8493567,0.65724564,0.61565936,0.48805007,0.39164785,1.0051705,0.9640297,0.8981725,0.7903036,0.68498164,0.90553105,0.74874824,0.6664041,0.5367141,0.42619026,0.8,0.9,0.95,0.96666664,0.98333335,0.7572419,0.8765023,0.8883733,0.91379905,0.92645425,0.8,0.9,0.95,0.96666664,0.98333335,0.4,0.1,0.05,0.13333334,0.25,0.4,0.8,0.9,0.8333333,0.73333335,0.011833431,0.8742905,0.89440227,0.81103194,0.82327837,0.8143122,0.848739,0.67732126,0.64422524,0.4119925,0.8,0.8,0.65,0.7,0.56666666,0.2,0.2,0.35,0.3,0.43333334,0.6,0.6,0.3,0.4,0.13333334,0.83710223,0.92321604,0.8489721,0.862759,0.7534011,0.16289778,0.07678393,0.15102792,0.13724102,0.24659888,0.6742044,0.84643215,0.69794416,0.7255179,0.50680226,1.2482072,1.0077497,0.7566862,0.68156064,0.5286279,0.18926027,0.34566286,0.3564069,0.3219314,0.283481,0.99280137,1.2033525,1.5569252,1.536619,1.6859845,0.38845277,0.60592574,0.52672184,0.53460735,0.5314366,0.61154723,0.39407426,0.47327814,0.46539265,0.46856338,-0.22309446,0.21185148,0.053443715,0.06921469,0.06287327
SH600926,0.001817049406523303,0.875,,2026-05-29,0.010732327,0.027146537,0.39534792,0.013257608,0.488372,0.0031566017,0.11628009,0.00063132035,0.023256017,0.9893816,1.0131168,0.98625857,1.0030926,1.0026178,1.0314137,1.0887673,1.079486,1.0287958,0.99961925,1.0054973,1.0304022,1.0454228,1.0472711,0.0074966117,0.009177606,0.02987746,0.032949362,0.026681438,-0.0032127614,-0.0026177957,-0.0048703984,-0.0034199515,-0.00039730247,0.45916304,0.7458031,0.93005717,0.8349251,0.06762759,0.006806265,0.006282689,0.015866583,0.004166468,-0.035550736,1.0195748,1.0306991,1.0987314,1.0987314,1.0987314,0.98625857,0.98625857,0.98625857,0.98625857,0.98625857,1.0047121,1.0120418,1.0522132,1.0785341,1.0721561,0.9957639,0.99952406,1.0035697,1.0081866,1.0258925,0.6,0.3,0.15,0.1,0.05,0.4124557,0.30920976,0.12217569,0.12217569,0.12217569,0.2,0.2,0.1,0.4,0.7,1.0,1.0,1.0,1.0,1.0,-0.8,-0.8,-0.9,-0.6,-0.3,-0.15614274,-0.44389084,-0.11307503,-0.17369488,-0.09481623,0.54191333,0.33238974,0.20592026,0.067862205,0.01612445,0.4,0.3,0.25,0.3,0.5,0.6,0.7,0.7,0.6333333,0.46666667,-0.2,-0.4,-0.45,-0.33333334,0.033333335,0.46496817,0.29999956,0.19275093,0.33366513,0.4699751,0.53503186,0.70000046,0.80724907,0.66633487,0.5300249,-0.07006365,-0.4000009,-0.61449814,-0.33266973,-0.06004975,0.57666856,0.50267595,0.49078858,0.4772715,0.485768,0.24599811,0.18553963,0.13921362,0.14385866,0.1676249,0.8394921,0.775795,0.84906816,0.8723503,1.0534638,0.8192135,0.7660859,0.62043315,0.5887075,0.51843095,0.18078646,0.2339141,0.37956682,0.41129252,0.48156908,0.6384271,0.5321718,0.24086636,0.17741497,0.03686185
SZ000977,0.0014554580866877114,0.5,,2026-05-29,-0.08971829,0.113098554,-0.7932753,0.014507025,0.12826888,0.008873238,0.07845581,-0.095352076,-0.8430884,1.098561,1.1144979,0.9902522,1.033181,1.0560086,1.0857269,1.0953164,1.051399,0.947327,1.0275642,1.0530784,1.0935178,1.098472,1.0168917,0.030273136,0.041705675,0.057467297,0.05184555,0.09728133,-0.015514688,-0.01158509,-0.00735197,-0.0025277727,0.0039745276,0.6566157,0.70732653,0.5728408,0.18422762,0.5091104,0.003465204,-0.00094548863,-0.023674086,-0.061819304,-0.13414031,1.1144979,1.14883,1.2292346,1.2292346,1.2292346,0.9758622,0.9758622,0.9758622,0.9758622,0.8560737,1.0471787,1.0939498,1.1323265,1.1344112,1.1171083,0.9996572,1.0207913,1.0385481,1.0557166,0.91657555,0.4,0.2,0.1,0.06666667,0.46666667,0.17410955,0.13955075,0.095266074,0.095266074,0.385695,1.0,0.3,0.25,0.5,0.75,0.8,0.9,0.95,0.96666664,0.33333334,0.2,-0.6,-0.7,-0.46666667,0.41666666,-0.6529185,-0.41976824,0.23588592,0.28627017,0.78552467,-0.48743188,-0.5603416,-0.21204674,0.07478224,0.30453926,0.4,0.5,0.5,0.46666667,0.5,0.6,0.5,0.5,0.53333336,0.5,-0.2,0.0,0.0,-0.06666667,0.0,0.3053767,0.3552374,0.4309448,0.47277904,0.51596195,0.6946233,0.6447626,0.5690552,0.52722096,0.48403808,-0.3892466,-0.28952518,-0.13811037,-0.054441925,0.031923834,0.6234172,0.60114515,0.6943417,0.6990852,0.55294144,0.21320781,0.16151081,0.22025919,0.22079879,0.25859404,0.4623674,0.77856547,0.9021582,1.0052458,1.090326,0.88779896,0.61272407,0.55415696,0.52499235,0.5266511,0.11220104,0.3872759,0.44584304,0.47500765,0.47334892,0.77559793,0.22544816,0.1083139,0.049984712,0.0533022
SH600900,0.001390178179299064,0.5,,2026-05-29,0.020220565,0.025000008,0.80882233,0.00036771107,0.014708437,0.004411733,0.17646924,0.024264587,0.97058314,0.9801802,1.0003604,0.9758559,0.99417496,0.9571334,0.9740519,0.9632164,0.95209587,0.9575136,0.9803441,0.97400445,0.97415173,0.9707126,0.9721526,0.01381148,0.013060032,0.0096870605,0.01026465,0.011360697,0.008060067,0.0023520042,0.00023290467,0.0005648746,-0.00012643074,0.8514063,0.29730284,0.020232074,0.23470242,0.037774198,0.003535754,0.015411562,0.023635674,0.021096736,0.03157714,1.0003604,1.0003604,1.0003604,1.0003604,1.0003604,0.9568009,0.9549712,0.9549712,0.94990635,0.94560915,0.98532456,0.9817318,0.9810475,0.97848123,0.9817318,0.9746603,0.9610494,0.96815896,0.9610494,0.9610494,1.0,1.0,1.0,1.0,1.0,0.99172574,0.9920593,0.9920593,0.99285644,0.9934171,1.0,1.0,1.0,1.0,1.0,0.2,0.5,0.75,0.033333335,0.48333332,0.8,0.5,0.25,0.96666664,0.51666665,0.8650054,0.80396175,0.735973,0.71187055,0.44380385,0.89561045,0.8666125,0.8621708,0.75754166,0.35218444,0.8,0.5,0.5,0.5,0.48333332,0.2,0.5,0.5,0.46666667,0.48333332,0.6,0.0,0.0,0.033333335,0.0,0.98287153,0.64853144,0.64322734,0.6247523,0.56283385,0.017128449,0.35146856,0.35677266,0.37524772,0.43716618,0.9657431,0.29706287,0.28645465,0.24950458,0.12566766,0.6429642,0.60295606,0.5712502,0.5025891,0.4836338,0.23952663,0.19532841,0.17275682,0.17541927,0.18386713,1.1622059,0.98946744,1.2916297,1.2979225,1.3361489,0.7543993,0.6104579,0.5940845,0.5787039,0.50943816,0.24560069,0.3895421,0.40591547,0.42129615,0.49056187,0.5087986,0.2209158,0.18816903,0.15740772,0.018876284
SZ300760,0.0007774733437460957,0.625,,2026-05-29,0.0074314973,0.028929658,0.25688162,0.016787171,0.5802755,0.004710989,0.16284288,-0.004644686,-0.16055101,0.9926233,1.0166633,0.9879471,1.0051134,0.9974826,1.0455477,1.0503483,1.0461332,1.1976465,0.99942625,1.0085944,1.0498976,1.0466015,1.076467,0.004084788,0.014013474,0.047009517,0.038742583,0.055300858,-0.0008547502,-0.003399842,-0.007465182,-0.001738546,-0.0024193828,0.10946605,0.5395569,0.88262707,0.1560619,0.58377475,0.0022832311,0.0067049414,0.02102168,-0.021392569,-0.0050952313,1.0166633,1.0815341,1.1510946,1.1510946,1.1985941,0.97767967,0.97767967,0.97767967,0.97767967,0.97767967,1.0020608,1.0215795,1.0989404,1.0873953,1.1287278,0.99740064,0.9982788,1.0012646,1.0081962,1.0300567,0.6,0.4,0.2,0.13333334,0.06666667,0.5725557,0.21491922,0.12871048,0.12871048,0.10103605,1.0,0.4,0.2,0.46666667,0.016666668,0.8,0.9,0.95,0.96666664,0.98333335,0.2,-0.5,-0.75,-0.5,-0.96666664,0.0676463,0.051409684,0.19887269,0.20172426,-0.37357965,0.21117413,0.16647187,0.2631261,0.22312441,0.14539997,0.6,0.5,0.4,0.46666667,0.46666667,0.4,0.5,0.55,0.5,0.51666665,0.2,0.0,-0.15,-0.033333335,-0.05,0.54126686,0.34551203,0.41733944,0.44214383,0.39168382,0.45873314,0.65448797,0.58266056,0.55785614,0.6083162,0.0825337,-0.30897593,-0.1653211,-0.115712315,-0.21663237,0.8653175,0.9421633,0.9682323,0.9212731,0.8025008,0.1845038,0.2834356,0.32499337,0.29266506,0.2713737,0.5878408,0.92808455,1.2204632,1.2668257,1.1206043,0.3715472,0.5594813,0.48233306,0.5082353,0.50611526,0.62845284,0.4405187,0.51766694,0.4917647,0.4938847,-0.25690562,0.11896259,-0.035333898,0.016470598,0.012230554
SH601117,-0.00020335327787275126,0.625,,2026-05-29,0.002597419,0.023376636,0.11111175,0.015584379,0.6666647,0.005194838,0.2222235,-0.007792122,-0.33332947,0.9974093,1.015544,0.9922279,1.0053705,1.0246063,1.0492126,1.1141732,1.144685,1.2204725,1.0116142,1.0222441,1.0566928,1.0744094,1.1293799,0.014218952,0.016542723,0.04018834,0.041739542,0.06977111,-0.0068897647,-0.0046528275,-0.006537504,-0.0043845735,-0.0035816215,0.58696693,0.72515583,0.92617244,0.8551869,0.8037257,0.0021653716,-0.001306353,0.005413399,-0.010833104,-0.023722064,1.0335699,1.0505079,1.1272298,1.14603,1.3570174,0.9866883,0.9866883,0.9866883,0.9866883,0.9866883,1.0198818,1.0348425,1.0984251,1.1118109,1.1850394,0.99940944,1.0094488,1.0190945,1.0309055,1.072441,0.4,0.2,0.1,0.06666667,0.033333335,0.283943,0.2085833,0.09471714,0.08354186,0.035945576,0.2,0.2,0.05,0.033333335,0.15,0.8,0.9,0.95,0.96666664,0.98333335,-0.6,-0.7,-0.9,-0.93333334,-0.8333333,0.26661104,-0.41578424,0.47169575,0.30418327,0.76545495,0.8430794,0.26167107,0.01667163,0.20366515,0.52983767,0.4,0.4,0.35,0.33333334,0.31666666,0.6,0.6,0.65,0.6666667,0.65,-0.2,-0.2,-0.3,-0.33333334,-0.33333334,0.30158743,0.30468765,0.28832123,0.30809397,0.4022687,0.6984126,0.6953124,0.7116788,0.69190603,0.5977313,-0.39682516,-0.3906247,-0.42335755,-0.38381207,-0.19546255,0.9961692,0.8878715,1.0400585,1.0328921,1.3561165,0.18602017,0.18280952,0.24141535,0.22511575,0.5830205,0.6197168,0.54311126,0.6505403,0.7345083,1.408597,0.6696491,0.45658702,0.44540572,0.47188753,0.47023377,0.3303509,0.543413,0.5545943,0.5281125,0.5297662,0.33929822,-0.08682594,-0.10918859,-0.05622495,-0.059532437
SH601877,-0.0013377887168353284,0.5,,2026-05-29,-0.02736992,0.037383135,-0.7321462,0.00033370132,0.00892652,0.009679514,0.2589273,-0.018024107,-0.48214543,1.0281401,1.0284832,0.9900481,1.0008818,1.0498459,1.1043166,1.0902706,1.1503941,1.1527921,1.0181912,1.0575026,1.0968312,1.1053158,1.1484841,0.011414012,0.05064711,0.055462595,0.048645623,0.085162565,-0.005721154,-0.015049782,-0.007537088,-0.0036334007,-0.0033341409,0.6281027,0.8093987,0.6463605,0.43235528,0.46748775,-0.006748899,0.010221399,-0.02522883,-0.052631494,-0.050126974,1.0711601,1.1576042,1.2063318,1.2063318,1.4457572,0.9900481,0.9900481,0.9900481,0.9900481,0.9900481,1.0247688,1.1087017,1.1374444,1.1374444,1.1923262,1.0131552,1.0197328,1.0291882,1.0564234,1.1028777,0.2,0.1,0.05,0.033333335,0.016666668,0.122693285,0.059394397,0.046013147,0.046013147,0.02183827,0.2,0.2,0.45,0.6333333,0.11666667,1.0,1.0,1.0,1.0,1.0,-0.8,-0.8,-0.55,-0.36666667,-0.8833333,0.29076576,0.013873099,0.21882372,0.211445,0.71506155,-0.0840449,-0.09688072,0.15037741,0.16853672,0.30417797,0.2,0.3,0.45,0.4,0.46666667,0.8,0.7,0.55,0.6,0.53333336,-0.6,-0.4,-0.1,-0.2,-0.06666667,0.10781718,0.2477218,0.38886553,0.36713082,0.44950178,0.8921828,0.7522782,0.61113447,0.6328692,0.5504982,-0.78436565,-0.5045564,-0.22226895,-0.26573834,-0.100996405,0.9570586,0.97733843,1.0316887,0.983021,1.155406,0.19926836,0.23815961,0.29963169,0.29582408,0.5528974,0.72352207,1.1556169,1.1462882,1.1369249,1.4058043,0.5551136,0.43335098,0.52490187,0.51429373,0.4907837,0.4448864,0.566649,0.47509816,0.48570627,0.5092163,0.1102272,-0.13329802,0.049803704,0.028587455,-0.018432599
SZ300661,-0.002457147781900052,0.5,,2026-05-29,-0.042520285,0.07300817,-0.58240443,0.008048829,0.110245585,0.02243906,0.30734998,-0.02813005,-0.38530004,1.0444086,1.0528148,0.97656447,1.0000843,0.94260013,0.9161876,0.74851966,0.6372762,0.57102907,1.008609,0.9758757,0.8980898,0.83139294,0.7174458,0.015492794,0.043093763,0.09781363,0.12725413,0.14795715,0.0027008126,0.011104941,0.01570552,0.014096182,0.007732569,0.07597478,0.6087166,0.9023478,0.9509571,0.83305854,-0.0140107395,-0.025847899,-0.04729227,-0.035787582,0.054443426,1.0849146,1.0849146,1.0849146,1.0849146,1.0849146,0.9442093,0.8669432,0.7138728,0.6371066,0.5251058,1.0173408,1.0083864,0.9933433,0.96299475,0.89018935,0.9981149,0.94023854,0.7755658,0.72833735,0.6020491,0.4,0.7,0.85,0.9,0.95,0.39650786,0.6104327,0.77114564,0.81037736,0.8483151,0.6,0.8,0.9,0.93333334,0.96666664,0.2,0.2,0.05,0.06666667,0.06666667,0.4,0.6,0.85,0.8666667,0.9,0.032290414,-0.018892236,-0.3769871,-0.09961003,0.3300724,0.6585646,0.5257751,0.5512033,0.5711781,0.62699544,0.6,0.6,0.65,0.7,0.56666666,0.4,0.4,0.35,0.3,0.43333334,0.2,0.2,0.3,0.4,0.13333334,0.6867558,0.6214115,0.70928216,0.74341124,0.6572224,0.31324422,0.37858853,0.2907178,0.25658876,0.34277758,0.37351155,0.24282296,0.41856438,0.48682252,0.31444484,1.1512886,1.2029016,1.4506356,1.4923201,1.3346399,0.21091351,0.22389543,0.42734835,0.5218926,0.549851,0.8342817,0.7251178,1.1188445,1.1611009,1.1899167,0.54081017,0.40506908,0.4921519,0.4950061,0.5063963,0.4591898,0.59493095,0.5078481,0.5049939,0.49360374,0.081620395,-0.18986186,-0.015696203,-0.009987774,0.012792547
SH601136,-0.0033891826294166396,0.375,,2026-05-29,-0.0088495305,0.02178354,-0.4062485,0.01293401,0.5937515,0.0,0.0,-0.02178354,-1.0,1.0089285,1.021978,1.0,1.007786,1.0422252,1.105228,1.1012064,1.1367292,1.235925,1.024799,1.0487266,1.0964812,1.1034406,1.1315795,0.021040665,0.03185514,0.054865267,0.04605662,0.051381323,-0.012600535,-0.010224222,-0.008835594,-0.003669553,-0.0023572792,0.89660054,0.9443065,0.9077047,0.49197593,0.6419649,0.00040213097,-0.0027175443,-0.012543097,-0.050232068,-0.062039815,1.0559489,1.1111484,1.1720686,1.1720686,1.2515709,1.0,1.0,1.0,1.0,1.0,1.0435656,1.0761395,1.1525469,1.1449062,1.186193,1.0048257,1.0242628,1.0427614,1.0623324,1.1004022,0.2,0.1,0.05,0.033333335,0.016666668,0.0,0.0,0.0,0.0,0.0,0.2,0.1,0.05,0.36666667,0.016666668,1.0,1.0,1.0,1.0,1.0,-0.8,-0.9,-0.95,-0.6333333,-0.98333335,-0.7656424,-0.283067,0.31783983,0.06672134,-0.18736954,-0.35536665,-0.14057854,0.559245,0.5731365,0.35444972,0.4,0.3,0.3,0.3,0.38333333,0.6,0.7,0.7,0.6333333,0.5833333,-0.2,-0.4,-0.4,-0.33333334,-0.2,0.080000386,0.07103841,0.31540334,0.30608368,0.3370371,0.9199996,0.9289616,0.68459666,0.6939163,0.6629629,-0.8399992,-0.8579232,-0.36919332,-0.38783267,-0.3259258,0.64157486,0.6562982,0.7555245,0.643082,0.5428474,0.20510511,0.17708293,0.28682303,0.28879037,0.25993875,0.8861909,0.7021741,1.5153192,1.686678,1.6041913,0.70550054,0.6002342,0.55744904,0.55463725,0.5165599,0.2944995,0.3997658,0.442551,0.44536275,0.48344013,0.41100106,0.20046839,0.114898056,0.1092745,0.033119764
SZ000100,-0.0037785913521481643,0.375,,2026-05-29,-0.06345727,0.0678337,-0.93548304,0.0,0.0,0.0043764254,0.06451698,-0.05908085,-0.870966,1.0677569,1.0677569,0.99532706,1.0197195,1.0229528,0.9764267,0.9950372,1.0229528,1.1563275,1.0578164,1.0311414,1.0159739,1.0128411,1.0313171,0.03883839,0.039975695,0.03284042,0.027645575,0.04977406,-0.00880892,0.008120909,0.003154443,0.0012629145,-0.0014892304,0.12860651,0.3782934,0.32292086,0.16173288,0.2730345,-0.04019849,-0.06768549,-0.04594112,-0.031153413,0.012615128,1.1514416,1.1514416,1.1514416,1.1514416,1.1865078,0.99532706,0.9623734,0.9623734,0.9623734,0.9601134,1.087593,1.0753101,1.0258064,1.0210918,1.0753101,1.0297766,0.9976427,0.9956575,0.9950372,0.99751854,0.2,0.3,0.375,0.35,0.275,0.02993288,0.1990107,0.1990107,0.1990107,0.1761818,0.6,0.8,0.9,0.93333334,0.05,1.0,0.1,0.55,0.7,0.41666666,-0.4,0.7,0.35,0.23333333,-0.36666667,0.5552392,0.57700497,0.62652034,0.54327905,0.2578423,0.114234515,0.34817377,0.32200488,0.35352373,0.28889105,0.6,0.7,0.6,0.5,0.43333334,0.4,0.3,0.4,0.5,0.55,0.2,0.4,0.2,0.0,-0.11666667,0.42965797,0.54871804,0.5061163,0.47724482,0.42691416,0.570342,0.45128193,0.49388376,0.5227552,0.57308584,-0.14068405,0.09743612,0.012232486,-0.045510363,-0.14617167,1.1797048,1.1020197,0.82842726,0.6498253,0.49934036,0.26643205,0.60262513,0.50834405,0.4857297,0.3828538,0.8550933,1.0953593,1.256052,1.516475,1.5129132,0.28778985,0.5467989,0.5642164,0.55692,0.52834094,0.7122101,0.45320114,0.43578362,0.44308,0.47165903,-0.4244203,0.09359773,0.12843272,0.113840014,0.056681916
SH601319,-0.004429275950778775,0.5,,2026-05-29,0.013333343,0.023703728,0.5624998,0.0059259143,0.24999924,0.0044444716,0.18750094,0.0118519,0.5000015,0.9868421,1.0058479,0.9824561,0.99689555,1.0159705,1.017199,1.0380836,1.0945946,1.2506142,1.0113022,1.0159705,1.0372236,1.0476658,1.1071458,0.020081392,0.016844356,0.028172754,0.029190267,0.0827842,-0.009828012,-0.002352765,-0.003550645,-0.0026647134,-0.004284667,0.5988027,0.17883797,0.55593485,0.6458424,0.81703204,0.008353812,-0.00538307,-0.0034924548,-0.009027498,0.0192519,1.0497802,1.0598894,1.0991498,1.1050599,1.2758192,0.9806406,0.9806406,0.9806406,0.9806406,0.9806406,1.0262899,1.0304668,1.0631449,1.0719901,1.227027,0.9972973,1.0,1.0144963,1.0221131,1.0439804,0.4,0.25,0.125,0.083333336,0.041666668,0.28000414,0.24428612,0.16335773,0.15559804,0.06558537,0.4,0.4,0.35,0.033333335,0.016666668,0.8,0.9,0.95,0.96666664,0.98333335,-0.4,-0.5,-0.6,-0.93333334,-0.96666664,-0.2921638,-0.09851728,0.30204573,-0.11755195,-0.10353858,0.58305365,0.5047179,0.25123915,0.24515152,0.052819684,0.6,0.4,0.45,0.33333334,0.36666667,0.4,0.6,0.55,0.6666667,0.6,0.2,-0.2,-0.1,-0.33333334,-0.23333333,0.40845075,0.4453125,0.43404254,0.36395758,0.36141303,0.5915493,0.5546875,0.5659575,0.6360424,0.638587,-0.18309852,-0.10937499,-0.13191491,-0.27208483,-0.27717394,0.7869259,0.7710039,0.8595725,0.7752171,0.7988491,0.19827594,0.19459671,0.19435187,0.2009125,0.2881604,0.5150812,0.801301,0.82667935,1.0138959,1.1782454,0.80073494,0.45991364,0.53600913,0.54788816,0.50077564,0.19926508,0.5400863,0.46399087,0.45211184,0.49922436,0.6014698,-0.08017269,0.07201825,0.0957763,0.0015512798
SZ000001,-0.004498559913078712,0.375,,2026-05-29,0.026291028,0.02910793,0.9032256,0.0,0.0,0.002816903,0.096774414,0.02910793,1.0,0.97438246,1.0,0.9716377,0.99096644,0.9771304,1.005493,1.0484924,1.0219586,0.992685,0.9848139,0.98527145,1.008419,1.0116214,1.0069245,0.009822503,0.00837787,0.026793819,0.02378804,0.020477312,0.003384885,-0.00030493658,-0.004160485,-0.0015780847,0.00019082372,0.29688174,0.012144041,0.84389186,0.34107113,0.026486136,0.008416319,0.016100775,0.03110554,0.01126092,-0.012553758,1.0,1.0036601,1.0613031,1.0613031,1.0613031,0.9716377,0.9716377,0.9716377,0.9716377,0.95425296,0.9897536,0.993596,1.034953,1.034953,1.0226915,0.9767647,0.9771304,0.9833482,0.98682624,0.9890207,1.0,1.0,0.5,0.33333334,0.375,1.0,0.8857034,0.31631222,0.31631222,0.427342,1.0,0.1,0.1,0.4,0.7,1.0,1.0,1.0,1.0,0.25,0.0,-0.9,-0.9,-0.6,0.45,0.82938164,0.35467395,0.48950335,0.41552147,0.18906976,0.73093414,0.533252,0.37404576,0.60694706,0.30546635,0.4,0.2,0.2,0.33333334,0.41666666,0.4,0.6,0.7,0.56666666,0.51666665,0.0,-0.4,-0.5,-0.23333333,-0.1,0.7451179,0.4633857,0.31465998,0.4482736,0.5077777,0.25488207,0.5366143,0.68534,0.5517264,0.49222228,0.49023587,-0.07322857,-0.37068,-0.103452824,0.015555433,0.66319233,0.6504458,0.6903091,0.71007407,0.6525617,0.19865412,0.14981762,0.14251368,0.37347913,0.30393904,1.2959328,1.2899148,1.1371757,2.1967149,1.913784,0.71670395,0.6197448,0.4601387,0.55144846,0.5178562,0.28329602,0.38025522,0.5398613,0.44855154,0.48214382,0.43340796,0.23948957,-0.07972259,0.10289693,0.035712384
SZ002736,-0.004628086220602407,0.375,,2026-05-29,0.017085468,0.02613065,0.6538479,0.008040212,0.30769277,0.0010049689,0.038459394,0.010050226,0.38461447,0.98320156,1.0079051,0.98221344,0.9965052,0.99698794,1.0225904,1.0835843,1.189759,1.2266567,1.0,1.0049698,1.0339608,1.066516,1.1157002,0.010379567,0.010405015,0.033268172,0.06115495,0.07318575,-0.0034638618,-0.0024278907,-0.005247304,-0.0064837765,-0.003673983,0.2784214,0.49909616,0.8707284,0.8711532,0.7686367,0.0069277235,0.0059556426,0.015888564,0.027498715,-0.0073177777,1.0212791,1.0374546,1.1006206,1.2202538,1.3143783,0.97849184,0.97849184,0.97849184,0.97849184,0.97849184,1.0048193,1.0120482,1.0685241,1.1042168,1.1951807,0.99668676,0.9993976,1.0027108,1.0097891,1.0573795,0.4,0.3,0.15,0.1,0.05,0.5026769,0.36477557,0.17611057,0.088964194,0.064034015,0.6,0.4,0.05,0.06666667,0.18333334,0.8,0.9,0.95,0.96666664,0.98333335,-0.2,-0.5,-0.9,-0.9,-0.8,-0.313288,-0.34470436,0.5218065,0.26898602,0.16935511,-0.065605946,0.16054699,-0.21574889,-0.46192423,0.20615646,0.6,0.4,0.4,0.36666667,0.41666666,0.4,0.5,0.5,0.56666666,0.55,0.2,-0.1,-0.1,-0.2,-0.13333334,0.5250001,0.39130443,0.31561485,0.26404506,0.3844973,0.47499987,0.60869557,0.6843851,0.73595494,0.61550266,0.05000025,-0.21739112,-0.3687703,-0.47190985,-0.23100536,0.8155232,0.82236546,1.0136933,1.0992249,1.0928078,0.14122078,0.21852605,0.35452408,0.4751539,0.6454312,0.56122917,0.63259625,1.334222,1.7366728,1.6737313,0.5536672,0.47333315,0.46965653,0.51126784,0.4981651,0.44633284,0.5266669,0.5303435,0.4887322,0.5018349,0.10733432,-0.053333703,-0.060686927,0.022535637,-0.0036698217
SH600039,-0.004899994628524492,0.625,,2026-05-29,-0.004545506,0.023863653,-0.19047824,0.009090876,0.38095075,0.0102272695,0.42857102,-0.0034091126,-0.14285795,1.0045663,1.0136987,0.989726,1.004524,0.9246657,0.90868086,1.0296748,1.0765214,1.1586611,0.9858511,0.9529793,0.93893725,0.9943763,1.0567619,0.023019144,0.038144078,0.035177246,0.08793837,0.09174758,0.012328873,0.011856478,0.0028048067,-0.006711475,-0.0043467935,0.7171475,0.88566315,0.2225104,0.4514201,0.6846185,-0.010508831,-0.0063335057,0.034417074,0.102940075,0.071468495,1.0136987,1.0136987,1.0262437,1.1735203,1.2135105,0.91439587,0.88470817,0.88470817,0.88470817,0.88470817,1.0006806,0.99911374,0.9821952,1.0983937,1.1397325,0.9723827,0.92214924,0.9130332,0.9151065,0.9246657,0.8,0.9,0.95,0.6333333,0.31666666,0.86205167,0.8938011,0.8145789,0.3991932,0.35064185,1.0,1.0,0.05,0.16666667,0.06666667,0.2,0.1,0.55,0.7,0.85,0.8,0.9,-0.5,-0.53333336,-0.78333336,-0.26243004,-0.19479501,-0.28348762,-0.7130059,-0.7142306,0.10880258,0.04666001,-0.11699206,-0.4482844,-0.4014143,0.8,0.7,0.45,0.53333336,0.48333332,0.2,0.2,0.4,0.36666667,0.41666666,0.6,0.5,0.05,0.16666667,0.06666667,0.94652927,0.94452983,0.43866533,0.4106119,0.42056888,0.053470723,0.055470146,0.56133467,0.58938813,0.5794311,0.89305854,0.8890597,-0.12266936,-0.1787762,-0.15886225,0.9719919,1.0193675,1.1542039,1.0038334,0.7766512,0.22555526,0.25963092,0.33335525,0.432298,0.39356947,0.8328811,1.1549189,1.5474647,1.9091872,1.8188081,0.44682303,0.5040778,0.48130447,0.52880186,0.5080392,0.553177,0.4959222,0.51869553,0.47119817,0.4919608,-0.106353946,0.008155558,-0.03739104,0.05760367,0.016078385
SZ002714,-0.0060309665448625835,0.5,,2026-05-29,0.0272531,0.0493794,0.55191237,0.01376149,0.27868888,0.00836481,0.16939877,0.02185642,0.44262224,0.9734699,1.0133964,0.965327,0.99389744,1.0091598,1.1042514,1.1250311,1.1894767,1.2162364,0.9939205,1.0129715,1.0732907,1.1015642,1.1508926,0.012595892,0.024521815,0.066366896,0.070447944,0.08731298,-0.003009654,-0.007394524,-0.010915366,-0.0074210684,-0.00415786,0.14273003,0.8335404,0.94676375,0.85999894,0.691643,0.01209879,0.0203038,0.030405266,0.006041357,-0.028235763,1.020582,1.0998371,1.1793343,1.2125945,1.3375794,0.9653209,0.9653209,0.9653209,0.9653209,0.9653209,1.0011568,1.0312977,1.1463393,1.1615132,1.2176888,0.9881289,0.9973777,1.004627,1.022664,1.0976982,0.8,0.4,0.2,0.13333334,0.06666667,0.62755084,0.25780615,0.16204178,0.1402459,0.09315867,0.2,0.1,0.05,0.06666667,0.18333334,0.8,0.9,0.95,0.96666664,0.98333335,-0.6,-0.8,-0.9,-0.9,-0.8,-0.010196106,0.40936646,0.30977225,0.01512462,0.12850185,0.60702693,-0.2725186,0.26833695,0.10253645,0.112839974,0.4,0.2,0.3,0.33333334,0.41666666,0.6,0.8,0.7,0.6666667,0.5833333,-0.2,-0.6,-0.4,-0.33333334,-0.16666667,0.44037494,0.19677262,0.30496016,0.3032929,0.4160153,0.5596251,0.80322737,0.6950398,0.6967071,0.58398473,-0.119250126,-0.6064548,-0.39007968,-0.3934142,-0.16796942,0.76587164,0.8170907,0.8594952,0.82116,0.8749999,0.13601363,0.21388061,0.21493208,0.20191999,0.29364878,0.70916206,1.2039868,1.1149343,1.0412424,1.2679628,0.67056423,0.5472064,0.51772755,0.4805241,0.50192976,0.32943577,0.4527936,0.48227245,0.51947594,0.49807027,0.3411285,0.094412826,0.035455078,-0.038951818,0.0038594634
SZ000776,-0.006147392068728389,0.375,,2026-05-29,0.016137743,0.038730502,0.41666752,0.019903136,0.5138879,0.002689624,0.06944459,-0.0010757699,-0.027775778,0.9841185,1.019587,0.98147166,1.0011548,1.0084606,1.0556103,1.1170527,1.0391818,1.0942172,1.0001149,1.0134549,1.0599885,1.0621051,1.0325913,0.011716796,0.018049324,0.051766858,0.043558948,0.051039416,-0.0043453136,-0.0054880963,-0.008483629,-0.00266141,0.0007548279,0.34384644,0.84748703,0.93999976,0.28931472,0.06670899,0.008575655,0.011241559,0.020606004,-0.02351456,-0.054858707,1.039211,1.0746322,1.1503394,1.1503394,1.1503394,0.97301126,0.97301126,0.97301126,0.97301126,0.93494284,1.0074257,1.0294398,1.1147691,1.1132741,1.0760473,0.9955479,0.99978644,1.0079349,1.0209627,0.9845736,0.6,0.3,0.15,0.1,0.28333333,0.40768638,0.26558262,0.15219663,0.15219663,0.30203444,0.4,0.4,0.1,0.4,0.7,0.8,0.9,0.95,0.96666664,0.41666666,-0.4,-0.5,-0.85,-0.56666666,0.28333333,0.40879256,-0.17078209,0.22698323,0.2917563,0.46232513,0.89603037,0.5130671,0.30114666,0.44770417,0.3264986,0.4,0.2,0.2,0.36666667,0.38333333,0.6,0.8,0.75,0.6,0.6,-0.2,-0.6,-0.55,-0.23333333,-0.21666667,0.4299322,0.24140579,0.20050415,0.4449573,0.44448745,0.57006776,0.7585942,0.7994958,0.5550427,0.55551255,-0.14013557,-0.51718843,-0.5989917,-0.11008542,-0.11102507,0.7147205,0.67331326,0.7030944,0.73892134,0.62636715,0.22812562,0.2312671,0.24580927,0.31194803,0.29491627,0.6756905,0.65733176,0.740633,2.0531802,1.6177053,0.64256686,0.5804792,0.42894036,0.49755344,0.5145866,0.3574331,0.41952083,0.57105964,0.50244653,0.4854134,0.28513375,0.16095836,-0.14211929,-0.0048931045,0.02917322
SH600886,-0.006672347213888983,0.5,,2026-05-29,0.039244227,0.051598758,0.76056534,0.006540606,0.12675898,0.0058139265,0.112675704,0.038517546,0.7464821,0.9622377,1.0062937,0.95664334,0.99495983,0.9335648,0.9342668,0.95105106,0.924477,0.94126123,0.9685297,0.952307,0.9499649,0.94655013,0.967669,0.020358762,0.02370849,0.017194195,0.015694346,0.03529471,0.010909177,0.006060222,0.00086363463,0.0007651843,-0.0011618363,0.7178295,0.5989364,0.088300765,0.1842245,0.3304992,0.009651937,0.020421995,0.041830603,0.04235468,0.06660516,1.0062937,1.0062937,1.0062937,1.0062937,1.0594411,0.9272706,0.91468364,0.91468364,0.91468364,0.91468364,0.97594285,0.9665692,0.9608383,0.9553881,1.0074105,0.95957977,0.9320254,0.9341264,0.9341264,0.9367812,1.0,1.0,1.0,1.0,0.76666665,0.92035717,0.93129987,0.93129987,0.93129987,0.5893744,1.0,1.0,1.0,1.0,0.13333334,0.2,0.5,0.75,0.8333333,0.9166667,0.8,0.5,0.25,0.16666667,-0.78333336,0.9105727,0.66267675,0.29615694,0.46528125,0.1393516,0.93892896,0.9419023,0.6252325,0.6089307,0.36695883,0.8,0.6,0.5,0.5,0.46666667,0.2,0.4,0.4,0.4,0.48333332,0.6,0.2,0.1,0.1,-0.016666668,0.92036873,0.7061648,0.63159704,0.63502353,0.54384196,0.07963128,0.29383522,0.36840296,0.36497647,0.456158,0.84073746,0.41232952,0.26319408,0.2700471,0.08768396,0.651493,0.64128894,0.6607729,0.5584691,0.5046255,0.23737486,0.21888024,0.22555403,0.24090414,0.23362833,1.1241261,1.0840557,1.5194346,1.5254315,1.2429476,0.7129868,0.5452332,0.5621213,0.5677631,0.51429355,0.28701317,0.45476678,0.43787873,0.43223694,0.48570648,0.42597368,0.09046643,0.12424256,0.13552615,0.028587067
SH601229,-0.006929726833593681,0.375,,2026-05-29,0.014606726,0.021348335,0.68420917,0.003370804,0.15789542,0.003370804,0.15789542,0.014606726,0.68420917,0.9856036,1.0033222,0.98228127,0.99575686,1.0055982,1.0509723,1.06099,1.0842663,1.0798469,0.9974072,1.004508,1.0207572,1.040827,1.0629297,0.0066257296,0.010435549,0.020293092,0.033706013,0.0340494,-0.0019151513,-0.0029624458,-0.002725065,-0.0035713757,-0.0015831263,0.2088713,0.73872316,0.63113946,0.87007767,0.659344,0.006423086,0.008823027,0.0051308786,0.010957969,-0.016227476,1.0111461,1.0500005,1.0665381,1.104274,1.1164637,0.98228127,0.98228127,0.98228127,0.98228127,0.98228127,1.00165,1.0083088,1.039128,1.0793754,1.0931056,0.9938126,0.99911606,1.0030643,1.0055982,1.0256335,0.6,0.3,0.15,0.1,0.05,0.6138524,0.26164937,0.21029416,0.14524397,0.13204952,0.2,0.1,0.05,0.06666667,0.18333334,1.0,1.0,1.0,1.0,1.0,-0.8,-0.9,-0.95,-0.93333334,-0.81666666,0.16530737,0.47698787,0.7172997,0.22347336,0.015161266,0.53724134,0.3608887,0.1858178,0.3144456,0.19581607,0.4,0.3,0.3,0.3,0.33333334,0.6,0.7,0.7,0.7,0.6333333,-0.2,-0.4,-0.4,-0.4,-0.3,0.42399904,0.19860524,0.30797738,0.32771072,0.42322943,0.5760009,0.80139476,0.6920226,0.67228925,0.5767706,-0.15200192,-0.6027895,-0.38404524,-0.34457853,-0.15354116,0.7984206,0.841148,1.040131,1.0562782,0.9863754,0.21347775,0.1976069,0.2713651,0.34242088,0.29590437,0.7488613,0.9736858,0.89658713,0.86941516,0.9075429,0.594703,0.4776288,0.48562604,0.4859156,0.50108904,0.40529698,0.5223712,0.51437396,0.5140844,0.49891093,0.18940605,-0.044742398,-0.028747944,-0.028168805,0.002178108
SZ002252,-0.00871780910839813,0.375,,2026-05-29,0.023121385,0.028901732,0.8,0.0038535642,0.13333334,0.0019267821,0.06666667,0.021194603,0.73333335,0.97740114,1.0037665,0.97551787,0.99472564,0.9849875,1.0244901,1.0395784,1.0659641,1.1959208,0.9845932,0.9958981,1.0234817,1.0352516,1.0812672,0.010573982,0.01688344,0.03213318,0.032435652,0.05932777,0.002259453,-0.004156354,-0.004783891,-0.0031784,-0.003237308,0.114148304,0.55553895,0.7757526,0.7441723,0.908138,0.010887854,0.022805486,0.021965263,0.010835184,0.014233359,1.0075476,1.0245538,1.0810307,1.0904692,1.201586,0.9661689,0.9661689,0.9661689,0.9661689,0.9661689,0.9924786,1.0094625,1.0504967,1.0663432,1.154447,0.97558576,0.98007435,0.9894761,1.0030328,1.0361817,1.0,0.6,0.3,0.2,0.1,0.81759673,0.57945,0.2945377,0.27217242,0.14370716,0.4,0.2,0.35,0.06666667,0.016666668,0.6,0.8,0.9,0.93333334,0.96666664,-0.2,-0.6,-0.55,-0.8666667,-0.95,0.78468895,-0.32024255,0.20116673,-0.11130778,-0.012036684,0.7140498,0.44698536,0.51609355,0.40053996,0.08163343,0.4,0.3,0.35,0.33333334,0.3,0.4,0.6,0.6,0.6333333,0.6166667,0.0,-0.3,-0.25,-0.3,-0.31666666,0.64265144,0.38168478,0.39161116,0.37213394,0.32431328,0.3573486,0.6183152,0.60838884,0.6278661,0.6756867,0.28530285,-0.23663042,-0.2167777,-0.25573212,-0.35137343,0.71847063,0.66148037,0.6871912,0.64688325,0.64265937,0.18122192,0.17073618,0.16749862,0.1566975,0.16568425,1.087381,0.97724444,1.0397711,0.9992863,1.2776029,0.6675446,0.59896666,0.5758234,0.55248237,0.48277226,0.33245537,0.4010333,0.42417657,0.4475176,0.5172277,0.33508927,0.19793335,0.15164687,0.10496478,-0.034455474
SH601006,-0.009564697533304776,0.375,,2026-05-29,0.011695914,0.017543871,0.6666667,0.0038986057,0.22222038,0.0019493514,0.11111295,0.00974666,0.5555592,0.9884393,1.0038536,0.9865125,0.9963925,1.0444607,1.0444607,1.0386298,1.0116618,0.9919825,1.0056851,1.0282071,1.0294461,1.0251944,1.020311,0.016559802,0.02689682,0.020359337,0.01825491,0.016732117,-0.008600588,-0.0081588505,-0.0009206696,0.00036337762,0.0002838497,0.67435104,0.84346604,0.07157286,0.030708509,0.08777583,0.011516039,0.008507821,-0.020699715,-0.03046335,-0.028684555,1.0421705,1.0691905,1.0691905,1.0691905,1.0691905,0.9864116,0.9864116,0.9864116,0.9864116,0.9824031,1.0166181,1.0482508,1.0444607,1.0427114,1.0368805,0.99475217,0.99927115,1.0148689,1.0116618,1.0036443,0.6,0.3,0.15,0.1,0.11666667,0.24369973,0.16415325,0.16415325,0.16415325,0.20275854,0.2,0.2,0.6,0.73333335,0.8666667,0.8,0.9,0.95,0.96666664,0.033333335,-0.6,-0.7,-0.35,-0.23333333,0.8333333,0.009957954,0.12745936,0.10075466,0.37530136,0.22624607,0.09442152,0.29306474,0.03695547,0.3821491,0.34265646,0.2,0.4,0.45,0.46666667,0.5,0.8,0.6,0.45,0.46666667,0.43333334,-0.6,-0.2,0.0,0.0,0.06666667,0.17204298,0.29801327,0.4,0.4783784,0.50789094,0.82795703,0.70198673,0.6,0.5216216,0.49210906,-0.65591407,-0.4039735,-0.2,-0.043243226,0.01578189,1.0244029,1.0297077,1.0648433,0.95957345,1.1563755,0.21347259,0.25150192,0.2930682,0.34557477,0.5332103,0.45123157,0.72171795,0.9470861,1.0955087,1.1769315,0.5840628,0.48973346,0.4607018,0.510041,0.4820586,0.41593716,0.51026654,0.5392982,0.489959,0.5179414,0.16812567,-0.020533105,-0.078596406,0.020081982,-0.035882775
SH601881,-0.010253060980462261,0.625,,2026-05-29,0.014876038,0.028099228,0.5294109,0.01322319,0.4705891,0.0,0.0,0.0016528477,0.058821823,0.985342,1.0130293,0.985342,1.0015904,0.9883162,1.011684,1.0323024,1.0646049,1.1711341,1.0057732,1.0068041,1.0270447,1.0300344,1.064181,0.015841873,0.013808366,0.025148164,0.023091532,0.051422387,-0.0028866036,-0.0011038218,-0.0034793164,-0.0016196695,-0.002531765,0.08300443,0.058576692,0.6699514,0.38128436,0.73933643,0.0,-0.0018369354,0.0060088215,-0.0065491702,0.010506061,1.0620811,1.0620811,1.071327,1.071456,1.1890513,0.9826127,0.9826127,0.9826127,0.9826127,0.9826127,1.0204811,1.0196563,1.054433,1.054433,1.1320963,0.9943643,0.9943643,1.0010997,1.0103092,1.0188316,0.6,0.4,0.2,0.13333334,0.06666667,0.2187946,0.2187946,0.19599155,0.19570714,0.08422485,0.4,0.7,0.35,0.033333335,0.016666668,0.8,0.9,0.95,0.96666664,0.98333335,-0.4,-0.2,-0.6,-0.93333334,-0.96666664,0.48831624,0.052605793,0.09758215,-0.05416338,-0.2742078,0.47074795,0.35654086,0.30038244,0.39962792,0.14578664,0.6,0.4,0.35,0.26666668,0.33333334,0.4,0.6,0.6,0.7,0.6166667,0.2,-0.2,-0.25,-0.43333334,-0.28333333,0.5679999,0.46082935,0.4411027,0.40926635,0.39458084,0.4320001,0.5391707,0.55889726,0.59073365,0.60541916,0.13599978,-0.078341335,-0.11779455,-0.18146726,-0.21083833,0.96153486,0.8434874,0.8315083,0.7578604,0.70100534,0.31742352,0.2912805,0.2203953,0.24008052,0.2579046,0.90174174,0.9382125,0.85366654,0.99940616,1.2660732,0.53194684,0.5474377,0.48347962,0.5425346,0.5069044,0.46805316,0.45256227,0.5165204,0.4574654,0.49309558,0.06389367,0.09487543,-0.033040762,0.08506921,0.013808833
SH601998,-0.011147569212236969,0.25,,2026-05-29,0.00815213,0.017663099,0.46153456,0.0013587482,0.07692581,0.00815222,0.46153963,0.014945602,0.8461484,0.9919138,1.0013478,0.9838275,0.99346477,1.0446194,1.0912074,1.1332022,1.1154857,0.96653545,1.0120735,1.0355643,1.0747375,1.091448,1.0777779,0.017139686,0.0278471,0.045459103,0.044285927,0.053948328,-0.010039379,-0.008876164,-0.0075128763,-0.0044209226,0.00090259087,0.8577247,0.9313269,0.95595795,0.7723178,0.08537402,0.008005224,0.0043783905,-0.003365248,-0.027344609,-0.104404256,1.0482507,1.0939076,1.1386273,1.1586963,1.1586963,0.9838275,0.9838275,0.9838275,0.9838275,0.95648396,1.026378,1.0622048,1.1133858,1.1269029,1.1216536,0.9986877,1.0062993,1.0326772,1.056168,1.0175854,0.4,0.2,0.1,0.06666667,0.16666667,0.25103575,0.14691587,0.10447372,0.09248366,0.21519966,0.2,0.1,0.05,0.16666667,0.5833333,1.0,1.0,1.0,1.0,0.033333335,-0.8,-0.9,-0.95,-0.8333333,0.55,-0.08464628,-0.6021188,-0.21072425,-0.3775969,-0.27098653,0.6508195,0.4321947,0.21640772,0.40463868,0.25569302,0.2,0.2,0.15,0.26666668,0.45,0.8,0.8,0.8,0.7,0.51666665,-0.6,-0.6,-0.65,-0.43333334,-0.06666667,0.11363573,0.08383241,0.06808533,0.28217828,0.5292096,0.8863643,0.91616756,0.9319147,0.7178217,0.4707904,-0.77272856,-0.8323352,-0.8638294,-0.43564343,0.058419235,0.8210072,0.7113712,0.68450594,0.61933666,0.66270167,0.18547967,0.18441941,0.19740556,0.1965095,0.24931109,0.28222275,0.6186156,0.8997272,0.81378174,1.2438465,0.67892975,0.6405853,0.5319873,0.5734982,0.51689684,0.32107022,0.35941467,0.4680127,0.42650178,0.4831032,0.35785952,0.28117064,0.063974604,0.14699641,0.033793654
SH600660,-0.011197196388081131,0.25,,2026-05-29,0.0109426025,0.036091372,0.30319166,0.01209444,0.33510613,0.013054329,0.3617022,0.0119024925,0.32978776,0.98917586,1.0119635,0.9762628,0.999448,1.0495646,1.0634263,1.1055944,1.0897787,1.1251312,1.0053934,1.0237566,1.0600139,1.0760508,1.077302,0.013797681,0.022447132,0.04180238,0.041379686,0.033116233,-0.0072924145,-0.0066833133,-0.0067377184,-0.004107969,-0.00072724477,0.6983458,0.8125936,0.90926766,0.7638035,0.14708865,0.009191413,0.0063182344,0.0039944476,-0.016485222,-0.055848204,1.0495645,1.0657059,1.1349916,1.1368526,1.1390857,0.9762628,0.9762628,0.9762628,0.9762628,0.9762628,1.0170535,1.0466769,1.1052222,1.1061535,1.1055944,0.9974553,1.0013674,1.0209278,1.031714,1.0518955,0.4,0.2,0.1,0.06666667,0.033333335,0.32382858,0.26538885,0.14954554,0.14781258,0.14578536,0.2,0.1,0.15,0.16666667,0.016666668,1.0,1.0,1.0,1.0,1.0,-0.8,-0.9,-0.85,-0.8333333,-0.98333335,0.54608,0.19328496,0.28464285,0.12581652,-0.0031706414,0.7992845,0.5485062,0.27960828,0.35325387,0.124139085,0.2,0.3,0.35,0.43333334,0.45,0.8,0.7,0.65,0.56666666,0.55,-0.6,-0.4,-0.3,-0.13333334,-0.1,0.16962074,0.2485011,0.25073075,0.34666294,0.406266,0.83037925,0.7514989,0.74926925,0.65333706,0.59373397,-0.6607585,-0.50299776,-0.49853852,-0.3066741,-0.18746796,0.8660835,0.8602898,0.95177996,0.9092613,0.8784408,0.14051406,0.17422293,0.35983488,0.33737105,0.35707727,0.53642887,0.627627,0.7034603,0.8305903,1.014027,0.47328115,0.51128054,0.5341735,0.50901985,0.5041852,0.52671885,0.48871946,0.46582654,0.49098012,0.4958148,-0.053437725,0.0225611,0.068346925,0.01803976,0.008370417
SH601878,-0.011621617635797759,0.375,,2026-05-29,0.0117899235,0.017149024,0.6874982,0.0042872387,0.24999897,0.0010718623,0.06250282,0.008574547,0.500002,0.9883475,1.0042373,0.98728806,0.9963309,0.9971319,1.0124283,1.0344168,1.0305928,1.1185468,1.0011472,1.0058317,1.0237571,1.0205544,1.0356597,0.009875303,0.009919428,0.021483442,0.019691724,0.032838248,-0.0038240873,-0.0023581884,-0.0031922543,-0.00059403176,-0.0012900863,0.37488213,0.518078,0.772779,0.0705267,0.47073597,0.006500965,0.0047801337,0.0065692705,-0.011941008,0.002397917,1.0251366,1.0432463,1.0690039,1.0690039,1.1258003,0.9803661,0.9803661,0.9803661,0.9803661,0.9803661,1.0070746,1.0124283,1.0443594,1.043021,1.0764818,0.99713194,0.99942636,1.0049713,1.001912,1.0105162,0.4,0.3,0.15,0.16666667,0.11666667,0.43854555,0.3122431,0.22150695,0.22150695,0.13500196,0.4,0.4,0.35,0.56666666,0.016666668,0.8,0.9,0.95,0.96666664,0.98333335,-0.4,-0.5,-0.6,-0.4,-0.96666664,-0.14912592,-0.29043093,0.41754824,0.41196388,0.03810733,0.16539447,0.22970219,0.23597817,0.6015579,0.41688424,0.6,0.4,0.4,0.4,0.43333334,0.4,0.4,0.45,0.5,0.5,0.2,0.0,-0.05,-0.1,-0.06666667,0.52542424,0.42857164,0.40109918,0.44244608,0.39802644,0.47457576,0.57142836,0.59890085,0.5575539,0.60197353,0.050848458,-0.14285669,-0.19780168,-0.11510782,-0.20394711,0.8609932,0.8426451,0.9452933,0.8683949,0.77094036,0.1408182,0.26475406,0.26579797,0.40276405,0.33673412,0.43642062,0.7523058,0.7480069,1.8345557,1.5872627,0.5510384,0.5176422,0.38903037,0.52422464,0.5050592,0.4489616,0.4823578,0.6109696,0.47577536,0.49494082,0.10207682,0.035284422,-0.22193927,0.048449256,0.010118359
SH600938,-0.011696836691800702,0.125,,2026-05-29,0.00998237,0.027304709,0.36559153,0.0046975682,0.17204241,0.012624771,0.46236607,0.017909573,0.65591514,0.9901163,1.0046512,0.9776163,0.9943619,1.0415256,1.0613858,1.1561724,1.0959152,1.1471452,1.004288,1.0354322,1.0586437,1.0719552,1.1267848,0.011531919,0.03621721,0.046842605,0.04516541,0.07271819,-0.0033175389,-0.010843711,-0.0063532214,-0.003356622,-0.0037535504,0.206904,0.8217456,0.643834,0.42805022,0.8126401,0.0023470875,0.013364501,0.0017119468,-0.023284156,-0.016055051,1.0345147,1.1047401,1.1778984,1.1778984,1.2947394,0.9776163,0.9776163,0.9776163,0.9776163,0.9776163,1.0095239,1.0728053,1.0771835,1.1072444,1.1953961,0.9981945,1.0014445,1.0191379,1.046942,1.0570074,0.4,0.2,0.1,0.06666667,0.033333335,0.39339772,0.17607784,0.11176085,0.11176085,0.07058363,0.2,0.3,0.1,0.4,0.083333336,1.0,1.0,1.0,1.0,1.0,-0.8,-0.7,-0.9,-0.6,-0.9166667,-0.0058558555,0.052788924,0.35013577,0.36233127,0.794849,-0.8449773,-0.38527623,-0.4029211,-0.2817078,0.12126989,0.4,0.5,0.45,0.53333336,0.48333332,0.6,0.5,0.55,0.46666667,0.51666665,-0.2,0.0,-0.1,0.06666667,-0.033333335,0.28199053,0.32697207,0.24963827,0.3933768,0.44429252,0.7180095,0.67302793,0.75036174,0.6066232,0.55570745,-0.43601894,-0.3460559,-0.5007235,-0.21324639,-0.11141495,1.1202712,1.1012454,1.1686982,1.2069888,1.9654154,0.24617876,0.19662571,0.29164034,0.2868984,1.3004063,0.8852362,0.86623037,1.3361405,1.2089248,1.8911893,0.5429898,0.47761983,0.4687358,0.47908607,0.44430736,0.4570102,0.5223802,0.5312642,0.52091396,0.5556926,0.08597959,-0.04476033,-0.06252838,-0.041827865,-0.11138528
SH601669,-0.011940574009261082,0.5,,2026-05-29,0.017142804,0.028571429,0.5999981,0.00952381,0.33333334,0.0019048153,0.06666853,0.00952381,0.33333334,0.98314613,1.0093633,0.9812734,0.9980474,1.0250696,1.0779945,1.051532,1.0654597,1.0710306,1.0052925,1.0306407,1.0602368,1.0669453,1.0890205,0.022118093,0.036519896,0.044418823,0.038991965,0.057569712,-0.010863504,-0.011142064,-0.0051720534,-0.0024304322,-0.0017714225,0.60309327,0.8532645,0.47452587,0.30110538,0.2887726,0.016434506,0.01949859,-0.011102302,-0.03170399,-0.036763515,1.0432233,1.091534,1.1505002,1.1505002,1.345404,0.9795411,0.9795411,0.9795411,0.9795411,0.9795411,1.0208914,1.0643455,1.0963789,1.0997216,1.1144848,0.9877438,0.9977716,1.0233983,1.0350975,1.051532,0.6,0.3,0.15,0.1,0.05,0.32126525,0.18268,0.11967116,0.11967116,0.05591951,0.2,0.1,0.4,0.6,0.15,0.8,0.9,0.95,0.96666664,0.98333335,-0.6,-0.8,-0.55,-0.36666667,-0.8333333,-0.6769086,-0.55215955,0.6027724,0.59922874,0.8390738,-0.48217565,-0.58582324,0.4226381,0.46227407,0.46132705,0.4,0.4,0.5,0.46666667,0.48333332,0.6,0.5,0.45,0.5,0.5,-0.2,-0.1,0.05,-0.033333335,-0.016666668,0.3499997,0.24999943,0.43223432,0.4369972,0.47437185,0.65000033,0.75000054,0.5677657,0.5630028,0.52562815,-0.30000064,-0.50000113,-0.13553137,-0.12600562,-0.051256306,0.969183,0.9514027,1.2835664,1.2572846,1.9552827,0.15409799,0.17711107,0.58316636,0.50859493,1.7527999,0.6174888,0.8931854,1.2991244,1.276221,2.3828926,0.58616287,0.43023,0.50639653,0.5094112,0.4933653,0.41383716,0.56977004,0.4936035,0.49058875,0.5066347,0.17232569,-0.13954002,0.0127930315,0.018822476,-0.013269414
SZ000596,-0.012091051682021988,0.5,,2026-05-29,0.020401414,0.059010632,0.3457244,0.036744528,0.6226764,0.0018646889,0.0315992,-0.014478424,-0.2453528,0.98000646,1.0360099,0.9781791,1.0140641,0.99161416,1.0493455,1.1458684,1.1324339,1.2595054,0.99989736,1.0109929,1.0661471,1.0929234,1.1296691,0.0084123155,0.017559456,0.06480484,0.06586916,0.06614643,-0.0020650902,-0.004750436,-0.010487864,-0.0066002836,-0.0031542159,0.15065616,0.6708977,0.9167001,0.77814883,0.6935373,0.004232845,0.01038404,0.033487614,0.002780723,-0.03661969,1.0360099,1.0614938,1.1925205,1.2006928,1.2748631,0.97474307,0.97474307,0.97474307,0.97474307,0.97474307,1.0063436,1.0320945,1.1404489,1.146302,1.1863089,0.9951111,0.99592686,1.0044725,1.0187341,1.0823469,0.6,0.4,0.2,0.13333334,0.06666667,0.4122449,0.29114372,0.115975864,0.11178118,0.084156066,1.0,0.1,0.05,0.26666668,0.016666668,0.6,0.8,0.9,0.93333334,0.96666664,0.4,-0.7,-0.85,-0.6666667,-0.95,0.59479713,-0.5334104,-0.273567,-0.27984735,-0.19335793,0.8255036,0.5114623,0.5130264,0.5863848,0.33478704,0.6,0.4,0.35,0.4,0.45,0.4,0.6,0.65,0.6,0.55,0.2,-0.2,-0.3,-0.2,-0.1,0.5605933,0.3078629,0.29992163,0.37076208,0.38765126,0.4394067,0.69213706,0.70007837,0.6292379,0.61234874,0.12118662,-0.38427418,-0.40015674,-0.25847584,-0.2246975,0.7193792,0.5858283,0.56539285,0.5251994,0.5026753,0.24585316,0.22318825,0.18529153,0.20895986,0.18643889,0.35903484,0.7118056,0.6462623,1.067604,0.98713124,0.63038784,0.6191487,0.5995865,0.5511588,0.52170426,0.36961216,0.3808513,0.4004135,0.44884118,0.47829574,0.2607757,0.23829737,0.199173,0.102317624,0.043408487
SZ000651,-0.012536873318113078,0.5,,2026-05-29,0.030789489,0.03631589,0.8478243,0.0055263974,0.15217575,0.0,0.0,0.025263092,0.6956485,0.9701302,1.0053613,0.9701302,0.99704206,0.9890222,1.0283384,0.98136306,0.95174927,0.9497071,0.9863162,0.9945113,1.0102377,0.9904606,0.9772404,0.012223262,0.01406455,0.01921308,0.033109806,0.028727025,0.00020409841,-0.0032755802,-0.0027111492,0.0019039743,0.000880606,0.0006970195,0.4972058,0.69691664,0.2562776,0.2866037,0.013275576,0.020228775,0.015518223,-0.018068219,-0.0032182736,1.0053613,1.0365072,1.0436556,1.0436556,1.0436556,0.9650241,0.9650241,0.9650241,0.93464375,0.9343884,0.99407756,1.008936,1.0284406,1.0233347,1.008936,0.9819761,0.9861121,0.99147326,0.95169765,0.9525657,1.0,0.7,0.35,0.56666666,0.78333336,0.8670873,0.48928818,0.4448072,0.5995331,0.60046905,1.0,0.1,0.05,0.36666667,0.68333334,0.8,0.9,0.95,0.2,0.033333335,0.2,-0.8,-0.9,0.16666667,0.65,0.5077476,0.19991133,0.46297294,0.61957777,0.60859674,0.8424311,0.7833058,0.81087124,0.7249927,0.47583085,0.4,0.2,0.3,0.4,0.46666667,0.6,0.8,0.7,0.6,0.53333336,-0.2,-0.6,-0.4,-0.2,-0.06666667,0.58113134,0.36754146,0.5475888,0.59652656,0.553387,0.41886866,0.6324585,0.4524112,0.40347344,0.446613,0.16226268,-0.26491705,0.0951776,0.19305313,0.10677398,0.6098363,0.5776187,0.7608476,0.6663492,0.5486747,0.22116031,0.15332182,0.5355537,0.4717682,0.36999595,1.290089,1.348223,2.6041152,2.7819672,2.9077625,0.8446093,0.66060495,0.4965001,0.5474838,0.5165309,0.1553907,0.33939508,0.50349987,0.4525162,0.48346916,0.68921864,0.32120988,-0.0069997692,0.09496762,0.03306171
SH600188,-0.012634081482760564,0.375,,2026-05-29,0.023474189,0.044131417,0.5319156,0.015962433,0.36170223,0.004694797,0.10638219,0.0122065535,0.27659553,0.9770642,1.0155963,0.9724771,1.0021129,0.9178984,0.97020084,0.98441344,0.8940212,0.86469585,0.97129995,0.96964186,0.9813341,0.9589492,0.9391929,0.022190088,0.031093368,0.039424762,0.050923295,0.048174575,0.013345652,-0.0009320038,-0.0035196722,0.0024038777,0.0010622134,0.9042771,0.0082359025,0.2789551,0.17270043,0.14828172,0.0020087205,0.034552183,0.0521028,0.00619457,0.029471833,1.0183719,1.0183719,1.0825924,1.0825924,1.0825924,0.9211174,0.90459555,0.90459555,0.83532786,0.83532786,0.9890089,0.99818075,1.0021982,0.9885541,0.98236686,0.9516676,0.94423914,0.9516676,0.91670454,0.89258105,1.0,0.9,0.8,0.8666667,0.9166667,0.8110941,0.83852583,0.53598976,0.6659757,0.6659757,0.8,0.9,0.05,0.36666667,0.68333334,0.6,0.5,0.75,0.033333335,0.51666665,0.2,0.4,-0.7,0.33333334,0.16666667,0.33786806,0.32011843,0.55816996,0.34176216,0.07791825,0.9522144,0.37370655,0.45203277,0.37340587,0.3161157,0.8,0.5,0.4,0.5,0.45,0.2,0.5,0.55,0.46666667,0.53333336,0.6,0.0,-0.15,0.033333335,-0.083333336,0.94096714,0.56564397,0.5163081,0.5813159,0.5442571,0.05903285,0.43435606,0.48369184,0.41868412,0.4557429,0.8819343,0.13128787,0.032616314,0.16263177,0.08851421,0.990883,0.94840145,1.0282544,1.035297,1.3392589,0.27359423,0.26080197,0.2991675,0.2658407,0.5899997,0.8090676,0.7927119,1.1904266,1.1281184,1.2250508,0.5600551,0.46756208,0.50277513,0.5011835,0.46701834,0.43994495,0.5324379,0.4972249,0.49881652,0.53298163,0.120110095,-0.06487584,0.0055502127,0.0023669803,-0.06596332
SH600019,-0.013243265370944697,0.125,,2026-05-29,0.010050246,0.020100491,0.5,0.00837524,0.41666844,0.0016750053,0.08333157,0.0033500106,0.16666314,0.9900498,1.008292,0.9883914,1.0008795,0.97869253,1.031477,1.0561743,1.0711864,1.2121066,0.99535114,0.9941889,1.0253026,1.0336077,1.0695884,0.0070725246,0.009768261,0.034035973,0.030278625,0.055409286,0.0013075036,-0.00045197588,-0.004925267,-0.0025556511,-0.0027480596,0.085443065,0.019624902,0.73291093,0.5521189,0.75021726,0.0020338818,0.00784501,0.021487353,0.0034491746,0.011479359,1.008292,1.031733,1.0862445,1.0862445,1.217335,0.9782403,0.97371614,0.97371614,0.97371614,0.97371614,1.0002905,1.0014528,1.0552058,1.0550121,1.0972397,0.98808724,0.9865376,0.98954,1.0,1.0363196,0.7,0.65,0.325,0.21666667,0.108333334,0.7240779,0.4530378,0.23357552,0.23357552,0.10788931,1.0,0.1,0.35,0.56666666,0.016666668,0.4,0.5,0.75,0.8333333,0.9166667,0.6,-0.4,-0.4,-0.26666668,-0.9,0.9539469,0.81314284,0.47516528,0.279334,0.5674711,0.8749253,0.5772204,0.19594808,0.097640716,-0.070706956,0.6,0.3,0.35,0.36666667,0.4,0.4,0.7,0.6,0.56666666,0.56666666,0.2,-0.4,-0.25,-0.2,-0.16666667,0.72448975,0.3429949,0.37711862,0.38639873,0.34728032,0.27551025,0.6570051,0.62288135,0.61360127,0.6527197,0.44897947,-0.3140102,-0.24576275,-0.2272025,-0.30543932,0.89547026,0.9376345,1.0483897,1.0135748,1.1342349,0.17139141,0.21090016,0.27897498,0.25233254,0.46720788,0.6437895,0.7918502,0.8695596,0.8670575,1.2747078,0.59082776,0.4412321,0.5134993,0.51422477,0.44803452,0.40917224,0.5587679,0.48650068,0.48577523,0.5519655,0.18165551,-0.11753583,0.026998615,0.028449524,-0.10393096
SZ002311,-0.013620931448744211,0.375,,2026-05-29,0.016496599,0.04666805,0.3534881,0.022574333,0.4837214,0.007597114,0.16279048,0.0015193796,0.03255717,0.98377115,1.022208,0.9762973,1.007458,0.97542316,1.0164237,1.04889,1.0315864,1.1575799,0.9888847,0.98145586,0.99800426,1.0068579,1.0676546,0.016823994,0.015615242,0.02987159,0.030209316,0.075774044,0.005428612,0.002378057,-0.003063861,-0.0022403086,-0.0039657005,0.26029116,0.21259768,0.36820483,0.4262218,0.8354083,0.0002580989,0.00784286,0.031102419,0.025626546,0.049333587,1.022208,1.022208,1.0911653,1.0911653,1.2545202,0.9545,0.95193434,0.95193434,0.95193434,0.95193434,1.0011497,0.9931489,1.0165117,1.0313753,1.1552161,0.9803502,0.9635217,0.9751709,0.979881,0.9934482,0.8,0.9,0.65,0.46666667,0.23333333,0.67200345,0.6839785,0.34522232,0.34522232,0.15884964,1.0,1.0,0.1,0.4,0.16666667,0.4,0.5,0.75,0.8333333,0.9166667,0.6,0.5,-0.65,-0.43333334,-0.75,0.6965134,0.49674267,0.32020426,0.04438871,-0.22296557,0.827578,0.8085592,0.4654547,0.40739116,0.2508152,0.4,0.4,0.35,0.36666667,0.4,0.6,0.6,0.65,0.6333333,0.6,-0.2,-0.2,-0.3,-0.26666668,-0.2,0.63293093,0.4482249,0.42194954,0.4681982,0.42857143,0.36706907,0.5517751,0.57805043,0.5318018,0.5714286,0.26586187,-0.10355022,-0.15610091,-0.06360359,-0.14285715,0.66755176,0.6476286,0.7892708,0.70492166,0.6233113,0.25472727,0.17876841,0.27148175,0.301369,0.26172867,1.0412228,0.97049046,1.2191453,1.2920059,1.2180746,0.5687815,0.55199677,0.4788453,0.51974654,0.5179025,0.43121848,0.44800326,0.5211547,0.48025346,0.4820975,0.13756303,0.10399349,-0.04230943,0.039493114,0.035804976
SH600026,-0.013631378439477896,0.5,,2026-05-29,-0.008146714,0.035641517,-0.22857371,0.015784051,0.44285578,0.011710752,0.32857051,-0.012220014,-0.34285897,1.0082136,1.0241274,0.98819304,1.0020095,1.1705532,1.1228309,1.0808026,1.1678418,1.1624187,1.054935,1.0985359,1.1227766,1.1219089,1.1755966,0.05095368,0.060870178,0.0524224,0.044632763,0.07561481,-0.031778768,-0.014842575,-0.005188134,-0.0016726226,-0.00278075,0.9724406,0.5450305,0.34281242,0.10884039,0.41248673,0.00862257,-0.031744257,-0.073489346,-0.097655915,-0.09356446,1.2317058,1.2317058,1.2317058,1.2317058,1.3948989,0.98819304,0.98819304,0.98819304,0.98819304,0.98819304,1.0966921,1.161551,1.1629068,1.1543927,1.2291216,1.0151844,1.0376356,1.100217,1.0991867,1.1214751,0.2,0.1,0.05,0.033333335,0.016666668,0.048485935,0.048485935,0.048485935,0.048485935,0.029030658,0.2,0.6,0.8,0.8666667,0.28333333,1.0,1.0,1.0,1.0,1.0,-0.8,-0.4,-0.2,-0.13333334,-0.71666664,0.82508904,0.11619836,0.36234897,0.3352925,0.6265806,-0.19250321,0.050440125,0.33965877,0.233077,0.13843128,0.0,0.3,0.45,0.4,0.41666666,1.0,0.7,0.55,0.6,0.5833333,-1.0,-0.4,-0.1,-0.2,-0.16666667,0.0,0.2643078,0.42579678,0.38036326,0.46204537,1.0,0.7356922,0.57420325,0.6196368,0.5379546,-1.0,-0.47138444,-0.14840646,-0.23927349,-0.07590927,1.0799756,0.98047066,1.0660262,1.0416633,1.4765298,0.25674772,0.24281545,0.29886964,0.27532068,0.66811186,0.5144837,0.79277855,0.7002729,0.7616268,1.1818424,0.53473717,0.5149668,0.49239597,0.48280582,0.44776842,0.46526286,0.48503324,0.50760406,0.5171942,0.55223155,0.069474295,0.029933522,-0.01520809,-0.03438838,-0.10446315
SH601127,-0.01398508757710746,0.375,,2026-05-29,-0.015351089,0.037713062,-0.40704963,0.010999659,0.29166707,0.011362316,0.3012833,-0.014988431,-0.3974334,1.0155904,1.0267615,0.98846054,1.0007309,1.0070053,1.0220665,1.0918856,1.1034442,1.303561,1.0251489,1.0107881,1.0445768,1.0651177,1.1222475,0.024661351,0.027096339,0.043885212,0.046853058,0.08107735,-0.00572096,0.0042201406,-0.0054995613,-0.004298946,-0.0042308923,0.13453774,0.22235353,0.5496519,0.6524537,0.8305479,-0.013706961,-0.029778725,0.0076690735,-0.002783014,0.0025638067,1.0890924,1.0890924,1.1403806,1.1776732,1.3122143,0.98846054,0.954692,0.954692,0.954692,0.954692,1.0431523,1.0266199,1.0905079,1.106223,1.2221133,1.0060712,0.9966141,1.0064214,1.0164623,1.0606889,0.2,0.3,0.15,0.1,0.05,0.11467005,0.337112,0.24399984,0.20319192,0.12672773,0.6,0.8,0.25,0.23333333,0.016666668,1.0,0.3,0.65,0.76666665,0.8833333,-0.4,0.5,-0.4,-0.53333336,-0.8666667,0.87169826,0.6335814,-0.1503438,-0.32653856,-0.32868955,0.84121317,0.85995835,0.7192773,0.68685085,0.4375691,0.4,0.3,0.35,0.36666667,0.35,0.6,0.7,0.65,0.6333333,0.65,-0.2,-0.4,-0.3,-0.26666668,-0.3,0.46938765,0.45548755,0.39233926,0.40665823,0.36350274,0.53061235,0.54451245,0.6076607,0.59334177,0.63649726,-0.06122472,-0.08902491,-0.21532147,-0.18668352,-0.27299452,1.1470028,1.1732717,0.9980556,0.88904524,0.7730149,0.3808737,0.54646313,0.42986396,0.4155156,0.34094092,1.0775855,1.2603312,1.3654865,1.4910306,1.428722,0.4720159,0.5227939,0.5273948,0.52548134,0.5077744,0.5279841,0.4772061,0.47260523,0.47451863,0.49222562,-0.0559682,0.045587767,0.05478955,0.050962716,0.01554877
SH600104,-0.014011629745691933,0.375,,2026-05-29,0.022406556,0.02738589,0.81817883,0.0,0.0,0.0049793352,0.18182118,0.02738589,1.0,0.9780845,1.0,0.97321427,0.98887444,1.0129814,1.0503117,1.1039238,1.145288,1.159076,0.9914045,1.0034984,1.0481812,1.0734679,1.1153526,0.010419692,0.016040957,0.049698245,0.05462945,0.058783848,-0.0019508593,-0.004471113,-0.008141752,-0.0059197918,-0.0028145742,0.08763592,0.7121676,0.9393377,0.9100409,0.6992126,0.012497218,0.016621633,0.029165465,0.012369157,-0.032322742,1.0219105,1.0486846,1.1339408,1.1493812,1.2045571,0.97158265,0.97158265,0.97158265,0.97158265,0.97158265,1.0001614,1.0155776,1.1039238,1.1227137,1.1602201,0.9824863,0.99288595,1.0006454,1.006366,1.0758343,0.8,0.4,0.2,0.13333334,0.06666667,0.5646437,0.36856857,0.17502882,0.15982893,0.12197626,0.2,0.1,0.1,0.033333335,0.36666667,0.8,0.9,0.95,0.96666664,0.98333335,-0.6,-0.8,-0.85,-0.93333334,-0.6166667,0.30075788,0.23781796,0.12914418,0.047094733,0.49948257,0.94234616,0.11653764,0.087872334,0.04543178,0.06999723,0.2,0.3,0.3,0.26666668,0.36666667,0.8,0.7,0.7,0.73333335,0.6,-0.6,-0.4,-0.4,-0.46666667,-0.23333333,0.388958,0.2719415,0.24170609,0.21397623,0.38444325,0.61104196,0.72805846,0.7582939,0.7860238,0.6155568,-0.22208399,-0.45611697,-0.51658785,-0.57204753,-0.23111351,0.7535336,0.77436393,0.78726524,0.780432,0.95180774,0.14089178,0.12603317,0.10899964,0.10881136,0.3084372,0.8232099,0.90715593,0.79947364,0.89516246,1.134956,0.7668648,0.5735421,0.5627562,0.51926374,0.49308163,0.23313524,0.42645788,0.43724385,0.48073626,0.5069184,0.53372955,0.14708422,0.12551232,0.038527474,-0.013836728
SZ300782,-0.014628841772951304,0.375,,2026-05-29,-0.087686755,0.1154528,-0.75950307,0.015781935,0.136696,0.011984111,0.10380095,-0.091484584,-0.7923981,1.0961148,1.1134136,0.98686403,1.0366884,1.1610554,1.2361654,0.96844333,0.9903782,0.74865437,1.0791663,1.1286016,1.0887607,1.055922,0.92587835,0.050272837,0.06685865,0.11230392,0.10541475,0.15778199,-0.028729998,-0.020586442,0.008347161,0.006870352,0.008052517,0.81647784,0.8690781,0.19335517,0.32919782,0.79441655,-0.021706253,-0.0359626,-0.16805881,-0.15554214,-0.16342759,1.1739016,1.2436638,1.3404244,1.3404244,1.3404244,0.98686403,0.98686403,0.9169227,0.9169227,0.7142428,1.10057,1.1980686,1.1980686,1.1636798,1.0644398,1.0656464,1.0829446,0.9806438,0.9596025,0.76481265,0.2,0.1,0.35,0.46666667,0.73333335,0.0702317,0.051152546,0.19616765,0.19616765,0.45634875,0.2,0.1,0.45,0.6333333,0.81666666,1.0,1.0,0.1,0.4,0.18333334,-0.8,-0.9,0.35,0.23333333,0.6333333,-0.27773526,-0.14391139,0.6766808,0.6352555,0.6891046,-0.7213382,-0.5436373,0.39848492,0.34683958,0.5335202,0.2,0.3,0.45,0.46666667,0.5,0.8,0.7,0.55,0.53333336,0.5,-0.6,-0.4,-0.1,-0.06666667,0.0,0.006787394,0.14492755,0.5179443,0.5037965,0.5614058,0.9932126,0.85507244,0.48205572,0.49620345,0.43859422,-0.9864252,-0.71014494,0.03588856,0.007593091,0.12281155,0.918541,0.93168753,1.0136057,0.97119856,0.8203373,0.08444105,0.10038599,0.33698094,0.30023918,0.4032888,1.0836779,0.99956393,1.3293669,1.2428703,1.4522066,0.66558003,0.34893757,0.53409886,0.49265543,0.515519,0.33442,0.6510624,0.46590117,0.5073446,0.48448095,0.33116,-0.3021249,0.06819769,-0.0146891605,0.031038102
SZ000708,-0.015065955770977612,0.375,,2026-05-29,0.007840343,0.028510407,0.27499932,0.020670064,0.7250007,0.0,0.0,-0.012829721,-0.45000136,0.99222064,1.0205092,0.99222064,1.0072696,1.0071651,1.0082555,1.0542057,1.1475079,1.2160436,1.0026791,1.0023365,1.0268147,1.0543302,1.1014694,0.01662713,0.011605052,0.029567102,0.052591503,0.066607386,-0.0008411219,-1.3216451e-05,-0.0041581765,-0.0053931866,-0.0033288759,0.0063976925,1.1889046e-05,0.6922394,0.81500715,0.7618164,-0.000996898,-0.002276984,0.012688021,0.023870964,-0.0032675501,1.0375044,1.0375044,1.0871993,1.1625899,1.240004,0.9794682,0.9794682,0.9794682,0.9794682,0.9794682,1.0109035,1.0065421,1.061215,1.0859812,1.1557945,0.99093455,0.9933333,1.0017446,1.004299,1.0384113,0.6,0.4,0.2,0.13333334,0.06666667,0.3537756,0.3537756,0.19058351,0.112120956,0.078805976,0.6,0.8,0.3,0.16666667,0.016666668,0.4,0.7,0.85,0.9,0.95,0.2,0.1,-0.55,-0.73333335,-0.93333334,0.81660074,0.5405687,0.41433302,-0.4018381,-0.047815513,0.9554532,0.7433978,0.57888126,0.20120278,-0.10884085,0.4,0.4,0.4,0.36666667,0.45,0.6,0.6,0.6,0.6333333,0.55,-0.2,-0.2,-0.2,-0.26666668,-0.1,0.46714297,0.4710381,0.3978873,0.32725292,0.3813922,0.53285706,0.5289619,0.6021127,0.6727471,0.61860776,-0.065714076,-0.0579238,-0.2042254,-0.34549415,-0.23721558,0.8376614,0.7272047,0.7871463,0.7231067,0.75852466,0.24738748,0.22861168,0.21532178,0.2291168,0.24762517,0.9332695,1.2404059,1.0513722,1.0828907,1.2100236,0.64070463,0.5337433,0.5508727,0.53825366,0.4748555,0.35929537,0.46625665,0.44912735,0.46174634,0.52514446,0.2814093,0.06748668,0.10174534,0.07650736,-0.05028896
SH601868,-0.016430726311454907,0.25,,2026-05-29,-0.0034482456,0.024137933,-0.14285587,0.010344844,0.42857206,0.010344844,0.42857206,-0.0034482456,-0.14285587,1.0034602,1.0138408,0.9896194,1.0030851,1.0361842,1.1217105,0.9638158,0.9901316,0.8881579,1.018421,1.0424342,1.0654606,1.0457237,1.0546052,0.024127766,0.036971435,0.06572798,0.061989564,0.08874286,-0.013815776,-0.01118421,-0.002161656,0.0019473385,-0.00047619222,0.8197026,0.83886,0.03785652,0.07647992,0.008782083,0.009210518,0.007894754,-0.044924784,-0.07396008,-0.040557586,1.0697691,1.1267751,1.2398047,1.2398047,1.3653603,0.9896194,0.9896194,0.9660665,0.9638158,0.8644581,1.0348684,1.0710526,1.1164473,1.1072369,1.1223685,1.0026315,1.0032895,1.0026315,0.99473685,0.9868421,0.2,0.1,0.2,0.26666668,0.30833334,0.12951548,0.075684994,0.12396334,0.13110736,0.27059555,0.2,0.1,0.45,0.6333333,0.15,1.0,1.0,0.05,0.33333334,0.033333335,-0.8,-0.9,0.4,0.3,0.11666667,-0.7399607,0.4402356,0.844028,0.80256313,0.77255464,0.35230392,-0.3370537,0.48163086,0.49740523,0.5183998,0.2,0.3,0.55,0.53333336,0.51666665,0.6,0.6,0.4,0.43333334,0.46666667,-0.4,-0.3,0.15,0.1,0.05,0.26086956,0.18644057,0.53107345,0.50672644,0.53113556,0.73913044,0.8135594,0.46892658,0.49327356,0.46886447,-0.47826087,-0.6271188,0.062146846,0.013452907,0.062271077,0.9169144,0.99050057,1.4495702,1.3525764,1.8748325,0.051393922,0.16126668,0.8463275,0.7239533,1.3857461,0.8283512,0.7567626,1.4000516,1.5129361,1.7018819,0.90071523,0.2893301,0.5156552,0.51395947,0.49689066,0.099284776,0.7106699,0.4843448,0.4860405,0.50310934,0.80143046,-0.42133978,0.03131041,0.027918968,-0.0062186983
SH600085,-0.01644209191623864,0.375,,2026-05-29,0.034274187,0.063306406,0.54140157,0.029032217,0.45859843,0.0,0.0,0.0052419677,0.08280312,0.9668616,1.0280701,0.9668616,1.0055887,0.9832268,1.0643295,1.0651008,1.0931847,1.1844093,0.98487836,0.9956781,1.0372947,1.051258,1.0908154,0.010656764,0.0176457,0.04482548,0.04177874,0.056532405,0.0017512289,-0.0043651676,-0.00679905,-0.00397757,-0.0029766257,0.067511104,0.5609646,0.8052202,0.7024683,0.84557736,0.011619156,0.0239651,0.027296226,0.006416782,-0.0030049565,1.0280701,1.0604408,1.1091563,1.1091563,1.1976646,0.9555447,0.9555447,0.9555447,0.9555447,0.9555447,0.9890749,1.0115355,1.0811028,1.0826452,1.1583625,0.9809132,0.983561,0.98595804,0.99906814,1.0651008,1.0,0.7,0.35,0.23333333,0.11666667,0.6129614,0.42380336,0.2894008,0.2894008,0.1836085,1.0,0.1,0.35,0.56666666,0.016666668,0.6,0.8,0.9,0.93333334,0.96666664,0.4,-0.7,-0.55,-0.36666667,-0.95,0.76845014,0.43926576,-0.017483471,-0.28456798,-0.1815224,0.8912715,0.17310551,0.29630986,0.21075153,0.06919818,0.6,0.3,0.4,0.36666667,0.35,0.4,0.7,0.6,0.56666666,0.5833333,0.2,-0.4,-0.2,-0.2,-0.23333333,0.66435784,0.2565661,0.34152055,0.30936098,0.33494392,0.33564213,0.7434339,0.65847945,0.690639,0.6650561,0.32871574,-0.48686782,-0.31695893,-0.38127807,-0.3301122,0.5263082,0.50026333,0.460738,0.39571112,0.3910123,0.29389253,0.24989761,0.20751753,0.195516,0.168489,1.6689955,1.4054382,1.5383033,1.8001842,1.595051,0.7469689,0.64246994,0.6041865,0.57407475,0.5352922,0.2530311,0.35753006,0.39581352,0.42592523,0.4647078,0.49393782,0.2849399,0.20837295,0.14814952,0.070584424
SZ300759,-0.01675966262190091,0.375,,2026-05-29,0.0019959956,0.037125714,0.053763155,0.022355277,0.60215074,0.012774444,0.34408614,-0.0075848373,-0.20430145,0.99800795,1.0223107,0.985259,1.002649,1.0331453,1.0594567,1.2320178,1.250299,1.1276268,1.0097728,1.0305997,1.069836,1.1161227,1.1168802,0.012415599,0.024847616,0.052346133,0.08073861,0.07650416,-0.007415007,-0.007433641,-0.008395026,-0.008898396,-0.00046396506,0.8917185,0.82043684,0.9002082,0.9413749,0.011217608,0.0050572567,0.0028516967,0.009916776,0.012903962,-0.10319325,1.0390612,1.0905372,1.2152585,1.278528,1.2793789,0.985259,0.985259,0.985259,0.985259,0.985259,1.0183495,1.0520074,1.1158038,1.201401,1.2106271,0.99938494,1.0066974,1.0252179,1.0458568,1.0493081,0.4,0.2,0.1,0.06666667,0.041666668,0.27398524,0.1400197,0.064091526,0.050264493,0.05011906,0.2,0.4,0.05,0.033333335,0.46666667,1.0,1.0,1.0,1.0,1.0,-0.8,-0.6,-0.95,-0.96666664,-0.53333336,-0.6039784,-0.023505375,0.74099606,0.333774,0.54563093,0.48708805,0.47380596,0.03291744,0.29533374,0.39901462,0.2,0.3,0.2,0.3,0.45,0.8,0.7,0.8,0.7,0.55,-0.6,-0.4,-0.6,-0.4,-0.1,0.078261524,0.18248199,0.14672211,0.2628683,0.44683275,0.92173845,0.817518,0.8532779,0.7371317,0.5531673,-0.84347695,-0.635036,-0.7065558,-0.47426346,-0.10633453,0.76848227,0.79452586,1.0063996,1.001295,0.994967,0.1492542,0.18696651,0.364063,0.37901762,0.47172588,0.39072877,1.1311915,1.2207284,1.3067476,1.5612003,0.4741289,0.5610433,0.40970123,0.4932384,0.50354475,0.5258711,0.43895668,0.5902988,0.5067616,0.49645522,-0.05174221,0.12208663,-0.18059756,-0.013523248,0.0070895436
SH600941,-0.017066631902114496,0.25,,2026-05-29,0.009370573,0.01517619,0.6174522,0.003870489,0.25503695,0.0019351285,0.12751083,0.007435212,0.4899261,0.9907164,1.0038346,0.9887993,0.99836504,0.96849734,0.9885824,0.96899736,0.94399536,0.964497,0.9862322,0.9908242,0.98588216,0.9766092,0.9673973,0.009600647,0.016856298,0.013811703,0.018795317,0.02010349,0.0060004806,-0.002253219,0.0007419164,0.0015705789,0.0005072897,0.9765873,0.16379246,0.1009912,0.54115534,0.19420885,0.0017668267,0.019315235,0.007069628,0.0006174309,0.017637659,1.0038346,1.0429826,1.0429826,1.0429826,1.0429826,0.96520966,0.96520966,0.96062076,0.9404861,0.93129426,0.99259937,1.0029836,0.99539965,0.9890157,0.9859821,0.97959834,0.975998,0.9750646,0.9662639,0.9454788,1.0,0.7,0.85,0.9,0.95,0.9007232,0.44733277,0.4781253,0.58064383,0.61515635,1.0,0.2,0.6,0.73333335,0.8666667,0.2,0.6,0.15,0.13333334,0.33333334,0.8,-0.4,0.45,0.6,0.53333336,-0.0019135087,0.6942817,0.69598144,0.7068902,0.57134664,-0.49798644,0.5235024,0.49741694,0.7238281,0.51274705,1.0,0.7,0.7,0.6333333,0.56666666,0.0,0.3,0.3,0.36666667,0.41666666,1.0,0.4,0.4,0.26666668,0.15,1.0,0.5506283,0.59374994,0.6250928,0.54514617,0.0,0.44937173,0.40625003,0.3749072,0.45485383,1.0,0.10125655,0.18749991,0.2501856,0.090292335,1.0376691,1.5630461,1.4495614,1.3390349,1.2911861,0.060809195,0.79640734,0.6107043,0.64164114,0.5517697,0.29289842,1.106766,1.2417715,1.6822459,1.6844999,0.33690223,0.37848303,0.50337183,0.5078401,0.4772314,0.66309774,0.621517,0.4966282,0.4921599,0.5227686,-0.3261955,-0.24303398,0.006743611,0.015680205,-0.045537185
SH601788,-0.01779135207695021,0.125,,2026-05-29,0.015658326,0.03274014,0.47826087,0.015658326,0.47826087,0.0014234843,0.04347826,0.0014234843,0.04347826,0.9845831,1.015417,0.98318154,1.0024418,1.0032258,1.0478494,1.033871,1.0994624,1.1462367,1.0072043,1.0210215,1.0463172,1.0516846,1.0763351,0.015195206,0.021945115,0.03285632,0.03091112,0.038444445,-0.004838723,-0.0058683627,-0.004314417,-0.002283541,-0.0018082828,0.25350612,0.6554954,0.6034961,0.4229508,0.67478496,0.002473142,0.0053861267,-0.0053302515,-0.018573249,-0.022990782,1.0538837,1.0793815,1.1009307,1.1048725,1.1598493,0.9804629,0.9804629,0.9804629,0.9804629,0.9804629,1.0180645,1.0408602,1.0749463,1.0810753,1.1160215,0.9976344,1.0025806,1.0133333,1.0309677,1.044301,0.4,0.2,0.1,0.06666667,0.033333335,0.26609758,0.19750677,0.16217674,0.1570383,0.108910605,0.4,0.4,0.35,0.033333335,0.016666668,0.8,0.9,0.95,0.96666664,0.98333335,-0.4,-0.5,-0.6,-0.93333334,-0.96666664,0.41309458,-0.5501009,-0.15910037,-0.38519028,-0.5136797,0.40092772,0.0067966236,0.24293962,0.23995142,0.24835506,0.6,0.4,0.5,0.4,0.41666666,0.4,0.6,0.5,0.6,0.56666666,0.2,-0.2,0.0,-0.2,-0.15,0.47887352,0.33579373,0.4334038,0.34710762,0.3910256,0.52112645,0.66420627,0.5665962,0.65289235,0.6089744,-0.04225294,-0.32841253,-0.13319242,-0.30578476,-0.21794876,1.0383555,0.93818194,0.93712896,0.81121236,0.60213095,0.23677269,0.31768784,0.34780276,0.35985604,0.34521523,0.7904891,0.82376945,1.0760403,1.250099,1.3668904,0.46427515,0.53115004,0.5020512,0.53652394,0.51418525,0.5357249,0.46884996,0.49794883,0.4634761,0.48581475,-0.07144972,0.062300112,0.0041023605,0.073047824,0.028370483
SH600377,-0.01800382428644896,0.5,,2026-05-29,0.023828402,0.033359762,0.71428573,0.0031770945,0.09523732,0.0063542663,0.19047697,0.027005574,0.8095254,0.9767262,1.0031031,0.9705198,0.9943873,0.94793,0.95113105,0.9449424,0.8960734,0.9364064,0.97622705,0.9649808,0.95882416,0.9488761,0.9410834,0.015390543,0.01626913,0.01385156,0.02019571,0.023488617,0.0084720515,0.0044141784,0.0016245793,0.0019697032,0.00039275025,0.7575464,0.67481154,0.48145145,0.7371996,0.08527425,0.006828851,0.01515541,0.025742343,0.022563217,0.0473305,1.0031031,1.0031031,1.0031031,1.0031031,1.0031031,0.94485015,0.94327563,0.9355953,0.89446664,0.88976943,0.98446435,0.9737516,0.96730685,0.9608195,0.95983785,0.96752024,0.9535638,0.94793,0.94088775,0.92104137,1.0,1.0,1.0,1.0,1.0,0.9467298,0.9481317,0.9540327,0.9714355,0.97261935,1.0,1.0,1.0,1.0,1.0,0.2,0.5,0.3,0.033333335,0.48333332,0.8,0.5,0.7,0.96666664,0.51666665,0.98542225,0.88342476,0.5208401,0.38843268,0.15245879,0.8933484,0.694757,0.662004,0.61845833,0.30872363,0.8,0.6,0.55,0.6,0.56666666,0.2,0.4,0.45,0.4,0.41666666,0.6,0.2,0.1,0.2,0.15,0.8765433,0.7258378,0.663291,0.70376563,0.5576625,0.12345671,0.2741622,0.33670905,0.2962344,0.44233748,0.75308657,0.45167562,0.32658193,0.4075312,0.11532501,0.6752966,0.6086948,0.6362653,0.63066393,0.71634936,0.20012324,0.15419583,0.17837027,0.19519219,0.24958825,0.93249124,1.0178633,1.0999109,1.063589,1.0294179,0.85176665,0.70632684,0.55740833,0.55849504,0.5079031,0.14823337,0.29367313,0.44259167,0.44150496,0.4920969,0.7035333,0.41265374,0.11481669,0.116990075,0.015806224
SH600233,-0.018258792978737254,0.125,,2026-05-29,0.011326921,0.029126184,0.38889134,0.016720524,0.57407194,0.001078738,0.03703671,-0.004314866,-0.14814389,0.9887999,1.0165333,0.9877333,1.0069023,0.997876,1.0815794,1.1653794,1.0629464,1.0282873,0.99480593,1.0096158,1.0659635,1.095044,1.0773444,0.009367841,0.023585074,0.06304581,0.06754217,0.054611843,0.0008399342,-0.00622795,-0.010342303,-0.006730956,0.00026364328,0.020097937,0.6391859,0.94186825,0.769671,0.0071081985,0.003514214,0.018410048,0.03228839,0.0025548034,-0.08512185,1.018144,1.0746667,1.1872743,1.2192681,1.2192681,0.9733435,0.9733435,0.9733435,0.9733435,0.9733435,1.0017185,1.0327476,1.1262984,1.1493338,1.1262984,0.98714036,0.9906545,0.9995752,1.0068738,1.029021,0.8,0.55,0.275,0.18333334,0.09166667,0.5950054,0.26308414,0.124603525,0.1083931,0.1083931,0.6,0.1,0.05,0.23333333,0.6166667,0.6,0.8,0.9,0.93333334,0.96666664,0.0,-0.7,-0.85,-0.7,-0.35,0.5266141,0.53605336,-0.07155829,0.350618,0.21173039,0.57453346,0.17618008,-0.0714577,0.5320696,0.378836,0.6,0.3,0.3,0.36666667,0.46666667,0.4,0.7,0.7,0.6333333,0.51666665,0.2,-0.4,-0.4,-0.26666668,-0.05,0.5158052,0.22968672,0.19112875,0.43978575,0.48694178,0.48419484,0.77031326,0.80887127,0.5602142,0.5130582,0.03161032,-0.5406266,-0.6177425,-0.120428495,-0.026116412,0.8888982,0.90739375,0.8737075,1.0208218,0.9657988,0.19115701,0.17224748,0.20684828,0.4297882,0.38235748,0.7081731,0.73331815,0.8230695,1.6781719,1.435564,0.6326475,0.55277157,0.5143274,0.5111038,0.4976218,0.3673525,0.4472284,0.48567256,0.48889622,0.5023782,0.26529503,0.10554318,0.028654847,0.022207567,-0.004756395
SH601009,-0.018371363348421883,0.375,,2026-05-29,0.014111028,0.029162716,0.48387223,0.011288751,0.38709533,0.003762937,0.12903246,0.0065852143,0.22580937,0.9860853,1.0111316,0.9823747,1.0018258,1.0056217,1.0407896,1.0835403,1.0185645,1.050072,0.99628705,1.0066937,1.0315008,1.0420272,1.0408158,0.0065358835,0.012755222,0.029947452,0.031665817,0.024991363,-0.0018433691,-0.003847606,-0.0049029966,-0.002591163,-0.0003519011,0.19886391,0.8340971,0.9381482,0.51893115,0.060472958,0.0073996647,0.010620548,0.015077617,-0.0044554216,-0.030434709,1.0111316,1.0380199,1.0964397,1.1085806,1.1085806,0.9823747,0.9823747,0.9823747,0.9823747,0.9823747,1.0007321,1.0189306,1.0519284,1.0717741,1.0580992,0.99144983,0.99704534,1.0029285,1.0137796,1.0200288,0.8,0.4,0.2,0.13333334,0.06666667,0.61290467,0.31674388,0.15451947,0.13965477,0.13965477,1.0,0.1,0.1,0.23333333,0.6166667,1.0,1.0,1.0,1.0,1.0,0.0,-0.9,-0.9,-0.76666665,-0.38333333,0.19612476,0.0057136733,0.050757907,0.17723124,0.19653085,0.7186965,0.15745413,0.00033362865,0.39200363,0.1503738,0.2,0.2,0.3,0.36666667,0.4,0.8,0.8,0.7,0.6,0.5833333,-0.6,-0.6,-0.4,-0.23333333,-0.18333334,0.41078883,0.23195872,0.21498616,0.46377552,0.45150667,0.58921117,0.76804125,0.78501385,0.5362245,0.5484933,-0.17842233,-0.53608257,-0.57002765,-0.07244897,-0.096986644,0.6539212,0.6635213,0.6762049,0.67861205,0.68195504,0.20049042,0.16037041,0.14801945,0.18251458,0.18530387,0.9967917,0.90080875,1.0252336,1.1191702,1.24235,0.57693464,0.6057774,0.5648568,0.53606355,0.5086058,0.42306536,0.39422265,0.43514317,0.46393648,0.49139422,0.15386924,0.21155472,0.12971367,0.07212707,0.01721156
SZ300442,-0.018561094598557582,0.25,,2026-05-29,-0.015610272,0.06126764,-0.25478822,0.021009432,0.34291235,0.024647938,0.40229943,-0.011971766,-0.19540113,1.0158578,1.0372005,0.9749612,0.99662554,1.1129898,1.2215983,1.0528849,1.0866399,1.1767973,1.0454057,1.0932058,1.1214502,1.1157852,1.0779018,0.05186,0.06643781,0.06627904,0.057248555,0.069722384,-0.028565252,-0.020668516,-0.0050982134,-0.0009073541,0.0012927586,0.7584921,0.8871548,0.20708643,0.019468222,0.10485528,0.011724795,-0.0001974427,-0.073017105,-0.10262858,-0.116038226,1.1307765,1.2540374,1.3231795,1.3231795,1.3231795,0.9749612,0.9749612,0.9749612,0.9749612,0.935937,1.0745572,1.1487072,1.1748842,1.167763,1.1428448,1.0056772,1.0262017,1.0617217,1.0713114,1.0069361,0.2,0.1,0.05,0.033333335,0.16666667,0.16069533,0.089720294,0.07190547,0.07190547,0.16543388,0.2,0.1,0.5,0.6666667,0.8333333,1.0,1.0,1.0,1.0,0.41666666,-0.8,-0.9,-0.5,-0.33333334,0.41666666,0.5816122,0.73271143,0.79095244,0.79292065,0.83479893,-0.2584378,-0.37911993,0.50120586,0.5339207,0.6265622,0.4,0.3,0.45,0.43333334,0.4,0.6,0.7,0.55,0.56666666,0.6,-0.2,-0.4,-0.1,-0.13333334,-0.2,0.20285639,0.17502262,0.46468893,0.45969224,0.45386028,0.7971436,0.8249774,0.5353111,0.54030776,0.5461397,-0.5942872,-0.64995474,-0.070622176,-0.08061553,-0.09227945,1.1750801,1.342081,1.5711553,1.4877335,1.3572572,0.19795685,0.30622947,0.5342339,0.47243884,0.47804222,0.64330244,0.5826712,1.1551751,1.1000576,1.0776476,0.3799549,0.18073316,0.5075902,0.47505456,0.47162285,0.6200451,0.81926686,0.49240983,0.52494544,0.5283772,-0.24009022,-0.6385337,0.015180361,-0.04989089,-0.0567543
SZ002352,-0.01928239385752326,0.375,,2026-05-29,-0.0065378575,0.022171745,-0.2948734,0.009664589,0.43589664,0.005969298,0.26922998,-0.010233148,-0.46154004,1.0065808,1.016309,0.99399143,1.0041065,1.0057019,1.0137296,1.0467402,1.0513167,1.0470403,1.015545,1.014067,1.0295933,1.0345212,1.0424838,0.011288042,0.008746859,0.020524055,0.019046398,0.020607442,-0.005806892,-0.0003014671,-0.0028016833,-0.0015590399,-0.0005223652,0.66159207,0.010888977,0.6521985,0.5192667,0.19597477,-0.003931275,-0.012710498,-0.0029774157,-0.011915184,-0.027074082,1.0300074,1.0300074,1.0691317,1.0810138,1.0931678,0.99399143,0.99399143,0.99399143,0.99399143,0.99279225,1.0234376,1.0221022,1.0500714,1.0500714,1.061385,1.0066022,1.0077425,1.0101733,1.0148699,1.0240228,0.2,0.1,0.05,0.033333335,0.033333335,0.16683106,0.16683106,0.07996488,0.06904641,0.07180776,0.6,0.8,0.2,0.033333335,0.36666667,1.0,1.0,1.0,1.0,0.25,-0.4,-0.2,-0.8,-0.96666664,0.11666667,0.5351762,0.44965157,0.72228056,0.35707682,0.19337994,0.11719053,0.39429462,0.06864673,0.03166311,0.24375415,0.4,0.3,0.35,0.36666667,0.45,0.6,0.7,0.65,0.6333333,0.51666665,-0.2,-0.4,-0.3,-0.26666668,-0.06666667,0.44345185,0.41734356,0.35808647,0.39204523,0.45913175,0.5565482,0.58265644,0.64191353,0.6079548,0.5408683,-0.11309631,-0.16531289,-0.28382707,-0.21590956,-0.08173652,1.011278,1.0147473,1.2003815,1.1216503,1.1457858,0.091173306,0.111634694,0.29158553,0.30611378,0.4045738,0.2775687,0.52277917,0.38492772,0.73678434,1.3801802,0.41914594,0.46103594,0.50040925,0.5064931,0.47079206,0.58085406,0.53896403,0.49959075,0.49350694,0.52920794,-0.16170812,-0.07792811,0.0008185,0.012986131,-0.058415893
SH601818,-0.019730972797149443,0.0,,2026-05-29,0.006493523,0.016233739,0.40000167,0.0032467614,0.20000084,0.006493455,0.39999747,0.009740216,0.5999983,0.9935484,1.0032258,0.9870968,0.99772674,1.0,1.0031104,1.0155522,1.0311042,1.045101,0.9959565,0.9993779,1.0045102,1.0113012,1.0293157,0.00448052,0.005919797,0.007683833,0.01194882,0.023358578,-0.0006220855,-0.0010368081,-0.00092143414,-0.0012358645,-0.0011778373,0.048192937,0.28118658,0.5033161,0.82907414,0.7754925,0.0052877166,0.0052877152,0.004243503,0.0066188322,0.005430476,1.0064516,1.0190054,1.0190054,1.0343264,1.0827625,0.9870968,0.9870968,0.9870968,0.9870968,0.9870968,1.0,1.0037326,1.0099534,1.0248834,1.051944,0.9940902,0.9953344,0.9990669,1.0,1.0062208,0.9,0.6,0.3,0.2,0.1,0.6666655,0.40438023,0.40438023,0.27320126,0.13487802,0.2,0.3,0.65,0.06666667,0.15,1.0,1.0,1.0,1.0,1.0,-0.8,-0.7,-0.35,-0.93333334,-0.85,0.2035087,0.42725456,0.114542484,-0.10569808,0.5519835,0.7215777,0.44228557,0.08961289,0.0010501823,-0.16983107,0.2,0.3,0.35,0.26666668,0.31666666,0.4,0.5,0.45,0.43333334,0.43333334,-0.2,-0.2,-0.1,-0.16666667,-0.11666667,0.5,0.47058785,0.42424247,0.37500015,0.44032925,0.5,0.52941215,0.57575756,0.6249999,0.55967075,0.0,-0.058824286,-0.15151507,-0.24999973,-0.11934147,0.64887667,0.7074264,0.73713166,0.71489716,0.98752683,0.20365769,0.21602793,0.23346956,0.21810736,0.49315283,1.2987249,0.8411188,0.93979967,1.0775561,1.5892655,0.83875066,0.50549984,0.5062423,0.53360236,0.47907716,0.16124932,0.49450013,0.49375772,0.46639764,0.52092284,0.6775014,0.010999711,0.01248453,0.067204736,-0.041845687
SH601668,-0.01976000604247702,0.5,,2026-05-29,0.016842151,0.021052603,0.8000033,0.0021052256,0.09999836,0.0021052256,0.09999836,0.016842151,0.8000033,0.9834368,1.0020703,0.98136646,0.9937571,0.9895379,1.0209241,1.0,1.0287707,1.043592,0.9862249,0.9940715,1.0081953,1.009009,1.0226823,0.008595493,0.012204374,0.017501831,0.01597507,0.020645533,0.0018308667,-0.002927266,-0.0023231586,-0.0009418588,-0.0008937145,0.11342581,0.5273571,0.6166784,0.2693939,0.5715382,0.010113365,0.019101242,0.013874745,0.004647972,0.003682245,1.0020703,1.0225555,1.043482,1.043482,1.0766118,0.9770059,0.9770059,0.9770059,0.9770059,0.9770059,0.9902354,1.003836,1.0212729,1.0226678,1.0395814,0.9790758,0.9839581,0.98918915,0.995292,1.003836,1.0,0.7,0.35,0.28333333,0.14166667,0.91739863,0.5048148,0.34590062,0.34590062,0.23085062,1.0,0.1,0.35,0.56666666,0.15,0.6,0.8,0.9,0.93333334,0.96666664,0.4,-0.7,-0.55,-0.36666667,-0.81666666,0.8134689,0.48849377,0.6550413,0.3447345,0.4523624,0.80891323,0.54896325,0.7145609,0.4010461,0.19692671,0.2,0.1,0.25,0.23333333,0.38333333,0.6,0.7,0.6,0.56666666,0.48333332,-0.4,-0.6,-0.35,-0.33333334,-0.1,0.6666674,0.3333337,0.5,0.40883994,0.44725737,0.3333326,0.6666663,0.5,0.59116006,0.5527426,0.33333477,-0.3333326,0.0,-0.18232012,-0.10548524,0.65540224,0.6834445,0.7876694,0.77956665,0.90005165,0.19616449,0.15050669,0.21860617,0.2504331,0.3565954,1.6270127,1.255158,1.3256879,1.3054922,1.3428608,0.6720534,0.570659,0.5609873,0.5279115,0.48143554,0.3279466,0.429341,0.4390127,0.47208852,0.51856446,0.3441068,0.14131802,0.12197459,0.055822965,-0.03712892
SH600011,-0.020959488040916144,0.125,,2026-05-29,0.097772315,0.11386138,0.85869604,0.0,0.0,0.016089065,0.14130396,0.11386138,1.0,0.9109357,1.0,0.8962796,0.9607655,0.8252344,0.84889174,0.7789855,0.78367436,0.8343989,0.8931799,0.86860615,0.8490409,0.8278204,0.82718813,0.06538076,0.052988134,0.04605072,0.048236333,0.04293613,0.038000852,0.01087215,0.005344564,0.004396284,0.00015234647,0.8445527,0.38590914,0.47143283,0.64376086,0.0038398905,0.030818412,0.08246919,0.10018572,0.108433485,0.16831766,1.0,1.0,1.0,1.0,1.0,0.8207136,0.8150881,0.7746464,0.7710942,0.7509077,0.9270247,0.887127,0.86832905,0.85140663,0.8553282,0.84560955,0.83785164,0.81947994,0.7878943,0.78665817,1.0,1.0,1.0,1.0,1.0,1.0,1.0,1.0,1.0,1.0,1.0,1.0,1.0,1.0,1.0,0.2,0.5,0.05,0.33333334,0.41666666,0.8,0.5,0.95,0.6666667,0.5833333,0.9248154,0.92138624,0.83472943,0.8381522,0.73020214,0.22082101,0.654705,0.5723035,0.5207514,0.38914847,1.0,0.6,0.6,0.5,0.46666667,0.0,0.3,0.3,0.43333334,0.48333332,1.0,0.3,0.3,0.06666667,-0.016666668,1.0,0.7793538,0.78504676,0.7496311,0.60617656,0.0,0.2206462,0.21495326,0.25036886,0.39382344,1.0,0.5587076,0.5700935,0.49926224,0.21235313,0.5643504,0.45350915,0.42114323,0.35717687,0.31672877,0.3159781,0.24782763,0.19419335,0.1856123,0.15472002,1.3119342,1.5076776,1.7106314,2.060721,2.0459878,0.9757302,0.76212287,0.6654455,0.65305984,0.55554754,0.024269834,0.23787713,0.3345545,0.34694016,0.44445243,0.95146036,0.52424574,0.33089104,0.30611968,0.11109511
SH600000,-0.022103693076132257,0.375,,2026-05-29,0.020697141,0.027233109,0.75999916,0.0010893148,0.03999965,0.005446654,0.20000118,0.025054479,0.92000073,0.97972256,1.0010673,0.97438633,0.9939581,0.95626736,0.96803653,1.0,1.0726092,1.0331211,0.9895556,0.97280216,0.97323626,0.9931957,1.0331469,0.014639911,0.020942606,0.016844898,0.03533577,0.049545534,0.005550188,0.0053231525,0.00015817008,-0.0029503207,-0.002312045,0.3593176,0.59222645,0.0030858864,0.5402702,0.6641763,-0.000656003,0.0032436792,0.025261136,0.049583916,0.035058472,1.0181712,1.0181712,1.0181712,1.0854149,1.116388,0.95092225,0.9338548,0.9338548,0.9338548,0.9338548,1.0012863,0.9914593,0.98932415,1.0196927,1.078153,0.98017883,0.95496815,0.9614124,0.96372753,0.97015893,0.8,0.9,0.9,0.65,0.325,0.7297917,0.78448766,0.78448766,0.43642893,0.36237365,0.6,0.8,0.9,0.06666667,0.23333333,0.2,0.5,0.75,0.8333333,0.9166667,0.4,0.3,0.15,-0.76666665,-0.68333334,0.47386712,0.36631548,-0.05005892,-0.66878957,-0.53541046,0.7879842,0.651295,0.40836585,0.24705194,0.04331329,0.8,0.6,0.45,0.36666667,0.45,0.2,0.4,0.5,0.6,0.53333336,0.6,0.2,-0.05,-0.23333333,-0.083333336,0.74113494,0.6269801,0.5,0.36160818,0.47119364,0.25886503,0.37301984,0.5,0.63839185,0.5288064,0.4822699,0.2539603,0.0,-0.27678365,-0.057612736,1.1798393,1.1532221,1.0988154,0.97054833,0.86353916,0.30326897,0.24549595,0.30574596,0.32254523,0.34238854,0.34255847,0.6676411,0.90772223,0.8952505,0.9758569,0.4786317,0.34193712,0.5339871,0.53491926,0.50825506,0.5213683,0.6580629,0.4660129,0.46508074,0.49174494,-0.042736605,-0.31612575,0.06797424,0.069838546,0.016510127
SZ002179,-0.022220096964900033,0.375,,2026-05-29,-0.06615384,0.08487178,-0.77945626,0.011794826,0.1389723,0.006923112,0.08157143,-0.07102556,-0.83685714,1.0708402,1.0834706,0.99258643,1.0220418,1.1179695,1.0689387,0.96274453,0.98901814,0.98766565,1.0656279,1.0820196,1.0647795,1.0351576,0.98989177,0.040940933,0.036232583,0.050713427,0.05977827,0.06735539,-0.023474883,-0.006243223,0.0037678587,0.0050773816,0.002892988,0.8219235,0.27216387,0.19320187,0.5591066,0.56266314,-0.018678205,-0.053925123,-0.10057419,-0.10877965,-0.07523493,1.1504798,1.1567079,1.1594156,1.1594156,1.1594156,0.99258643,0.99258643,0.95543784,0.9264434,0.87634,1.0893553,1.1121125,1.1074024,1.101127,1.066342,1.0503038,1.0651302,1.000101,0.97992605,0.9354431,0.2,0.1,0.2,0.43333334,0.68333334,0.046952877,0.045171104,0.21846567,0.31573123,0.43684447,0.4,0.4,0.45,0.6333333,0.81666666,1.0,1.0,0.05,0.3,0.26666668,-0.6,-0.6,0.4,0.33333334,0.55,0.13966338,0.14088681,0.62517774,0.7317155,0.7234339,-0.12714149,-0.018226631,0.5268438,0.6009012,0.6065054,0.2,0.4,0.55,0.46666667,0.45,0.8,0.6,0.45,0.53333336,0.55,-0.6,-0.2,0.1,-0.06666667,-0.1,0.05773432,0.34618178,0.5378416,0.50817955,0.50496316,0.9422657,0.6538182,0.46215838,0.49182045,0.49503684,-0.8845314,-0.3076364,0.07568324,0.016359083,0.009926307,0.94097316,0.9553292,1.0748242,0.92409927,0.80756617,0.13421758,0.20480244,0.5312664,0.5016973,0.47135854,1.0370997,1.000867,1.5600649,1.6026453,1.5567924,0.6864341,0.51897824,0.523681,0.5251126,0.49657902,0.3135659,0.48102173,0.47631902,0.4748874,0.50342095,0.37286818,0.037956536,0.047361985,0.050225217,-0.006841936
SH600585,-0.023176509735946826,0.125,,2026-05-29,0.020253137,0.022784818,0.8888874,0.0025316805,0.1111126,0.0,0.0,0.017721457,0.7777748,0.9801489,1.0024815,0.9801489,0.9933616,0.97663665,1.0163869,1.0520809,1.1240368,1.2937455,0.97676647,0.9818204,1.0152917,1.0380737,1.1121428,0.014563559,0.012502223,0.036558896,0.046024058,0.08902972,0.008485424,-0.0011037643,-0.0054103388,-0.004920677,-0.0049651563,0.84869593,0.07144793,0.76653296,0.8858936,0.9486274,0.0062626745,0.023146516,0.03610654,0.033276163,0.034329336,1.0024815,1.0123487,1.0783731,1.1329838,1.2987704,0.95580286,0.95580286,0.95580286,0.95580286,0.95580286,0.98254246,0.9933155,1.0529732,1.0758822,1.2012494,0.9665288,0.97446257,0.97786975,0.9892756,1.0437415,1.0,1.0,0.5,0.33333334,0.16666667,0.94684017,0.7816166,0.36058602,0.24944629,0.12886675,1.0,0.1,0.2,0.033333335,0.016666668,0.4,0.7,0.85,0.9,0.95,0.6,-0.6,-0.65,-0.8666667,-0.93333334,0.7224789,0.3844011,0.7177556,0.38870567,0.041481953,0.37659982,0.33813518,0.31487754,0.17104933,0.037947986,0.6,0.4,0.4,0.3,0.33333334,0.4,0.6,0.6,0.7,0.6666667,0.2,-0.2,-0.2,-0.4,-0.33333334,0.7045455,0.41707674,0.3609183,0.26250368,0.3048398,0.2954545,0.58292323,0.6390817,0.7374963,0.6951602,0.409091,-0.1658465,-0.27816337,-0.47499266,-0.39032042,0.6146112,0.57613254,0.8182245,0.78873414,0.71558017,0.23061094,0.18902694,0.3923464,0.33810362,0.27643988,1.0704106,1.1090937,1.1398802,1.1207833,1.0316733,0.74349254,0.48417976,0.51775503,0.5217815,0.4910398,0.25650743,0.51582026,0.48224497,0.47821847,0.5089602,0.48698512,-0.03164048,0.03551007,0.043563068,-0.017920397
SH600196,-0.023251200034184905,0.25,,2026-05-29,0.021080332,0.03645144,0.5783127,0.01537111,0.4216873,0.0,0.0,0.00570922,0.15662536,0.97935486,1.0150537,0.97935486,0.99827784,1.006473,1.0378509,1.0881833,1.1380801,1.1243215,0.99604654,1.0114917,1.0408044,1.0642817,1.088669,0.010123481,0.019856201,0.034990016,0.0459596,0.04701755,-0.0022379667,-0.0058899666,-0.00545347,-0.005011475,-0.0015839454,0.12217647,0.80657506,0.8502089,0.9214683,0.3461468,0.00842937,0.015013153,0.011003614,0.008384724,-0.041942574,1.0150537,1.0486138,1.1036565,1.1651831,1.1763582,0.97376007,0.97376007,0.97376007,0.97376007,0.97376007,1.0023222,1.0334679,1.0712258,1.0999681,1.1342951,0.9929581,0.99931496,1.0028446,1.0171316,1.0445677,0.6,0.3,0.15,0.1,0.05,0.6354464,0.35054973,0.20200664,0.13707834,0.12951715,1.0,0.4,0.05,0.033333335,0.38333333,0.8,0.9,0.95,0.96666664,0.98333335,0.2,-0.5,-0.9,-0.93333334,-0.6,0.25439757,-0.46887407,0.51286757,0.18018335,0.13638993,0.7554842,0.3672378,0.4893037,0.43372494,0.28425342,0.4,0.3,0.25,0.2,0.31666666,0.6,0.7,0.75,0.8,0.68333334,-0.2,-0.4,-0.5,-0.6,-0.36666667,0.44811517,0.31959048,0.2920317,0.26288512,0.41383338,0.55188483,0.68040955,0.7079683,0.73711485,0.5861666,-0.10376967,-0.36081904,-0.41593656,-0.47422972,-0.17233327,0.70202166,0.64385545,0.79413676,0.7555562,0.71013594,0.22750932,0.20720614,0.27123228,0.2607004,0.2578903,0.9109329,0.91776496,0.9909489,1.043877,1.0956842,0.56374174,0.5640213,0.5066195,0.5267033,0.5079929,0.43625823,0.4359787,0.4933805,0.47329667,0.49200705,0.12748353,0.12804256,0.013239001,0.053406626,0.015985904
SZ300750,-0.02326294909351662,0.375,,2026-05-29,0.0023640778,0.0338298,0.06988152,0.016217481,0.4793845,0.015248239,0.45073396,0.0013948353,0.041230965,0.9976415,1.0161792,0.9824292,1.0008897,0.96971893,0.99905634,1.00865,1.0003266,0.7900168,0.971628,0.9746561,1.0052099,1.0127387,0.9631718,0.021709159,0.015604907,0.037937995,0.034119263,0.06718956,0.013072994,0.0001401182,-0.005352808,-0.0025793335,0.002692239,0.9065757,0.00073905743,0.6967591,0.44291198,0.48969248,0.0022260218,0.02471338,0.045641754,0.024661683,-0.042592805,1.0161792,1.0161792,1.105537,1.105537,1.105537,0.9433884,0.9433884,0.9433884,0.9433884,0.77603024,0.98430175,0.9843574,1.0344305,1.041341,1.0261871,0.9500018,0.9658113,0.9767139,0.97996104,0.92174834,1.0,1.0,0.55,0.36666667,0.6666667,0.7777297,0.7777297,0.3491339,0.3491339,0.6797121,1.0,1.0,0.2,0.46666667,0.73333335,0.2,0.6,0.8,0.8666667,0.033333335,0.8,0.4,-0.6,-0.4,0.7,0.55050457,0.09428974,0.26642966,0.3634409,0.36954442,0.3509297,0.35222933,0.474651,0.4886199,0.5228508,0.6,0.4,0.4,0.43333334,0.5,0.4,0.6,0.6,0.56666666,0.5,0.2,-0.2,-0.2,-0.13333334,0.0,0.7128037,0.50454766,0.48813435,0.49971566,0.59569305,0.28719628,0.49545234,0.5118656,0.5002843,0.40430692,0.42560744,0.0090952935,-0.023731269,-0.0005686811,0.19138616,0.84005326,0.70983815,0.7107401,0.7689788,0.72636443,0.18451281,0.18846734,0.14812264,0.19199063,0.20554538,0.95874405,1.1901553,0.9544591,0.99645066,1.0743355,0.65847534,0.615608,0.5533625,0.5095296,0.51981103,0.34152463,0.384392,0.4466375,0.49047044,0.48018897,0.31695074,0.231216,0.10672497,0.019059125,0.039622046
SH603392,-0.023315945370359803,0.375,,2026-05-29,0.02544377,0.031360917,0.81132096,0.0,0.0,0.0059171487,0.18867905,0.031360917,1.0,0.97518754,1.0,0.9694172,0.985745,1.0574025,1.1413597,1.1335729,1.1274834,1.1528401,0.9916742,1.0493162,1.1200908,1.1251972,1.1332551,0.022510957,0.06700509,0.09718863,0.07951449,0.058602028,-0.007517221,-0.021091418,-0.0125719365,-0.004451321,-0.00096037623,0.27878326,0.90825415,0.58565456,0.24287738,0.08191386,0.023360271,0.045595203,-0.0006574715,-0.060653035,-0.10492406,1.0565178,1.1658792,1.3554158,1.3554158,1.3554158,0.9526893,0.9526893,0.9526893,0.9526893,0.9526893,1.0040331,1.1073575,1.1811321,1.1579316,1.1613457,0.9812519,0.99181396,1.0161326,1.0869522,1.1132275,0.8,0.4,0.2,0.13333334,0.06666667,0.45566174,0.22191809,0.117476,0.117476,0.117476,0.2,0.1,0.3,0.53333336,0.76666665,0.8,0.9,0.95,0.96666664,0.98333335,-0.6,-0.8,-0.65,-0.43333334,-0.21666667,0.8090739,-0.068050854,0.70309955,0.4942182,0.30949447,0.9378455,0.31454012,0.72221833,0.5405141,0.46406698,0.2,0.2,0.35,0.4,0.46666667,0.8,0.8,0.65,0.6,0.53333336,-0.6,-0.6,-0.3,-0.2,-0.06666667,0.29653212,0.21242881,0.39698184,0.42041627,0.44124645,0.7034679,0.7875712,0.60301816,0.57958376,0.55875355,-0.40693578,-0.5751424,-0.20603634,-0.15916748,-0.11750708,0.8125782,0.80848676,1.1395681,0.95151913,0.7265977,0.13664764,0.12369785,0.7667315,0.68664664,0.537261,0.61707985,0.6495088,1.5244015,1.7720662,2.1091447,0.5786591,0.53491795,0.5092046,0.52658266,0.51238996,0.4213409,0.46508208,0.49079537,0.47341737,0.48761004,0.15731819,0.06983586,0.018409269,0.053165264,0.02477993
SH601211,-0.024925182263840936,0.125,,2026-05-29,0.025333308,0.028666694,0.88371915,0.0006667279,0.023257926,0.0026666594,0.09302291,0.02733324,0.9534841,0.9752926,1.0006503,0.97269183,0.9919746,0.97723967,1.0038741,1.0479419,1.1142857,1.2242131,0.98857147,0.99157387,1.0171671,1.0409846,1.0859888,0.00997507,0.010693305,0.029726129,0.043531828,0.063608885,0.0009200884,-0.0016435578,-0.004578639,-0.0047681713,-0.0034220433,0.021269985,0.21654963,0.83035564,0.9298044,0.88274497,0.009588382,0.015822142,0.026329981,0.028153801,0.01496155,1.006247,1.0254278,1.069328,1.1326574,1.243872,0.9692992,0.9692992,0.9692992,0.9692992,0.9692992,0.9957385,1.0008717,1.0484262,1.0895884,1.1436319,0.9827603,0.9834383,0.9901211,0.99506056,1.0375787,1.0,0.8,0.4,0.26666668,0.13333334,0.8309226,0.54697305,0.3069198,0.18793552,0.11181301,0.6,0.4,0.15,0.06666667,0.016666668,0.8,0.9,0.95,0.96666664,0.98333335,-0.2,-0.5,-0.8,-0.9,-0.96666664,0.74170434,0.03774854,0.47175166,-0.11520401,-0.4266453,0.6842802,0.38747892,0.37698373,0.14850502,0.10783751,0.6,0.5,0.4,0.33333334,0.4,0.4,0.5,0.5,0.6,0.56666666,0.2,0.0,-0.1,-0.26666668,-0.16666667,0.67669195,0.47959188,0.35311577,0.26771662,0.3363958,0.32330808,0.5204081,0.64688426,0.73228335,0.6636042,0.35338387,-0.04081624,-0.29376847,-0.46456677,-0.32720843,0.6946367,0.7055186,0.8105265,0.77346355,0.6479237,0.18815367,0.221473,0.24361946,0.24981982,0.259353,0.95098853,1.0431103,1.0136293,1.2319566,1.3366444,0.65167606,0.5292078,0.50394267,0.5206062,0.51433086,0.34832394,0.47079217,0.4960573,0.47939378,0.48566914,0.3033521,0.058415636,0.0078853825,0.041212443,0.028661748
SZ301236,-0.02539519000703773,0.5,,2026-05-29,-0.06955791,0.0844833,-0.82333326,0.010419619,0.12333347,0.0045057717,0.05333328,-0.07547176,-0.89333344,1.0747579,1.0859565,0.99515736,1.0259484,1.1668866,1.1980212,1.1998681,1.1928761,1.4543536,1.1058576,1.151847,1.1950792,1.2102594,1.2345669,0.07690319,0.07466024,0.072856076,0.068649575,0.10340049,-0.04825858,-0.022040458,-0.009159242,-0.004472545,-0.0032953708,0.98446536,0.7988658,0.55316603,0.3289542,0.30978703,-0.009340396,-0.052664947,-0.108066395,-0.14540759,-0.13735344,1.2228773,1.2461381,1.3066673,1.3496474,1.4867399,0.99515736,0.99515736,0.99515736,0.99515736,0.99515736,1.1697098,1.2114512,1.2585752,1.2649604,1.3357784,1.054037,1.0973088,1.161847,1.1768074,1.1626385,0.2,0.1,0.05,0.033333335,0.016666668,0.021265661,0.019294761,0.015545612,0.013660789,0.009851071,0.4,0.1,0.3,0.2,0.1,1.0,1.0,1.0,1.0,1.0,-0.6,-0.9,-0.7,-0.8,-0.9,-0.5733379,-0.48084673,-0.22057374,0.22640185,0.24759702,0.7646467,0.1022424,0.16825107,0.51632935,0.3709267,0.2,0.4,0.5,0.5,0.46666667,0.8,0.6,0.45,0.46666667,0.51666665,-0.6,-0.2,0.05,0.033333335,-0.05,0.11966306,0.22915907,0.33340663,0.40211567,0.37647057,0.88033694,0.77084094,0.6665934,0.59788436,0.62352943,-0.7606739,-0.5416819,-0.33318675,-0.19576867,-0.24705884,0.98569596,0.9057289,0.8725047,0.92760587,0.78824073,0.1515255,0.16162916,0.17302248,0.32304323,0.32179528,0.46491352,0.6013496,0.8663491,1.1298704,1.1980706,0.6990914,0.5471318,0.50772464,0.53273547,0.4979065,0.30090865,0.45286822,0.49227536,0.46726456,0.5020935,0.3981827,0.09426353,0.015449305,0.0654709,-0.0041870098
SZ000661,-0.02579228351631862,0.375,,2026-05-29,0.01336091,0.049035795,0.2724726,0.029614303,0.6039324,0.006060581,0.12359505,-0.0101928115,-0.20786472,0.9868153,1.0292238,0.9808346,1.0017176,1.0716454,1.1415105,1.1611766,1.1718911,1.2470458,1.0327609,1.0680308,1.1208696,1.1382656,1.1644627,0.03855242,0.047811113,0.06572778,0.05929002,0.054368228,-0.02329913,-0.015159274,-0.009752932,-0.0053205057,-0.0023303486,0.91309536,0.9215324,0.7706204,0.62408584,0.5603395,0.013837435,0.00018591483,-0.028216824,-0.06111829,-0.095717385,1.1009947,1.1400049,1.2208527,1.2208527,1.2639897,0.9808346,0.9808346,0.9808346,0.9808346,0.9808346,1.0623989,1.1039246,1.1761227,1.1812223,1.2078867,0.99845046,1.0243586,1.068709,1.0915046,1.1472611,0.4,0.2,0.1,0.06666667,0.033333335,0.15949896,0.1204083,0.07984989,0.07984989,0.06768525,0.2,0.1,0.3,0.53333336,0.016666668,1.0,1.0,1.0,1.0,1.0,-0.8,-0.9,-0.7,-0.46666667,-0.98333335,-0.73418725,-0.8316719,-0.0457116,-0.113252155,-0.075248264,0.2021176,-0.27635938,0.43223596,0.41392204,0.31366462,0.4,0.3,0.3,0.36666667,0.4,0.6,0.7,0.7,0.6333333,0.6,-0.2,-0.4,-0.4,-0.26666668,-0.2,0.18052608,0.15078232,0.28936067,0.31976405,0.3690087,0.8194739,0.84921765,0.71063936,0.6802359,0.6309913,-0.63894784,-0.69843537,-0.4212787,-0.3604719,-0.2619826,0.7576097,0.6261467,0.6474739,0.60207397,0.5550694,0.21471386,0.21054795,0.25692925,0.2307342,0.20475839,0.59914327,0.68394953,0.96238744,1.0844743,1.0806947,0.7480763,0.6327444,0.5760722,0.5515512,0.46847078,0.25192365,0.36725566,0.4239278,0.44844878,0.5315292,0.49615267,0.2654887,0.1521444,0.103102416,-0.063058406
SH688008,-0.026960436292259752,0.625,,2026-05-29,-0.04636263,0.08744816,-0.53017277,0.025254404,0.28879288,0.015831122,0.18103437,-0.055785913,-0.6379313,1.0486166,1.0750989,0.9833992,1.0239894,1.074442,0.9801718,0.6862008,0.6061594,0.63020635,1.0560098,1.0364654,0.95778936,0.8493659,0.7067973,0.046514753,0.04609183,0.12831098,0.18865883,0.19696583,-0.029036587,0.005408844,0.01777901,0.020182593,0.00937889,0.9742035,0.12623286,0.6719787,0.8869545,0.69154567,0.0020633673,-0.060805243,-0.12668997,-0.1420135,0.01652545,1.1414524,1.1414524,1.1414524,1.1414524,1.1414524,0.9833992,0.9212655,0.6535658,0.5705156,0.49406093,1.0855641,1.0748025,1.0480785,1.0324998,0.9801795,1.0252512,0.996042,0.83081234,0.6427783,0.559078,0.2,0.3,0.55,0.7,0.85,0.10503287,0.35758033,0.71007115,0.7522451,0.7815041,0.6,0.8,0.9,0.93333334,0.96666664,1.0,0.2,0.05,0.06666667,0.35,-0.4,0.6,0.85,0.8666667,0.6166667,0.7661429,0.35603377,0.39633536,0.7186931,0.80763805,0.44268242,0.16215275,0.6112258,0.61397874,0.42557058,0.2,0.5,0.6,0.6,0.51666665,0.8,0.5,0.4,0.4,0.48333332,-0.6,0.0,0.2,0.2,0.033333335,0.28264275,0.53638285,0.6965504,0.6982662,0.6248834,0.7173573,0.46361718,0.30344957,0.3017338,0.37511656,-0.43471453,0.07276565,0.39310086,0.39653245,0.24976687,1.0414826,1.0865399,1.150039,1.0209731,0.7471153,0.13386165,0.18421872,0.26328024,0.3010812,0.36268142,0.46544495,0.6325386,1.2423886,1.3120337,1.5220144,0.44346318,0.37836498,0.50449544,0.5104427,0.5280816,0.55653685,0.621635,0.49550456,0.4895573,0.4719184,-0.113073654,-0.24327001,0.008990904,0.0208854,0.05616321
SH600160,-0.029935795056070552,0.125,,2026-05-29,-0.044836584,0.04686144,-0.95679057,0.0020248557,0.04320942,0.0,0.0,-0.04686144,-1.0,1.0469413,1.0490612,1.0,1.0199574,1.085402,1.0875398,1.0969191,1.0702777,1.3113327,1.0527644,1.0351683,1.0609277,1.0564306,1.0871675,0.0321532,0.040079422,0.041645877,0.03736426,0.075167105,-0.017173944,0.0045939977,-0.0040936987,-0.00039521698,-0.0027276636,0.7132334,0.12043426,0.3381861,0.008670821,0.4016297,-0.018416477,-0.055841222,-0.022037655,-0.05069991,-0.0067013735,1.1232674,1.1232674,1.1405388,1.1405388,1.3276962,1.0,0.95761895,0.95761895,0.95761895,0.95761895,1.0708762,1.0708762,1.0890522,1.086813,1.1266494,1.0375597,0.99733853,1.0256206,1.0267268,1.0327072,0.2,0.3,0.15,0.1,0.05,0.0,0.2558492,0.23169187,0.23169187,0.11451943,0.6,0.8,0.5,0.6666667,0.016666668,1.0,0.2,0.6,0.73333335,0.8666667,-0.4,0.6,-0.1,-0.06666667,-0.85,0.9648946,0.5451144,-0.101535745,0.06659821,-0.18418252,0.7496653,0.8416793,0.7333252,0.6919887,0.3600723,0.2,0.3,0.4,0.4,0.4,0.8,0.7,0.6,0.6,0.5833333,-0.6,-0.4,-0.2,-0.2,-0.18333334,0.13094676,0.37528548,0.40618688,0.44896767,0.3869208,0.86905324,0.6247145,0.5938131,0.5510323,0.6130792,-0.7381065,-0.24942905,-0.18762623,-0.10206467,-0.22615841,1.4590424,1.6145352,1.3727369,1.2434185,0.9405963,0.34189606,0.4674318,0.56922555,0.507647,0.48956808,0.31411585,1.1135309,1.3335302,1.4003081,1.4783272,0.20560318,0.33214998,0.4946271,0.48886743,0.49707615,0.7943968,0.66785,0.5053729,0.5111326,0.50292385,-0.58879364,-0.33570004,-0.010745797,-0.022265144,-0.005847676
SZ002050,-0.030062897145256572,0.375,,2026-05-29,-0.043944683,0.07344755,-0.5983138,0.016917702,0.23033717,0.012585164,0.171349,-0.04827722,-0.657302,1.0459646,1.0636599,0.9868364,1.0176612,1.1663799,1.1234423,0.95296437,0.982741,1.0660429,1.0976293,1.1156715,1.0941243,1.0565225,1.0145643,0.07447126,0.056245238,0.056877207,0.071425006,0.07297092,-0.045252383,-0.010230785,0.0036056663,0.0060236193,0.0023708232,0.92309314,0.30328983,0.1406574,0.5512088,0.32195747,-0.0071245567,-0.069633,-0.1283782,-0.14386493,-0.08450357,1.208464,1.208464,1.208464,1.208464,1.208464,0.9868364,0.9868364,0.9447594,0.9447594,0.88779694,1.165647,1.1639631,1.1404467,1.1246088,1.0924516,1.039195,1.0824822,1.0470524,0.98688096,0.95171124,0.2,0.1,0.1,0.4,0.51666665,0.059395276,0.059395276,0.20947894,0.20947894,0.34990513,0.4,0.7,0.85,0.9,0.95,1.0,1.0,0.05,0.36666667,0.26666668,-0.6,-0.3,0.8,0.53333336,0.68333334,0.7468493,0.46434975,0.6601471,0.84689826,0.8031489,0.6338947,0.437506,0.5819426,0.53681564,0.45439965,0.2,0.4,0.55,0.5,0.45,0.8,0.6,0.45,0.5,0.55,-0.6,-0.2,0.1,0.0,-0.1,0.060449243,0.31547925,0.53747576,0.51146454,0.47457245,0.93955076,0.6845207,0.46252424,0.48853543,0.5254276,-0.8791015,-0.3690415,0.0749515,0.022929128,-0.05085513,1.2915807,1.2956969,1.1853381,0.9688389,0.71937066,0.19893602,0.29632685,0.35953057,0.42846876,0.40488994,0.78563577,0.7460341,0.7736136,1.0126307,1.2046978,0.29731354,0.38595477,0.5351778,0.5294827,0.50862914,0.7026865,0.6140452,0.46482217,0.47051728,0.49137086,-0.40537295,-0.22809045,0.07035565,0.05896542,0.017258298
SH600845,-0.03143161005478767,0.25,,2026-05-29,-0.039103463,0.04768721,-0.819999,0.008583748,0.18000105,0.0,0.0,-0.04768721,-1.0,1.0406947,1.0496278,1.0,1.0152066,1.1334807,1.148376,1.1156064,1.1195464,1.1696779,1.0432699,1.103514,1.1341807,1.1308775,1.1201289,0.033250596,0.07133763,0.061467238,0.050958283,0.04881401,-0.01945032,-0.02268874,-0.006985584,-0.0016334666,0.00020748143,0.85545,0.9272457,0.45204958,0.079632916,0.005510225,-0.004369264,-0.0014146694,-0.06781756,-0.10719223,-0.1262496,1.1374469,1.240685,1.240685,1.240685,1.240685,1.0,1.0,1.0,1.0,0.99964786,1.0585624,1.1794413,1.1869434,1.1787174,1.1697739,1.0269845,1.038907,1.0838555,1.1020565,1.0910565,0.2,0.1,0.05,0.033333335,0.016666668,0.0,0.0,0.0,0.0,0.0014610095,0.2,0.3,0.65,0.76666665,0.8833333,1.0,1.0,1.0,1.0,0.26666668,-0.8,-0.7,-0.35,-0.23333333,0.6166667,0.71546906,0.6180375,0.46310744,0.457185,0.44661322,-0.33540317,-0.25630423,0.46827546,0.56509477,0.51360685,0.2,0.4,0.4,0.4,0.43333334,0.8,0.6,0.6,0.6,0.56666666,-0.6,-0.2,-0.2,-0.2,-0.13333334,0.044191692,0.250431,0.38242003,0.4140013,0.44662327,0.9558083,0.749569,0.61758,0.5859987,0.55337673,-0.9116166,-0.499138,-0.23515996,-0.17199741,-0.10675349,1.1821448,1.3813688,1.3702058,1.2560806,1.1679218,0.40036747,0.39049095,0.4661791,0.4608792,0.44735155,0.7238283,0.8130782,1.0985379,1.1306103,1.1567104,0.37388727,0.4544079,0.5090694,0.5001989,0.49038318,0.6261127,0.54559207,0.49093065,0.49980107,0.5096168,-0.25222543,-0.091184184,0.018138712,0.0003978313,-0.01923363
SH601390,-0.03329499025179821,0.0,,2026-05-29,0.02141321,0.03211985,0.6666659,0.010706642,0.3333341,0.0,0.0,0.010706569,0.33333182,0.9790357,1.0104822,0.9790357,0.99794024,0.9911894,1.0484582,1.085169,1.1071954,1.3054333,0.99324524,1.0024964,1.0359031,1.0576603,1.1120411,0.010568603,0.016998995,0.03743009,0.04406795,0.074175335,-0.0010279036,-0.004191698,-0.0058792373,-0.0047728033,-0.004062803,0.023648832,0.55737174,0.86351186,0.909082,0.9150237,0.008810567,0.016366296,0.019949643,0.011545308,0.00781153,1.0104822,1.0480198,1.0983847,1.1212385,1.306032,0.9737853,0.9737853,0.9737853,0.9737853,0.9737853,1.0011747,1.0143906,1.0704846,1.0992658,1.1767989,0.98854625,0.9911894,0.9958884,1.004699,1.0616741,0.8,0.6,0.3,0.2,0.1,0.7143577,0.3531338,0.21039174,0.17778328,0.07890134,1.0,0.1,0.05,0.033333335,0.016666668,0.8,0.9,0.95,0.96666664,0.98333335,0.2,-0.8,-0.9,-0.93333334,-0.96666664,0.6744307,0.09731788,0.27522513,0.023347655,0.7515277,0.76995474,-0.007262755,-0.2469031,-0.27757555,-0.18345003,0.4,0.3,0.3,0.33333334,0.36666667,0.4,0.6,0.65,0.6,0.56666666,0.0,-0.3,-0.35,-0.26666668,-0.2,0.5681817,0.32631552,0.3273808,0.31840786,0.30076617,0.4318183,0.6736845,0.67261916,0.6815921,0.69923383,0.13636339,-0.34736896,-0.34523836,-0.36318427,-0.39846763,0.74609226,0.7844924,0.8973595,0.84554857,1.2584321,0.17392017,0.23220207,0.36042753,0.3077786,0.67685086,0.7627078,0.73663527,1.1883504,1.3639101,1.3621356,0.54716724,0.4997825,0.5347473,0.5012629,0.448919,0.45283276,0.5002175,0.46525267,0.4987371,0.551081,0.09433447,-0.00043496877,0.06949464,0.0025258195,-0.10216198
SH603501,-0.03432050681214449,0.25,,2026-05-29,-0.06771349,0.072522104,-0.9336945,0.0048086145,0.0663055,0.0,0.0,-0.072522104,-1.0,1.0726316,1.0777895,1.0,1.0319191,1.0973763,1.0672379,1.0935516,0.99640477,1.2518933,1.0881358,1.081565,1.0725274,1.0504425,1.069298,0.055958975,0.039717387,0.031164441,0.048861917,0.07435359,-0.033733655,-0.00095454656,0.001541086,0.0038450465,-0.0016740331,0.90850496,0.005294736,0.08558607,0.4799145,0.15460517,-0.020668557,-0.077269614,-0.08716767,-0.10619558,-0.019914083,1.1482935,1.1482935,1.1482935,1.1482935,1.2757907,1.0,1.0,1.0,0.9644107,0.94329447,1.1225426,1.107198,1.0911344,1.0903695,1.1411,1.0580739,1.0631378,1.0543869,0.9906984,0.9978735,0.2,0.1,0.05,0.26666668,0.25,0.0,0.0,0.0,0.19354327,0.17054494,0.2,0.6,0.8,0.8666667,0.016666668,1.0,1.0,1.0,0.16666667,0.4,-0.8,-0.4,-0.2,0.7,-0.38333333,0.69435894,0.4288553,0.38804346,0.78711456,-0.16848017,0.5899675,0.33084622,0.3550535,0.40545014,0.08143518,0.2,0.4,0.45,0.46666667,0.41666666,0.8,0.6,0.55,0.53333336,0.5833333,-0.6,-0.2,-0.1,-0.06666667,-0.16666667,0.25165823,0.38314283,0.40226945,0.50252664,0.4032097,0.7483418,0.6168572,0.5977305,0.4974734,0.5967903,-0.49668354,-0.23371431,-0.19546108,0.0050532324,-0.19358061,1.1071652,1.0606649,1.0081689,0.90867525,0.62488097,0.18591352,0.31196693,0.26179585,0.33313203,0.37828195,0.6134327,0.7342745,0.7583307,1.1853905,1.4227442,0.467555,0.4837177,0.46759045,0.5385568,0.5238277,0.532445,0.51628226,0.53240955,0.4614432,0.4761723,-0.06489005,-0.032564573,-0.064819075,0.07711364,0.047655378
SH600600,-0.03483524846176927,0.25,,2026-05-29,0.020701189,0.035726193,0.57944006,0.008514159,0.23831701,0.006510846,0.18224292,0.018697875,0.523366,0.9797187,1.0083414,0.97333986,0.99497706,0.9949015,1.010109,1.0328763,1.0127461,1.0135373,0.9889416,0.9969761,1.010421,1.011911,1.0181406,0.007487221,0.010823417,0.016690763,0.014158184,0.014574326,0.002021816,-0.0026296738,-0.002647508,-0.00095325854,-0.00041345108,0.18229805,0.5411111,0.88062334,0.35132417,0.2454546,0.0070147733,0.014857473,0.01473029,0.0019112361,-0.0059436983,1.0083414,1.0199367,1.0439649,1.0439649,1.0558879,0.9652487,0.9652487,0.9652487,0.9652487,0.9652487,0.9928973,1.0090014,1.0265296,1.022521,1.0318917,0.9844057,0.98776364,0.9941455,1.0009142,1.0091069,1.0,0.6,0.3,0.2,0.11666667,0.80642974,0.6354461,0.4414761,0.4414761,0.38340244,1.0,0.1,0.1,0.4,0.4,0.4,0.7,0.85,0.9,0.95,0.6,-0.6,-0.75,-0.5,-0.55,0.9874367,-0.27709866,0.19553916,0.12783776,0.18891577,0.6994935,0.6203454,0.5651237,0.65075606,0.32410556,0.6,0.4,0.4,0.46666667,0.45,0.4,0.6,0.55,0.5,0.53333336,0.2,-0.2,-0.15,-0.033333335,-0.083333336,0.5547174,0.4230255,0.34747145,0.45697325,0.48278946,0.44528255,0.5769745,0.6525285,0.54302675,0.51721054,0.109434895,-0.15394905,-0.3050571,-0.08605347,-0.034421083,0.67773205,0.54827935,0.579536,0.50575984,0.5049251,0.20785122,0.2006828,0.16105027,0.18993449,0.1597078,1.1162043,1.3932546,1.3157266,1.5157,1.3185748,0.76711535,0.62678766,0.5320763,0.5657729,0.52825505,0.23288462,0.37321234,0.4679237,0.43422714,0.47174498,0.53423077,0.25357535,0.06415261,0.13154574,0.056510054
SH600161,-0.03555282811033675,0.25,,2026-05-29,0.03593272,0.0504588,0.71211994,0.014526083,0.28788006,0.0,0.0,0.021406636,0.42423987,0.9653137,1.0140222,0.9653137,0.9989198,0.9778558,1.016999,1.0598011,1.0885773,1.2088654,0.9803713,0.98546714,1.0178698,1.0458895,1.091756,0.014225468,0.0141895795,0.03644023,0.051545966,0.064175576,0.0008880632,-0.0017853559,-0.0054686307,-0.005590438,-0.0034348157,0.009743043,0.14511822,0.78824824,0.9115994,0.8737098,0.017852606,0.022566974,0.03408215,0.03517191,0.009571101,1.0140222,1.0295489,1.0797279,1.1564755,1.2125405,0.9601434,0.9601434,0.9601434,0.9601434,0.9601434,0.9905477,0.99823153,1.0535884,1.1008118,1.1507108,0.96870834,0.9738842,0.9790449,0.9941,1.042383,1.0,0.9,0.45,0.3,0.15,0.7397452,0.57425773,0.3332926,0.203006,0.1579123,1.0,0.4,0.3,0.06666667,0.016666668,0.6,0.8,0.9,0.93333334,0.96666664,0.4,-0.4,-0.6,-0.8666667,-0.95,0.93858904,0.75408465,0.14405103,-0.07152412,-0.14410266,0.90273213,0.82081705,0.68528956,0.50893307,0.17577147,0.4,0.3,0.3,0.3,0.38333333,0.6,0.7,0.7,0.7,0.6166667,-0.2,-0.4,-0.4,-0.4,-0.23333333,0.6597032,0.45057595,0.39794442,0.39470816,0.36907482,0.34029678,0.54942405,0.60205555,0.60529184,0.6309252,0.31940645,-0.09884808,-0.20411113,-0.21058369,-0.2618504,0.5073902,0.5342329,0.51427746,0.49488425,0.47480494,0.2852944,0.25576416,0.19615504,0.2094179,0.20158975,1.4751229,1.0860368,1.0864366,1.1219662,1.211837,0.729987,0.5944551,0.5935568,0.5456632,0.5198877,0.270013,0.40554488,0.40644318,0.45433682,0.48011228,0.45997402,0.18891025,0.18711367,0.09132635,0.039775427
SH603195,-0.03619978446294238,0.25,,2026-05-29,-0.011412298,0.037565388,-0.3037982,0.026153091,0.6962018,0.0,0.0,-0.037565388,-1.0,1.011544,1.037999,1.0,1.0119103,1.058923,1.0290743,0.987258,0.99542415,1.0230905,1.0175995,1.0316015,1.0393418,1.023771,1.0195436,0.018762631,0.02085994,0.02433297,0.029941795,0.02653978,-0.0046603354,-0.0039299014,-0.0017714293,0.0015515697,0.00015951284,0.1542364,0.32534838,0.18549211,0.2081079,0.011017841,-0.008278796,-0.013917026,-0.022513233,-0.04626876,-0.024249244,1.0702008,1.0721799,1.0894567,1.0894567,1.0894567,0.9982928,0.9982928,0.9846074,0.984331,0.97712386,1.0323548,1.0459697,1.0585288,1.0508131,1.0440831,1.0009574,1.0112214,1.0260049,0.9943964,0.9936361,0.2,0.1,0.1,0.4,0.38333333,0.023741037,0.0231051,0.14680693,0.14905006,0.20364605,0.6,0.4,0.1,0.4,0.7,0.6,0.8,0.05,0.1,0.26666668,0.0,-0.4,0.05,0.3,0.43333334,0.043929707,0.00062740647,0.52654403,0.81177604,0.684493,0.5661858,0.43816632,0.7584895,0.7448645,0.61005694,0.2,0.6,0.5,0.43333334,0.41666666,0.8,0.4,0.5,0.53333336,0.56666666,-0.6,0.2,0.0,-0.1,-0.15,0.2947523,0.4161591,0.51692533,0.50548893,0.4835275,0.7052477,0.5838409,0.48307464,0.49451107,0.51647246,-0.4104954,-0.16768183,0.033850707,0.010977859,-0.032944955,0.6343551,0.60458404,0.6558238,0.4844956,0.3448917,0.2889773,0.22399867,0.4128684,0.4155153,0.32774666,0.65609413,1.0128696,2.0303528,2.5163333,3.0753973,0.6446987,0.6118378,0.5672985,0.561496,0.542068,0.35530132,0.38816223,0.43270156,0.43850395,0.457932,0.28939733,0.22367555,0.1345969,0.1229921,0.08413601
SH605499,-0.036240670891281336,0.25,,2026-05-29,0.015614931,0.06381453,0.2446924,0.028948274,0.4536314,0.019251326,0.3016762,0.005917982,0.09273722,0.98462516,1.0285032,0.9656698,0.99758416,1.0150088,0.99142355,1.0473237,1.0188376,1.2642239,0.995796,1.0094227,1.0319263,1.0417962,1.109653,0.015248707,0.021357216,0.035941675,0.03415576,0.092026114,-0.0040776487,-0.0040810136,-0.005228409,-0.0027999652,-0.0047735707,0.17876959,0.33470196,0.7406457,0.52080965,0.82066214,0.012359271,0.008941912,0.017743617,-0.0011967327,0.031167323,1.0453627,1.0809343,1.1251082,1.1251082,1.2986325,0.9639224,0.9639224,0.9639224,0.9639224,0.9639224,1.0036527,1.0245196,1.0661459,1.0727085,1.2160732,0.98728085,0.99336857,0.997496,1.012007,1.0309365,0.8,0.5,0.3,0.2,0.1,0.44299483,0.30832434,0.22382633,0.22382633,0.10778773,0.2,0.4,0.05,0.36666667,0.18333334,0.8,0.9,0.95,0.96666664,0.98333335,-0.6,-0.5,-0.9,-0.6,-0.8,-0.196211,0.38217148,0.01908525,-0.25455248,-0.7014158,0.2715855,0.36799198,0.5060829,0.45298913,-0.19197473,0.6,0.6,0.45,0.5,0.45,0.4,0.4,0.55,0.5,0.55,0.2,0.2,-0.1,0.0,-0.1,0.39038017,0.52781916,0.43259147,0.48061466,0.39815825,0.6096198,0.47218084,0.5674085,0.51938534,0.60184175,-0.21923964,0.055638287,-0.13481703,-0.038770705,-0.20368351,0.8324516,0.8791791,0.8370426,0.74136204,0.5950384,0.13234167,0.20363685,0.2522011,0.26920235,0.31193146,0.5165054,0.6278869,0.89620596,0.9660962,1.5911212,0.7706532,0.51122516,0.57005835,0.49855518,0.5239853,0.2293468,0.48877484,0.42994165,0.5014448,0.47601467,0.54130644,0.022450356,0.1401167,-0.0028896346,0.04797068
SH601633,-0.0377415283488423,0.25,,2026-05-29,0.0017793754,0.014827987,0.12000114,0.006524264,0.43999657,0.006524348,0.44000226,0.0017794598,0.12000683,0.9982238,1.0065126,0.991711,0.99921453,1.0486132,1.130331,1.1847599,1.255741,1.2090665,1.0188488,1.0456308,1.1050999,1.1419524,1.1843374,0.019072406,0.033759173,0.06651068,0.07625548,0.07066759,-0.011616462,-0.011018625,-0.010984661,-0.008390339,-0.002946977,0.9274206,0.97652334,0.95468175,0.9382502,0.5304114,0.004384133,0.00395304,-0.00074560696,-0.020292534,-0.097401544,1.0598993,1.128569,1.190062,1.261095,1.2759378,0.98933405,0.98933405,0.98933405,0.98933405,0.98933405,1.0347748,1.0771846,1.1729496,1.210856,1.2377572,0.9997614,1.0170593,1.0393379,1.0542201,1.1522815,0.4,0.2,0.1,0.06666667,0.033333335,0.15115038,0.07660406,0.053136416,0.0392476,0.037215024,0.4,0.1,0.05,0.033333335,0.48333332,0.8,0.9,0.95,0.96666664,0.98333335,-0.4,-0.8,-0.9,-0.93333334,-0.5,-0.78230643,-0.4369532,-0.65810704,-0.7305123,-0.31478736,0.5659614,-0.4877604,-0.24802439,-0.19950564,0.18498662,0.2,0.2,0.15,0.13333334,0.33333334,0.8,0.8,0.8,0.8,0.6333333,-0.6,-0.6,-0.65,-0.6666667,-0.3,0.023391832,0.013363042,0.015637232,0.013613174,0.33958808,0.97660816,0.98663694,0.9843628,0.98638684,0.6604119,-0.9532163,-0.97327393,-0.96872556,-0.9727737,-0.32082382,0.72035956,0.6691042,0.56866914,0.51135236,0.51017547,0.17527983,0.15905935,0.16981983,0.16573073,0.17184488,0.83070356,0.9533363,1.2492664,1.3268237,1.1352583,0.920583,0.6659942,0.5938032,0.57054776,0.5153115,0.07941697,0.33400577,0.40619677,0.4294522,0.48468855,0.8411661,0.33198845,0.18760647,0.14109555,0.030622916
SH601236,-0.04077444532068912,0.0,,2026-05-29,0.0103092445,0.017673042,0.58333164,0.007363797,0.41666836,0.0,0.0,0.0029454473,0.16666329,0.9897959,1.0072887,0.9897959,1.0006446,0.99642,1.026253,1.0918854,1.1133652,1.1622912,0.999284,1.00716,1.0370525,1.0571599,1.0874702,0.0036391364,0.0115148155,0.034364913,0.040550213,0.04575686,-0.000596666,-0.0031532526,-0.0055063074,-0.004424699,-0.0023149496,0.06720567,0.6874086,0.89858353,0.92274743,0.78067535,0.0019093114,0.0070297224,0.015257406,0.0069982233,-0.01917916,1.009274,1.0397259,1.1018926,1.1247132,1.1763014,0.98820335,0.98820335,0.98820335,0.98820335,0.98820335,1.0016707,1.0171838,1.0711217,1.0968974,1.127685,0.9968974,0.9973747,1.0009546,1.0131265,1.0577565,0.6,0.4,0.2,0.13333334,0.06666667,0.55986136,0.22896102,0.103762306,0.0864162,0.06271552,0.6,0.4,0.05,0.033333335,0.2,0.8,0.9,0.95,0.96666664,0.98333335,-0.2,-0.5,-0.9,-0.93333334,-0.78333336,0.48306254,-0.3755158,0.49569735,-0.121628806,0.32555166,0.13531147,0.058930315,-0.1771443,-0.049347527,0.17434925,0.6,0.4,0.4,0.36666667,0.45,0.4,0.6,0.6,0.6,0.51666665,0.2,-0.2,-0.2,-0.23333333,-0.06666667,0.5600001,0.32812518,0.25161284,0.26600993,0.36400005,0.4399999,0.6718748,0.74838716,0.7339901,0.636,0.12000019,-0.3437496,-0.49677432,-0.46798012,-0.2719999,0.8878035,0.93343884,1.1421789,1.0112222,1.1743808,0.12972268,0.2847286,0.3938285,0.38299984,0.47470537,0.3049002,0.975414,1.2486181,1.3517603,1.2277281,0.3533059,0.47844636,0.48422682,0.5116337,0.4852393,0.6466941,0.52155364,0.5157732,0.48836628,0.51476073,-0.29338822,-0.043107282,-0.03154636,0.023267444,-0.029521419
SH601919,-0.041798530120370214,0.125,,2026-05-29,0.0,0.011315438,0.0,0.011315438,1.0,0.0,0.0,-0.011315438,-1.0,1.0,1.0113155,1.0,1.0048598,1.0330871,1.002068,1.0062038,1.0711964,1.091876,1.0163072,1.0157756,1.0079173,1.0152733,1.0570902,0.016117899,0.018666504,0.016051931,0.020103317,0.04984762,-0.009955679,0.0005550363,0.0012185562,-0.0008547152,-0.0025444366,0.9538168,0.008104538,0.2016994,0.14009066,0.79468364,0.0036040868,-0.01827317,-0.019493595,-0.0028799148,0.017970767,1.0537213,1.0537213,1.0537213,1.0784923,1.2007072,0.99923927,0.98789704,0.98501533,0.98501533,0.98501533,1.030842,1.0336779,1.0255244,1.0332053,1.1007385,1.0016544,0.99828655,0.9946825,0.996455,1.0037223,0.2,0.3,0.475,0.31666666,0.15833333,0.013963386,0.18386774,0.21809869,0.16030347,0.06947265,0.2,0.6,0.8,0.033333335,0.016666668,0.8,0.2,0.3,0.53333336,0.76666665,-0.6,0.4,0.5,-0.5,-0.75,0.7915006,0.670829,0.4561266,-0.09637376,0.4965467,0.32431847,0.7784776,0.7766482,0.6475995,0.40752974,0.2,0.4,0.45,0.36666667,0.43333334,0.8,0.6,0.5,0.6,0.51666665,-0.6,-0.2,-0.05,-0.23333333,-0.083333336,0.075756945,0.4899132,0.48134997,0.35214713,0.43712083,0.92424303,0.51008683,0.51865005,0.6478529,0.56287915,-0.8484861,-0.020173611,-0.03730006,-0.29570577,-0.12575833,1.0433435,1.2842017,1.3318651,1.189121,1.4679116,0.17370173,0.53296524,0.4267185,0.4098014,1.0637243,0.720293,1.4131761,1.350474,1.3576993,3.3948598,0.25619432,0.45663416,0.49009025,0.51808393,0.44351098,0.7438057,0.54336584,0.50990975,0.4819161,0.55648905,-0.48761135,-0.086731665,-0.019819517,0.036167823,-0.11297804
SH600958,-0.04187290209712347,0.0,,2026-05-29,0.00866739,0.01733478,0.5,0.007583994,0.4375016,0.0010833957,0.062498383,0.0021667914,0.12499677,0.9914071,1.0075188,0.990333,0.9973399,1.0292599,1.0335628,,1.0034423,1.0654044,1.0125645,1.0261618,1.0319428,1.0270654,1.017315,0.01692535,0.021398427,0.023504937,0.024666302,0.033170152,-0.00929433,-0.0053617083,-0.0018118698,0.00064694416,-8.202181e-06,0.75387776,0.5755116,0.1515221,0.051773548,2.1394024e-05,0.0060241115,-0.0020341075,-0.017447943,-0.034181792,-0.01705989,1.0460162,1.0799898,1.0896888,1.0896888,1.0896888,0.9860236,0.9860236,0.9860236,0.9860236,0.9509563,1.0275388,1.0392427,1.0578313,1.0506024,1.0504303,0.9982788,1.0110155,1.0151463,1.001377,0.98382103,0.4,0.2,0.11764706,0.2,0.37,0.23296833,0.14873835,0.13482228,0.13482228,0.3535126,0.4,0.4,0.05,0.13333334,0.56666666,0.8,0.9,0.05,0.13333334,0.56666666,-0.4,-0.5,0.0,0.0,0.0,0.49901474,0.5969063,0.42811313,0.55332935,0.3960449,0.32896042,0.6043935,0.6512127,0.6286553,0.4147121,0.4,0.3,0.3,0.23333333,0.33333334,0.6,0.7,0.5,0.36666667,0.45,-0.2,-0.4,-0.2,-0.13333334,-0.11666667,0.23437545,0.38461542,0.4551083,0.45697325,0.43363994,0.7656246,0.6153846,0.5448917,0.54302675,0.56636006,-0.5312491,-0.23076916,-0.089783385,-0.08605351,-0.13272008,1.0298407,1.1631974,1.822816,1.672695,1.0870644,0.12049106,0.34553564,1.0762994,1.0588938,0.8383731,0.739606,1.2318919,1.0073473,1.1397715,1.3710972,0.44803378,0.45460176,0.318919,0.3544005,0.39447087,0.5519662,0.54539824,0.681081,0.6455995,0.6055291,-0.10393241,-0.09079649,-0.36216202,-0.291199,-0.21105824
SH688047,-0.044356508024625346,0.375,,2026-05-29,-0.07428575,0.10196826,-0.7285184,0.016253991,0.15940246,0.01142851,0.1120791,-0.07911123,-0.7758418,1.0802469,1.0978053,0.9876544,1.0274764,1.1001372,1.0972565,1.0673527,0.9732511,1.0582991,1.0696023,1.0879973,1.1321468,1.0917878,1.0284157,0.04814823,0.041165356,0.0689796,0.08471888,0.097177684,-0.028271602,-0.0092763025,-0.007886694,0.0035389725,0.0029716452,0.86194634,0.4654762,0.45752695,0.13523702,0.2852073,-0.013059013,-0.046253927,-0.057223223,-0.14310297,-0.11607921,1.1441702,1.1956105,1.335391,1.335391,1.335391,0.9876544,0.9876544,0.9876544,0.9506173,0.8708505,1.1018931,1.127188,1.201509,1.150535,1.0995885,1.0429082,1.0669684,1.0772154,0.99858713,0.9458848,0.2,0.1,0.05,0.23333333,0.5,0.07887777,0.05936644,0.035502773,0.12834214,0.27801558,0.2,0.4,0.15,0.43333334,0.71666664,1.0,1.0,1.0,0.16666667,0.41666666,-0.8,-0.6,-0.85,0.26666668,0.3,0.34451935,-0.023299746,0.6492465,0.739562,0.8561794,0.32716134,-0.016065482,0.35434785,0.41211432,0.48935753,0.4,0.5,0.55,0.53333336,0.5,0.6,0.5,0.45,0.46666667,0.5,-0.2,0.0,0.1,0.06666667,0.0,0.23797531,0.353754,0.45582938,0.5136459,0.4842242,0.7620247,0.64624596,0.5441706,0.4863541,0.5157758,-0.5240494,-0.29249194,-0.08834124,0.027291756,-0.031551614,0.9983865,0.97791106,1.1539794,1.0523196,0.78273666,0.097600535,0.17974518,0.312182,0.3721295,0.41444704,0.5406895,0.7046338,0.9989956,1.066496,1.1820977,0.6055273,0.49923366,0.5043989,0.51798314,0.5167815,0.39447275,0.50076634,0.4956011,0.48201683,0.48321846,0.2110545,-0.0015327013,0.008797806,0.035966333,0.033563066
SH601872,-0.045046160225761994,0.25,,2026-05-29,-0.00874996,0.04625007,-0.18918805,0.018750055,0.40540597,0.018750055,0.40540597,-0.00874996,-0.18918805,1.0088272,1.0277427,0.9810844,0.9999616,1.1401159,1.0999275,1.0593772,1.1683563,1.1263577,1.0501086,1.0808471,1.1122918,1.1201786,1.1183984,0.05179975,0.050066017,0.054307994,0.053073164,0.072247125,-0.0314989,-0.011315907,-0.006367022,-0.0033914917,0.0003540384,0.92443305,0.46827838,0.48107547,0.31647053,0.007324188,0.012889224,-0.029925587,-0.051805068,-0.071001954,-0.1288426,1.2296575,1.2296575,1.2525165,1.2525165,1.3436718,0.9810844,0.9810844,0.9810844,0.9810844,0.9681153,1.0947863,1.1209269,1.1438088,1.1623461,1.1686459,1.0115858,1.0246198,1.085735,1.0874728,1.0578566,0.2,0.1,0.05,0.033333335,0.05,0.07609661,0.07609661,0.069688015,0.069688015,0.08489981,0.2,0.6,0.25,0.5,0.4,1.0,1.0,1.0,1.0,0.15,-0.8,-0.4,-0.75,-0.5,0.25,0.92125815,0.23361965,0.6034482,0.52359056,0.28160924,0.22081733,-0.19758171,0.23187773,0.18235375,0.34446266,0.0,0.4,0.4,0.36666667,0.36666667,1.0,0.6,0.55,0.6,0.6166667,-1.0,-0.2,-0.15,-0.23333333,-0.25,0.0,0.28233448,0.44913152,0.397351,0.47132292,1.0,0.7176655,0.5508685,0.60264903,0.52867705,-1.0,-0.43533102,-0.10173696,-0.20529802,-0.05735414,1.363283,1.2779644,1.4508026,1.4111365,1.7388976,0.384666,0.32191497,0.46885163,0.42257866,0.60878336,0.749433,0.7821456,0.98895377,1.0337808,1.1487675,0.5116399,0.48867187,0.49826887,0.45726046,0.44342217,0.4883601,0.5113281,0.50173116,0.54273957,0.5565778,0.023279808,-0.022656258,-0.0034622638,-0.08547908,-0.11315564
SH601766,-0.04596775480600154,0.0,,2026-05-29,0.0069807363,0.019197222,0.36363265,0.0087260185,0.45454592,0.0034904662,0.18182144,0.0017451841,0.09090816,0.9930677,1.0086656,0.9896014,0.9998244,1.0,1.035503,1.0248522,1.0816568,1.0911243,0.9997633,1.0040237,1.0197042,1.0288364,1.0589547,0.0042174007,0.010183342,0.018908735,0.023257986,0.036139447,-0.0009467532,-0.0022377695,-0.002381995,-0.0021696696,-0.0018373613,0.12598646,0.44265112,0.5554242,0.6744421,0.7883625,0.0021301848,0.006046272,0.0029247666,0.002623879,-0.004752518,1.0111202,1.032798,1.0750813,1.0855111,1.1309555,0.9896014,0.98093593,0.98093593,0.98093593,0.98093593,1.0011834,1.0085207,1.0357398,1.048284,1.0911243,0.99786985,0.99786985,1.0,1.0028403,1.0248522,0.7,0.5,0.25,0.16666667,0.083333336,0.48323327,0.36759144,0.20249577,0.18229993,0.1270771,0.4,0.1,0.35,0.033333335,0.15,0.6,0.5,0.75,0.8333333,0.9166667,-0.2,-0.4,-0.4,-0.8,-0.76666665,0.6222107,0.16962695,0.60113746,-0.096782096,-0.27610317,0.9273107,0.36058766,0.50209343,0.4202989,0.2439588,0.4,0.4,0.4,0.3,0.38333333,0.6,0.6,0.5,0.56666666,0.55,-0.2,-0.2,-0.1,-0.26666668,-0.16666667,0.5,0.29166615,0.4233575,0.3248731,0.43037972,0.5,0.70833385,0.5766425,0.6751269,0.56962025,0.0,-0.4166677,-0.15328501,-0.3502538,-0.13924053,0.6454389,0.65691847,0.82281286,0.70296717,0.6114192,0.24909244,0.17670463,0.36880872,0.3516236,0.30902034,0.61951834,0.73251814,0.8343131,0.89816576,1.2128321,0.65975416,0.5619247,0.538225,0.5452633,0.5064282,0.34024584,0.4380753,0.46177503,0.4547367,0.49357182,0.3195083,0.12384942,0.076449946,0.09052656,0.012856346
SH601808,-0.04792074478962053,0.125,,2026-05-29,0.0,0.013046882,0.0,0.0069072037,0.5294141,0.0061396784,0.47058588,-0.000767525,-0.05882823,1.0,1.0069072,0.9938603,1.0009704,1.0519725,1.0820289,1.1577959,1.204759,1.424546,1.0157796,1.0455855,1.0798372,1.1073471,1.2115008,0.016868405,0.03664032,0.047779873,0.055704303,0.1367495,-0.010269265,-0.011794845,-0.007748552,-0.0060707545,-0.007417979,0.92655396,0.949899,0.92049026,0.92046976,0.8974691,0.004758908,0.0074912924,-0.0062259897,-0.01932121,0.007329617,1.0453873,1.1044694,1.1720972,1.1877463,1.6764964,0.9938603,0.9938603,0.9938603,0.9938603,0.9938603,1.0314339,1.0889168,1.1065749,1.1629305,1.3168441,1.001002,1.0087664,1.0355667,1.0514716,1.0956794,0.2,0.1,0.05,0.033333335,0.016666668,0.11915476,0.05550791,0.034446746,0.03166644,0.008994073,0.2,0.1,0.1,0.033333335,0.033333335,1.0,1.0,1.0,1.0,1.0,-0.8,-0.9,-0.9,-0.96666664,-0.96666664,0.20947048,0.7385721,0.6161286,0.47413316,0.9147843,0.17047559,-0.23672664,-0.18880793,0.044355217,0.2186662,0.0,0.3,0.2,0.23333333,0.35,1.0,0.7,0.75,0.73333335,0.6333333,-1.0,-0.4,-0.55,-0.5,-0.28333333,0.0,0.14207675,0.10625012,0.18003911,0.33591485,1.0,0.85792327,0.8937499,0.8199609,0.66408515,-1.0,-0.7158465,-0.7874998,-0.6399218,-0.3281703,0.9500401,1.1633781,1.2324467,1.2868085,2.1929913,0.071421474,0.29941443,0.29486278,0.36044055,1.8422867,0.7197878,1.1725764,1.2669557,1.1850468,2.0831444,0.44271836,0.47726336,0.46978045,0.47861278,0.38771752,0.5572816,0.5227366,0.53021955,0.5213872,0.6122825,-0.11456328,-0.045473266,-0.060439095,-0.04277447,-0.22456497
SZ300896,-0.05188247831599477,0.125,,2026-05-29,0.052869603,0.068348564,0.7735291,0.010553843,0.15441208,0.004925117,0.07205882,0.047240876,0.6911759,0.94978523,1.0100238,0.9451074,0.9829544,0.98471403,1.0840905,1.1037592,1.1039373,1.3247461,0.97675395,0.9915945,1.0522768,1.0683972,1.1398343,0.017863961,0.024415707,0.06561036,0.05860015,0.11484288,0.00095850107,-0.0059962496,-0.009837287,-0.0049487455,-0.0056397785,0.007197301,0.55288166,0.7868173,0.5527063,0.7355561,0.02132904,0.035388622,0.041177373,0.0033596416,0.026539158,1.0100238,1.0788419,1.1570418,1.1570418,1.3723392,0.940625,0.940625,0.940625,0.940625,0.940625,0.9873151,1.005587,1.114869,1.114869,1.3097239,0.96863705,0.9751149,0.9846,0.99770534,1.0741066,1.0,0.7,0.35,0.23333333,0.11666667,0.85556126,0.42957845,0.27435485,0.27435485,0.13753308,1.0,0.1,0.4,0.6,0.11666667,0.8,0.9,0.95,0.96666664,0.98333335,0.2,-0.8,-0.55,-0.36666667,-0.8666667,0.45603988,0.14008987,0.032327447,-0.03108068,-0.2978066,0.8069958,0.47109485,0.61973673,0.5606012,0.11813588,0.4,0.2,0.4,0.43333334,0.43333334,0.6,0.8,0.6,0.56666666,0.56666666,-0.2,-0.6,-0.2,-0.13333334,-0.13333334,0.5868774,0.27558,0.3597572,0.38874054,0.3580992,0.41312256,0.72442,0.64024276,0.61125946,0.6419008,0.17375487,-0.44884,-0.28048557,-0.22251894,-0.2838016,0.65851194,0.6041007,0.5954506,0.55954504,0.48910543,0.21704282,0.17024161,0.18276344,0.19915186,0.19225082,1.4171226,1.2412678,1.1660396,1.2649502,1.35215,0.82604295,0.63615936,0.59231764,0.5680801,0.52933747,0.17395705,0.36384064,0.40768236,0.4319199,0.4706625,0.6520859,0.27231872,0.1846353,0.13616021,0.05867499
SZ002027,-0.05289899084561877,0.0,,2026-05-29,0.02762427,0.04419885,0.62499976,0.0128913205,0.29166645,0.0036832567,0.083333775,0.018416205,0.4166671,0.9731183,1.0125448,0.9695341,0.9958742,0.9874269,1.0609149,1.0931064,1.1289834,1.2310861,0.98597443,0.99889445,1.0520269,1.0722415,1.1257027,0.011329571,0.019714065,0.06073615,0.057649672,0.071763925,0.0003576759,-0.0052407878,-0.009958128,-0.005785435,-0.003792615,0.0024916807,0.64781684,0.94086856,0.7805128,0.85185355,0.013310219,0.024689108,0.042575326,0.011647303,-0.013820598,1.0125448,1.0627152,1.1612768,1.1612768,1.2580026,0.96047455,0.96047455,0.96047455,0.96047455,0.96047455,0.992803,1.0168221,1.1214178,1.1257533,1.1924561,0.9794928,0.98634297,0.9902883,1.0,1.0766963,1.0,0.65,0.325,0.21666667,0.108333334,0.7590796,0.38659224,0.19683759,0.19683759,0.1328461,1.0,0.1,0.2,0.46666667,0.18333334,0.8,0.9,0.95,0.96666664,0.98333335,0.2,-0.8,-0.75,-0.5,-0.8,0.5720331,0.4520769,0.02974063,-0.23508747,-0.49387988,0.62331295,-0.25630876,0.36086905,0.32650733,0.11772404,0.4,0.2,0.2,0.2,0.31666666,0.4,0.7,0.6,0.6333333,0.5833333,0.0,-0.5,-0.4,-0.43333334,-0.26666668,0.6128401,0.2642617,0.3436477,0.3236514,0.3676105,0.38715985,0.7357383,0.65635234,0.6763486,0.6323895,0.22568028,-0.4714766,-0.31270462,-0.35269722,-0.26477897,0.7138963,0.78453654,0.7622489,0.68578357,0.58267266,0.16123639,0.18224144,0.22760868,0.223637,0.20798472,1.3139026,1.0069983,1.2445447,1.4180802,1.2724584,0.54564303,0.6294624,0.56048113,0.5330956,0.48570582,0.45435694,0.3705376,0.43951887,0.46690437,0.51429415,0.091286115,0.2589248,0.12096226,0.066191226,-0.028588327
SH600803,-0.05369924862278366,0.0,,2026-05-29,0.018229216,0.027604215,0.660378,0.0067708255,0.24528229,0.0026041737,0.09433971,0.014062565,0.5094354,0.98209715,1.0066496,0.9795396,0.9946843,1.0158708,1.0675194,1.0859214,1.0741551,1.118142,0.9946641,1.0215213,1.0377924,1.0491426,1.0900499,0.008242764,0.032573037,0.031822,0.03092761,0.05540634,0.0002668053,-0.00963113,-0.0034313959,-0.0024406041,-0.0026013842,0.0026192882,0.8014002,0.4069628,0.4826182,0.67234147,0.004802301,0.021818697,-0.0051941597,-0.013753822,-0.013309075,1.0183791,1.0808188,1.0997572,1.1037844,1.2557071,0.9795396,0.9795396,0.9795396,0.9795396,0.9795396,1.0012177,1.0599262,1.0666986,1.0731016,1.1409221,0.98820627,0.99161303,1.0048707,1.0220002,1.0536051,0.8,0.4,0.2,0.13333334,0.06666667,0.52679455,0.20201999,0.17019486,0.16467808,0.07408694,0.2,0.3,0.05,0.26666668,0.033333335,1.0,1.0,1.0,1.0,1.0,-0.8,-0.7,-0.95,-0.73333335,-0.96666664,0.20949575,0.26554585,0.2491863,0.26343894,0.66661835,0.40631288,0.3657695,-0.32407495,-0.33173588,0.13558093,0.4,0.3,0.5,0.53333336,0.48333332,0.6,0.7,0.5,0.46666667,0.51666665,-0.2,-0.4,0.0,0.06666667,-0.033333335,0.39860144,0.27247584,0.35766095,0.40550917,0.45303234,0.6013986,0.72752416,0.64233905,0.5944908,0.5469676,-0.20279711,-0.4550483,-0.2846781,-0.18898168,-0.09393529,0.6890513,0.7885829,1.0879515,1.0968387,1.8107077,0.20363733,0.23049389,0.60943335,0.50965863,1.3102286,0.60718226,0.8538614,1.7972684,1.7859526,2.106513,0.5000577,0.5344012,0.49611092,0.49964848,0.46646708,0.49994233,0.46559882,0.5038891,0.50035155,0.5335329,0.00011534048,0.068802364,-0.0077781565,-0.0007030394,-0.067065865
SH600276,-0.0547914650641178,0.0,,2026-05-29,0.045189507,0.060391475,0.7482763,0.006872149,0.113793366,0.008329817,0.13793035,0.046647176,0.77241325,0.9567643,1.006575,0.9487946,0.9848737,1.001488,1.0713388,1.0882028,1.1147952,1.0822507,0.9834178,1.0014625,1.0392575,1.0643901,1.0819491,0.019176623,0.024898471,0.044805788,0.05217195,0.04559929,0.0018373202,-0.00622196,-0.006257811,-0.0053924834,-0.001372988,0.022949088,0.57242745,0.6827232,0.8279521,0.27651402,0.012907575,0.026536362,0.020191703,0.013800964,-0.041445963,1.0221142,1.0675683,1.1681719,1.1681719,1.1681719,0.9487946,0.9487946,0.9487946,0.9487946,0.9487946,1.0007169,1.0214912,1.0726485,1.1124527,1.1178106,0.97230434,0.9799385,1.0011904,1.0095294,1.0476434,0.8,0.4,0.2,0.13333334,0.06666667,0.6983863,0.4311174,0.23341247,0.23341247,0.23341247,0.6,0.1,0.35,0.56666666,0.78333336,1.0,1.0,1.0,1.0,1.0,-0.4,-0.9,-0.65,-0.43333334,-0.21666667,0.41261363,-0.14364049,0.22910415,-0.17528614,-0.24769345,0.58596987,0.5473459,0.549244,0.4895169,0.35462105,0.4,0.3,0.35,0.33333334,0.4,0.6,0.7,0.65,0.6666667,0.6,-0.2,-0.4,-0.3,-0.33333334,-0.2,0.49480984,0.34693927,0.38669014,0.38872263,0.46364924,0.50519013,0.65306073,0.61330986,0.61127734,0.5363508,-0.010380316,-0.30612144,-0.22661974,-0.22255474,-0.07270153,0.7380313,0.6766633,0.72034675,0.64774436,0.5284166,0.16734032,0.14438705,0.3186882,0.29510278,0.26191804,0.730572,0.80864996,1.3020759,1.390634,1.3621205,0.85622615,0.66679245,0.5346949,0.54341465,0.5214483,0.14377388,0.33320758,0.4653051,0.45658532,0.47855172,0.71245223,0.33358487,0.06938985,0.086829364,0.042896595
SZ000568,-0.05523867211237202,0.0,,2026-05-29,0.027423548,0.043110244,0.63612604,0.015122405,0.3507845,0.0005642903,0.0130894715,0.012865432,0.29843098,0.97330844,1.0147188,0.9727592,0.99698204,0.9887957,0.9995611,1.1006162,1.1336776,1.1881598,0.9988362,0.9980343,1.029817,1.0577627,1.1045371,0.013032694,0.011313072,0.04219978,0.053236786,0.061692417,-0.0037124236,-4.8528247e-05,-0.006258737,-0.0056664916,-0.0031766053,0.20285544,0.00016867065,0.7698765,0.8780244,0.80865407,0.008588611,0.0021840606,0.029641047,0.024401428,-0.010827232,1.0292193,1.0311968,1.1313726,1.1402694,1.2126532,0.96990454,0.96990454,0.96990454,0.96990454,0.96990454,1.0091828,1.0091828,1.0730462,1.1067681,1.1543499,0.993278,0.98868597,0.9961553,0.9999122,1.0327338,0.6,0.6,0.35,0.23333333,0.11666667,0.50738645,0.49101588,0.18638651,0.17665298,0.12397789,0.6,0.4,0.05,0.033333335,0.016666668,0.6,0.8,0.9,0.93333334,0.96666664,0.0,-0.4,-0.85,-0.9,-0.95,0.60581094,0.5435296,-0.012616594,-0.42600256,-0.49788234,0.96928567,0.9217988,0.5381874,0.44630474,0.23486544,0.6,0.5,0.4,0.33333334,0.38333333,0.4,0.5,0.6,0.6666667,0.6166667,0.2,0.0,-0.2,-0.33333334,-0.23333333,0.55617005,0.50137603,0.35469607,0.34520617,0.3844301,0.44382992,0.49862394,0.64530396,0.65479386,0.6155699,0.11234014,0.0027521201,-0.2906079,-0.30958766,-0.23113976,0.7645932,0.61584574,0.6135821,0.5405515,0.45589563,0.23908089,0.23087816,0.19850908,0.20100473,0.18977651,0.40522256,0.6593887,0.6108697,0.8052167,0.9904546,0.6656054,0.5628422,0.5695402,0.5529908,0.5263674,0.33439457,0.4371578,0.4304598,0.4470092,0.47363254,0.33121085,0.12568438,0.13908038,0.105981566,0.05273488
SH688271,-0.05575418943283393,0.0,,2026-05-29,-0.014176833,0.031631622,-0.4481855,0.0010653703,0.033680543,0.016389418,0.51813394,0.0011472135,0.036267933,1.0143807,1.0154614,0.9833749,0.99935263,0.96429753,0.93057853,0.9338843,0.9534711,1.0631405,0.9959174,0.9751157,0.95683885,0.9561405,0.96261156,0.019854141,0.038814045,0.03529561,0.029420849,0.033943955,0.009314055,0.009739542,0.004222022,0.0013489547,-0.00060095196,0.55019337,0.57717925,0.5008038,0.16292438,0.09559925,-0.014545462,-0.018943653,0.0030519401,0.024299648,0.0551165,1.0248598,1.0869716,1.0869716,1.0869716,1.0869716,0.9393176,0.9072457,0.9072457,0.9072457,0.90616983,1.0138017,1.0138017,0.98333883,0.9715702,0.9958347,0.97765285,0.93773556,0.9294215,0.9309422,0.9333058,0.6,0.7,0.85,0.9,0.81666666,0.7093854,0.5160875,0.5160875,0.5160875,0.51896703,0.6,0.4,0.7,0.8,0.9,0.2,0.1,0.55,0.7,0.41666666,0.4,0.3,0.15,0.1,0.48333332,-0.099432565,0.6922039,0.7196366,0.51959074,0.19395909,0.5330797,0.8406525,0.7562381,0.68935895,0.5598783,0.8,0.6,0.55,0.53333336,0.45,0.2,0.4,0.45,0.46666667,0.53333336,0.6,0.2,0.1,0.06666667,-0.083333336,0.7679901,0.62582386,0.58453083,0.54754263,0.4666783,0.2320099,0.37417614,0.41546914,0.45245737,0.53332174,0.5359802,0.25164774,0.1690617,0.09508526,-0.066643424,1.1765159,1.3133147,1.0307648,0.84195364,0.6195863,0.18715914,0.81328666,0.64393944,0.59025496,0.47506338,1.1000615,1.7598292,2.1823094,2.52389,2.8547714,0.18923086,0.5302425,0.5219628,0.53602654,0.5209579,0.81076914,0.46975747,0.47803715,0.4639735,0.4790421,-0.6215383,0.060485065,0.043925688,0.07205304,0.041915793
SH601138,-0.05650637966295635,0.375,,2026-05-29,-0.06793649,0.0829207,-0.81929463,0.011174633,0.13476288,0.003809582,0.04594247,-0.075301535,-0.908115,1.0728883,1.0848774,0.99591273,1.0382363,0.9149886,0.92128146,0.9291762,0.80274594,0.75663614,0.97757435,0.94977117,0.92245424,0.90394735,0.8107933,0.031450815,0.038173754,0.045786202,0.054203294,0.10432989,0.015286049,0.009171353,0.00621161,0.004895676,0.005343335,0.59056354,0.5291131,0.64417994,0.6322308,0.80003166,-0.008146447,0.008957774,0.018535493,0.025065353,0.031578347,1.0848774,1.0848774,1.0848774,1.0848774,1.0848774,0.9169077,0.8787487,0.8412384,0.77931035,0.6451065,1.0043707,0.9662242,0.9554004,0.94254,0.92210525,0.95453084,0.9257894,0.87686497,0.85894734,0.7106407,0.8,0.9,0.95,0.96666664,0.98333335,0.49468622,0.5882311,0.65162647,0.7222299,0.80699635,1.0,1.0,1.0,1.0,1.0,0.2,0.5,0.15,0.033333335,0.25,0.8,0.5,0.85,0.96666664,0.75,0.8663036,0.88664824,0.52314174,0.6394777,0.81634396,0.6167596,0.3964625,0.5974871,0.63164777,0.4929097,0.6,0.5,0.45,0.53333336,0.48333332,0.4,0.5,0.55,0.46666667,0.51666665,0.2,0.0,-0.1,0.06666667,-0.033333335,0.80932575,0.6742656,0.5687931,0.6309235,0.5964276,0.19067422,0.32573438,0.43120688,0.3690765,0.40357238,0.61865157,0.34853125,0.1375862,0.26184705,0.19285524,0.8321287,0.7104597,0.75173634,0.7098111,0.5510762,0.17136544,0.17745793,0.20119756,0.19160303,0.23025355,1.0909684,1.130317,1.1384298,1.126559,1.2264075,0.8125054,0.518718,0.5575306,0.5347658,0.5410074,0.18749459,0.48128197,0.44246942,0.46523425,0.4589926,0.62501085,0.037436053,0.11506117,0.069531515,0.08201478
SZ002241,-0.05729950566676817,0.125,,2026-05-29,-0.041785743,0.064642906,-0.64640874,0.01392861,0.21547005,0.008928556,0.13812119,-0.046785798,-0.7237576,1.043608,1.058144,0.99068207,1.0148561,0.9459548,0.9374498,0.9026567,0.90635246,0.97852105,1.0102091,0.9755289,0.95561796,0.93922246,0.91215724,0.043414656,0.047608726,0.040456973,0.04093555,0.050061498,0.015395546,0.011800787,0.0049359333,0.003714666,0.0014328804,0.31438187,0.5631969,0.52097857,0.6381753,0.2498688,-0.041000202,-0.028632438,-0.0025093388,0.0069149095,0.04557276,1.079928,1.079928,1.079928,1.079928,1.079928,0.9193172,0.89932317,0.8815625,0.8815625,0.8086506,1.0472136,1.0175388,0.9739346,0.95284224,0.93885696,0.98867446,0.94033533,0.92759633,0.9059102,0.87038726,0.4,0.7,0.85,0.9,0.95,0.5023497,0.55744255,0.59706694,0.59706694,0.7053643,0.8,0.9,0.95,0.96666664,0.98333335,0.4,0.5,0.05,0.36666667,0.33333334,0.4,0.4,0.9,0.6,0.65,0.9385728,0.86370873,0.8884087,0.89342904,0.70959806,0.78507257,0.58081186,0.6490006,0.6713671,0.4471811,0.6,0.5,0.55,0.53333336,0.5,0.4,0.5,0.4,0.43333334,0.48333332,0.2,0.0,0.15,0.1,0.016666668,0.6674972,0.6335071,0.6285586,0.59031254,0.51091826,0.33250278,0.36649296,0.37144142,0.40968743,0.48908174,0.33499444,0.26701412,0.25711715,0.18062513,0.021836532,1.0259382,0.78310585,0.6270911,0.5415009,0.40949807,0.4995935,0.42871466,0.34545526,0.31122574,0.26278722,0.8346262,1.1241646,1.2759392,1.3425795,1.4085004,0.5987695,0.5737633,0.57466227,0.573745,0.5427652,0.40123054,0.4262367,0.42533773,0.42625502,0.45723477,0.19753893,0.14752664,0.14932452,0.14749,0.085530445
SZ000876,-0.05794789411833581,0.0,,2026-05-29,0.011538506,0.016666658,0.6923107,0.0,0.0,0.005128152,0.3076893,0.016666658,1.0,0.9885931,1.0,0.9835234,0.99270034,1.027855,1.0607938,1.0988162,1.1318245,1.1001393,1.0065738,1.0236838,1.0595473,1.0752228,1.078815,0.012898299,0.021342484,0.04140712,0.0414526,0.038558107,-0.006963785,-0.0067211054,-0.006822835,-0.0042952397,-0.0010145789,0.7287287,0.9090816,0.9502717,0.8320951,0.21117379,0.0073537594,0.0065611545,0.0052696145,-0.012941834,-0.048884887,1.0316572,1.0608356,1.1266986,1.1406544,1.1457098,0.9835234,0.9835234,0.9835234,0.9835234,0.9835234,1.0164485,1.042298,1.1051531,1.1072284,1.1153203,0.9977159,1.0060724,1.0202507,1.031922,1.0428412,0.4,0.2,0.1,0.06666667,0.033333335,0.3423077,0.21311699,0.11507965,0.10485864,0.10159024,0.2,0.2,0.05,0.06666667,0.16666667,1.0,1.0,1.0,1.0,1.0,-0.8,-0.8,-0.95,-0.93333334,-0.8333333,0.68056816,-0.26933706,0.75689083,0.7449359,0.7303901,0.6496167,0.3982876,0.37455544,0.44912457,0.46722594,0.2,0.2,0.3,0.26666668,0.41666666,0.8,0.8,0.6,0.6,0.5,-0.6,-0.6,-0.3,-0.33333334,-0.083333336,0.2252751,0.22108614,0.25338894,0.2615268,0.42210183,0.7747249,0.77891386,0.74661106,0.7384732,0.5778982,-0.5494498,-0.5578277,-0.4932221,-0.4769464,-0.15579636,1.0645947,0.9975914,1.3113004,1.4387188,1.5642359,0.11602578,0.12028852,0.4308496,0.5087312,0.66233015,0.42238712,0.40937737,0.6696364,0.7767349,1.6006176,0.57795185,0.3534444,0.4223453,0.35268426,0.49122584,0.42204815,0.6465556,0.5776547,0.64731574,0.50877416,0.15590373,-0.29311118,-0.15530941,-0.29463148,-0.017548304
SZ000999,-0.059133719526629616,0.0,,2026-05-29,0.029040396,0.040824894,0.71134037,0.0037878721,0.09278339,0.007996626,0.19587623,0.03324915,0.8144332,0.97177917,1.003681,0.9640082,0.99146605,0.9752278,0.9947794,1.0414578,1.094073,1.1638858,0.9768861,0.9804791,1.0013205,1.0296584,1.0893626,0.014010573,0.011184903,0.024372665,0.047683068,0.07274883,0.005282004,-0.0007326873,-0.0037086778,-0.0051705632,-0.004070309,0.3553249,0.03933547,0.81040144,0.9112741,0.9547783,0.012549906,0.022818,0.033911914,0.045314703,0.030711489,1.003681,1.003681,1.0494448,1.1203951,1.2165741,0.9580612,0.9580612,0.9580612,0.9580612,0.9580612,0.98304844,0.98716354,1.0266148,1.0893439,1.1637015,0.9660149,0.972075,0.97809404,0.98313034,1.0146791,1.0,1.0,0.55,0.36666667,0.18333334,0.9193118,0.9193118,0.45893124,0.258349,0.162231,1.0,1.0,0.1,0.06666667,0.083333336,0.6,0.8,0.9,0.93333334,0.96666664,0.4,0.2,-0.8,-0.8666667,-0.8833333,0.7739275,0.24075979,0.58535576,0.40257108,0.47525272,0.74034786,0.6587195,0.5104325,-0.03373142,0.16400236,0.4,0.3,0.2,0.23333333,0.31666666,0.6,0.7,0.8,0.76666665,0.68333334,-0.2,-0.4,-0.6,-0.53333336,-0.36666667,0.6800588,0.5224274,0.37881503,0.3364189,0.37198156,0.3199412,0.4775726,0.62118495,0.6635811,0.62801844,0.3601176,0.044854794,-0.24236995,-0.32716218,-0.25603688,0.60780734,0.49134436,0.57875806,0.67908925,0.766229,0.25548556,0.21336213,0.1927048,0.35061377,0.31642768,1.2671944,1.385144,1.3763655,1.9431922,1.4486638,0.7580009,0.61323255,0.47990936,0.5298715,0.50061804,0.24199907,0.38676745,0.52009064,0.4701285,0.49938196,0.5160019,0.2264651,-0.04018128,0.059743006,0.0012360886
SH600519,-0.05977054878097644,0.125,,2026-05-29,0.043601464,0.046434704,0.9389844,0.0023610352,0.05084635,0.00047220706,0.01016927,0.041712634,0.8983073,0.9582202,1.0022624,0.9577677,0.98978394,0.97300166,1.0052413,1.0595782,1.0911766,1.086056,0.9749989,0.9824846,1.0055747,1.028746,1.0541755,0.016497325,0.015196756,0.028112387,0.041833658,0.041598737,0.0062472043,-0.002232425,-0.004388774,-0.00450928,-0.0016712976,0.35849598,0.19781688,0.85301954,0.90046,0.49231958,0.01250671,0.027561309,0.036118682,0.036638547,-0.0048722434,1.0022624,1.01258,1.0631602,1.1141856,1.1297666,0.9427603,0.9427603,0.9427603,0.9427603,0.9427603,0.98612374,0.99793434,1.0342672,1.0631816,1.0958438,0.9618859,0.9682511,0.9807241,0.9911016,1.013353,1.0,1.0,0.5,0.33333334,0.16666667,0.96197796,0.8198219,0.47541326,0.33390483,0.3060845,1.0,0.1,0.05,0.06666667,0.18333334,0.6,0.8,0.9,0.93333334,0.96666664,0.4,-0.7,-0.85,-0.8666667,-0.78333336,0.86791337,0.23265415,-0.23640485,-0.36513495,-0.47121418,0.9342007,0.78455454,0.511634,-0.090844065,0.012746381,0.4,0.3,0.2,0.33333334,0.4,0.6,0.7,0.8,0.6666667,0.6,-0.2,-0.4,-0.6,-0.33333334,-0.2,0.6449647,0.47941723,0.3386156,0.36229318,0.42995664,0.35503528,0.5205828,0.6613844,0.6377068,0.5700434,0.28992942,-0.04116553,-0.3227688,-0.27541366,-0.14008671,0.7776878,0.6875287,0.6625291,0.63388556,0.52957004,0.24198538,0.19142388,0.15850006,0.2209818,0.21323368,0.8998969,1.1681617,1.3090286,1.43123,1.484675,0.6271357,0.56285983,0.59459305,0.5541866,0.52656597,0.37286434,0.43714014,0.40540698,0.44581342,0.473434,0.25427133,0.12571973,0.18918605,0.10837319,0.053131983
SH601628,-0.061078575157468444,0.0,,2026-05-29,0.016221156,0.023430536,0.69230837,0.0072093797,0.30769163,0.0,0.0,0.009011776,0.38461673,0.98403776,1.0070943,0.98403776,0.9955078,0.99978024,1.0452647,1.0828389,1.1166776,1.2887276,0.99507797,1.0056251,1.0468578,1.0645938,1.1210136,0.0063960464,0.0144642275,0.046264254,0.045941222,0.08669651,-0.0012085194,-0.004245485,-0.007088419,-0.004624244,-0.004428169,0.08925326,0.78972447,0.8216288,0.78519607,0.795692,0.0073390584,0.0134795755,0.020482179,0.0024577156,0.009617327,1.0198128,1.0447271,1.1444703,1.1444703,1.3282748,0.97077733,0.97077733,0.97077733,0.97077733,0.97077733,1.0,1.022105,1.0879366,1.1072731,1.2405624,0.9887937,0.9971434,0.9999561,1.0052735,1.0621841,0.9,0.55,0.275,0.18333334,0.09166667,0.595949,0.39516896,0.1682432,0.1682432,0.081742294,0.4,0.4,0.1,0.4,0.016666668,0.8,0.9,0.95,0.96666664,0.98333335,-0.4,-0.5,-0.85,-0.56666666,-0.96666664,0.17591457,-0.65250283,0.51128787,-0.14850754,-0.35056785,0.42090538,0.08169162,0.24379173,0.22320318,0.12869044,0.4,0.2,0.3,0.26666668,0.33333334,0.6,0.8,0.7,0.73333335,0.6666667,-0.2,-0.6,-0.4,-0.46666667,-0.33333334,0.50420207,0.18404955,0.28844038,0.2631579,0.31617233,0.49579793,0.81595045,0.71155965,0.7368421,0.68382764,0.008404148,-0.6319009,-0.42311928,-0.47368416,-0.3676553,0.8856396,0.73368126,0.9447702,0.7565861,0.62720877,0.19495542,0.245046,0.41051447,0.4295241,0.35468847,1.155015,0.97706556,1.2304087,1.4741567,1.4240168,0.7083114,0.5594615,0.5357817,0.53390723,0.51434743,0.29168865,0.44053856,0.46421835,0.46609274,0.48565257,0.41662273,0.118922904,0.07156333,0.06781453,0.028694838
SZ002475,-0.0614967117983922,0.25,,2026-05-29,-0.048181828,0.084675275,-0.5690189,0.010389562,0.12269888,0.026103882,0.30828223,-0.032467507,-0.38343552,1.0506208,1.0615363,0.9725747,1.0133076,0.9878568,1.0096886,0.95347196,0.80692977,0.6700762,0.99557924,0.9830397,0.98703784,0.95552397,0.8190863,0.015704451,0.02567008,0.046652038,0.0679296,0.14932497,-0.0033703106,0.0024767828,0.0017595817,0.0053955344,0.007970039,0.11514214,0.08533611,0.049790405,0.48893654,0.868872,0.011161356,0.005814797,-0.0037538658,-0.033759207,-0.05420246,1.0615363,1.0615363,1.1158402,1.1158402,1.1158402,0.9458311,0.921952,0.9044873,0.7913769,0.60813254,1.0038478,0.9957416,1.0211494,1.0019377,0.9831634,0.9861917,0.97265685,0.9461577,0.911449,0.67086965,0.8,0.9,0.7,0.8,0.9,0.46816275,0.5591458,0.45191097,0.6429791,0.7718368,1.0,1.0,0.4,0.6,0.8,0.8,0.4,0.2,0.06666667,0.26666668,0.2,0.6,0.2,0.53333336,0.53333336,0.6009562,0.17616642,0.33150762,0.070584446,0.612353,0.48390147,0.06804509,0.21614738,0.51613444,0.5839267,0.6,0.4,0.5,0.5,0.51666665,0.4,0.6,0.5,0.5,0.48333332,0.2,-0.2,0.0,0.0,0.033333335,0.5625862,0.4800207,0.5426789,0.61589,0.62481964,0.4374138,0.5199793,0.45732108,0.38411,0.3751804,0.12517239,-0.039958574,0.08535784,0.23178002,0.24963924,0.72054094,0.7007686,0.7469085,0.8045368,0.68385863,0.18004164,0.13514005,0.12747158,0.20015295,0.27434468,0.5963206,0.7334603,0.7914217,1.2030647,1.3147174,0.6931193,0.60209316,0.5403497,0.5088493,0.52569455,0.30688074,0.39790687,0.45965025,0.49115068,0.47430542,0.38623852,0.20418629,0.08069949,0.017698668,0.051389147
SZ300394,-0.06225784923511515,0.25,,2026-05-29,-0.025267605,0.08646683,-0.29222313,0.054346975,0.6285298,0.006852244,0.07924709,-0.07276234,-0.8415058,1.0259227,1.0816784,0.9929701,1.0332108,0.8183207,0.8787121,0.68058,0.7597536,0.76889336,0.9379962,0.8680861,0.8112112,0.7952326,0.75288284,0.055416573,0.08641236,0.09803558,0.08799917,0.079924546,0.03464452,0.024034422,0.0144253895,0.0060351184,0.003024959,0.9770793,0.70913196,0.75780195,0.3645156,0.43689638,-0.007285234,0.023759,0.051747553,0.117258176,0.15788087,1.0816784,1.0816784,1.0816784,1.0816784,1.0816784,0.7943312,0.73809224,0.670035,0.670035,0.6088968,0.98657376,0.949912,0.88168657,0.8632459,0.8191997,0.88918614,0.79568917,0.7200612,0.7157592,0.6927234,1.0,1.0,1.0,1.0,1.0,0.7157501,0.7622768,0.8015797,0.8015797,0.8272386,1.0,1.0,1.0,1.0,1.0,0.2,0.4,0.2,0.46666667,0.18333334,0.8,0.6,0.8,0.53333336,0.81666666,0.49830952,0.4875868,0.5551102,0.5424855,0.59113085,-0.4556172,0.47847682,0.40096954,0.26270956,0.21662617,1.0,0.6,0.7,0.56666666,0.51666665,0.0,0.4,0.3,0.43333334,0.48333332,1.0,0.2,0.4,0.13333334,0.033333335,1.0,0.652708,0.7579652,0.61888945,0.56376624,0.0,0.34729198,0.24203481,0.38111052,0.43623373,1.0,0.30541602,0.5159304,0.23777893,0.12753253,0.8515889,0.8317982,0.8241072,0.8011738,0.6941878,0.08981256,0.10384752,0.20836367,0.18681136,0.19309145,0.47870597,0.6288896,0.8759087,0.7619025,0.84962195,0.5697456,0.45784602,0.5738383,0.53429013,0.50739974,0.43025443,0.54215395,0.4261617,0.46570987,0.49260026,0.13949116,-0.08430795,0.14767659,0.06858027,0.014799462
SH600760,-0.06261525511974557,0.0,,2026-05-29,0.0053801173,0.03204679,0.16788319,0.008654957,0.2700725,0.018011717,0.5620443,0.014736877,0.459855,0.9946487,1.0086087,0.9767333,0.99508655,1.0509433,1.0937226,1.1113187,1.1885521,1.3402749,1.0043217,1.0364697,1.077486,1.1014974,1.1364547,0.011948873,0.036254913,0.05187048,0.05606909,0.071503125,-0.0058276774,-0.011435228,-0.007288407,-0.0056406837,-0.003178685,0.59467155,0.91194254,0.69102347,0.7843649,0.60276043,0.007333614,0.014988831,-0.008246168,-0.019707546,-0.04268351,1.0511867,1.1016073,1.1788446,1.204513,1.3379709,0.9767333,0.9767333,0.9767333,0.9767333,0.9767333,1.0120013,1.0660808,1.1191734,1.1522993,1.1782436,0.99582124,0.9993035,1.0200545,1.0592638,1.0932152,0.6,0.3,0.15,0.1,0.05,0.31249967,0.18632117,0.1151181,0.102145456,0.0644082,0.2,0.1,0.35,0.033333335,0.016666668,1.0,1.0,1.0,1.0,1.0,-0.8,-0.9,-0.65,-0.96666664,-0.98333335,0.8261465,-0.091701,0.65425915,0.43508503,0.33386907,-0.07959794,-0.5106967,0.27757445,0.32256484,0.3735394,0.4,0.4,0.35,0.3,0.33333334,0.6,0.6,0.65,0.7,0.6666667,-0.2,-0.2,-0.3,-0.4,-0.33333334,0.10735888,0.14673176,0.32139412,0.2729393,0.33337852,0.8926411,0.8532682,0.6786059,0.72706074,0.6666215,-0.78528225,-0.7065365,-0.3572118,-0.4541214,-0.33324298,0.9607638,0.92344594,1.1870291,1.1357449,1.1172074,0.270663,0.21456677,0.48120877,0.40908027,0.439979,0.99634254,0.88652134,0.9682241,1.0170469,1.2598687,0.5274054,0.51515025,0.5134831,0.4760397,0.4414321,0.47259465,0.48484975,0.4865169,0.5239603,0.55856794,0.054810733,0.030300476,0.02696621,-0.047920562,-0.11713582
SH603288,-0.06348246297469619,0.125,,2026-05-29,0.017852074,0.038254414,0.46666703,0.012184745,0.31851867,0.008217595,0.2148143,0.013884923,0.36296263,0.98246104,1.011971,0.9743876,0.99841315,0.9824723,1.0247861,1.0929953,1.1350237,0.9924881,0.99299526,0.9950523,1.0285008,1.057776,1.0689672,0.0068350015,0.010416499,0.037790354,0.05270737,0.056544725,0.00055467506,-0.0015780565,-0.0060392017,-0.0058446126,-0.0005798769,0.01646418,0.2103841,0.8938511,0.9529507,0.03207652,0.005895396,0.012048966,0.028871635,0.026970878,-0.05186087,1.0119866,1.0297835,1.1077573,1.1525741,1.1818073,0.9724435,0.9710579,0.9710579,0.9710579,0.9710579,0.99845326,1.0015024,1.065477,1.1098067,1.1321964,0.9900539,0.9835879,0.9923803,0.99872583,1.0097432,1.0,0.8,0.4,0.26666668,0.15,0.69687265,0.49283615,0.21172081,0.15944648,0.13732947,0.6,0.2,0.05,0.06666667,0.38333333,0.2,0.5,0.75,0.8333333,0.9166667,0.4,-0.3,-0.7,-0.76666665,-0.53333336,0.79829764,-0.07425509,0.0553691,-0.4002649,0.15027104,0.9009163,0.7567083,0.6358566,0.16465756,0.44086704,0.6,0.3,0.25,0.3,0.41666666,0.4,0.7,0.75,0.7,0.56666666,0.2,-0.4,-0.5,-0.4,-0.15,0.67600274,0.36545053,0.22067747,0.25483412,0.505259,0.32399723,0.6345495,0.7793225,0.7451659,0.49474102,0.35200554,-0.26909897,-0.55864507,-0.49033174,0.010517928,0.7027812,0.5968734,0.5829372,0.539615,0.62491137,0.19320409,0.17250717,0.14351636,0.13888997,0.27404997,0.8485819,0.86086124,0.91281533,0.85746497,1.9845519,0.7113276,0.6984448,0.60810196,0.5754149,0.52463335,0.28867242,0.30155522,0.391898,0.4245851,0.47536662,0.4226552,0.3968896,0.21620397,0.15082979,0.049266733
SH600028,-0.06492725849003905,0.125,,2026-05-29,0.010416716,0.01666665,0.6250036,0.002083248,0.124995,0.0041666864,0.25000143,0.012500155,0.75001,0.98969066,1.0020617,0.9855669,0.9936084,1.0226551,1.0575441,1.1028545,1.1916629,1.4657906,1.001178,1.0234255,1.053149,1.079429,1.1833861,0.008812829,0.02631821,0.038463168,0.050903637,0.13352628,-0.004168542,-0.008394771,-0.006365255,-0.005687132,-0.0072137793,0.5593423,0.93264526,0.9585386,0.9673656,0.89020896,0.0071590478,0.0143510485,0.0073208977,0.0030343716,0.02942034,1.0289332,1.0618715,1.1338462,1.1895789,1.6719754,0.9753026,0.9753026,0.9753026,0.9753026,0.9753026,1.0061622,1.0524694,1.0782056,1.1218848,1.266878,0.99501586,0.9991844,1.012415,1.0342546,1.0648844,0.6,0.3,0.15,0.1,0.05,0.4605101,0.28529224,0.15577705,0.11525983,0.035450574,0.2,0.1,0.05,0.033333335,0.033333335,0.6,0.8,0.9,0.93333334,0.96666664,-0.4,-0.7,-0.85,-0.9,-0.93333334,-0.68366426,-0.85100865,0.32680386,-0.17401327,0.56659424,-0.05320729,-0.35756436,0.21855564,0.16412207,0.40793297,0.2,0.2,0.15,0.16666667,0.23333333,0.8,0.8,0.85,0.8333333,0.75,-0.6,-0.6,-0.7,-0.6666667,-0.51666665,0.2159096,0.13714334,0.16519225,0.117540754,0.27376753,0.7840904,0.8628566,0.83480775,0.8824592,0.72623247,-0.5681808,-0.7257133,-0.6696155,-0.7649185,-0.4524649,0.91311,0.7763457,0.93128425,0.8590768,1.0348086,0.19679935,0.21291,0.38052878,0.34286153,0.77973735,0.37902132,0.6113215,0.9654496,0.90628904,2.7812173,0.5931263,0.5428009,0.49656832,0.5406515,0.4361002,0.4068737,0.45719907,0.5034317,0.4593485,0.56389976,0.18625261,0.08560186,-0.006863376,0.08130302,-0.12779954
SH601169,-0.06676300935176735,0.0,,2026-05-29,0.015968028,0.0259481,0.6153833,0.003992007,0.15384583,0.005988065,0.23077086,0.017964086,0.69230837,0.984283,1.0039293,0.97838897,0.99332166,1.0019937,1.027512,1.0410687,1.066587,1.066587,0.99561405,1.0024722,1.0185806,1.035194,1.0514953,0.0069634053,0.009344883,0.017973304,0.02861938,0.027073236,-0.0015948939,-0.0026920007,-0.0029241794,-0.0031152822,-0.001188406,0.13114756,0.76070106,0.9264463,0.9182818,0.58769125,0.0075757434,0.009641873,0.009199115,0.009977499,-0.016437279,1.0078586,1.0273361,1.0469614,1.0844716,1.0904237,0.97838897,0.97838897,0.97838897,0.97838897,0.97838897,1.0,1.0103669,1.0350877,1.0669857,1.0745615,0.99202555,0.99880385,1.0,1.0051835,1.0314993,0.8,0.4,0.2,0.13333334,0.06666667,0.73333114,0.4415172,0.31515583,0.2037187,0.19289558,0.2,0.1,0.05,0.3,0.18333334,1.0,1.0,1.0,1.0,1.0,-0.8,-0.9,-0.95,-0.7,-0.81666666,0.07231478,-0.28021386,0.2868788,0.053497948,0.13568391,0.90376204,0.69982797,0.1627202,-0.24330217,-0.22950038,0.2,0.1,0.05,0.2,0.33333334,0.6,0.8,0.65,0.6,0.53333336,-0.4,-0.7,-0.6,-0.4,-0.2,0.4705873,0.26845616,0.21857876,0.2997601,0.41773394,0.5294127,0.73154384,0.78142124,0.7002399,0.5822661,-0.0588254,-0.46308765,-0.5628425,-0.4004798,-0.16453214,0.67809105,0.6062969,0.6540603,0.7150833,0.75287426,0.18557584,0.15113088,0.17578425,0.43447676,0.3620705,1.1752949,1.1644834,1.5006618,2.9386384,2.203326,1.0,0.76620746,0.27935928,0.52492785,0.49855962,0.0,0.23379254,0.7206407,0.47507218,0.50144035,1.0,0.5324149,-0.44128144,0.049855676,-0.0028807481
SH688041,-0.0672259879535362,0.25,,2026-05-29,-0.08098815,0.09903066,-0.8178088,0.008630394,0.08714871,0.009412117,0.09504246,-0.080206424,-0.80991507,1.0881252,1.0975162,0.98975843,1.0304804,1.0629302,1.0309905,0.9833181,0.8464721,0.8810905,1.0860001,1.0709932,1.0899502,1.0297065,0.90333474,0.06041391,0.044794045,0.0697406,0.108033635,0.15124558,-0.033462178,0.0010077413,-0.0014764823,0.008189224,0.0071046012,0.7669633,0.004639476,0.015687479,0.44531694,0.67299825,-0.019075736,-0.07552797,-0.0759236,-0.14845026,-0.11292046,1.1738493,1.1738493,1.2208103,1.2208103,1.2208103,0.98975843,0.98975843,0.92229646,0.8438355,0.6906514,1.1295358,1.0866511,1.164222,1.1295358,1.0642661,1.0556878,1.0422609,1.0326722,0.8951141,0.75635576,0.2,0.1,0.1,0.36666667,0.68333334,0.055633176,0.055633176,0.26030126,0.4142571,0.58350164,0.4,0.7,0.35,0.56666666,0.78333336,1.0,1.0,0.05,0.06666667,0.26666668,-0.6,-0.3,0.3,0.5,0.51666665,0.67656505,0.54738265,0.41900557,0.72963876,0.8526919,0.43216288,0.13960284,0.20766068,0.30090904,0.30345508,0.4,0.6,0.5,0.6,0.53333336,0.6,0.4,0.5,0.4,0.46666667,-0.2,0.2,0.0,0.2,0.06666667,0.37834293,0.45658365,0.5089474,0.5649753,0.53355914,0.6216571,0.5434163,0.4910526,0.43502468,0.46644086,-0.24331416,-0.086832695,0.017894782,0.12995063,0.067118295,1.0800495,1.0308828,1.0821294,0.98227704,0.7326309,0.15999284,0.15439533,0.1747795,0.24324924,0.3230463,0.54480386,0.7584779,1.0461041,1.1331644,1.3577949,0.5719659,0.41998836,0.5316555,0.52779144,0.518282,0.4280341,0.58001167,0.46834448,0.4722086,0.48171797,0.14393178,-0.16002329,0.06331103,0.055582836,0.036564033
SH600036,-0.06766249872706868,0.0,,2026-05-29,0.024528332,0.029919162,0.8198201,0.0008086077,0.027026417,0.0045822235,0.15315346,0.028301947,0.9459472,0.9760589,1.0007893,0.9715864,0.9912132,0.9739864,0.9905442,1.0418408,1.029463,1.0173694,0.9790755,0.9793636,0.98938555,1.0077324,1.0219512,0.011821253,0.008498501,0.01259204,0.028458742,0.025523806,0.0059372634,0.00027621118,-0.0017020059,-0.0029959565,-0.001077905,0.6306459,0.009682987,0.6394373,0.8588974,0.54396373,0.009049965,0.019393409,0.026783494,0.035709016,0.0098469965,1.0007893,1.0007893,1.026586,1.0563122,1.0618314,0.96767074,0.96767074,0.96767074,0.96767074,0.96767074,0.981267,0.9836857,0.9991071,1.0425794,1.0458342,0.9731423,0.9734589,0.9760642,0.9778175,0.9970131,1.0,1.0,0.9,0.6,0.3,0.97616893,0.97616893,0.54874074,0.3647194,0.3433414,1.0,1.0,0.05,0.06666667,0.18333334,0.6,0.8,0.9,0.93333334,0.96666664,0.4,0.2,-0.85,-0.8666667,-0.78333336,0.9440681,0.7016499,0.6844504,-0.26014954,-0.3866965,0.8804952,0.8720128,-0.38358727,-0.14373326,-0.11016294,0.6,0.3,0.2,0.3,0.4,0.2,0.6,0.75,0.6,0.53333336,0.4,-0.3,-0.55,-0.3,-0.13333334,0.93020153,0.6010408,0.29002035,0.40902278,0.4779518,0.06979848,0.39895922,0.70997965,0.59097725,0.5220482,0.86040306,0.20208155,-0.4199593,-0.18195447,-0.044096395,0.6254638,0.5506565,0.6375707,0.5707512,0.5051784,0.2232507,0.16934957,0.2843064,0.25754672,0.21341468,1.8547747,2.0167084,2.2208066,2.1574214,1.7597222,0.900274,0.8022255,0.57272446,0.56674176,0.53329104,0.09972605,0.19777453,0.4272755,0.43325827,0.46670896,0.8005479,0.60445094,0.14544897,0.1334835,0.06658207
SZ000002,-0.06857643275574038,0.0,,2026-05-29,0.066066116,0.09309316,0.70967746,0.02702704,0.29032254,0.0,0.0,0.03903907,0.41935495,0.93802816,1.0253521,0.93802816,1.0062708,0.9746531,1.0647856,1.0563366,1.1323929,1.3380203,0.9616898,0.9856321,1.0505612,1.0631909,1.1343642,0.029113399,0.038564317,0.07436805,0.06464588,0.10910089,0.0011254988,-0.0094404705,-0.011091628,-0.0052822633,-0.005491496,0.0037363216,0.54932255,0.7785487,0.5174401,0.77272433,0.036059227,0.05685001,0.054809276,0.013401858,0.027634883,1.0253521,1.0676031,1.1718352,1.1718352,1.3464808,0.9183022,0.9183022,0.9183022,0.9183022,0.9183022,0.98648167,1.0185846,1.1245081,1.1188653,1.2743663,0.9368948,0.951551,0.9768979,0.9966204,1.0563366,1.0,0.7,0.35,0.23333333,0.11666667,0.76317483,0.5472022,0.32223743,0.32223743,0.19080313,1.0,0.1,0.35,0.56666666,0.016666668,0.6,0.8,0.9,0.93333334,0.96666664,0.4,-0.7,-0.55,-0.36666667,-0.95,0.57370365,0.08149131,0.16553941,-0.05310615,-0.12761652,0.86754155,0.6410716,0.6251521,0.58091027,0.37546176,0.4,0.3,0.45,0.33333334,0.38333333,0.6,0.7,0.55,0.6333333,0.56666666,-0.2,-0.4,-0.1,-0.3,-0.18333334,0.5999756,0.3614483,0.4358993,0.37433046,0.34456798,0.40002444,0.6385517,0.56410074,0.62566954,0.655432,0.19995113,-0.27710342,-0.12820143,-0.2513391,-0.31086403,0.41572586,0.3388245,0.3317093,0.28628105,0.2634334,0.32898092,0.2369202,0.16984011,0.1534011,0.12422288,1.7085705,1.8079787,1.7103435,1.9804153,1.8347853,0.9423336,0.788756,0.7019934,0.61908144,0.5760557,0.057666425,0.21124397,0.2980066,0.38091856,0.4239443,0.88466716,0.5775121,0.4039868,0.23816288,0.15211143
SZ000625,-0.06963036114177991,0.125,,2026-05-29,0.0012642824,0.034133963,0.037038837,0.015170602,0.44444302,0.01769908,0.51851815,0.0037927597,0.11111396,0.99873734,1.0151515,0.98106056,0.99941075,1.065583,1.1199512,1.2285249,1.2764729,1.3736691,1.0247054,1.0504673,1.11013,1.1598103,1.2363036,0.028082287,0.033742324,0.06935665,0.09127668,0.10607597,-0.016911823,-0.010608154,-0.011630886,-0.010236413,-0.005720707,0.906684,0.90602684,0.98427725,0.9747149,0.887085,0.009118288,-0.0027305493,0.00036343036,-0.011382345,-0.06754276,1.0795126,1.1186398,1.2259301,1.3042378,1.4166496,0.98106056,0.98106056,0.98106056,0.98106056,0.98106056,1.0499634,1.0739862,1.1757497,1.2585453,1.344624,0.998976,1.0181389,1.0560098,1.0686387,1.1428688,0.4,0.2,0.1,0.06666667,0.033333335,0.19237195,0.13766193,0.07734493,0.0586038,0.043480013,0.4,0.2,0.05,0.06666667,0.016666668,1.0,1.0,1.0,1.0,1.0,-0.6,-0.8,-0.95,-0.93333334,-0.98333335,-0.77147853,-0.39205796,-0.6119472,-0.5598854,-0.67158556,0.12594172,-0.029764146,-0.12989852,0.3032745,0.21018144,0.2,0.2,0.15,0.2,0.33333334,0.8,0.8,0.85,0.8,0.65,-0.6,-0.6,-0.7,-0.6,-0.31666666,0.067525044,0.047794294,0.03133349,0.08390429,0.20442289,0.932475,0.9522057,0.9686665,0.91609573,0.7955771,-0.8649499,-0.90441144,-0.93733305,-0.8321914,-0.5911542,0.7926112,0.76674235,0.69494945,0.64301866,0.50891,0.19421017,0.15488216,0.14584711,0.17537603,0.19902779,0.762431,0.91370124,0.9075088,0.96595687,1.120545,0.8091565,0.61588556,0.6390889,0.595099,0.5301627,0.19084355,0.3841144,0.3609111,0.40490106,0.46983734,0.6183129,0.23177116,0.27817783,0.19019789,0.06032535
SH600050,-0.07213663903178132,0.0,,2026-05-29,0.0023041419,0.013824937,0.16666563,0.009216653,0.6666687,0.0023041419,0.16666563,-0.0046083694,-0.33333746,0.99770117,1.0091954,0.99540234,1.0021075,1.0249376,1.0710723,1.0411471,1.0523691,1.1334164,1.0107232,1.0483791,1.0528055,1.0511638,1.067498,0.01214032,0.0525627,0.04026624,0.033618007,0.04811908,-0.0072319256,-0.015975218,-0.0018553262,-0.00044355265,-0.001500001,0.88713086,0.84673935,0.07430644,0.013491122,0.2963796,0.0037406401,0.023509404,-0.03517992,-0.044732276,-0.023247924,1.0293368,1.1752009,1.1752009,1.1752009,1.1773328,0.9908046,0.9908046,0.9908046,0.9908046,0.9908046,1.0229427,1.098005,1.0857856,1.0738155,1.132419,1.0,1.0049876,1.0224439,1.0249376,1.0274315,0.3,0.15,0.075,0.05,0.025,0.23864152,0.049867485,0.049867485,0.049867485,0.049297538,0.4,0.2,0.6,0.73333335,0.15,0.8,0.9,0.95,0.96666664,0.98333335,-0.4,-0.7,-0.35,-0.23333333,-0.8333333,0.08003546,0.86834836,0.75790775,0.6132272,0.3529472,-0.60252506,0.63901114,0.6365714,0.45386222,0.23723602,0.0,0.2,0.35,0.4,0.4,0.6,0.6,0.55,0.5,0.48333332,-0.6,-0.4,-0.2,-0.1,-0.083333336,0.0,0.32727286,0.44169614,0.4410112,0.414673,1.0,0.67272717,0.55830383,0.5589888,0.58532697,-1.0,-0.34545428,-0.11660771,-0.1179776,-0.17065397,1.1331776,2.03084,1.8055744,1.5322654,1.3230747,0.2847221,1.1250687,0.9639533,0.9040727,0.77923805,1.6035156,1.350003,1.4054979,1.601847,1.805214,0.25503495,0.47568458,0.50460905,0.51235676,0.49432284,0.744965,0.5243154,0.49539095,0.48764324,0.50567716,-0.4899301,-0.04863082,0.009218071,0.024713488,-0.011354344
SH601857,-0.07223472142059571,0.0,,2026-05-29,0.00648146,0.025925906,0.24999934,0.00648146,0.24999934,0.012962987,0.5000013,0.012962987,0.5000013,0.99356025,1.0064397,0.98068076,0.99434304,1.0189356,1.0588536,1.1202661,1.0972364,1.0992836,0.99631524,1.0233368,1.0401996,1.052866,1.0895854,0.008135385,0.032251216,0.040425107,0.039567057,0.05190096,0.0011770809,-0.009379362,-0.0049126144,-0.0029621227,-0.00243416,0.052335512,0.77529293,0.5168816,0.43435046,0.6708839,0.0013305864,0.01887038,0.006470242,-0.009915144,-0.017777747,1.010948,1.0807277,1.1370384,1.1370384,1.2588829,0.97587144,0.97587144,0.97587144,0.97587144,0.97587144,1.0016377,1.0618219,1.0646878,1.0883316,1.1261003,0.9920164,0.993347,1.0065507,1.021392,1.0379734,0.8,0.4,0.2,0.13333334,0.06666667,0.68788266,0.23011087,0.14971156,0.14971156,0.08525645,0.4,0.1,0.05,0.36666667,0.033333335,0.6,0.8,0.9,0.93333334,0.96666664,-0.2,-0.7,-0.85,-0.56666666,-0.93333334,0.2855174,-0.44788375,-0.07418171,0.018454963,0.67746764,0.035588134,-0.2996751,-0.26618946,0.0002026103,0.28780848,0.4,0.5,0.45,0.43333334,0.46666667,0.4,0.4,0.5,0.53333336,0.51666665,0.0,0.1,-0.05,-0.1,-0.05,0.37414965,0.2846442,0.2984563,0.38124996,0.45914066,0.6258503,0.7153558,0.7015437,0.61875004,0.54085934,-0.2517007,-0.43071163,-0.40308738,-0.23750007,-0.08171866,0.8787096,0.84093416,0.935501,0.9133939,1.4485717,0.0945092,0.1422983,0.18742143,0.19774766,1.0287687,0.77058303,0.93387216,1.1721015,1.1862265,1.9691594,0.699197,0.44079003,0.50530785,0.5224785,0.42167544,0.30080298,0.55921,0.49469218,0.47752148,0.57832456,0.39839405,-0.11841997,0.0106156645,0.044957027,-0.15664913
SH600016,-0.07318453016919824,0.0,,2026-05-29,0.020115003,0.025862077,0.7777799,0.0,0.0,0.0057470743,0.22222014,0.025862077,1.0,0.98028165,1.0,0.9746479,0.989272,0.9915566,1.0168866,1.0507369,1.0478967,1.1126803,0.98929995,0.99493396,1.0154973,1.0273257,1.0534797,0.007817176,0.009271708,0.023130218,0.02538916,0.036420543,0.0005603386,-0.002150145,-0.0037448541,-0.002660001,-0.0019349309,0.012845213,0.49297777,0.91744167,0.8506848,0.8608707,0.009579381,0.014741694,0.020078758,0.011244293,0.0036008125,1.0000149,1.0168705,1.0535,1.0619507,1.1324222,0.9746479,0.9746479,0.9746479,0.9746479,0.9746479,0.9932453,1.0033927,1.0394534,1.0512894,1.0884709,0.98254526,0.9898679,0.9915566,0.9988793,1.0276021,1.0,0.7,0.35,0.23333333,0.11666667,0.99941087,0.6004386,0.3215144,0.29039297,0.16068597,0.6,0.1,0.05,0.2,0.15,1.0,1.0,1.0,1.0,1.0,-0.4,-0.9,-0.95,-0.8,-0.85,0.33966738,0.22952962,-0.02990447,-0.069057584,0.5444449,0.43269065,0.2115604,0.08963527,0.14583394,-0.14197901,0.2,0.2,0.15,0.2,0.26666668,0.4,0.6,0.6,0.53333336,0.56666666,-0.2,-0.4,-0.45,-0.33333334,-0.3,0.636139,0.3638621,0.24981107,0.31113848,0.37008855,0.363861,0.6361379,0.75018895,0.68886155,0.6299114,0.272278,-0.2722758,-0.50037783,-0.37772307,-0.2598229,0.6485123,0.64022386,0.63472927,0.6214242,0.76914966,0.24842173,0.20272955,0.17227732,0.16517521,0.28308028,1.4966702,1.2521638,1.28074,1.3941574,1.2562612,0.6697169,0.56807745,0.57398826,0.5469751,0.4757931,0.3302831,0.43192253,0.42601174,0.45302495,0.52420694,0.3394338,0.13615493,0.14797652,0.09395009,-0.048413843
SH600809,-0.07351927721577992,0.125,,2026-05-29,0.020034969,0.05406266,0.37058794,0.028462404,0.52647066,0.0055652857,0.102941394,-0.002862149,-0.052941326,0.98035854,1.0279033,0.9749026,1.0043396,0.99961644,1.0242465,1.0812247,1.0838748,1.2355492,0.99514145,1.0047436,1.0438396,1.0579917,1.1156167,0.009068992,0.013658357,0.04780952,0.04451376,0.07929873,-0.000913613,-0.0031706658,-0.0076070214,-0.0041399896,-0.004234028,0.02537152,0.49398696,0.88607115,0.6703655,0.86951053,0.006685805,0.009524443,0.028427111,0.0020381308,0.009287116,1.0279033,1.0512906,1.1453631,1.1453631,1.2860563,0.9703134,0.9703134,0.9703134,0.9703134,0.9703134,1.0023944,1.0143921,1.0994292,1.1009264,1.2154685,0.9865819,0.99716854,1.0018784,1.0097498,1.0444294,0.6,0.4,0.2,0.13333334,0.06666667,0.5154823,0.36660463,0.16958961,0.16958961,0.094021484,1.0,0.4,0.1,0.4,0.016666668,0.6,0.8,0.9,0.93333334,0.96666664,0.4,-0.4,-0.8,-0.53333336,-0.95,0.55941224,-0.282886,-0.0844953,-0.21844798,-0.5516565,0.8972618,0.7905306,0.7253559,0.68191284,0.42822573,0.6,0.4,0.4,0.4,0.36666667,0.4,0.6,0.6,0.6,0.6166667,0.2,-0.2,-0.2,-0.2,-0.25,0.5027921,0.3985409,0.3630986,0.40124267,0.3685235,0.4972079,0.6014591,0.63690144,0.5987573,0.6314765,0.0055842088,-0.20291816,-0.27380285,-0.19751464,-0.26295298,0.7093146,0.5649769,0.5468541,0.49364215,0.3992188,0.277067,0.24177524,0.17865634,0.19143812,0.17649269,0.6026064,0.82864434,0.725065,1.0297574,1.0460216,0.67500734,0.64452606,0.61336464,0.55223703,0.5476994,0.32499263,0.35547394,0.38663533,0.447763,0.45230064,0.35001475,0.28905216,0.22672933,0.10447403,0.09539875
SZ300999,-0.07386879449009486,0.0,,2026-05-29,0.02215429,0.04469063,0.4957256,0.015660811,0.35042715,0.0068755294,0.15384723,0.013369009,0.29914567,0.9783259,1.0153214,0.9715994,0.996513,0.96854424,1.0215801,1.020117,1.0523044,1.0749817,0.98858815,0.9896489,1.0190015,1.0255914,1.0564741,0.016514976,0.016672555,0.033459686,0.029572686,0.04835127,0.0055230414,-0.0009908915,-0.0048151654,-0.0024490363,-0.002251296,0.27960232,0.032378692,0.7248478,0.531509,0.6612251,0.0003657728,0.014810144,0.02674261,0.009919697,0.009939193,1.0271876,1.0271876,1.082245,1.082245,1.2447637,0.9596597,0.9596597,0.9596597,0.9596597,0.9596597,1.001902,1.0065106,1.0524507,1.0512801,1.0796635,0.9763716,0.9723482,0.98515,0.9993416,1.0215801,0.8,0.7,0.35,0.23333333,0.11666667,0.59738696,0.59738696,0.32907954,0.32907954,0.14149329,0.4,0.7,0.1,0.4,0.083333336,0.2,0.6,0.8,0.8666667,0.93333334,0.2,0.1,-0.7,-0.46666667,-0.85,0.83989644,0.3690214,0.19247647,0.00632283,0.6903239,0.63325155,0.4615469,0.50315523,0.5065865,0.6011467,0.6,0.4,0.5,0.4,0.43333334,0.4,0.6,0.5,0.6,0.56666666,0.2,-0.2,0.0,-0.2,-0.13333334,0.6666667,0.42992872,0.46143052,0.41772148,0.4560652,0.33333334,0.5700713,0.5385695,0.5822785,0.5439348,0.33333334,-0.14014257,-0.07713896,-0.16455701,-0.0878696,0.9241891,0.7537875,0.75761384,0.6896506,0.9432254,0.30777323,0.2790966,0.2490188,0.23011237,0.6735856,0.5671898,0.7854903,0.8237509,0.9947343,2.8119252,0.6582245,0.5842914,0.5685412,0.5475987,0.5039077,0.34177548,0.41570863,0.43145877,0.45240128,0.49609232,0.31644905,0.16858275,0.13708246,0.095197424,0.007815364
SZ000538,-0.07611110960458083,0.0,,2026-05-29,0.019391688,0.02551538,0.76,0.0034701047,0.13600051,0.0026535862,0.10399949,0.01857517,0.727999,0.9809772,1.0034041,0.97837406,0.9930177,0.9971959,1.0192262,1.0663593,1.0704408,1.0891113,0.9884272,0.9997203,1.022939,1.0377431,1.0614489,0.010196233,0.015215517,0.02789101,0.031534206,0.03443245,0.0018216999,-0.0038978944,-0.0045407517,-0.0034215702,-0.0017168121,0.079802066,0.6015866,0.92767334,0.91240734,0.75824493,0.007929361,0.017820273,0.02019819,0.01186973,-0.0108029265,1.0034041,1.0258323,1.0768952,1.0852212,1.1155546,0.9615559,0.9615559,0.9615559,0.9615559,0.9615559,0.9966377,1.0171388,1.0536674,1.063094,1.0921044,0.97805405,0.98810786,0.9969162,1.0030456,1.0336428,1.0,0.6,0.3,0.2,0.1,0.9186562,0.59810627,0.3333131,0.3108722,0.2496392,1.0,0.2,0.1,0.033333335,0.23333333,0.6,0.8,0.9,0.93333334,0.96666664,0.4,-0.6,-0.8,-0.9,-0.73333335,0.49269462,-0.5259619,0.15935908,-0.10681604,-0.13986975,0.71275204,0.43564835,0.35437432,0.2730669,-0.0114189945,0.4,0.3,0.2,0.26666668,0.4,0.6,0.7,0.7,0.6666667,0.55,-0.2,-0.4,-0.5,-0.4,-0.15,0.518139,0.4039932,0.2759154,0.3304843,0.39872807,0.48186097,0.5960068,0.72408456,0.6695157,0.6012719,0.036278043,-0.19201359,-0.44816917,-0.33903143,-0.20254385,0.6336368,0.4812652,0.51765877,0.4837247,0.46274054,0.24641675,0.23201086,0.19024527,0.170114,0.15906456,0.7039455,1.1501479,1.308273,1.2928659,1.4216275,0.8331051,0.7002309,0.5759872,0.5904555,0.5342102,0.16689493,0.29976913,0.4240128,0.40954453,0.46578982,0.6662102,0.40046173,0.1519744,0.18091092,0.06842036
SH600089,-0.07791389364784494,0.0,,2026-05-29,-0.021990795,0.029706713,-0.74026346,0.0030863674,0.10389461,0.004629551,0.15584192,-0.02044761,-0.68831617,1.0224853,1.0256411,0.9952664,1.0055865,1.026427,1.0619298,1.058778,1.0840259,1.2422088,1.0249306,1.0355414,1.0652655,1.0710186,1.1016172,0.017047586,0.02148265,0.0399713,0.035418615,0.07025126,-0.010019794,-0.0057639815,-0.0047530453,-0.0023929714,-0.0028546245,0.8636383,0.65990424,0.49489766,0.3537639,0.5036045,-0.0048909555,-0.009603452,-0.02011164,-0.036320474,-0.017405815,1.0646925,1.0796812,1.170416,1.170416,1.3128214,0.9952664,0.9952664,0.9952664,0.9952664,0.99487185,1.0319511,1.0534128,1.0960174,1.0973567,1.1473776,1.0176715,1.0220892,1.0267471,1.0425218,1.0518348,0.2,0.1,0.05,0.033333335,0.025,0.06818246,0.056075998,0.027026303,0.027026303,0.016128723,0.2,0.2,0.4,0.6,0.05,1.0,1.0,1.0,1.0,0.41666666,-0.8,-0.8,-0.6,-0.4,-0.36666667,0.18360889,-0.0024858431,0.8435984,0.8055346,0.8160501,0.8993054,0.012665047,0.5450392,0.63586235,0.44207293,0.4,0.4,0.5,0.46666667,0.41666666,0.6,0.6,0.5,0.53333336,0.5833333,-0.2,-0.2,0.0,-0.06666667,-0.16666667,0.31491518,0.29609415,0.42843226,0.42750207,0.41147825,0.6850848,0.7039058,0.5715677,0.5724979,0.5885217,-0.37016964,-0.40781167,-0.14313547,-0.14499585,-0.17704348,0.9915006,0.9890042,1.3805473,1.3689077,1.5723932,0.04439852,0.14160019,0.61929023,0.55016834,0.77705616,0.6997219,0.7449107,0.9713971,0.9282574,1.205783,0.7352897,0.37453476,0.48801932,0.48693126,0.45027873,0.2647103,0.6254653,0.5119807,0.51306874,0.54972124,0.47057942,-0.2509305,-0.023961382,-0.026137462,-0.099442534
SH603369,-0.07849276240757609,0.0,,2026-05-29,0.041237127,0.08762882,0.47058865,0.04570443,0.5215685,0.00068726146,0.00784287,-0.003780041,-0.04313696,0.96039605,1.0438944,0.959736,1.012954,0.8940217,0.91587406,0.8567708,0.8712636,0.9950181,0.9605072,0.9407042,0.9335258,0.90907305,0.914421,0.03296164,0.03217157,0.02649421,0.04172088,0.043622807,0.018546194,0.0076889805,0.0024194315,0.003975381,-0.0003636525,0.7914654,0.52360576,0.2918722,0.703643,0.021195604,0.002400375,0.024695337,0.043489594,0.03328391,0.09630671,1.0438944,1.0438944,1.0438944,1.0438944,1.0438944,0.8755856,0.8755856,0.874538,0.8363395,0.8363395,0.9873189,0.96748185,0.9512455,0.9381567,0.9603714,0.93038946,0.9224411,0.9146739,0.8654438,0.86958784,1.0,1.0,1.0,1.0,1.0,0.73920333,0.73920333,0.7408166,0.7885169,0.7885169,1.0,1.0,1.0,1.0,1.0,0.2,0.6,0.05,0.2,0.6,0.8,0.4,0.95,0.8,0.4,0.92360353,0.86257416,0.69089395,0.70295966,0.08230477,0.94870156,0.7415438,0.81332725,0.71152204,0.47047332,0.8,0.7,0.6,0.56666666,0.5,0.2,0.3,0.4,0.43333334,0.5,0.6,0.4,0.2,0.13333334,0.0,0.8588955,0.7007022,0.67419434,0.6266429,0.50268096,0.1411045,0.29929784,0.32580566,0.37335715,0.49731904,0.717791,0.40140432,0.34838867,0.2532857,0.005361927,0.6292046,0.46585986,0.44926837,0.39419284,0.2951274,0.26259398,0.24968478,0.20648938,0.20053032,0.17923369,0.80120313,1.1661892,1.2315065,1.3840551,1.5691346,0.7315457,0.6761809,0.6029349,0.57892287,0.5567043,0.2684543,0.3238191,0.39706513,0.42107713,0.4432957,0.46309137,0.35236183,0.20586975,0.15784572,0.11340862
SZ300866,-0.07963421480708778,0.125,,2026-05-29,-0.016121464,0.04499924,-0.35826078,0.009391169,0.20869617,0.01948661,0.43304306,-0.0060260226,-0.13391387,1.0163857,1.0259306,0.9801941,1.0066123,1.0033772,1.0552541,0.93123686,0.8987377,0.7367955,0.9871886,1.0099933,1.002544,0.97868824,0.89491385,0.020859031,0.033543766,0.040391844,0.049326193,0.10011014,0.010242502,-0.0072756084,0.001786702,0.0039011352,0.0053023747,0.602787,0.4312474,0.06848334,0.4847619,0.8556271,-0.0076735895,0.02274688,-0.019517696,-0.035254687,-0.05133388,1.0259306,1.072501,1.0787274,1.0787274,1.0787274,0.92275804,0.92275804,0.91643816,0.8674906,0.7156052,1.0027683,1.025645,1.0407043,1.0175838,0.98724395,0.972539,0.9841878,0.9643451,0.93628615,0.7754955,0.8,0.4,0.5,0.6666667,0.8333333,0.7486671,0.5158305,0.5148946,0.62730277,0.7831932,1.0,0.1,0.4,0.6,0.8,0.2,0.6,0.05,0.033333335,0.083333336,0.8,-0.5,0.35,0.56666666,0.71666664,0.2781172,0.540532,0.18180776,-0.060117107,0.35463375,0.1847508,0.36876175,0.6859087,0.71734506,0.72175336,0.4,0.4,0.45,0.46666667,0.5,0.6,0.6,0.55,0.53333336,0.5,-0.2,-0.2,-0.1,-0.06666667,0.0,0.48475766,0.3965589,0.55813515,0.5648904,0.59352374,0.51524234,0.6034411,0.44186485,0.43510965,0.40647623,-0.030484695,-0.2068822,0.11627029,0.12978072,0.18704753,0.8762808,0.91938317,1.0737728,1.1441275,1.1468964,0.15089688,0.12261269,0.3226424,0.35517314,0.51930726,0.3737541,0.48678705,1.0604115,1.1993874,1.6417744,0.53767025,0.5445644,0.4911418,0.49844304,0.50000125,0.46232975,0.45543557,0.5088582,0.501557,0.49999878,0.07534048,0.08912884,-0.017716384,-0.003113942,2.4710753e-06
SH601898,-0.07972528754938031,0.125,,2026-05-29,0.015544071,0.027849631,0.5581428,0.0051812395,0.18604338,0.0071243215,0.25581387,0.017487153,0.62791324,0.9846938,1.0051019,0.9776786,0.99343663,0.9934468,1.0720838,1.1839231,1.0838794,1.0554827,0.98872864,1.0274792,1.0602009,1.0694772,1.1028323,0.006985878,0.052616615,0.0689723,0.06264029,0.061479814,0.0023591255,-0.015036337,-0.009215042,-0.0035481395,-0.0022193799,0.28510192,0.7485999,0.6247602,0.24865405,0.39746422,0.006553092,0.040184323,0.027341995,-0.018029133,-0.03736062,1.0331165,1.1201607,1.2128655,1.2128655,1.2606657,0.958561,0.958561,0.958561,0.958561,0.958561,0.992311,1.0916556,1.1020533,1.1111403,1.1607689,0.98418516,0.9861074,0.9928352,1.0199213,1.0501528,1.0,0.6,0.3,0.2,0.1,0.55581456,0.25642982,0.16295025,0.16295025,0.13716762,0.2,0.3,0.05,0.36666667,0.15,0.6,0.8,0.9,0.93333334,0.96666664,-0.4,-0.5,-0.85,-0.56666666,-0.81666666,0.667082,-0.5366254,-0.2822329,-0.0662425,0.28664675,0.27939096,-0.25080526,-0.09382003,0.16260906,0.15894169,0.6,0.4,0.4,0.43333334,0.45,0.4,0.6,0.6,0.56666666,0.55,0.2,-0.2,-0.2,-0.13333334,-0.1,0.61194193,0.30403814,0.275347,0.43469396,0.48296216,0.38805807,0.6959619,0.724653,0.56530607,0.5170378,0.2238839,-0.39192376,-0.44930604,-0.13061208,-0.034075662,0.92061436,0.8005172,0.7502197,0.7330656,0.92073923,0.12233102,0.2215853,0.20389606,0.19564667,0.40339547,0.9155839,1.0514174,1.2980163,1.2406524,1.2952899,0.6383647,0.5096206,0.49436417,0.5254208,0.47060713,0.36163536,0.49037942,0.50563586,0.47457922,0.5293929,0.2767293,0.019241158,-0.011271676,0.05084155,-0.05878576
SH601728,-0.08078781794187154,0.0,,2026-05-29,0.015100626,0.02181205,0.69230664,0.0033556612,0.15384437,0.0033557618,0.15384899,0.015100727,0.6923112,0.985124,1.0033058,0.98181814,0.9951462,1.0163488,1.0449591,0.9877384,0.95640326,0.9700272,0.9975477,1.0455041,1.0274523,1.0107175,0.9901226,0.011696003,0.06614516,0.051105022,0.04822877,0.043458417,-0.0042234375,-0.019255223,0.0010725051,0.0026550852,0.0011237226,0.32598463,0.77680576,0.015414861,0.23488009,0.20392492,0.010899175,0.0411444,-0.037641127,-0.049216274,-0.023272444,1.0222533,1.2203354,1.2203354,1.2203354,1.2203354,0.9767501,0.9767501,0.9742396,0.95204633,0.9230462,1.005722,1.1049047,1.0457766,1.0275204,1.0098093,0.98610353,0.99727523,0.9945504,0.9817439,0.95640326,0.6,0.3,0.375,0.5833333,0.7083333,0.51095194,0.095448904,0.104676485,0.17873882,0.25885183,0.4,0.2,0.6,0.73333335,0.8666667,0.6,0.8,0.2,0.26666668,0.33333334,-0.2,-0.6,0.4,0.46666667,0.53333336,0.6409948,0.9241009,0.89835364,0.90549487,0.821057,0.4132548,0.7793319,0.72239125,0.68246835,0.536877,0.4,0.4,0.55,0.56666666,0.53333336,0.6,0.6,0.45,0.43333334,0.45,-0.2,-0.2,0.1,0.13333334,0.083333336,0.32352892,0.4331984,0.51428574,0.5425532,0.52,0.6764711,0.5668016,0.48571426,0.45744678,0.48,-0.3529422,-0.1336032,0.028571494,0.08510641,0.04000002,1.0157083,2.0752275,1.4744496,1.2024703,1.020607,0.26697436,1.3412477,1.1229483,0.9931877,0.76747173,0.78771025,1.1491164,1.6805027,2.009786,2.38046,0.25906393,0.4710221,0.526875,0.5272299,0.49268845,0.74093604,0.5289779,0.47312498,0.4727701,0.5073115,-0.4818721,-0.057955783,0.05375002,0.05445984,-0.0146230925
SZ002600,-0.08150755723539077,0.25,,2026-05-29,-0.08834591,0.11090226,-0.79661053,0.010651577,0.09604473,0.011904771,0.10734472,-0.08709271,-0.78531057,1.0969073,1.1085911,0.9869416,1.0265707,1.1208671,1.1628197,0.9582034,0.9527449,1.0324392,1.0711478,1.0992514,1.0669994,1.0365981,0.98635894,0.042323947,0.049577415,0.066437855,0.07136366,0.07937313,-0.020243296,-0.0133613115,0.0057859076,0.0059303427,0.0027725261,0.57191324,0.6657971,0.26544824,0.5351889,0.37213808,-0.030661259,-0.039125506,-0.12196551,-0.12258802,-0.06814844,1.1304752,1.2116803,1.2273445,1.2273445,1.2273445,0.9869416,0.9869416,0.94381845,0.92400986,0.84363484,1.0981286,1.1291329,1.121834,1.1076732,1.0479413,1.0532751,1.0665939,0.99946976,0.9684654,0.9144729,0.2,0.1,0.25,0.43333334,0.6666667,0.09097825,0.05810494,0.19815296,0.25051588,0.40750894,0.4,0.2,0.5,0.6666667,0.8333333,1.0,1.0,0.05,0.06666667,0.4,-0.6,-0.8,0.45,0.6,0.43333334,-0.6605999,0.17914192,0.81835026,0.8758748,0.84953076,-0.15782404,-0.4385304,0.3971175,0.5587551,0.39033788,0.2,0.3,0.6,0.56666666,0.53333336,0.8,0.7,0.4,0.43333334,0.46666667,-0.6,-0.4,0.2,0.13333334,0.06666667,0.16450231,0.26633844,0.5353375,0.5276813,0.48872995,0.8354977,0.7336616,0.46466246,0.47231868,0.51127005,-0.67099535,-0.46732315,0.07067506,0.055362634,-0.022540102,0.7508378,0.8698484,0.7695035,0.63493776,0.4388577,0.15542394,0.1780797,0.41068783,0.3952542,0.34571484,1.1870455,0.9007407,1.1665726,1.2426842,1.5203676,0.593274,0.31732473,0.5920353,0.5673663,0.543149,0.406726,0.6826753,0.40796468,0.4326337,0.45685098,0.18654796,-0.36535054,0.18407062,0.13473263,0.08629803
SH688082,-0.08169477969106638,0.25,,2026-05-29,-0.083839975,0.10292004,-0.8146127,0.004800036,0.046638492,0.014280035,0.13874882,-0.074359976,-0.72250235,1.0915123,1.0967517,0.98441315,1.0174243,0.93069226,0.7649207,0.640055,0.6950973,0.7325226,1.0669703,0.9781807,0.84987754,0.7950615,0.72783554,0.04628519,0.10490081,0.15352975,0.14764674,0.1255279,-0.024891503,0.027693428,0.024532478,0.014570087,0.0049296063,0.7230331,0.6388622,0.89364654,0.7547069,0.47037452,-0.01718729,-0.10280114,-0.08293607,-0.0063277767,0.12674108,1.1744667,1.1744667,1.1744667,1.1744667,1.1744667,0.93558687,0.77408665,0.62250865,0.62250865,0.6049445,1.1010871,1.0710093,1.0104413,0.929111,0.764577,1.0417651,0.9077042,0.6999613,0.6826365,0.6534697,0.2,0.6,0.8,0.8666667,0.93333334,0.26964658,0.56424725,0.6839131,0.6839131,0.6936612,0.4,0.7,0.85,0.9,0.95,0.2,0.1,0.05,0.36666667,0.31666666,0.2,0.6,0.8,0.53333336,0.6333333,0.84873956,0.049750272,0.7752565,0.75695926,0.7643132,0.8957456,0.6989904,0.4837594,0.33293247,0.24125805,0.6,0.8,0.8,0.6666667,0.56666666,0.4,0.2,0.2,0.33333334,0.43333334,0.2,0.6,0.6,0.33333334,0.13333334,0.6023867,0.7331062,0.7643755,0.67346245,0.6026855,0.39761326,0.2668938,0.2356245,0.32653755,0.39731446,0.20477347,0.46621236,0.528751,0.3469249,0.20537107,1.3503572,1.4182541,1.0870482,0.87829393,0.56726736,0.34379977,0.3228425,0.43855065,0.48261032,0.46552807,1.1946323,1.1130717,1.3995571,1.5458933,2.0262165,0.43702945,0.4819644,0.49830428,0.5395995,0.54187924,0.5629705,0.5180356,0.5016957,0.46040055,0.4581208,-0.12594108,-0.03607121,-0.003391418,0.07919891,0.08375842
SZ002304,-0.085295834364073,0.0,,2026-05-29,0.03962439,0.05153454,0.7688899,0.010994046,0.21333353,0.00091610703,0.017776564,0.02954645,0.57333297,0.96188587,1.010575,0.9610047,0.9955962,0.96080315,1.0123527,1.0905719,1.1103885,1.1436491,0.9831428,0.98360544,1.021279,1.0470129,1.0823272,0.014471021,0.013387139,0.043334205,0.051208038,0.05179173,0.0033216816,-0.0006904494,-0.0067509026,-0.0055079,-0.0025417446,0.13172182,0.024383698,0.8494349,0.89659745,0.7345863,0.010213868,0.019501584,0.04285463,0.03285157,-0.007345785,1.0181037,1.0181037,1.1057593,1.1209825,1.158649,0.9544105,0.9544105,0.9544105,0.9544105,0.9544105,0.9968573,0.99498916,1.0655783,1.096028,1.124365,0.9721345,0.9721345,0.98205155,0.9928765,1.0382279,1.0,1.0,0.5,0.33333334,0.16666667,0.7157668,0.7157668,0.3012217,0.27369252,0.22321714,0.6,0.8,0.05,0.033333335,0.016666668,0.2,0.6,0.8,0.8666667,0.93333334,0.4,0.2,-0.75,-0.8333333,-0.9166667,0.90640885,0.3337252,-0.19171302,-0.556665,-0.41867808,0.8962496,0.7709484,0.7618761,0.69379926,0.3592748,0.6,0.4,0.3,0.33333334,0.4,0.4,0.6,0.7,0.6666667,0.6,0.2,-0.2,-0.4,-0.33333334,-0.2,0.6764938,0.46231693,0.3259519,0.32988024,0.39563647,0.32350615,0.53768307,0.6740481,0.67011976,0.6043635,0.3529877,-0.07536612,-0.3480962,-0.34023952,-0.20872703,0.7071714,0.5766397,0.53782046,0.46762183,0.42869923,0.26788235,0.23073827,0.17976369,0.18287608,0.15850039,0.67873436,0.9460801,1.0977275,1.2837781,1.1525623,0.6224148,0.6061611,0.5920128,0.57864815,0.5205609,0.37758517,0.39383885,0.40798718,0.42135182,0.4794391,0.24482967,0.21232228,0.18402568,0.15729636,0.041121796
SZ000858,-0.08687341008958789,0.0,,2026-05-29,0.04815411,0.05815534,0.8280256,0.008643014,0.14861946,0.0013582157,0.023354962,0.04086931,0.7027611,0.9540582,1.008246,0.95276237,0.9854363,0.9898692,1.0233257,1.180351,1.2145162,1.2159272,0.9842629,0.9941939,1.0388517,1.0910724,1.1505202,0.015061221,0.015497148,0.055058524,0.087681144,0.08639017,-0.00043599264,-0.0035634837,-0.008768235,-0.009713833,-0.0041230684,0.0020949708,0.48468262,0.8876532,0.9511973,0.694724,0.016609073,0.02184177,0.0444465,0.049778104,-0.028889654,1.0160227,1.0278045,1.1612694,1.2251157,1.2465599,0.95276237,0.95276237,0.95276237,0.95276237,0.95276237,0.992932,1.0070714,1.0855968,1.1918988,1.2145392,0.97757274,0.98697335,0.9909058,1.0043356,1.0498053,1.0,0.6,0.3,0.2,0.1,0.7467182,0.62948155,0.22655176,0.17344247,0.16078298,0.6,0.2,0.05,0.06666667,0.18333334,1.0,1.0,1.0,1.0,1.0,-0.4,-0.8,-0.95,-0.93333334,-0.81666666,0.397625,0.0050207735,0.0027364537,-0.73812115,-0.80774903,0.7322171,0.686055,-0.17475791,-0.22990538,-0.2143006,0.6,0.4,0.25,0.26666668,0.41666666,0.4,0.6,0.75,0.7,0.56666666,0.2,-0.2,-0.5,-0.43333334,-0.15,0.5595582,0.4055328,0.18743517,0.19188634,0.3347176,0.44044182,0.5944672,0.81256485,0.80811363,0.6652824,0.11911637,-0.18893439,-0.6251297,-0.6162273,-0.3305648,0.71089756,0.6199944,0.6617004,0.51688075,0.3677893,0.27129167,0.21166708,0.26304358,0.29935816,0.2621794,1.1854408,1.3877842,1.5412868,1.8702219,2.2119637,0.6997211,0.6128777,0.5799012,0.57094926,0.54535604,0.30027893,0.38712224,0.42009875,0.42905077,0.45464393,0.39944214,0.22575548,0.15980248,0.14189845,0.09071212
SH600406,-0.08817190758877708,0.0,,2026-05-29,-0.008363221,0.02230186,-0.375001,0.0059736506,0.26785436,0.007964989,0.3571446,-0.0063718823,-0.28571078,1.0084337,1.0144578,0.99196786,1.003241,1.0373521,1.0634538,1.0469908,1.0510005,1.1377492,1.02257,1.0393168,1.0555018,1.0619138,1.0877368,0.021017786,0.026782645,0.03006537,0.027309239,0.057340898,-0.012449395,-0.0078639975,-0.0028360514,-0.0018185948,-0.0023283784,0.8771271,0.7902986,0.3114319,0.3436801,0.5028958,0.002328725,-0.0039288145,-0.028559305,-0.035544243,-0.019049654,1.071886,1.0939726,1.143771,1.143771,1.2875462,0.99196786,0.99196786,0.99196786,0.99196786,0.99196786,1.0324464,1.0641755,1.0787138,1.0824907,1.118555,1.0064279,1.0202428,1.0297968,1.041849,1.0464278,0.2,0.1,0.05,0.033333335,0.016666668,0.10050491,0.07874305,0.052911706,0.052911706,0.027174396,0.2,0.3,0.45,0.6333333,0.083333336,1.0,1.0,1.0,1.0,1.0,-0.8,-0.7,-0.55,-0.36666667,-0.9166667,0.2778361,0.14855064,0.6801023,0.4282913,0.5827531,0.33737516,-0.0715112,0.4105126,0.49000338,0.45650798,0.4,0.5,0.55,0.46666667,0.41666666,0.6,0.5,0.45,0.53333336,0.5833333,-0.2,0.0,0.1,-0.06666667,-0.16666667,0.26389158,0.29947868,0.4380893,0.4462329,0.4377925,0.7361084,0.70052135,0.5619107,0.5537671,0.56220746,-0.47221684,-0.40104264,-0.123821385,-0.10753423,-0.124414966,1.1494509,1.1575346,1.5590864,1.394947,1.3217849,0.16808073,0.22564837,0.67435765,0.61679345,0.5906155,0.7714191,0.84887403,1.0398774,1.2012043,1.1067891,0.626551,0.37397942,0.5097364,0.5099033,0.4791213,0.373449,0.6260206,0.49026358,0.4900967,0.52087873,0.253102,-0.25204116,0.01947283,0.019806627,-0.041757423
SZ002422,-0.0998056696370312,0.0,,2026-05-29,0.038252875,0.065087065,0.5877186,0.023123031,0.35526308,0.003711154,0.057018306,0.018841,0.28947383,0.9631565,1.0222712,0.9595821,1.0002737,0.95462734,0.86279434,0.8838308,0.9296536,0.81877154,0.97145647,0.93125844,0.91901153,0.9210002,0.9135062,0.020628903,0.05211921,0.04203597,0.038129173,0.042453565,0.010476971,0.01619419,0.002918538,0.00026572437,0.0009043757,0.6448508,0.88498175,0.16871612,0.0037640007,0.13841057,0.0075896163,-0.00413231,0.053262327,0.07514679,0.059814706,1.0222712,1.0222712,1.0222712,1.0222712,1.0222712,0.932355,0.83309704,0.83309704,0.83309704,0.7894743,0.9848208,0.97112644,0.95627725,0.9566672,0.9451253,0.95924705,0.8871007,0.8871007,0.889643,0.8858407,1.0,1.0,1.0,1.0,1.0,0.7523124,0.88227195,0.88227195,0.88227195,0.90433246,1.0,1.0,1.0,1.0,1.0,0.2,0.1,0.55,0.7,0.033333335,0.8,0.9,0.45,0.3,0.96666664,0.84924346,0.44877797,0.5269929,0.5869633,0.6514089,0.7295355,0.70017046,0.6796513,0.62941426,0.6834375,0.6,0.6,0.55,0.5,0.5,0.4,0.4,0.45,0.5,0.5,0.2,0.2,0.1,0.0,0.0,0.7235772,0.7685307,0.6442809,0.5592471,0.57693654,0.2764228,0.23146927,0.3557191,0.44075295,0.42306346,0.4471544,0.53706145,0.28856182,0.11849412,0.1538731,0.68132055,0.70477605,0.61643463,0.62122124,0.61993533,0.2077576,0.28213456,0.24078992,0.2397584,0.23622237,0.83950096,1.1448832,1.3015306,1.2135077,1.2775817,0.41393816,0.59045047,0.553635,0.52920717,0.5171626,0.58606184,0.40954956,0.44636503,0.4707928,0.4828374,-0.17212364,0.18090089,0.10726995,0.0584144,0.034325194
SH600741,-0.10064984458357377,0.125,,2026-05-29,0.003603642,0.017417384,0.20689915,0.008408329,0.482755,0.0054054125,0.31034583,0.00060072495,0.034489963,0.9964093,1.0083781,0.9910233,1.0003873,1.0197438,1.0580413,1.1789255,1.2291955,1.1579813,1.0065792,1.0198637,1.0569967,1.10935,1.1247802,0.009142537,0.017818078,0.043694504,0.08376602,0.07084355,-0.0050849565,-0.0056647514,-0.0072887545,-0.009307123,-0.0014858326,0.77335894,0.92651284,0.97391504,0.9567464,0.13416493,0.0035907628,0.0056275986,0.012246474,0.02560331,-0.080948174,1.0353031,1.059238,1.1789247,1.242363,1.242363,0.9880275,0.9880275,0.9880275,0.9880275,0.9880275,1.0151927,1.036023,1.0973053,1.2145988,1.2039466,0.9990418,1.005265,1.0159129,1.0196238,1.0674973,0.4,0.2,0.1,0.06666667,0.033333335,0.2532484,0.16812795,0.06271684,0.04707352,0.04707352,0.4,0.1,0.05,0.06666667,0.53333336,0.8,0.9,0.95,0.96666664,0.98333335,-0.4,-0.8,-0.9,-0.9,-0.45,0.6010958,-0.026608504,0.47712705,-0.53350765,-0.12740073,0.8731185,0.18231444,-0.20307057,-0.15214193,0.10780434,0.4,0.3,0.15,0.2,0.33333334,0.6,0.7,0.85,0.8,0.6666667,-0.2,-0.4,-0.7,-0.6,-0.33333334,0.18884522,0.09254674,0.034311827,0.12082709,0.39656368,0.8111548,0.90745324,0.96568817,0.8791729,0.6034363,-0.62230957,-0.81490654,-0.93137634,-0.7583458,-0.20687263,0.9199636,0.8628663,0.93457615,0.80533516,0.6974136,0.34147468,0.27468988,0.24964458,0.28018603,0.35531047,0.4472838,0.77923614,1.0742217,1.0650295,2.1166644,0.58085686,0.52936596,0.5364037,0.53429985,0.5219744,0.41914317,0.47063407,0.46359628,0.46570012,0.47802565,0.16171367,0.058731876,0.07280745,0.06859975,0.04394873
SH688169,-0.10207025524842432,0.25,,2026-05-29,-0.07895447,0.08497259,-0.9291758,0.0060181185,0.07082423,0.0,0.0,-0.08497259,-1.0,1.0857227,1.0922567,1.0,1.036451,1.23677,1.1909357,1.1426827,1.106108,1.352822,1.1284778,1.1898363,1.1714659,1.158644,1.1874839,0.08662781,0.087071925,0.06469881,0.05790297,0.07113789,-0.053667225,-0.025204007,-8.671561e-06,0.001908198,-0.0021992717,0.959497,0.7680586,6.287385e-07,0.08416798,0.29151148,-0.021143416,-0.07641825,-0.17138353,-0.18631288,-0.12260538,1.2474228,1.3114926,1.3114926,1.3114926,1.3786646,1.0,1.0,1.0,1.0,1.0,1.1954019,1.2511116,1.2386855,1.1967114,1.2533008,1.073804,1.131268,1.1340679,1.1250964,1.1285951,0.2,0.1,0.05,0.033333335,0.016666668,0.0,0.0,0.0,0.0,0.0,0.4,0.4,0.7,0.8,0.016666668,1.0,1.0,1.0,1.0,1.0,-0.6,-0.6,-0.3,-0.2,-0.98333335,-0.9897182,0.21424592,0.36024672,0.43312845,-0.2535726,-0.7190153,-0.08324052,0.38183993,0.4501272,0.19979694,0.0,0.3,0.45,0.43333334,0.41666666,1.0,0.7,0.55,0.56666666,0.5833333,-1.0,-0.4,-0.1,-0.13333334,-0.16666667,0.0,0.23528226,0.3869794,0.4385384,0.37730876,1.0,0.76471776,0.6130206,0.56146157,0.6226912,-1.0,-0.5294355,-0.2260412,-0.12292317,-0.24538247,0.82213306,0.95072544,0.8407904,0.7773521,0.5397235,0.11523224,0.21838444,0.2550684,0.26241243,0.31110418,0.7946159,0.9070719,0.93929553,1.0730433,1.3892368,0.59116054,0.4128635,0.56915236,0.54561466,0.53311986,0.40883943,0.5871365,0.43084762,0.45438537,0.46688014,0.18232112,-0.17427298,0.13830476,0.09122928,0.06623973
SH601066,-0.11478107082259645,0.0,,2026-05-29,0.056759097,0.09488739,0.59817326,0.03422881,0.36073086,0.0038994828,0.0410959,0.02642977,0.2785383,0.9462895,1.0323904,0.9425994,1.005148,0.9019317,0.90898955,0.8937593,0.90044576,0.9617385,0.9625557,0.9378529,0.9364599,0.9212234,0.9168276,0.030090762,0.033624925,0.025974594,0.030629471,0.030820422,0.013335808,0.009205724,0.0011895454,0.0023274987,0.00013715206,0.49103484,0.68707585,0.07340615,0.44750884,0.0060398662,0.010772669,0.020721337,0.052239433,0.04502788,0.079126365,1.0323904,1.0323904,1.0323904,1.0323904,1.0323904,0.90615433,0.8978678,0.88920933,0.87442946,0.8567146,0.97830606,0.97258544,0.94873697,0.9468796,0.94472516,0.94160473,0.91188705,0.9125557,0.8946509,0.8888559,1.0,1.0,1.0,1.0,1.0,0.7434143,0.7592199,0.77378035,0.79494697,0.8156242,1.0,1.0,1.0,1.0,1.0,0.2,0.2,0.05,0.26666668,0.41666666,0.8,0.8,0.95,0.73333335,0.5833333,0.9060733,0.86027867,0.7813223,0.8635022,0.6670065,0.83063,0.7939924,0.7673249,0.7664827,0.58581704,0.8,0.7,0.55,0.46666667,0.5,0.2,0.3,0.45,0.5,0.48333332,0.6,0.4,0.1,-0.033333335,0.016666668,0.8267326,0.72232324,0.66139954,0.6326733,0.5293782,0.17326741,0.2776768,0.33860043,0.36732668,0.4706218,0.6534652,0.44464642,0.32279915,0.26534665,0.058756407,0.6329089,0.44352373,0.357472,0.2798702,0.21534796,0.34493843,0.31813833,0.2557442,0.23608518,0.18254352,1.0883564,1.501159,1.7336013,2.1242256,2.4640143,0.66757846,0.6653294,0.6100447,0.61072075,0.5748694,0.33242154,0.33467057,0.38995528,0.38927928,0.42513064,0.33515695,0.33065882,0.22008942,0.22144146,0.14973876
SZ000768,-0.11624877941974594,0.0,,2026-05-29,0.0027662267,0.020285862,0.13636228,0.007837752,0.38636526,0.009681883,0.47727245,0.004610358,0.2272695,0.9972414,1.0078161,0.9875862,0.99971247,1.0,1.08824,1.0808733,1.1434367,1.4376769,1.00505,1.0247691,1.0684407,1.0842898,1.1410612,0.0119653875,0.03050648,0.055427585,0.05167954,0.090628035,-0.0033577047,-0.008610311,-0.006875808,-0.0043892018,-0.0044861604,0.19686635,0.7302387,0.5385966,0.5590305,0.7473504,0.0016654984,0.013977276,-0.0031205458,-0.020646332,-0.008719506,1.0266702,1.0932859,1.1856991,1.1856991,1.4275763,0.98207235,0.98207235,0.98207235,0.98207235,0.98207235,1.0070784,1.0556024,1.1160412,1.134255,1.1910425,0.9990605,0.9999039,1.0018363,1.0262104,1.0804462,0.6,0.35,0.175,0.11666667,0.058333334,0.40198457,0.16120045,0.08804182,0.08804182,0.040241327,0.4,0.1,0.35,0.56666666,0.016666668,0.4,0.7,0.85,0.9,0.95,0.0,-0.6,-0.5,-0.33333334,-0.93333334,0.8936995,0.37060115,0.7711532,0.41113728,0.32550022,0.7844083,0.09859985,0.5409485,0.48637605,0.19423643,0.6,0.4,0.4,0.36666667,0.41666666,0.4,0.6,0.55,0.6,0.56666666,0.2,-0.2,-0.15,-0.23333333,-0.15,0.5,0.2350109,0.38517505,0.33613852,0.31169912,0.5,0.7649891,0.61482495,0.66386145,0.6883009,0.0,-0.52997816,-0.2296499,-0.32772297,-0.3766018,1.1931745,1.3803954,1.8943071,1.664832,1.5270926,0.35450292,0.3485143,1.0201054,0.90531987,0.79322726,1.18436,0.730354,1.1813928,1.3670129,1.5062505,0.30117813,0.36624396,0.4990348,0.49912956,0.4460289,0.69882184,0.63375604,0.50096524,0.5008704,0.5539711,-0.39764372,-0.2675121,-0.0019304388,-0.0017408464,-0.107942246
SZ001391,-0.11949442968440349,0.0,,2026-05-29,0.0,0.009689889,0.0,0.00775189,0.7999978,0.0019379992,0.2000022,-0.005813891,-0.5999956,1.0,1.007752,0.998062,1.0032479,1.0153846,1.0480769,1.0076923,1.0307692,1.1307693,1.0084615,1.0184615,1.0235577,1.0249358,1.0441346,0.009862207,0.015093383,0.01761286,0.015196822,0.036491994,-0.0059615327,-0.004662,-0.00066367805,-0.00045734516,-0.001541935,0.9134981,0.87454635,0.0496962,0.07019147,0.5445488,0.003461535,0.0025174802,-0.017252734,-0.018304372,0.0013524841,1.0231504,1.0539535,1.092535,1.092535,1.1366045,0.99613893,0.99613893,0.99613893,0.99613893,0.99613893,1.0165385,1.0253845,1.0376923,1.0346154,1.0834615,0.9996154,1.0061538,1.0092307,1.0111538,1.0169231,0.4,0.2,0.1,0.06666667,0.033333335,0.14294171,0.06678369,0.040054277,0.040054277,0.027487684,0.4,0.1,0.45,0.6333333,0.016666668,0.8,0.9,0.95,0.96666664,0.98333335,-0.4,-0.8,-0.5,-0.33333334,-0.96666664,0.02747079,0.82127005,0.8603968,0.6031363,0.2523029,-0.6383182,0.20640655,0.83667624,0.6642202,0.36000386,0.4,0.2,0.4,0.4,0.38333333,0.6,0.6,0.45,0.46666667,0.5,-0.2,-0.4,-0.05,-0.06666667,-0.11666667,0.25,0.121212125,0.4767442,0.42982462,0.37769783,0.75,0.8787879,0.52325577,0.57017535,0.6223022,-0.5,-0.75757575,-0.046511568,-0.14035074,-0.24460436,1.1682827,1.4476532,2.0202484,1.784383,1.7739,0.120136894,0.36894977,1.6877102,1.4325937,1.0672328,0.5211072,1.0835866,2.2745023,2.464106,1.972052,0.2877504,0.14555277,0.4772326,0.49624184,0.45659387,0.71224964,0.85444725,0.52276736,0.50375813,0.5434061,-0.4244992,-0.70889443,-0.045534763,-0.0075163036,-0.08681225
SH601888,-0.12103210112753257,0.0,,2026-05-29,0.079347774,0.09800727,0.80961114,0.011956588,0.12199696,0.0067029013,0.06839188,0.07409409,0.75600606,0.9264854,1.0110776,0.9202753,0.98731416,0.9508434,0.9902266,1.0835445,1.1594151,1.3108666,0.9529863,0.95992905,1.0050967,1.0432998,1.1280714,0.029427823,0.0224055,0.05451177,0.07149404,0.104352936,0.0063635646,-0.0021819614,-0.00843893,-0.007843605,-0.0058437833,0.11690273,0.08693534,0.8388074,0.9328104,0.9564861,0.034286544,0.04988976,0.07507316,0.07043246,0.044320196,1.0110776,1.0110776,1.1245154,1.1710166,1.3183799,0.9157051,0.9157051,0.9157051,0.9157051,0.9157051,0.9626439,0.97615296,1.053341,1.1136031,1.2202853,0.9388113,0.94780284,0.95281255,0.9679288,1.0282488,1.0,1.0,0.55,0.36666667,0.18333334,0.88384914,0.88384914,0.40369135,0.330165,0.20933753,1.0,1.0,0.1,0.033333335,0.016666668,0.8,0.9,0.95,0.96666664,0.98333335,0.2,0.1,-0.85,-0.93333334,-0.96666664,0.77730215,0.40603626,-0.04733427,-0.44633076,-0.45837578,0.9582189,0.91133493,0.6854064,0.49818376,0.33254376,0.4,0.3,0.3,0.3,0.35,0.6,0.7,0.7,0.7,0.65,-0.2,-0.4,-0.4,-0.4,-0.3,0.70892304,0.5295404,0.36365798,0.31153727,0.3287606,0.29107696,0.4704596,0.63634205,0.68846273,0.6712394,0.41784605,0.059080787,-0.27268407,-0.37692547,-0.34247878,0.42547965,0.32256222,0.29749048,0.25579295,0.21208523,0.3274701,0.24431615,0.17643642,0.15765262,0.12547077,1.9266548,2.4661036,2.5663497,2.7904932,2.7948186,0.89960116,0.76890206,0.7125293,0.66288006,0.58590245,0.10039885,0.2310979,0.28747073,0.33711994,0.41409755,0.7992023,0.5378042,0.42505854,0.3257601,0.1718049
SH600522,-0.12145243045948949,0.0,,2026-05-29,0.02902442,0.11585359,0.25052673,0.03439017,0.29684165,0.052439004,0.45263165,0.047073252,0.40631673,0.97179425,1.0334202,0.9208343,0.9853738,1.0386401,0.9715672,0.829588,0.67149335,0.71580416,0.97240597,1.0067785,0.975302,0.9031914,0.7883425,0.03612099,0.048078645,0.08491622,0.13101494,0.15049198,-0.0032230746,-0.011642934,0.0068684146,0.012482192,0.007463935,0.019904966,0.5375661,0.22898115,0.7034639,0.7502548,0.034040198,0.04561472,-0.040551916,-0.0841832,-0.008528536,1.0585432,1.1234986,1.1234986,1.1234986,1.1234986,0.8947555,0.8947555,0.77055514,0.6499126,0.5830743,1.0033181,1.0445693,1.0423379,1.03883,0.96985805,0.9526824,0.9602205,0.9223927,0.7867226,0.6627103,0.8,0.5,0.55,0.7,0.85,0.6425666,0.46009925,0.6500896,0.73922676,0.77147853,0.2,0.3,0.65,0.76666665,0.8833333,0.8,0.9,0.1,0.06666667,0.25,-0.6,-0.6,0.55,0.7,0.6333333,0.68441546,0.49009717,0.7135773,0.70944357,0.83502764,0.6109511,0.12504777,0.32209134,0.4262249,0.46148768,0.4,0.6,0.6,0.6,0.53333336,0.6,0.4,0.4,0.4,0.46666667,-0.2,0.2,0.2,0.2,0.06666667,0.39696157,0.5337677,0.6036247,0.6468092,0.5817961,0.60303843,0.46623227,0.39637527,0.35319078,0.4182039,-0.20607685,0.06753545,0.20724943,0.29361844,0.16359219,0.738044,0.76375383,0.7835028,0.7357473,0.57904845,0.16465887,0.13713579,0.18069127,0.20406948,0.22665285,0.43656334,0.577312,0.70884055,0.7553754,0.91457784,0.763915,0.52094275,0.55696386,0.5606097,0.5231391,0.23608497,0.47905725,0.44303617,0.4393903,0.47686085,0.52783006,0.041885488,0.113927685,0.121219374,0.046278283
SH600436,-0.1232520890531921,0.0,,2026-05-29,0.06238112,0.07537028,0.827662,0.010755353,0.14270018,0.0022338126,0.029637842,0.05385958,0.71459967,0.9412818,1.0101238,0.9391791,0.98423386,0.9662876,1.0537341,1.0844179,1.1569282,1.2421234,0.9664088,0.9789463,1.0338746,1.0626178,1.1328764,0.021050809,0.022924434,0.059839062,0.06522482,0.086402595,0.0053951223,-0.004562924,-0.009396343,-0.0069188518,-0.004710209,0.16421203,0.36316225,0.86301064,0.87205523,0.906414,0.02280099,0.041586827,0.055390637,0.037705623,0.006074781,1.0101238,1.0513189,1.1445352,1.1640904,1.2600353,0.93552655,0.93552655,0.93552655,0.93552655,0.93552655,0.9730301,1.0001256,1.0977087,1.1109262,1.218008,0.95480716,0.96385574,0.9662876,0.99075025,1.0745122,1.0,0.8,0.4,0.26666668,0.13333334,0.864287,0.5568022,0.30847257,0.28208074,0.19868015,1.0,0.1,0.1,0.033333335,0.18333334,0.6,0.8,0.9,0.93333334,0.96666664,0.4,-0.7,-0.8,-0.9,-0.78333336,0.8434904,0.45648995,-0.12934986,-0.46261784,-0.70625806,0.9278591,0.68547344,0.7066054,0.5993964,0.45649153,0.4,0.2,0.25,0.23333333,0.28333333,0.6,0.8,0.75,0.76666665,0.71666664,-0.2,-0.6,-0.5,-0.53333336,-0.43333334,0.6719114,0.35516265,0.35223046,0.28942528,0.32332098,0.3280886,0.6448374,0.6477695,0.71057475,0.676679,0.3438228,-0.2896747,-0.29553905,-0.42114943,-0.35335803,0.5169756,0.46773636,0.42162102,0.3683274,0.27043533,0.2927095,0.2086652,0.19215201,0.17826568,0.1655195,1.6456544,1.5618981,1.7341894,1.9195708,2.198458,0.75187343,0.69884866,0.61149865,0.60198915,0.56306016,0.24812657,0.30115134,0.38850138,0.39801082,0.4369398,0.50374687,0.3976973,0.22299728,0.20397834,0.12612037
SZ301269,-0.12701514020301596,0.0,,2026-05-29,-0.084732175,0.1147882,-0.7381611,0.0029576572,0.025766216,0.02709836,0.2360727,-0.060591474,-0.5278546,1.0925764,1.0958078,0.970393,1.025991,0.94929105,0.8355223,0.72140557,0.7541967,0.86561716,1.1013656,0.98642254,0.8969427,0.85005075,0.808666,0.065169826,0.13351536,0.1317368,0.1268149,0.104210705,-0.024006264,0.035144344,0.018985076,0.011944945,0.002984767,0.33923143,0.635126,0.7269065,0.6875899,0.25020507,-0.05335304,-0.1445721,-0.0773009,-0.023252435,0.10328335,1.2013606,1.2013606,1.2013606,1.2013606,1.2013606,0.9257401,0.8055871,0.7112002,0.7112002,0.70045507,1.1341915,1.1148473,1.0184048,0.9122032,0.83574843,1.0736192,0.8453509,0.80754983,0.75630164,0.7350787,0.2,0.6,0.8,0.8666667,0.93333334,0.269428,0.4912226,0.5891945,0.5891945,0.5980068,0.4,0.7,0.85,0.9,0.95,0.2,0.2,0.05,0.36666667,0.4,0.2,0.5,0.8,0.53333336,0.55,0.65175825,0.90563846,0.92179996,0.8800897,0.76058084,0.78648436,0.72602296,0.6232317,0.5228755,0.26429266,0.6,0.6,0.7,0.6333333,0.55,0.4,0.4,0.3,0.36666667,0.45,0.2,0.2,0.4,0.26666668,0.1,0.55909187,0.62271255,0.6699565,0.61911994,0.5461442,0.44090813,0.37728745,0.3300435,0.3808801,0.4538558,0.11818376,0.2454251,0.33991298,0.23823984,0.09228838,1.3608811,0.93164945,0.6306135,0.49013346,0.30116782,0.43466955,0.56437474,0.49757713,0.45619383,0.3734555,0.74684894,0.9880493,1.5214945,1.7617029,2.449205,0.53360814,0.61390734,0.56812257,0.5988393,0.5816312,0.46639186,0.38609266,0.43187743,0.40116072,0.4183688,0.067216285,0.22781467,0.13624515,0.19767855,0.1632624
SZ002049,-0.12871593030992104,0.25,,2026-05-29,-0.08206976,0.09283482,-0.88404065,0.0016205524,0.017456299,0.00914451,0.098503016,-0.0745458,-0.80299395,1.0894074,1.0911728,0.9900379,1.0350637,1.005417,0.97440016,0.9385884,0.89583504,1.0082057,1.0558102,1.0300739,1.0120225,0.9773848,0.93470466,0.034689773,0.03788558,0.036384337,0.058747057,0.0675401,-0.010199833,0.006519741,0.003940008,0.0059092366,0.0023730472,0.21613404,0.2714715,0.41042462,0.7841375,0.37652093,-0.035410516,-0.059412707,-0.049452625,-0.06306873,-0.004709539,1.1289943,1.1289943,1.1289943,1.1289943,1.1289943,0.9900379,0.9610402,0.92332214,0.88033056,0.81714106,1.0757564,1.0722255,1.0364417,1.0268317,0.996449,1.0368189,0.99755234,0.9808884,0.9180082,0.8701589,0.2,0.3,0.5,0.6666667,0.8333333,0.07169222,0.231967,0.37281576,0.48125,0.5863621,0.6,0.8,0.9,0.93333334,0.96666664,1.0,0.2,0.05,0.2,0.4,-0.4,0.6,0.85,0.73333335,0.56666666,0.16914782,0.63914835,0.707904,0.87289953,0.8562174,0.6005821,0.3168952,0.42578706,0.38993183,0.27415115,0.6,0.7,0.6,0.6,0.55,0.4,0.3,0.4,0.4,0.45,0.2,0.4,0.2,0.2,0.1,0.48787266,0.537609,0.5514056,0.567887,0.49678916,0.51212734,0.46239105,0.4485944,0.432113,0.50321084,-0.024254696,0.075217925,0.10281124,0.13577403,-0.006421673,0.9993991,0.78073627,0.6887989,0.56687033,0.38581002,0.16563879,0.27008814,0.22934753,0.2629439,0.2625451,0.70491534,0.9241841,0.94634473,1.1077492,1.4149832,0.6594235,0.5856915,0.5508078,0.57449794,0.5525599,0.3405765,0.41430846,0.44919226,0.4255021,0.4474401,0.31884697,0.17138305,0.1016155,0.14899582,0.105119795
SH601800,-0.13293245015903327,0.0,,2026-05-29,0.022186967,0.034865256,0.6363632,0.0063391454,0.1818184,0.0063391454,0.1818184,0.022186967,0.6363632,0.9782946,1.0062015,0.97209305,0.9918715,0.9780794,1.0375782,1.0939457,1.1764092,1.263048,0.979332,0.99164927,1.0308977,1.0655532,1.1425713,0.011703123,0.020525912,0.04416636,0.06398858,0.094539545,0.0046972707,-0.0047067734,-0.0071216663,-0.0071264524,-0.0052375663,0.4027427,0.48200667,0.9100139,0.9612657,0.9361208,0.011273497,0.029531198,0.036758114,0.037780307,0.011936858,1.0062015,1.0374583,1.0975837,1.1857407,1.3250768,0.95684516,0.95684516,0.95684516,0.95684516,0.95684516,0.9816284,1.0050105,1.0720251,1.1187892,1.2317327,0.9734865,0.973904,0.9778706,0.9983299,1.0645094,1.0,0.75,0.375,0.25,0.125,0.8743517,0.535333,0.30663148,0.1885352,0.117194876,1.0,0.2,0.05,0.033333335,0.15,0.6,0.8,0.9,0.93333334,0.96666664,0.4,-0.6,-0.85,-0.9,-0.81666666,0.9491664,-0.23096389,-0.15919843,-0.65270185,-0.25643185,0.72226346,0.6449687,0.26342037,0.22766785,0.20512103,0.4,0.2,0.2,0.2,0.31666666,0.6,0.7,0.7,0.73333335,0.6333333,-0.2,-0.5,-0.5,-0.53333336,-0.31666666,0.76923,0.3125,0.2115385,0.15226342,0.3073395,0.23077,0.6875,0.7884615,0.8477366,0.6926605,0.53845996,-0.375,-0.576923,-0.6954732,-0.38532102,0.6159296,0.50820094,0.49887988,0.41898802,0.3702895,0.21911988,0.18886547,0.19847777,0.20062257,0.21534564,1.7176317,1.4578359,1.5159823,1.5097398,1.5423766,0.8791662,0.7600457,0.6112037,0.62669003,0.54374474,0.12083383,0.23995432,0.38879636,0.37330997,0.45625526,0.7583324,0.52009135,0.22240731,0.25338006,0.08748951
SH688396,-0.14568687628988136,0.25,,2026-05-29,-0.07651298,0.08991352,-0.85096186,0.004899075,0.05448652,0.008501465,0.094551586,-0.072910585,-0.8108968,1.0828522,1.0881572,0.9907942,1.0297865,0.97350585,0.96226126,0.8425755,0.76555765,0.8638324,1.031146,1.0055606,0.9658657,0.91334975,0.83225507,0.035491012,0.042613003,0.059567865,0.09200876,0.1081023,0.0018946403,0.007280758,0.008636888,0.009997416,0.004964487,0.00712454,0.26759648,0.73579794,0.91499543,0.6432485,-0.034935288,-0.038324077,-0.047916096,-0.05831228,0.02129256,1.1105636,1.1105636,1.1105636,1.1105636,1.1105636,0.9597953,0.93081015,0.8191673,0.75026655,0.68205214,1.0440543,1.0300986,1.008318,1.0010166,0.9527726,1.0035735,0.97245836,0.903666,0.818854,0.7427911,0.2,0.4,0.65,0.76666665,0.8833333,0.26666552,0.3849152,0.620573,0.69313204,0.7419821,0.8,0.9,0.95,0.96666664,0.98333335,0.2,0.4,0.05,0.033333335,0.4,0.6,0.5,0.9,0.93333334,0.5833333,0.71000165,0.566803,0.64921534,0.8046035,0.8667234,0.8737471,0.29630393,0.3083181,0.37326726,0.502147,0.6,0.7,0.75,0.73333335,0.55,0.4,0.3,0.25,0.26666668,0.43333334,0.2,0.4,0.5,0.46666667,0.11666667,0.5507076,0.5415677,0.6209181,0.6484009,0.55374515,0.44929242,0.45843232,0.3790819,0.35159913,0.44625488,0.101415165,0.083135374,0.24183619,0.29680178,0.10749026,0.96676403,0.82078373,0.7248324,0.6346053,0.45052552,0.2352782,0.24292491,0.20542142,0.2309471,0.26386064,0.56497127,0.7358235,0.9472854,1.0960153,1.5279847,0.66107345,0.5791335,0.576214,0.57326657,0.5467086,0.33892655,0.42086646,0.42378598,0.42673343,0.45329142,0.32214686,0.15826707,0.15242802,0.14653313,0.09341716
SH603893,-0.15450176584154962,0.25,,2026-05-29,-0.08979277,0.110621735,-0.81171006,0.012953329,0.117095694,0.007875632,0.071194254,-0.09487047,-0.8576115,1.0986509,1.1128821,0.99134743,1.0352017,1.1113992,0.9845585,1.0365081,0.9664148,0.9995037,1.0929797,1.0875696,1.0551729,1.0384272,0.9771255,0.05569902,0.043698974,0.046718165,0.047534216,0.079433955,-0.021783495,0.0005304225,0.0043175155,0.0038252762,0.00320691,0.3823843,0.0013505566,0.2989264,0.5018971,0.49711975,-0.04941268,-0.08995655,-0.0961893,-0.0938937,-0.07172936,1.2175353,1.2175353,1.2175353,1.2175353,1.2175353,0.99134743,0.96938896,0.9676844,0.9586216,0.827959,1.1217228,1.112083,1.1018696,1.0987812,1.0368279,1.0795897,1.0583025,1.020107,0.99923897,0.9055644,0.2,0.1,0.15,0.23333333,0.6166667,0.03825392,0.12335877,0.12933955,0.15981533,0.44161057,0.6,0.8,0.9,0.93333334,0.96666664,1.0,0.1,0.4,0.06666667,0.26666668,-0.4,0.7,0.5,0.8666667,0.7,0.08368221,0.086859025,0.6434444,0.755532,0.7808046,0.52419394,0.32217097,0.34665447,0.44900635,0.4064352,0.4,0.6,0.5,0.53333336,0.51666665,0.6,0.4,0.5,0.46666667,0.48333332,-0.2,0.2,0.0,0.06666667,0.033333335,0.23166835,0.5186916,0.46603036,0.52402365,0.50019044,0.76833165,0.4813084,0.53396964,0.47597632,0.49980956,-0.5366633,0.037383202,-0.067939274,0.04804736,0.0003808958,0.93878263,0.9133405,0.6987595,0.6019223,0.42657644,0.22731061,0.20068215,0.27409074,0.26810628,0.27003518,0.9059406,0.75686735,1.1894996,1.3140284,1.484527,0.6296754,0.604082,0.5688055,0.5617694,0.5411948,0.37032464,0.395918,0.43119448,0.43823057,0.4588052,0.25935072,0.20816395,0.137611,0.12353883,0.08238959
SH688981,-0.17112903515096436,0.0,,2026-05-29,-0.072952524,0.092035525,-0.7926562,0.009673999,0.10511158,0.009408997,0.10223223,-0.073217526,-0.7955355,1.0786934,1.0891287,0.9898506,1.0296218,0.9386748,0.8506897,0.81480956,0.7256093,0.80430275,1.0649846,0.98192406,0.92096347,0.87226784,0.799807,0.045412883,0.09893299,0.09410735,0.10483483,0.10670879,-0.019769851,0.025876809,0.012587255,0.010543517,0.0045583067,0.47379303,0.6271199,0.62615657,0.78390145,0.5565531,-0.02544491,-0.09836971,-0.040542368,-0.025148861,0.06572296,1.1368022,1.1368022,1.1368022,1.1368022,1.1368022,0.9720534,0.80537486,0.7846473,0.7276106,0.6518476,1.1018511,1.0727181,1.0090201,0.94222,0.87116003,1.0360804,0.8972911,0.8491315,0.77151024,0.71839035,0.2,0.6,0.8,0.8666667,0.93333334,0.16963147,0.5872332,0.6115284,0.6656769,0.7179072,0.8,0.9,0.95,0.96666664,0.98333335,0.2,0.2,0.05,0.033333335,0.41666666,0.6,0.7,0.9,0.93333334,0.56666666,0.64880717,0.7310053,0.7867304,0.8490212,0.88528776,0.8953214,0.829682,0.7662194,0.7040534,0.5998596,0.4,0.5,0.5,0.56666666,0.5,0.6,0.5,0.5,0.43333334,0.5,-0.2,0.0,0.0,0.13333334,0.0,0.57699215,0.62433046,0.6163031,0.6434497,0.57254905,0.42300785,0.37566954,0.38369694,0.3565503,0.42745095,0.1539843,0.2486609,0.23260613,0.28689942,0.14509806,1.1323531,0.99461484,0.7928507,0.6553515,0.44243604,0.3134872,0.36689183,0.34536323,0.3513748,0.32873037,1.130589,1.222026,1.6118845,1.8476793,2.4173086,0.5552318,0.5168804,0.5529954,0.5554145,0.5461307,0.44476822,0.48311964,0.44700462,0.4445855,0.4538693,0.11046358,0.033760738,0.10599078,0.110828966,0.09226139
SH688506,-0.18334391429287447,0.125,,2026-05-29,0.07030058,0.11265136,0.62405443,0.02436068,0.21624841,0.017990105,0.15969718,0.063930005,0.5675032,0.934317,1.0227606,0.91750854,0.9785474,1.0062455,1.0772939,1.1443182,1.2548099,1.0688688,0.9757136,1.0063504,1.0638512,1.1207765,1.1435316,0.032037828,0.040852867,0.0681426,0.1031497,0.10240242,-0.0026239657,-0.010706975,-0.010880429,-0.011447006,-0.0014091396,0.016769886,0.629651,0.8923242,0.9544421,0.057754714,0.029534291,0.041831046,0.039512802,0.04520501,-0.101961985,1.0227606,1.0940186,1.1715639,1.319948,1.3855473,0.91750854,0.91750854,0.91750854,0.91750854,0.91750854,0.9947353,1.0389739,1.1359684,1.2118037,1.2515572,0.96541893,0.98574007,0.9986838,1.0296181,1.0663117,1.0,0.5,0.25,0.16666667,0.083333336,0.7837516,0.4673472,0.3246988,0.20497863,0.17624927,1.0,0.4,0.1,0.033333335,0.38333333,1.0,1.0,1.0,1.0,1.0,0.0,-0.6,-0.9,-0.96666664,-0.6166667,0.24163926,-0.44987506,-0.35692126,-0.18396755,0.14974162,0.32472152,0.42507002,0.404556,0.23738708,0.60073656,0.4,0.4,0.4,0.36666667,0.38333333,0.6,0.6,0.6,0.6333333,0.6166667,-0.2,-0.2,-0.2,-0.26666668,-0.23333333,0.4842927,0.3692569,0.3587197,0.33243284,0.48146895,0.5157073,0.6307431,0.6412803,0.66756713,0.5185311,-0.03141463,-0.26148614,-0.28256062,-0.33513433,-0.03706212,0.58305466,0.4689129,0.42043787,0.4097574,0.39933684,0.2419603,0.2099211,0.15929565,0.14221421,0.13124937,1.1539675,1.4417113,1.4989678,1.4458654,1.4498916,0.8200858,0.76538914,0.67707247,0.6072054,0.5457817,0.17991416,0.23461087,0.32292756,0.39279458,0.45421833,0.6401717,0.5307782,0.3541449,0.21441083,0.09156336
SZ000725,-0.18615514308197267,0.125,,2026-05-29,-0.092362426,0.09413863,-0.9811321,0.0017762005,0.018867925,0.0,0.0,-0.09413863,-1.0,1.1017613,1.1037183,1.0,1.032932,1.0097368,0.81031376,0.81211686,0.78687346,0.8788316,1.0783268,0.9820412,0.8996755,0.8699243,0.8381777,0.05857025,0.12070626,0.1186464,0.1056347,0.08458176,-0.008005784,0.033609815,0.01668235,0.009046636,0.0022967872,0.04670824,0.7106963,0.6919478,0.56841123,0.22489922,-0.062315222,-0.13328531,-0.0581578,-0.0011005185,0.09406707,1.1917719,1.1917719,1.1917719,1.1917719,1.1917719,0.9902756,0.79857266,0.7984133,0.7788915,0.7533889,1.1213127,1.113307,1.0140642,0.9342229,0.85178506,1.0250993,0.8415435,0.81608367,0.81175625,0.78470975,0.2,0.5,0.75,0.8333333,0.9166667,0.048260696,0.512278,0.5124756,0.53552675,0.56254715,0.6,0.8,0.9,0.93333334,0.96666664,0.2,0.1,0.1,0.06666667,0.25,0.4,0.7,0.8,0.8666667,0.71666664,0.42587543,0.8998761,0.9352926,0.9179793,0.9047308,0.050212275,0.5662544,0.5171262,0.51754284,0.4232701,0.4,0.6,0.55,0.53333336,0.43333334,0.6,0.4,0.45,0.46666667,0.55,-0.2,0.2,0.1,0.06666667,-0.11666667,0.48040634,0.70293194,0.66773975,0.65776825,0.5590302,0.51959366,0.29706803,0.33226025,0.34223172,0.44096982,-0.03918734,0.40586394,0.3354795,0.31553653,0.11806035,1.1792014,0.8472001,0.5181303,0.40330666,0.28042817,0.22667529,0.57243437,0.51949435,0.45419422,0.34409034,1.042471,1.2669865,1.9104006,2.275651,2.8711617,0.24756831,0.6331082,0.6403904,0.6173546,0.57188183,0.7524317,0.3668918,0.35960963,0.3826454,0.4281182,-0.5048634,0.2662164,0.28078073,0.23470919,0.14376363
SH688187,-0.20680748017484005,0.125,,2026-05-29,-0.04687506,0.10171884,-0.46082968,0.034374997,0.3379413,0.020468783,0.20122904,-0.060781274,-0.5975419,1.0491804,1.085246,0.97852457,1.0231727,0.96776664,0.9113963,0.7939199,0.83730525,0.97525203,0.9946532,0.9460281,0.89595175,0.87832266,0.87553215,0.027985644,0.06205162,0.08107103,0.071166985,0.05855464,0.011992063,0.017623533,0.011802881,0.00572959,0.00030377274,0.45904708,0.7394198,0.7418443,0.5023329,0.008208709,-0.01863736,-0.02533402,-0.008079107,0.03859829,0.11550656,1.085246,1.085246,1.085246,1.085246,1.085246,0.9438898,0.84176195,0.78720987,0.7788383,0.7788383,1.0167431,1.002872,0.9722579,0.9606783,0.9267339,0.97076076,0.890223,0.80941033,0.8099297,0.8322945,0.6,0.8,0.9,0.93333334,0.96666664,0.39694208,0.64989096,0.71397436,0.72178906,0.72178906,1.0,1.0,1.0,1.0,1.0,0.2,0.4,0.1,0.33333334,0.6666667,0.8,0.6,0.9,0.6666667,0.33333334,0.2059152,0.65681887,0.8558617,0.75289994,0.54565257,0.29381487,0.5908866,0.68389213,0.51685005,0.3874722,0.6,0.5,0.55,0.5,0.45,0.4,0.5,0.45,0.5,0.55,0.2,0.0,0.1,0.0,-0.1,0.6408543,0.63169837,0.6666666,0.6102256,0.5104787,0.35914567,0.36830163,0.33333337,0.3897744,0.48952135,0.28170863,0.26339677,0.33333328,0.22045119,0.020957315,0.8616442,0.79737014,0.67004585,0.51516503,0.33810145,0.13505994,0.20182042,0.39291936,0.39215404,0.32932344,0.9532171,1.4283447,1.7318754,2.078421,2.7112315,0.42878118,0.54338884,0.5515434,0.5744347,0.5524567,0.5712188,0.45661113,0.4484566,0.4255653,0.4475433,-0.1424376,0.08677773,0.10308682,0.14886938,0.1049134
SH600584,-0.22361049850378492,0.125,,2026-05-29,-0.04593022,0.10976744,-0.41843215,0.043837205,0.39936438,0.020000007,0.18220347,-0.06976742,-0.63559306,1.0481414,1.0940889,0.97903717,1.0409752,0.88821936,0.70748776,0.5496651,0.5404019,0.5700092,1.0269479,0.9096666,0.770826,0.69509286,0.6090885,0.038973175,0.13448898,0.17494312,0.17875195,0.15498741,0.00038098288,0.04077534,0.028277408,0.018577527,0.0062140576,0.00023890173,0.8426227,0.9144365,0.8370974,0.49029514,-0.027709836,-0.0931556,-0.03946135,0.03553301,0.20759684,1.1565948,1.1565948,1.1565948,1.1565948,1.1565948,0.86530745,0.6834816,0.5251724,0.5251724,0.4633793,1.0550263,1.0362309,0.9816529,0.8293334,0.6844692,0.99541324,0.79387933,0.6136657,0.54202545,0.5114669,0.4,0.7,0.85,0.9,0.95,0.46240455,0.6690121,0.7519969,0.7519969,0.7741038,0.6,0.8,0.9,0.93333334,0.96666664,0.2,0.2,0.05,0.36666667,0.4,0.4,0.6,0.85,0.56666666,0.56666666,0.68152684,0.7190442,0.84774494,0.84860295,0.8605512,0.2931527,0.2648103,0.2690375,0.35493395,0.37043455,0.4,0.7,0.7,0.6666667,0.6,0.6,0.3,0.3,0.33333334,0.4,-0.2,0.4,0.4,0.33333334,0.2,0.7137823,0.830771,0.8171806,0.78540283,0.6789875,0.2862177,0.169229,0.18281941,0.21459717,0.32101247,0.42756462,0.661542,0.6343612,0.57080567,0.35797507,0.9981724,0.93653584,0.73725784,0.5642361,0.38718843,0.11660051,0.12508978,0.25116223,0.32275355,0.29586488,0.7803601,0.8036226,0.881319,1.1779574,1.512109,0.55708843,0.5896963,0.67742467,0.6394731,0.586426,0.4429116,0.4103037,0.32257536,0.36052695,0.41357398,0.114176825,0.17939256,0.3548493,0.27894613,0.17285202
SH600183,-0.25916029746133445,0.0,,2026-05-29,0.03671486,0.08603662,0.42673528,0.03634617,0.42245004,0.0129755875,0.1508147,0.013344276,0.15509996,0.96458536,1.035059,0.95206934,1.0003885,0.7681026,0.63966936,0.5448746,0.47518337,0.48677355,0.9283329,0.8243508,0.7130048,0.64670444,0.53707075,0.06471714,0.11923978,0.14379735,0.1512002,0.15485163,0.039588705,0.03764714,0.023042873,0.015963836,0.007227427,0.9355006,0.913762,0.89875114,0.86391574,0.6644093,-0.0075103445,0.006237088,0.068087876,0.12181994,0.24972017,1.035059,1.035059,1.035059,1.035059,1.035059,0.78474057,0.6416578,0.5403215,0.46942332,0.36410177,0.9716706,0.94251204,0.84518737,0.7269692,0.6444626,0.89489603,0.71282935,0.5831347,0.5296998,0.42068246,1.0,1.0,1.0,1.0,1.0,0.85994244,0.91088235,0.92913616,0.93801844,0.9477478,1.0,1.0,1.0,1.0,1.0,0.2,0.1,0.05,0.06666667,0.38333333,0.8,0.9,0.95,0.93333334,0.6166667,0.7196652,0.77003205,0.76413035,0.60084885,0.67495555,-0.17405808,-0.0016368992,0.37273276,0.34859204,0.108671755,1.0,0.8,0.7,0.7,0.6166667,0.0,0.2,0.25,0.26666668,0.36666667,1.0,0.6,0.45,0.43333334,0.25,1.0,0.9536237,0.89692616,0.879395,0.7414796,0.0,0.0463763,0.10307383,0.120604984,0.25852045,1.0,0.9072474,0.7938523,0.75879,0.4829591,0.9349985,0.8126792,0.6977794,0.67977107,0.5829929,0.14451747,0.17684035,0.20443195,0.18071409,0.18082887,0.45025206,0.6615425,0.87967247,0.9517107,0.9746897,0.8064451,0.65509665,0.564915,0.5258755,0.54232204,0.19355485,0.34490335,0.435085,0.47412452,0.45767793,0.6128903,0.3101933,0.12982999,0.05175097,0.08464413
SH688126,-0.2664580841898419,0.125,,2026-05-29,-0.10645159,0.14258067,-0.74660605,0.01677419,0.11764702,0.019354887,0.13574693,-0.10387089,-0.72850615,1.1191336,1.1379061,0.9783393,1.0445008,1.0039611,0.8689233,0.742888,0.64277995,0.7457688,1.0277277,1.0154123,0.9276197,0.8559837,0.7576761,0.05152212,0.059991557,0.10967851,0.13859007,0.14128587,0.003601019,0.0061719124,0.016458504,0.014923316,0.0063266284,0.012212467,0.09702211,0.7881443,0.8986037,0.61157125,-0.034929793,-0.043185912,-0.08397551,-0.072371736,0.055688333,1.1408926,1.1411573,1.1411573,1.1411573,1.1411573,0.942207,0.8566035,0.7042611,0.6376919,0.59956783,1.0602088,1.0598488,1.0204537,1.0007923,0.89067334,0.9942384,0.99366224,0.82679147,0.739431,0.63946706,0.4,0.4,0.7,0.8,0.9,0.29087678,0.5039346,0.67690885,0.7196286,0.73936474,0.8,0.4,0.7,0.8,0.9,0.6,0.1,0.1,0.1,0.4,0.2,0.3,0.6,0.7,0.5,0.90186936,0.8560166,0.927244,0.9384634,0.93228555,0.9323196,0.84178674,0.6984717,0.70863646,0.6258481,0.6,0.6,0.65,0.6666667,0.55,0.4,0.4,0.35,0.33333334,0.45,0.2,0.2,0.3,0.33333334,0.1,0.49452737,0.604,0.64302886,0.660414,0.58660454,0.50547266,0.396,0.35697117,0.33958605,0.41339546,-0.010945261,0.20799999,0.28605768,0.32082793,0.17320904,0.97514075,0.9929103,0.778904,0.6132183,0.3609907,0.13286056,0.1871397,0.28509772,0.33896795,0.34866208,0.42982277,1.031624,1.251369,1.4565303,2.1160264,0.50814736,0.57825005,0.6149444,0.5970301,0.5709589,0.49185264,0.42174992,0.3850556,0.4029699,0.42904112,0.016294703,0.15650015,0.2298888,0.19406022,0.14191777
SZ300433,-0.29671767614357547,0.0,,2026-05-29,0.015037593,0.07944865,0.18927437,0.020050123,0.25236583,0.044360932,0.5583598,0.0393484,0.49526834,0.9851852,1.0197531,0.9414815,0.9827445,0.9481608,0.84468585,0.63260907,0.7444661,0.83829755,0.9827718,0.9552938,0.84161174,0.7811591,0.7617798,0.020387337,0.036752243,0.13011767,0.13751848,0.1024958,0.0091552865,0.008822846,0.021216523,0.014183339,0.0023154377,0.50415367,0.5282764,0.930559,0.82439727,0.15565172,-0.0010823596,0.0050034244,-0.043168694,0.013182469,0.16991481,1.0296229,1.0296229,1.0296229,1.0296229,1.0296229,0.9234475,0.84939235,0.624693,0.6158131,0.6158131,0.99567056,0.9935791,0.95961916,0.9485514,0.804598,0.9706868,0.9301351,0.7003581,0.6537679,0.67737633,1.0,1.0,1.0,1.0,1.0,0.7210005,0.83563894,0.9268444,0.9284142,0.9284142,0.8,0.9,0.95,0.96666664,0.98333335,0.4,0.1,0.05,0.06666667,0.53333336,0.4,0.8,0.9,0.9,0.45,0.6857994,-0.095238335,0.82417727,0.75558674,0.5645231,0.92830807,0.6771642,0.67764837,0.0022793047,0.07717038,0.6,0.6,0.65,0.56666666,0.48333332,0.4,0.4,0.35,0.43333334,0.51666665,0.2,0.2,0.3,0.13333334,-0.033333335,0.74500006,0.73728704,0.8159865,0.6543908,0.5636084,0.25499997,0.26271296,0.18401347,0.34560922,0.4363916,0.49000007,0.4745741,0.631973,0.30878156,0.12721682,0.9936118,1.1089327,0.89544696,0.77730036,0.5371296,0.12661624,0.2208076,0.35413992,0.37098444,0.36060822,0.89589286,1.362731,1.2879235,1.4081571,1.8029455,0.42189974,0.42020157,0.5819343,0.5516575,0.53477454,0.57810026,0.57979846,0.41806576,0.44834247,0.46522546,-0.15620054,-0.15959688,0.16386852,0.10331505,0.069549076
SH600460,-0.3411176089137148,0.125,,2026-05-29,-0.089473665,0.09684214,-0.9239125,0.007368476,0.0760875,0.0,0.0,-0.09684214,-1.0,1.0982659,1.1063584,1.0,1.0362772,0.92948264,0.8945134,0.8219696,0.77831596,0.8997047,1.0214409,0.9705174,0.9188712,0.8773099,0.83199626,0.053318072,0.06605721,0.0734177,0.08515802,0.080620624,0.015492982,0.017593503,0.011193283,0.009100389,0.002922877,0.21108687,0.6502428,0.81354463,0.88505554,0.4008931,-0.052426808,-0.04968816,-0.025207406,-0.009265534,0.08177888,1.131218,1.131218,1.131218,1.131218,1.131218,0.92254364,0.869646,0.79305947,0.7647327,0.7138786,1.0448463,1.0056622,0.9814347,0.93635297,0.8942818,0.9864716,0.9230639,0.8571704,0.796534,0.7676245,0.6,0.8,0.9,0.93333334,0.96666664,0.37118298,0.49834839,0.6119631,0.64195555,0.6855844,0.8,0.9,0.95,0.96666664,0.98333335,0.2,0.2,0.05,0.1,0.4,0.6,0.7,0.9,0.8666667,0.5833333,0.7332817,0.86046225,0.89246684,0.9293977,0.9133743,0.6005931,0.3693677,0.48463622,0.5276028,0.35310587,0.6,0.7,0.55,0.56666666,0.48333332,0.4,0.3,0.45,0.43333334,0.5,0.2,0.4,0.1,0.13333334,-0.016666668,0.6140022,0.61997366,0.64735013,0.6526025,0.54186064,0.38599774,0.3800263,0.35264987,0.34739748,0.45813933,0.22800449,0.23994736,0.2947003,0.30520505,0.08372132,0.88443595,0.66845196,0.53347135,0.41998926,0.28855202,0.23986302,0.2846692,0.2524077,0.2648653,0.23312795,0.6611742,0.9798366,1.2975025,1.5681537,1.9308178,0.79551476,0.65885514,0.6317793,0.63868237,0.58349913,0.20448522,0.34114486,0.3682207,0.36131766,0.41650087,0.5910296,0.31771028,0.26355866,0.27736467,0.16699827
