instrument,avg_score,pos_ratio,real_label,datetime,KMID,KLEN,KMID2,KUP,KUP2,KLOW,KLOW2,KSFT,KSFT2,OPEN0,HIGH0,LOW0,VWAP0,ROC5,ROC10,ROC20,ROC30,ROC60,MA5,MA10,MA20,MA30,MA60,STD5,STD10,STD20,STD30,STD60,BETA5,BETA10,BETA20,BETA30,BETA60,RSQR5,RSQR10,RSQR20,RSQR30,RSQR60,RESI5,RESI10,RESI20,RESI30,RESI60,MAX5,MAX10,MAX20,MAX30,MAX60,MIN5,MIN10,MIN20,MIN30,MIN60,QTLU5,QTLU10,QTLU20,QTLU30,QTLU60,QTLD5,QTLD10,QTLD20,QTLD30,QTLD60,RANK5,RANK10,RANK20,RANK30,RANK60,RSV5,RSV10,RSV20,RSV30,RSV60,IMAX5,IMAX10,IMAX20,IMAX30,IMAX60,IMIN5,IMIN10,IMIN20,IMIN30,IMIN60,IMXD5,IMXD10,IMXD20,IMXD30,IMXD60,CORR5,CORR10,CORR20,CORR30,CORR60,CORD5,CORD10,CORD20,CORD30,CORD60,CNTP5,CNTP10,CNTP20,CNTP30,CNTP60,CNTN5,CNTN10,CNTN20,CNTN30,CNTN60,CNTD5,CNTD10,CNTD20,CNTD30,CNTD60,SUMP5,SUMP10,SUMP20,SUMP30,SUMP60,SUMN5,SUMN10,SUMN20,SUMN30,SUMN60,SUMD5,SUMD10,SUMD20,SUMD30,SUMD60,VMA5,VMA10,VMA20,VMA30,VMA60,VSTD5,VSTD10,VSTD20,VSTD30,VSTD60,WVMA5,WVMA10,WVMA20,WVMA30,WVMA60,VSUMP5,VSUMP10,VSUMP20,VSUMP30,VSUMP60,VSUMN5,VSUMN10,VSUMN20,VSUMN30,VSUMN60,VSUMD5,VSUMD10,VSUMD20,VSUMD30,VSUMD60
SZ002236,0.14649381242580176,1.0,,2026-05-27,0.0,0.036137752,0.0,0.033314534,0.92187613,0.0028232206,0.07812385,-0.030491313,-0.84375226,1.0,1.0333146,0.99717677,1.0116329,0.9967117,1.0138612,1.0050124,0.9640798,1.0652981,0.99317676,0.98963386,0.99917454,1.0082912,0.989384,0.013525668,0.013763601,0.015027661,0.022913417,0.03758353,0.007300494,0.0028435723,-0.0011355606,-0.0015358124,0.0003004209,0.7283281,0.39126936,0.19985083,0.34817562,0.019487903,-0.007777758,-0.0024299098,0.011613315,0.013978084,0.0017535925,1.0333146,1.0333146,1.0431752,1.0719353,1.0719353,0.9651852,0.96241957,0.96241957,0.9502522,0.9043461,1.0022539,1.0022424,1.0119772,1.023041,1.0133017,0.9846546,0.97712797,0.9868673,0.988749,0.9567816,0.6,0.7,0.4,0.3,0.5,0.51101005,0.530086,0.46536,0.4088308,0.57076395,1.0,1.0,0.2,0.13333334,0.56666666,0.4,0.3,0.65,0.033333335,0.28333333,0.6,0.7,-0.45,0.1,0.28333333,-0.37773246,-0.31411272,0.26065508,0.6248244,0.6546014,-0.5675052,0.0063936547,0.04103666,0.3696342,0.08585657,0.6,0.5,0.5,0.5,0.48333332,0.4,0.5,0.45,0.46666667,0.48333332,0.2,0.0,0.05,0.033333335,0.0,0.5264807,0.45447728,0.48991397,0.5434554,0.45855492,0.47351933,0.54552275,0.510086,0.45654455,0.5414451,0.052961327,-0.09104545,-0.020172045,0.086910896,-0.08289016,0.85253805,0.86908185,0.95560163,1.0290887,0.8341126,0.12580697,0.09880441,0.19401833,0.3263006,0.34843293,0.8019568,0.702449,0.77896583,0.9246079,1.1230576,0.59317106,0.43465263,0.5479161,0.5195664,0.50033045,0.40682894,0.5653474,0.4520839,0.48043358,0.49966952,0.18634209,-0.13069475,0.09583225,0.03913284,0.00066092727
SH601077,0.08792625565082605,1.0,,2026-05-27,-0.020679465,0.032496255,-0.6363646,0.0073855636,0.22727431,0.004431225,0.1363611,-0.023633804,-0.7272778,1.0211161,1.0286577,0.99547523,1.0053853,1.0383818,1.0363071,1.1182574,1.0995852,0.98340255,1.0221993,1.0316391,1.0579357,1.073859,1.0594572,0.012547179,0.013421052,0.03533274,0.0374985,0.03754532,-0.0062240735,-0.003866466,-0.00563676,-0.0036813612,0.0006486069,0.615173,0.7607933,0.89078426,0.7469488,0.09102304,-0.009751076,-0.014239957,-0.0043865214,-0.020479238,-0.07859108,1.0486609,1.0548886,1.1349525,1.1389985,1.1389985,0.99547523,0.99547523,0.99547523,0.99547523,0.96671724,1.0292531,1.0414938,1.0960581,1.1097511,1.0960581,1.020747,1.0259337,1.0298756,1.0360996,1.0284233,0.2,0.1,0.05,0.033333335,0.06666667,0.08507539,0.076157816,0.03244108,0.03152655,0.19318843,0.2,0.3,0.05,0.06666667,0.53333336,1.0,1.0,1.0,1.0,0.033333335,-0.8,-0.7,-0.95,-0.93333334,0.5,-0.47923344,-0.29351726,-0.12034296,-0.43262622,-0.5246778,-0.7527837,-0.6945408,-0.47289884,-0.38868472,0.22927965,0.2,0.3,0.2,0.3,0.48333332,0.6,0.6,0.75,0.6333333,0.48333332,-0.4,-0.3,-0.55,-0.33333334,0.0,0.025641613,0.26027423,0.13924041,0.28761023,0.5130293,0.9743584,0.73972577,0.86075956,0.71238977,0.48697072,-0.94871676,-0.47945157,-0.7215192,-0.4247795,0.026058568,0.8532534,0.8159702,0.9244713,0.8297286,1.0293343,0.1548643,0.17429385,0.27625075,0.27598315,0.3963574,1.3905665,1.1313921,1.0965074,1.1519051,1.2569695,0.6942995,0.46585137,0.5524929,0.5180245,0.5020544,0.3057005,0.53414863,0.44750708,0.48197553,0.49794564,0.388599,-0.06829729,0.104985826,0.036048952,0.0041087545
SH600570,0.08657288867273581,1.0,,2026-05-27,-0.018597491,0.03525768,-0.52747357,0.013560625,0.38461483,0.0030995603,0.08791164,-0.029058557,-0.8241767,1.0189499,1.0327675,0.9968417,1.0117894,1.0422459,1.0797503,1.0343521,1.0615876,1.1784492,1.0223472,1.0355327,1.05239,1.0516795,1.0536473,0.013607463,0.018518394,0.027815169,0.023069192,0.03860536,-0.0059622866,-0.0046752216,-0.0022689404,-0.000632453,-0.0007350534,0.47996703,0.58426416,0.23289001,0.05824967,0.1105713,-0.010422644,-0.014494193,-0.03083507,-0.042508937,-0.031963207,1.0852768,1.095539,1.1085705,1.1085705,1.1887085,0.9968417,0.9968417,0.9968417,0.9968417,0.9696003,1.0325358,1.0532169,1.0814095,1.0664845,1.0852009,1.0157946,1.0251083,1.0317413,1.0322983,1.020372,0.2,0.1,0.05,0.033333335,0.06666667,0.03571316,0.031999838,0.028267547,0.028267547,0.13874279,0.2,0.1,0.4,0.6,0.016666668,1.0,1.0,1.0,1.0,0.35,-0.8,-0.9,-0.6,-0.4,-0.33333334,0.29802516,-0.20979157,0.39147484,0.36069065,0.35285982,-0.08420969,-0.14076595,0.2489014,0.35056046,0.17882137,0.2,0.3,0.45,0.43333334,0.46666667,0.8,0.7,0.5,0.53333336,0.51666665,-0.6,-0.4,-0.05,-0.1,-0.05,0.18714394,0.26177666,0.4414443,0.42367706,0.406219,0.8128561,0.7382233,0.55855566,0.5763229,0.593781,-0.6257121,-0.47644666,-0.117111355,-0.15264587,-0.18756197,1.1077332,1.038065,1.079102,0.9687515,0.90322244,0.19572866,0.1971027,0.29060388,0.2903488,0.30564076,0.51595587,0.46925077,0.71877766,0.7760327,0.99374413,0.6055349,0.49838734,0.5350312,0.4603154,0.50195503,0.39446512,0.50161266,0.46496883,0.5396846,0.49804497,0.21106976,-0.0032253466,0.07006236,-0.07936919,0.003910053
SH601988,0.07648491114570338,1.0,,2026-05-27,-0.008474597,0.02881352,-0.29411873,0.013559283,0.47058752,0.0067796414,0.23529376,-0.015254238,-0.5294125,1.0085471,1.0222222,0.9931624,1.007714,0.9742063,0.97751325,0.9927249,0.9656085,0.9007936,1.0022486,0.99444443,0.9870701,0.9888448,0.96723986,0.0074621057,0.011037012,0.01194621,0.012126607,0.03263173,0.002579366,0.0025172306,0.0012148404,0.00021776035,0.0015070691,0.29870546,0.47682002,0.36194804,0.024990829,0.65055794,-0.0074073854,-0.005771972,0.0013889123,0.0079976795,-0.011698393,1.0222222,1.0222222,1.0222222,1.0222222,1.0222222,0.9674717,0.9674717,0.9589341,0.953427,0.8971542,1.0088624,1.0027777,0.9968254,0.9984127,0.994709,0.9982804,0.9883598,0.97526455,0.9771164,0.92579365,0.4,0.7,0.85,0.8333333,0.8666667,0.59411854,0.59411854,0.64887214,0.67698014,0.822319,1.0,1.0,1.0,1.0,1.0,0.2,0.6,0.4,0.033333335,0.033333335,0.8,0.4,0.6,0.96666664,0.96666664,-0.562678,0.4285026,0.49751258,0.2793069,-0.011733441,0.56962603,0.59200484,0.41252682,0.5335406,0.4523488,0.8,0.7,0.45,0.46666667,0.5,0.2,0.2,0.45,0.43333334,0.4,0.6,0.5,0.0,0.033333335,0.1,0.7826091,0.6307694,0.5263157,0.5807454,0.60445684,0.21739091,0.36923063,0.4736843,0.41925463,0.39554313,0.5652182,0.2615387,0.052631397,0.16149075,0.20891374,1.115494,1.031354,0.9171092,0.85717404,0.9824999,0.1327312,0.16157156,0.19634731,0.19672437,0.35230595,0.7307643,0.7597581,0.8556371,0.91661197,1.4205834,0.58901745,0.56929886,0.55469555,0.52911574,0.5120063,0.41098255,0.43070114,0.44530445,0.47088426,0.48799372,0.17803493,0.13859771,0.10939107,0.05823145,0.02401254
SZ002230,0.06282991225659727,0.75,,2026-05-27,0.02051182,0.046506904,0.44104898,0.015028389,0.32314318,0.010966692,0.23580785,0.016450126,0.35371363,0.9799005,1.0147263,0.9691542,0.9978772,0.95522827,0.98308104,0.976512,0.9480607,1.108258,0.96608907,0.9619477,0.9712509,0.9693439,0.97936803,0.025680277,0.020563176,0.020502262,0.018171536,0.046587035,0.01592193,0.0038171296,-0.00074605044,0.00015829776,-0.0012727586,0.961019,0.31586748,0.046344783,0.005881227,0.22764689,0.0020670546,0.020875257,0.035836585,0.02836076,0.058178328,1.0147263,1.0147263,1.0147263,1.0147263,1.119797,0.93073773,0.93073773,0.93073773,0.93073773,0.90267926,0.98408246,0.9780243,0.9916383,0.98479193,1.0270237,0.9416843,0.9416843,0.9506007,0.9510007,0.9394654,1.0,1.0,0.95,0.96666664,0.73333335,0.8246628,0.8246628,0.8246628,0.8246628,0.4482394,1.0,1.0,1.0,1.0,0.016666668,0.4,0.7,0.85,0.9,0.36666667,0.6,0.3,0.15,0.1,-0.35,0.848769,0.67739594,0.3668706,0.39702266,0.30387932,0.12294177,0.2857739,0.30993354,0.33650893,0.35167393,0.8,0.6,0.55,0.6,0.51666665,0.2,0.4,0.45,0.4,0.48333332,0.6,0.2,0.1,0.2,0.033333335,0.79215086,0.5461568,0.53542024,0.56146777,0.43912134,0.20784913,0.45384315,0.4645798,0.43853223,0.56087863,0.5843017,0.092313685,0.07084044,0.12293553,-0.12175732,0.6107624,0.55206984,0.5133289,0.4525148,0.38972452,0.2362046,0.17790498,0.14868864,0.15088445,0.14603482,0.69048244,0.6400333,0.75066763,0.8823202,1.0154272,0.830314,0.68334997,0.63558465,0.60935974,0.55529493,0.16968602,0.31665003,0.36441535,0.3906403,0.44470504,0.66062796,0.36669996,0.27116933,0.21871944,0.1105899
SH601825,0.04852005848147532,1.0,,2026-05-27,-0.016451174,0.025851976,-0.63636047,0.0035253002,0.13636483,0.0058755004,0.22727472,-0.014100975,-0.54545057,1.0167264,1.0203106,0.99402624,1.004493,1.0378377,1.0324323,1.090991,1.099099,1.0,1.0178379,1.0317117,1.0421622,1.0586786,1.0552852,0.011992465,0.017239418,0.021078601,0.030081833,0.031449612,-0.007297292,-0.005318038,-0.0029804222,-0.0031891298,0.00020361031,0.9256494,0.87230664,0.69974536,0.87103885,0.012784059,-0.0032432484,-0.0077805184,-0.013848122,-0.012436274,-0.06129176,1.042573,1.0665848,1.0980648,1.1181939,1.1181939,0.99402624,0.99402624,0.99402624,0.99402624,0.98805255,1.0277478,1.0477477,1.0553153,1.0918919,1.0888288,1.0122522,1.016036,1.027027,1.0302702,1.0263063,0.2,0.1,0.05,0.033333335,0.025,0.123051904,0.0823303,0.057418894,0.04811056,0.09180356,0.2,0.2,0.05,0.13333334,0.56666666,1.0,1.0,1.0,1.0,0.06666667,-0.8,-0.8,-0.95,-0.8666667,0.5,-0.6396445,0.28354907,0.2745642,-0.18602054,-0.09024603,-0.386945,0.17135072,-0.474135,-0.4027295,-0.1668057,0.0,0.3,0.45,0.43333334,0.51666665,1.0,0.7,0.55,0.53333336,0.46666667,-1.0,-0.4,-0.1,-0.1,0.05,0.0,0.33018902,0.27753335,0.3363097,0.5,1.0,0.669811,0.72246665,0.66369027,0.5,-1.0,-0.339622,-0.4449333,-0.32738057,0.0,0.8451261,0.89179784,1.1984936,1.1284907,1.0829341,0.097858734,0.16775191,0.48454583,0.48868018,0.40031275,0.8549269,0.5780319,1.2330211,1.2732624,1.0723349,0.8069932,0.42094934,0.4384983,0.48863405,0.51083076,0.19300681,0.57905066,0.5615017,0.51136595,0.48916924,0.6139864,-0.15810134,-0.12300342,-0.022731919,0.021661524
SH601618,0.045132529066870694,0.875,,2026-05-27,-0.0035460745,0.02127656,-0.16666578,0.007092262,0.3333369,0.010638223,0.49999735,-1.1323884e-07,-5.3222348e-06,1.0035586,1.0106761,0.9893239,0.9987704,1.0164835,1.0549451,1.0357144,1.0604396,1.1263736,0.9989011,1.0118132,1.0315934,1.0399268,1.0703297,0.0063246456,0.015326194,0.023590716,0.023185097,0.042985536,0.001648352,-0.004245759,-0.0032347373,-0.0021721337,-0.0021874208,0.16981168,0.7034828,0.65805745,0.6802319,0.78980494,-0.0021978102,0.007292712,-0.0008634295,-0.008430833,-0.0058007883,1.0213524,1.0535101,1.0648148,1.0730641,1.1999353,0.96955377,0.96955377,0.96955377,0.96955377,0.96955377,1.0016483,1.0258242,1.0554945,1.0576923,1.1126374,0.9939561,0.9989011,1.0065935,1.0164835,1.0423077,0.7,0.35,0.175,0.11666667,0.058333334,0.5877808,0.3626438,0.31960842,0.2941372,0.13215572,0.2,0.1,0.3,0.1,0.18333334,0.6,0.8,0.9,0.93333334,0.96666664,-0.4,-0.7,-0.6,-0.8333333,-0.78333336,-0.43834814,-0.074832745,0.010051422,-0.16104966,0.8023324,-0.33300576,-0.43568712,-0.070786424,-0.042784076,0.061872426,0.4,0.3,0.35,0.26666668,0.36666667,0.6,0.7,0.5,0.53333336,0.51666665,-0.2,-0.4,-0.15,-0.26666668,-0.15,0.33333334,0.23684193,0.38596487,0.34285706,0.39912274,0.6666667,0.7631581,0.6140351,0.65714294,0.6008772,-0.33333334,-0.5263161,-0.22807026,-0.31428584,-0.20175448,1.0843728,1.0560176,1.03654,0.9843478,1.592157,0.11430956,0.17351222,0.20308103,0.19558176,0.98405224,0.5002489,0.5632978,0.7690092,0.9056708,1.5184808,0.5817724,0.41954124,0.5180901,0.51618826,0.44590813,0.41822764,0.58045876,0.4819099,0.4838117,0.5540919,0.16354473,-0.16091754,0.036180224,0.032376565,-0.10818376
SH601088,0.04482712521782021,1.0,,2026-05-27,0.027870722,0.044370122,0.6281417,0.0028985355,0.06532629,0.013600863,0.30653203,0.03857305,0.8693474,0.972885,1.0028199,0.9596529,0.9790227,0.9978187,0.9718048,1.0236709,1.006059,0.9073356,0.9801099,0.9863387,0.9970472,0.99740666,1.0116119,0.011875564,0.011520074,0.0249177,0.021597156,0.031508673,0.003263856,-0.0009572199,-0.0027582883,-0.00077576685,-0.00063888216,0.1888398,0.06328844,0.42887574,0.09999332,0.12539528,0.013362434,0.017968843,0.02915658,0.013841956,0.0072350516,1.0190401,1.0190401,1.0564166,1.0564166,1.0928489,0.9596529,0.9596529,0.9596529,0.9596529,0.90412563,0.9853934,0.9981257,1.0188398,1.015576,1.0380191,0.9717078,0.9749071,0.9789788,0.97999674,0.98645985,1.0,1.0,0.75,0.73333335,0.45,0.6793899,0.6793899,0.41696492,0.41696492,0.5080155,0.6,0.8,0.15,0.43333334,0.28333333,1.0,1.0,1.0,1.0,0.016666668,-0.4,-0.2,-0.85,-0.56666666,0.26666668,-0.07774991,-0.060178064,0.051314242,0.1560363,0.27402562,0.031673513,0.112469256,0.0352153,0.05091715,0.40438306,0.4,0.6,0.45,0.46666667,0.46666667,0.6,0.4,0.55,0.53333336,0.53333336,-0.2,0.2,-0.1,-0.06666667,-0.06666667,0.5197658,0.6673059,0.44013095,0.48910844,0.5580525,0.4802342,0.33269414,0.55986905,0.51089156,0.44194755,0.039531566,0.3346117,-0.119738124,-0.02178314,0.11610492,0.92213374,0.90967166,0.85822994,0.81897116,0.967826,0.29114324,0.20420566,0.20271203,0.19589825,0.3980714,1.1167456,1.067878,1.451274,1.4070088,1.4726384,0.5834279,0.59273094,0.5158511,0.5335136,0.5157389,0.4165721,0.40726906,0.4841489,0.46648636,0.4842611,0.1668558,0.18546188,0.03170222,0.06702727,0.03147781
SH601059,0.04332000298213941,0.875,,2026-05-27,-0.001156727,0.012724158,-0.09090794,0.0057837158,0.45454603,0.0057837158,0.45454603,-0.001156727,-0.09090794,1.0011581,1.0069485,0.9942096,0.99971735,1.002287,0.9885649,0.95711833,0.97427106,1.0211549,0.99828476,0.9888508,0.9845912,0.98137987,0.982066,0.00478366,0.015748953,0.01348623,0.0126355635,0.021943908,0.0021726743,0.004168614,0.0015059088,0.00079435203,-0.0002825891,0.5157137,0.6422313,0.4363995,0.30629402,0.050580457,-0.002630079,-0.007609543,0.0011026618,0.007102051,0.026270429,1.0139563,1.0139563,1.0139563,1.0139563,1.0274727,0.99025816,0.95358664,0.95358664,0.95358664,0.9352303,1.0009148,1.0004574,0.99622643,0.9932533,1.0036592,0.99473983,0.97289884,0.9725557,0.9725557,0.95997715,0.8,0.8,0.9,0.93333334,0.71666664,0.41108075,0.7688191,0.7688191,0.7688191,0.7021684,0.2,0.6,0.8,0.8666667,0.016666668,0.4,0.2,0.6,0.73333335,0.28333333,-0.2,0.4,0.2,0.13333334,-0.26666668,-0.5040669,0.55144995,0.6596173,0.6468283,0.46949252,-0.22498685,0.5498269,0.6039412,0.5106069,0.25895315,0.4,0.5,0.55,0.5,0.45,0.6,0.5,0.4,0.46666667,0.51666665,-0.2,0.0,0.15,0.033333335,-0.06666667,0.45833272,0.5602407,0.639405,0.5623267,0.47724482,0.5416673,0.4397593,0.360595,0.43767324,0.52275515,-0.083334565,0.12048137,0.27881002,0.1246535,-0.045510344,1.1898823,1.1889226,0.9866044,0.8431756,0.8945349,0.38697946,0.5492021,0.45859197,0.42949626,0.44097328,0.5173703,1.4213188,1.524988,1.6674958,1.6339176,0.37785205,0.5321065,0.5274505,0.49136555,0.48634443,0.622148,0.46789345,0.47254947,0.50863445,0.51365554,-0.2442959,0.06421309,0.05490106,-0.017268883,-0.027311146
SH601901,0.040981958123834136,0.875,,2026-05-27,-0.00990097,0.029702999,-0.33333236,0.012729819,0.42857015,0.0070722094,0.23809749,-0.015558579,-0.523805,1.01,1.0228571,0.99285704,1.0051156,0.9960053,1.035952,0.99334216,1.0159786,1.0972036,1.0071903,1.0049267,1.0158455,1.0134043,1.0186862,0.006358088,0.007507523,0.016036404,0.014438754,0.028940229,0.00026632656,0.0002824549,-0.0010832673,-9.953283e-05,-0.0007361122,0.004386477,0.012975267,0.15970752,0.0036827736,0.19732583,-0.0077230167,-0.006197764,-0.005554453,-0.011961072,0.003029162,1.0299002,1.0402707,1.0469917,1.0469917,1.1014897,0.98942864,0.987528,0.987528,0.987528,0.96509117,1.0133156,1.0133156,1.0338216,1.0260985,1.0479361,1.0010653,0.99920106,1.0010653,1.0013314,0.9944074,0.2,0.3,0.2,0.16666667,0.26666668,0.26120484,0.23646814,0.20974064,0.20974064,0.25593293,0.2,0.1,0.45,0.6333333,0.016666668,0.4,0.3,0.65,0.76666665,0.41666666,-0.2,-0.2,-0.2,-0.13333334,-0.4,-0.7239724,0.050486874,0.08692019,0.22067876,-0.033948857,0.033990066,-0.030068358,0.16413686,0.17785065,0.05515405,0.6,0.4,0.55,0.43333334,0.45,0.2,0.5,0.4,0.46666667,0.48333332,0.4,-0.1,0.15,-0.033333335,-0.033333335,0.5652176,0.30434775,0.52066135,0.46000016,0.4153133,0.43478236,0.69565225,0.47933862,0.53999984,0.5846867,0.13043529,-0.39130452,0.04132274,-0.07999966,-0.16937341,0.97141147,0.79768795,0.76186144,0.6908053,0.6983747,0.20669803,0.24492264,0.19799699,0.19538668,0.20820238,0.80596817,0.62276024,0.6907039,0.8634665,1.1749977,0.64920104,0.5879912,0.5829866,0.46845093,0.5211378,0.35079896,0.41200882,0.4170134,0.5315491,0.47886226,0.2984021,0.17598233,0.16597319,-0.063098155,0.042275507
SH603195,0.040774501223260456,0.875,,2026-05-27,0.042026915,0.071806,0.5852842,0.026657058,0.3712372,0.003122025,0.043478608,0.018491883,0.2575256,0.9596681,1.025582,0.956672,1.0007551,0.999123,0.9933212,0.9532483,0.9523039,1.0161235,0.9945355,0.99292314,0.99413073,0.980004,0.97794306,0.022531599,0.015659835,0.02637705,0.029590786,0.02553037,-0.00789314,-4.3746324e-05,0.00069299014,0.0021272597,0.00014598315,0.3068002,7.153525e-05,0.024158485,0.40052512,0.0099722035,0.021250768,0.0072737094,-0.0007141347,-0.010849301,0.017750451,1.0274786,1.0274786,1.0440351,1.0440351,1.0440351,0.956672,0.956672,0.9433316,0.94033515,0.93638563,1.0123997,1.0023612,1.0143965,1.0070026,1.0029548,0.98120487,0.98654795,0.9808271,0.952088,0.9522094,0.6,0.8,0.6,0.73333335,0.78333336,0.6119205,0.6119205,0.5627254,0.57536066,0.5909401,0.2,0.6,0.2,0.46666667,0.73333335,1.0,1.0,0.1,0.033333335,0.3,-0.8,-0.4,0.1,0.43333334,0.43333334,0.41850558,0.39569977,0.8085215,0.8937777,0.72930956,0.72474134,0.5463442,0.795629,0.7840197,0.62304837,0.6,0.6,0.5,0.46666667,0.41666666,0.4,0.4,0.45,0.5,0.56666666,0.2,0.2,0.05,-0.033333335,-0.15,0.5039322,0.52537173,0.5716649,0.563204,0.48788893,0.49606782,0.47462824,0.42833507,0.436796,0.51211107,0.007864351,0.050743494,0.14332983,0.126408,-0.024222132,0.65568596,0.5995346,0.6712571,0.50258416,0.36853245,0.22025384,0.21496248,0.4827861,0.46032616,0.3547696,0.9648851,1.3549308,2.1986835,2.6858563,3.1977174,0.7362915,0.6211587,0.56973237,0.5626109,0.5316067,0.26370847,0.37884128,0.43026763,0.43738905,0.46839333,0.47258303,0.24231745,0.13946474,0.12522188,0.06321334
SH601318,0.03761069320316489,0.875,,2026-05-27,-0.01860723,0.022660267,-0.82113916,0.00018422287,0.0081297755,0.0038688115,0.17073107,-0.014922643,-0.65853786,1.01896,1.0191478,0.9960578,1.004979,1.0157571,1.0895692,1.0846564,1.104188,1.1920197,1.0106884,1.0232341,1.0663172,1.0751323,1.0993559,0.0077790176,0.019718833,0.047976144,0.041099463,0.04804469,-0.0007249451,-0.005391401,-0.006823991,-0.003244166,-0.0021233824,0.021712044,0.6852551,0.7080994,0.4828759,0.595752,-0.009238516,0.0010272162,-0.0014892679,-0.0280919,-0.036716167,1.0386381,1.098531,1.1471605,1.1471605,1.196553,0.9960578,0.9960578,0.9960578,0.9960578,0.9960578,1.0180336,1.0327243,1.1151998,1.1143491,1.1496255,1.006135,1.008867,1.0174346,1.021916,1.0661913,0.2,0.1,0.05,0.033333335,0.016666668,0.09258184,0.03847022,0.026089296,0.026089296,0.019662146,0.2,0.1,0.3,0.53333336,0.016666668,1.0,1.0,1.0,1.0,1.0,-0.8,-0.9,-0.7,-0.46666667,-0.98333335,0.19646439,0.35135877,0.24492915,-0.051225375,-0.12390056,0.22660361,0.07005267,0.42342976,0.34067363,-0.006623168,0.4,0.2,0.35,0.3,0.38333333,0.6,0.8,0.65,0.6666667,0.6,-0.2,-0.6,-0.3,-0.36666667,-0.21666667,0.29225925,0.099195965,0.29372263,0.32265955,0.37201503,0.7077408,0.90080404,0.7062774,0.67734045,0.62798494,-0.41548154,-0.8016081,-0.41255474,-0.3546809,-0.25596994,1.0082649,1.0241387,1.0674485,0.9437385,0.88927203,0.1527202,0.16710642,0.28163114,0.29190364,0.2835615,0.94058377,0.8639721,1.2411908,1.2779562,1.2073796,0.5623859,0.45327535,0.5281429,0.5182996,0.4936959,0.43761405,0.5467246,0.4718571,0.4817004,0.5063041,0.12477188,-0.09344927,0.05628582,0.036599193,-0.012608148
SH600999,0.03464487804138097,0.5,,2026-05-27,-0.0005617786,0.036516838,-0.0153840985,0.03089895,0.84615624,0.0050561097,0.13845968,-0.026404617,-0.72308064,1.0005621,1.0314784,0.99494106,1.0091219,0.95835465,0.90725607,0.8640777,0.8926929,0.9330608,0.98855394,0.9538069,0.92362034,0.9092829,0.8986629,0.013044423,0.0424072,0.04394149,0.041563164,0.034558434,0.0070260568,0.013434289,0.0068166717,0.0038041477,0.00079734606,0.7252931,0.9199445,0.8422931,0.649231,0.16236241,-0.0026060462,-0.014261176,0.011621252,0.035556916,0.07781535,1.0314784,1.0314784,1.0314784,1.0314784,1.0314784,0.96683663,0.88139975,0.8634644,0.85733145,0.8391927,1.0009198,0.9869188,0.97572815,0.94363827,0.90914667,0.9787941,0.9076137,0.88681656,0.8790496,0.8740419,0.8,0.9,0.95,0.96666664,0.98333335,0.513033,0.79025394,0.8126441,0.81924224,0.8362936,1.0,1.0,1.0,1.0,1.0,0.4,0.2,0.05,0.33333334,0.28333333,0.6,0.8,0.95,0.6666667,0.71666664,-0.24202633,0.6627153,0.6960754,0.7047234,0.6754776,0.8808908,0.58755004,0.515723,0.34867838,0.19405153,0.6,0.6,0.7,0.53333336,0.48333332,0.4,0.4,0.3,0.43333334,0.46666667,0.2,0.2,0.4,0.1,0.016666668,0.8410029,0.8060702,0.8064512,0.7042799,0.5619678,0.1589971,0.1939298,0.19354878,0.2957201,0.4380322,0.68200576,0.6121404,0.6129024,0.40855983,0.123935565,1.2804592,1.0609105,0.826433,0.6586314,0.5157654,0.5475987,0.48988765,0.43010432,0.42801312,0.35004085,1.0350461,0.85033953,1.1273214,1.4161631,1.4596181,0.48823872,0.56983346,0.5547985,0.52073365,0.5183177,0.51176125,0.43016657,0.44520155,0.47926635,0.4816823,-0.023522528,0.13966689,0.10959692,0.041467316,0.036635417
SH600377,0.03421222924143279,0.625,,2026-05-27,0.011199981,0.017600004,0.63636243,0.0,0.0,0.0064000227,0.36363757,0.017600004,1.0,0.9889241,1.0,0.9825949,0.9935742,0.97388464,0.979543,0.9612623,0.912296,0.9453754,0.9819369,0.9778455,0.97290534,0.9614436,0.9579398,0.012805886,0.010482246,0.011188273,0.021990705,0.02224193,0.0069640903,0.002102412,0.0013060938,0.0021549268,0.00026648678,0.7393491,0.36875546,0.47696948,0.74419785,0.043783072,0.0041349404,0.012693656,0.014686773,0.007309955,0.034198843,1.0,1.0,1.0,1.0,1.0,0.96195644,0.96195644,0.94533736,0.9073906,0.9073906,0.99112076,0.98263335,0.97984767,0.977976,0.977976,0.97436345,0.9693145,0.96517956,0.9459847,0.9392818,1.0,1.0,1.0,1.0,1.0,1.0,1.0,1.0,1.0,1.0,1.0,1.0,1.0,1.0,1.0,0.4,0.7,0.05,0.033333335,0.51666665,0.6,0.3,0.95,0.96666664,0.48333332,0.8852503,0.5531898,0.3168046,0.44990006,0.11825808,0.57950205,0.1523231,0.55898374,0.59034985,0.27689633,0.8,0.5,0.55,0.6,0.5833333,0.2,0.5,0.45,0.4,0.4,0.6,0.0,0.1,0.2,0.18333334,0.78846097,0.62368405,0.62027,0.69245446,0.55107856,0.21153904,0.37631598,0.37973,0.30754554,0.44892144,0.5769219,0.24736805,0.24054006,0.3849089,0.10215709,0.7708926,0.7694872,0.8507615,0.833958,0.98758954,0.1306067,0.099099055,0.21913396,0.26650327,0.3421574,0.47816575,0.56584316,0.8518183,1.0330564,1.0345901,0.63652223,0.6028552,0.5401951,0.48441574,0.51081806,0.36347777,0.3971448,0.4598049,0.5155843,0.48918194,0.27304447,0.20571041,0.08039021,-0.03116855,0.021636127
SZ001965,0.03286401117756267,0.625,,2026-05-27,-0.008823518,0.019607885,-0.44999847,0.0009804243,0.050001536,0.009803942,0.5,0.0,0.0,1.0089021,1.0098913,0.9901088,0.9987916,0.97995543,0.9717891,0.9242762,0.8626578,0.952487,0.99910915,0.9906459,0.96625835,0.9464984,0.9576095,0.0064164284,0.010962394,0.028169129,0.038541697,0.0441357,0.0016332552,0.0029695653,0.0045743524,0.004231378,-0.00032905277,0.16198,0.67264575,0.92295474,0.9341222,0.01695317,-0.0023756458,-0.004008915,-0.0097146975,-0.00785337,0.05209756,1.0123671,1.0123671,1.0123671,1.0123671,1.0277131,0.9750317,0.96511966,0.90870804,0.8564796,0.8564796,1.0020788,1.0001485,0.99480325,0.98426133,0.9988122,0.9961396,0.97936153,0.93882704,0.9189309,0.9204157,0.6,0.8,0.9,0.93333334,0.81666666,0.6687565,0.7382476,0.88069415,0.9206663,0.8381563,0.8,0.9,0.95,0.96666664,0.25,0.2,0.1,0.2,0.033333335,0.51666665,0.6,0.8,0.75,0.93333334,-0.26666668,0.58300406,0.33034992,0.14689441,0.069514714,0.0064904303,0.94076586,0.90223825,0.7858662,0.6966419,-0.08068476,0.6,0.6,0.65,0.7,0.6,0.4,0.4,0.3,0.26666668,0.36666667,0.2,0.2,0.35,0.43333334,0.23333333,0.67532444,0.63380283,0.6992187,0.72952867,0.53285426,0.3246756,0.3661972,0.30078134,0.2704713,0.46714577,0.35064885,0.2676056,0.39843732,0.4590574,0.06570847,1.1092482,1.0702224,1.0480796,1.0686649,1.3680722,0.20116588,0.23845701,0.22068824,0.36188763,0.6522549,0.7029951,0.64766514,0.6262432,1.2656918,2.3227737,0.59773827,0.47728476,0.5262883,0.48570493,0.5011417,0.4022617,0.5227152,0.47371173,0.51429504,0.49885827,0.19547659,-0.04543046,0.05257654,-0.028590115,0.0022834719
SH601995,0.03185608823515311,0.75,,2026-05-27,-0.004963497,0.023357688,-0.21249953,0.011970829,0.51250064,0.0064233607,0.27499986,-0.010510965,-0.4500003,1.0049883,1.0170188,0.9935446,1.0020511,1.0082668,1.0205245,0.99002284,0.972634,1.0173888,0.9994299,0.99920183,1.0052594,1.0007697,0.9908685,0.0076091103,0.009490494,0.010346714,0.011368336,0.022531172,0.0017673967,0.00060122355,-0.0005926302,0.00049129693,0.00022778097,0.13487776,0.036787964,0.11482347,0.14474247,0.031172179,-0.0029646794,-0.0019073451,0.00037056388,-0.007893493,0.0024119534,1.0254768,1.0254768,1.0254768,1.0254768,1.0327029,0.98743206,0.9790323,0.9790323,0.9627253,0.9366491,1.0032498,1.0083809,1.0116305,1.0095211,1.0083809,0.9958381,0.9880844,0.99840367,0.98968077,0.96482325,0.6,0.5,0.3,0.46666667,0.525,0.33034587,0.45145768,0.45145768,0.5940053,0.6595355,0.2,0.6,0.8,0.8666667,0.05,0.4,0.3,0.65,0.033333335,0.45,-0.2,0.3,0.15,0.8333333,-0.4,0.47445652,0.43261868,0.3101299,0.5631263,0.5324019,0.4193147,0.43798932,0.45535815,0.4676377,0.3214086,0.4,0.3,0.45,0.5,0.45,0.6,0.7,0.5,0.46666667,0.51666665,-0.2,-0.4,-0.05,0.033333335,-0.06666667,0.41807902,0.4076923,0.5286414,0.55985034,0.48181275,0.581921,0.5923077,0.47135857,0.4401497,0.5181873,-0.16384193,-0.18461537,0.05728286,0.119700626,-0.036374517,1.1243465,1.0414525,1.0295601,0.9385292,0.909107,0.33390468,0.27799687,0.24376677,0.25503513,0.3426684,0.36798555,0.7569565,0.8339558,0.9282677,1.2298107,0.51140934,0.5218001,0.5225883,0.47270355,0.5004771,0.48859066,0.4781999,0.47741172,0.5272964,0.4995229,0.022818686,0.043600224,0.045176566,-0.05459289,0.0009542096
SH600015,0.029182737478899337,1.0,,2026-05-27,-0.010370348,0.019259287,-0.5384596,0.00148149,0.0769234,0.0074074497,0.384617,-0.004444388,-0.23076597,1.010479,1.011976,0.9925149,1.0002984,0.99830794,0.98356295,1.0703408,1.0867778,0.99830794,1.0068165,0.9988639,1.0100193,1.0326082,1.0483079,0.005004832,0.009777034,0.029416095,0.0406401,0.040175926,-0.00058013125,0.002752688,-0.002740899,-0.0039188922,-0.00084844156,0.03359027,0.7266265,0.3038674,0.72064084,0.13602285,-0.0056562508,-0.0112509895,0.016019221,0.02421579,-0.023278905,1.0193752,1.0193752,1.083682,1.0957125,1.1255926,0.9925149,0.97603136,0.97603136,0.97603136,0.97603136,1.010394,1.010394,1.0145999,1.0764805,1.0842639,1.0023205,0.98791397,0.98791397,0.9951172,1.0026106,0.2,0.6,0.55,0.36666667,0.18333334,0.2786667,0.5529879,0.22265221,0.20027076,0.16025962,0.6,0.8,0.15,0.1,0.41666666,1.0,0.1,0.55,0.7,0.85,-0.4,0.7,-0.4,-0.6,-0.43333334,-0.59836006,-0.17630723,-0.09883816,-0.63489443,-0.32579854,0.06298568,-0.019374788,-0.64331734,-0.5345517,-0.17571434,0.4,0.6,0.45,0.4,0.5,0.2,0.1,0.4,0.46666667,0.43333334,0.2,0.5,0.05,-0.06666667,0.06666667,0.53763527,0.72078,0.29875538,0.32487807,0.5014799,0.46236473,0.27922,0.70124465,0.67512196,0.49852005,0.07527055,0.44156,-0.40248927,-0.3502439,0.002959897,0.923125,0.90418595,1.0895582,0.9205852,0.9416623,0.11964839,0.112827376,0.40884197,0.41528437,0.34672374,1.0166768,1.0259398,1.8975751,2.0250971,1.5208899,0.6741057,0.5411494,0.5372051,0.5267865,0.51590014,0.32589433,0.45885062,0.46279487,0.4732135,0.4840999,0.34821135,0.08229878,0.07441026,0.053573005,0.031800233
SH600011,0.02892248578510875,0.625,,2026-05-27,0.029372511,0.040053405,0.73333377,0.008010648,0.19999918,0.0026702434,0.06666708,0.024032108,0.60000163,0.9714656,1.0077821,0.9688716,0.9933681,0.968865,0.9985291,0.90512383,0.88698214,0.91958815,0.96798235,0.9748713,0.9567296,0.93900466,0.94655144,0.020996919,0.019984778,0.03453443,0.03792367,0.039989214,0.012625655,-0.00028379075,0.0041640014,0.0036186317,-0.00032437296,0.90393406,0.0018484569,0.5088447,0.7056182,0.020067967,0.006766342,0.02640576,0.0037123887,0.008525173,0.063017555,1.0077821,1.0244452,1.0244452,1.0244452,1.0375966,0.9375811,0.9375811,0.88697577,0.8793659,0.8637556,0.9792106,0.98117185,0.9793577,0.9745036,0.976759,0.94925225,0.9637656,0.9238539,0.9034077,0.9048787,1.0,0.9,0.95,0.96666664,0.94166666,0.8891458,0.7185814,0.8221775,0.8315048,0.7837299,1.0,0.1,0.55,0.7,0.18333334,0.4,0.7,0.1,0.033333335,0.45,0.6,-0.6,0.45,0.6666667,-0.26666668,0.8185457,0.62474525,0.75067043,0.7668028,0.6187645,0.88445866,0.63177514,0.6256531,0.5453097,0.38089785,0.6,0.4,0.5,0.5,0.46666667,0.2,0.4,0.4,0.43333334,0.48333332,0.4,0.0,0.1,0.06666667,-0.016666668,0.7212539,0.50402147,0.6556718,0.65584856,0.55109036,0.27874616,0.49597856,0.34432822,0.34415144,0.44890967,0.4425077,0.008042889,0.31134355,0.3116971,0.102180675,0.70980644,0.829877,0.7935539,0.6963434,0.67845815,0.17743663,0.23722397,0.25222617,0.2610111,0.253481,0.88084054,0.9496777,0.9470583,1.1467602,1.0152643,0.54400325,0.43605176,0.54858845,0.57217824,0.52885157,0.45599678,0.5639483,0.45141152,0.42782176,0.47114846,0.08800644,-0.12789649,0.097176954,0.14435649,0.057703104
SH601377,0.027905329599852723,0.75,,2026-05-27,0.0034246894,0.027397191,0.12500148,0.01712323,0.6249995,0.006849271,0.24999902,-0.006849271,-0.24999902,0.996587,1.0170648,0.9897611,1.0029788,1.0036452,1.0431348,1.0018226,1.0243014,1.1518834,0.99526125,1.0026731,1.0176792,1.0189347,1.0407149,0.0045747035,0.011107509,0.021189898,0.018062618,0.044988416,0.0020048595,-0.0024743183,-0.0019669451,-0.00085541245,-0.0018969594,0.4801556,0.45487204,0.30157465,0.17381667,0.5422687,0.0007290496,0.008461297,0.0010067793,-0.0065312902,0.015245454,1.0376921,1.0512307,1.0600901,1.0600901,1.1552963,0.97943395,0.97943395,0.97943395,0.97943395,0.9591514,1.0,1.0071689,1.0416768,1.0343864,1.0947752,0.9925881,0.9933171,1.0,1.0,1.0018226,0.9,0.5,0.275,0.18333334,0.15833333,0.35301593,0.28644836,0.25498438,0.25498438,0.20825724,0.2,0.1,0.3,0.53333336,0.016666668,0.6,0.8,0.9,0.93333334,0.45,-0.4,-0.7,-0.6,-0.4,-0.43333334,0.029219886,-0.17828387,0.39700562,0.42654356,0.11899701,-0.581566,-0.18996798,0.12259533,0.12540227,0.16371492,0.2,0.2,0.4,0.36666667,0.36666667,0.4,0.6,0.5,0.56666666,0.56666666,-0.2,-0.4,-0.1,-0.2,-0.2,0.42500132,0.264901,0.4950496,0.45024872,0.39478117,0.5749987,0.735099,0.5049504,0.5497513,0.6052188,-0.14999734,-0.470198,-0.009900828,-0.099502586,-0.21043766,1.0993068,0.9274492,0.991528,0.93918824,0.93743736,0.32054022,0.3443722,0.3319744,0.29778668,0.31504604,1.2025945,0.9278738,0.8795708,0.93169415,1.1556374,0.6277392,0.517655,0.54079294,0.4254488,0.4888837,0.3722608,0.48234499,0.4592071,0.5745512,0.5111163,0.25547835,0.035310052,0.08158585,-0.1491024,-0.022232601
SH601288,0.027674778543598795,0.75,,2026-05-27,-0.015600659,0.021840835,-0.7142886,0.001560022,0.071426846,0.004680154,0.21428457,-0.012480527,-0.57143086,1.0158479,1.0174327,0.9952457,1.0040725,1.0235621,1.0554401,1.0942482,1.024255,0.99792105,1.0187111,1.0340264,1.05149,1.0632479,1.0477824,0.011760624,0.021390809,0.024268152,0.029943418,0.029395005,-0.0069993143,-0.006741011,-0.0038422456,-0.0024716773,0.0004976164,0.8855034,0.9103473,0.8773338,0.5280591,0.08740619,-0.0047124084,-0.0036918146,-0.014988645,-0.027408574,-0.06246211,1.0382183,1.0824733,1.0988508,1.1328245,1.1328245,0.9952457,0.9952457,0.9952457,0.9952457,0.9836215,1.0252253,1.0507277,1.0733194,1.0889814,1.0755371,1.01386,1.020097,1.0235621,1.0318781,1.0234234,0.2,0.1,0.05,0.033333335,0.033333335,0.110636115,0.0545048,0.045888886,0.034557093,0.10977322,0.2,0.1,0.05,0.23333333,0.6166667,1.0,1.0,1.0,1.0,0.033333335,-0.8,-0.9,-0.95,-0.76666665,0.5833333,-0.30388978,0.4376251,0.21765007,0.11085166,0.13612698,-0.49691188,-0.044641323,-0.16892363,-0.0016530241,0.34564784,0.2,0.3,0.35,0.46666667,0.45,0.8,0.7,0.65,0.53333336,0.55,-0.6,-0.4,-0.3,-0.06666667,-0.1,0.20689678,0.24999979,0.24242423,0.45995426,0.5015906,0.7931032,0.7500002,0.75757575,0.54004574,0.4984094,-0.58620644,-0.5000004,-0.51515156,-0.080091484,0.0031812415,0.75199753,0.8721256,0.87216485,0.8938491,0.97887796,0.2023977,0.23882982,0.20425197,0.23187226,0.3561901,0.93174374,0.7880606,0.85036284,0.9631577,1.373668,0.4893352,0.5450945,0.5503615,0.52914447,0.5047969,0.51066476,0.45490548,0.44963852,0.47085553,0.4952031,-0.021329563,0.09018901,0.10072299,0.05828894,0.009593802
SH600025,0.027020995900693987,0.75,,2026-05-27,0.019067802,0.023305075,0.8181823,0.003177988,0.13636464,0.0010592868,0.04545305,0.016949099,0.7272707,0.98128897,1.0031185,0.9802495,0.99271035,0.98227847,1.0008439,1.0042194,0.98818564,0.9637131,0.97704643,0.9870042,0.99253166,0.99473983,1.0201969,0.01631334,0.019432506,0.014843626,0.015013745,0.036868475,0.008860756,-0.0017593666,-0.0010132927,-0.00044475117,-0.0014936638,0.73755723,0.07513919,0.16310146,0.06800767,0.500605,0.0052320585,0.020912915,0.01709462,0.011709073,0.023866162,1.0031185,1.0338874,1.0338874,1.0338874,1.1079646,0.9563029,0.9563029,0.9563029,0.9563029,0.9563029,0.9898734,0.9959494,1.0001688,1.0043882,1.0636288,0.96691984,0.9694515,0.98632914,0.9859916,0.98818564,1.0,0.9,0.775,0.68333334,0.40833333,0.93338716,0.56321967,0.56321967,0.56321967,0.2881224,1.0,0.4,0.7,0.8,0.18333334,0.6,0.8,0.9,0.93333334,0.96666664,0.4,-0.4,-0.2,-0.13333334,-0.78333336,-0.08808283,0.45269397,0.11280204,0.016215565,0.18318783,0.53062266,0.5378318,0.47260973,0.3523355,0.24977046,0.6,0.5,0.55,0.53333336,0.48333332,0.4,0.5,0.45,0.46666667,0.48333332,0.2,0.0,0.1,0.06666667,0.0,0.6400002,0.4974092,0.49034742,0.51902175,0.52870494,0.3599998,0.50259084,0.5096526,0.48097825,0.47129506,0.2800004,-0.0051816227,-0.019305171,0.038043473,0.057409864,1.0534136,1.2915468,1.1221937,1.0182215,1.0209048,0.1762595,0.3808976,0.3415896,0.32465893,0.36526775,0.36006927,1.1049439,1.4373786,1.4177622,1.2256793,0.24303894,0.4408931,0.5298459,0.52464324,0.51296693,0.75696105,0.5591069,0.4701541,0.47535676,0.4870331,-0.51392215,-0.118213795,0.059691794,0.049286485,0.025933819
SZ300059,0.02685125315338104,0.75,,2026-05-27,-0.009595946,0.030808128,-0.3114745,0.019696983,0.6393437,0.0015152,0.049181826,-0.027777728,-0.90163636,1.009689,1.0295768,0.9984701,1.0105827,1.0030582,1.0749601,1.0045904,1.0026472,1.1416799,1.0097888,1.0110133,1.0319208,1.026844,1.0299342,0.01211753,0.010700309,0.027983308,0.02413269,0.046272375,-0.00096852466,-0.0010139241,-0.0023863772,-3.7798356e-05,-0.00093674666,0.015971038,0.082305655,0.25453535,0.00019012362,0.12499728,-0.007851664,-0.006450576,-0.00925021,-0.026295964,-0.002300186,1.0724101,1.0810828,1.1014798,1.1014798,1.1503063,0.9872489,0.9872489,0.9872489,0.9872489,0.9311023,1.0195799,1.0195799,1.0583338,1.0395697,1.0782537,0.99887764,1.0024465,1.0077507,1.00797,0.99900717,0.4,0.2,0.1,0.06666667,0.21666667,0.14972898,0.13589013,0.11162571,0.11162571,0.31430858,0.2,0.1,0.45,0.6333333,0.016666668,0.4,0.7,0.85,0.9,0.45,-0.2,-0.6,-0.4,-0.26666668,-0.43333334,0.41023898,0.3271021,0.33974278,0.43357614,0.14170186,0.55911046,0.41045022,0.534401,0.5025209,0.40707392,0.6,0.5,0.55,0.53333336,0.48333332,0.4,0.5,0.45,0.46666667,0.51666665,0.2,0.0,0.1,0.06666667,-0.033333335,0.48315394,0.29178917,0.4925355,0.49670815,0.42347622,0.51684606,0.7082108,0.50746447,0.50329185,0.5765238,-0.03369209,-0.41642162,-0.014928973,-0.006583701,-0.15304755,1.3714681,1.1245797,1.1060746,0.98047,0.85743195,0.49368545,0.45730764,0.38872376,0.37348822,0.37303153,0.39168957,0.7353577,0.9846068,1.0788563,1.2247353,0.56346226,0.4826503,0.5281777,0.45840618,0.5115544,0.43653774,0.51734966,0.47182232,0.5415938,0.4884456,0.12692451,-0.034699373,0.056355387,-0.083187625,0.023108786
SH601919,0.024654754469553706,0.25,,2026-05-27,-0.014432931,0.024054922,-0.59999907,0.0,0.0,0.009621992,0.40000093,-0.0048109395,-0.19999814,1.0146443,1.0146443,0.9902371,0.99901867,1.0104895,0.9828088,1.0043706,1.0600232,1.0509906,1.0158508,1.002972,0.9945221,1.0058469,1.0451,0.00933217,0.017689984,0.015697185,0.023528893,0.04824434,-0.0049533653,0.0034929712,0.0015028835,-0.0013034417,-0.002380428,0.7043288,0.35739338,0.3208301,0.23783836,0.7425354,-0.0059440383,-0.018690355,-0.008799493,0.013053024,0.025122643,1.0392909,1.0392909,1.0392909,1.0637226,1.1842638,0.9902371,0.9743681,0.9715258,0.9715258,0.9715258,1.0220861,1.0195221,1.0114801,1.0220861,1.0856643,1.0123543,0.98624706,0.98106056,0.9828088,0.9963869,0.2,0.5,0.7,0.46666667,0.23333333,0.19902433,0.39480603,0.42018962,0.30884117,0.13384622,0.6,0.8,0.9,0.1,0.05,1.0,0.4,0.4,0.6,0.8,-0.4,0.4,0.5,-0.5,-0.75,0.6658448,0.4900178,0.4457095,-0.21888836,0.48472154,0.05285565,0.81239736,0.7311735,0.56447923,0.4420838,0.4,0.5,0.5,0.4,0.45,0.6,0.5,0.45,0.56666666,0.5,-0.2,0.0,0.05,-0.16666667,-0.05,0.37323987,0.577428,0.48686528,0.37252486,0.46559185,0.6267601,0.42257202,0.5131347,0.62747514,0.53440815,-0.25352028,0.15485595,-0.026269443,-0.25495026,-0.06881633,1.3189288,1.379231,1.2971076,1.1452237,1.4618462,0.43329167,0.51224303,0.39600095,0.39857602,1.0629818,0.826491,1.175124,1.3238653,1.3588744,3.2262168,0.0079622045,0.51868683,0.51214623,0.51070637,0.49094424,0.9920378,0.48131317,0.48785377,0.48929366,0.50905573,-0.9840756,0.037373647,0.024292462,0.021412674,-0.018111523
SZ000895,0.02363101422978846,0.625,,2026-05-27,0.019834647,0.03471073,0.5714269,0.0020661175,0.059523877,0.012809968,0.36904922,0.030578496,0.88095224,0.9805511,1.002026,0.9679903,0.9888508,1.064835,1.0769873,1.1506118,1.1009637,1.0351583,1.0260925,1.0489877,1.0796973,1.0970455,1.0935029,0.026960406,0.030754307,0.040968746,0.042025644,0.035022072,-0.014626484,-0.009378761,-0.006642924,-0.004176978,-0.00011524789,0.7358123,0.8524924,0.920198,0.7655919,0.0033027988,0.0031604092,-0.006783358,-0.016589452,-0.036479373,-0.090103045,1.0692874,1.0931981,1.1608651,1.1667744,1.1667744,0.9679903,0.9679903,0.9679903,0.9679903,0.9679903,1.0463482,1.0685558,1.1198578,1.1338309,1.1231167,0.99870414,1.0340319,1.0480541,1.064835,1.0661254,0.4,0.2,0.1,0.06666667,0.033333335,0.31599838,0.2556527,0.16596113,0.16102757,0.16102757,0.2,0.1,0.15,0.23333333,0.6166667,1.0,1.0,1.0,1.0,1.0,-0.8,-0.9,-0.85,-0.76666665,-0.38333333,-0.9742691,-0.78884476,-0.13693376,-0.16139685,-0.034817748,-0.9644805,-0.8598069,-0.43071944,-0.085664354,-0.11341939,0.4,0.3,0.3,0.36666667,0.46666667,0.6,0.6,0.65,0.6,0.51666665,-0.2,-0.3,-0.35,-0.23333333,-0.05,0.115327775,0.16547823,0.19022718,0.35014603,0.47409236,0.8846722,0.8345218,0.8097728,0.649854,0.52590764,-0.76934445,-0.66904354,-0.61954564,-0.29970798,-0.05181528,0.79544646,0.6654036,0.6971886,0.67183554,0.6702364,0.40562594,0.30878475,0.24424873,0.21684161,0.20493643,1.6452142,1.9984891,1.6017108,1.5591222,1.3779137,0.67901975,0.60346144,0.53486127,0.54069734,0.5291158,0.32098025,0.39653856,0.46513873,0.45930266,0.4708842,0.35803953,0.2069229,0.069722556,0.08139465,0.058231592
SZ002594,0.021566718435671088,0.625,,2026-05-27,-0.008125009,0.027187513,-0.29885077,0.013229131,0.48658848,0.005833373,0.21456075,-0.015520767,-0.5708785,1.0081916,1.0215291,0.99411887,1.0050316,0.98045105,1.035495,1.0445356,1.0677208,0.9435882,0.9976715,1.0017748,1.0321307,1.0472277,1.0514861,0.014047943,0.01756846,0.03636677,0.03827482,0.042264055,0.0065319017,-0.0018572396,-0.0054537095,-0.0038390143,-0.00030758066,0.54049766,0.10244244,0.7871231,0.7796773,0.016153831,-0.010735265,0.0065828385,0.019679558,0.008437945,-0.042412546,1.0215291,1.0502003,1.1094394,1.1129025,1.1743412,0.9725821,0.9725821,0.9725821,0.9725821,0.9212275,1.0090139,1.0118695,1.0596143,1.0816053,1.0845143,0.98405385,0.98405385,0.9985055,1.0081198,1.0107152,0.6,0.5,0.25,0.16666667,0.15,0.5601554,0.35324046,0.20033947,0.19539498,0.31121385,1.0,0.1,0.15,0.13333334,0.28333333,0.4,0.7,0.85,0.9,0.033333335,0.6,-0.6,-0.7,-0.76666665,0.25,0.6158796,0.08241007,0.73170316,0.6473392,0.5124849,0.7088301,-0.15076041,0.54174435,0.5055543,0.7457305,0.8,0.6,0.45,0.4,0.41666666,0.2,0.4,0.55,0.6,0.5833333,0.6,0.2,-0.1,-0.2,-0.16666667,0.70575815,0.37011728,0.42509255,0.4211344,0.527102,0.29424182,0.62988275,0.5749074,0.5788656,0.472898,0.41151637,-0.25976545,-0.1498149,-0.15773118,0.054203972,0.99203056,1.0123918,1.2560698,1.2706779,1.6204704,0.14714497,0.15865189,0.4837521,0.42985973,0.76854235,1.0304788,0.8255372,1.2123803,1.1302274,1.5735093,0.4196156,0.44547653,0.5038428,0.47242203,0.50260085,0.58038443,0.55452347,0.49615723,0.527578,0.49739915,-0.1607688,-0.10904695,0.007685564,-0.055155937,0.0052016717
SH600887,0.02060247806540207,0.625,,2026-05-27,0.0071888063,0.034808934,0.20652187,0.013999304,0.4021756,0.013620825,0.39130253,0.0068103266,0.19564882,0.9928625,1.0138993,0.9793389,0.99536896,1.0187814,1.0480832,0.9485339,0.9819662,0.98121864,0.99496573,1.0122461,1.0155894,0.9970068,0.9914283,0.009013978,0.02040001,0.029985048,0.03653759,0.027838923,0.0003758712,-0.0059650545,0.00014689106,0.0024116673,0.0006033558,0.0043469556,0.7837536,0.00083994196,0.33764216,0.14326563,0.004282498,0.014596591,-0.01698485,-0.031975955,-0.009227318,1.0259193,1.0514661,1.0668685,1.0668685,1.0668685,0.9770855,0.9770855,0.9447773,0.9440264,0.9440264,1.0010517,1.027572,1.0384682,1.0338835,1.0112705,0.9863264,0.9961678,0.995867,0.9581522,0.9649138,0.8,0.4,0.35,0.56666666,0.7,0.4692346,0.30807096,0.45230657,0.45565438,0.45565438,0.2,0.2,0.45,0.6333333,0.81666666,0.6,0.8,0.05,0.3,0.65,-0.4,-0.6,0.4,0.33333334,0.16666667,-0.09821038,-0.4300441,0.1610932,0.44625986,0.38208255,-0.51334023,-0.35465723,0.48252186,0.2697014,0.14188126,0.6,0.3,0.4,0.36666667,0.46666667,0.4,0.7,0.55,0.6,0.5,0.2,-0.4,-0.15,-0.23333333,-0.033333335,0.3134485,0.19812241,0.6335361,0.5373878,0.52227974,0.6865515,0.8018776,0.3664639,0.4626122,0.47772026,-0.37310305,-0.6037552,0.26707223,0.074775554,0.0445595,0.93506044,0.8442902,1.2208287,1.0413594,0.8626424,0.12765418,0.14525913,0.70806366,0.6339548,0.5023327,0.9021266,0.9677737,1.9046377,2.1521773,2.3182402,0.6872635,0.47698113,0.51981676,0.52699685,0.50788116,0.3127365,0.5230189,0.4801832,0.47300312,0.49211884,0.37452698,-0.046037756,0.03963355,0.053993735,0.01576233
SH600016,0.020553357218143577,0.75,,2026-05-27,-0.008522694,0.017045455,-0.499998,0.008522762,0.500002,0.0,0.0,-0.017045455,-1.0,1.008596,1.017192,1.0,1.0083349,1.0200655,1.0458307,1.0744847,1.0658963,1.111727,1.0074484,1.0183245,1.039245,1.0486987,1.0753956,0.0043476564,0.01337123,0.024027662,0.023875477,0.0360863,-0.0022954422,-0.004232675,-0.0039812396,-0.002395471,-0.0019079272,0.69688696,0.9185409,0.9609077,0.7801524,0.85258716,-0.0028575698,0.0007225737,-0.0014232008,-0.013964372,-0.019111706,1.025804,1.0486723,1.0801916,1.0801916,1.1518736,1.0,1.0,1.0,1.0,1.0,1.0091661,1.0274827,1.0578856,1.0693473,1.111727,1.0068706,1.0085883,1.0108994,1.0223141,1.0567302,0.2,0.1,0.05,0.033333335,0.016666668,0.0,0.0,0.0,0.0,0.0,0.2,0.1,0.05,0.26666668,0.18333334,1.0,1.0,1.0,1.0,1.0,-0.8,-0.9,-0.95,-0.73333335,-0.81666666,-0.68565136,0.38798237,-0.12757115,-0.08807096,0.59209085,-0.8799688,-0.62249297,-0.49808234,-0.13531134,-0.1501621,0.0,0.1,0.1,0.2,0.26666668,0.6,0.7,0.65,0.53333336,0.55,-0.6,-0.6,-0.55,-0.33333334,-0.28333333,0.0,0.055976488,0.06636367,0.21941492,0.37252805,1.0,0.9440235,0.9336363,0.7805851,0.627472,-1.0,-0.88804704,-0.8672727,-0.56117016,-0.2549439,0.71106035,0.785458,0.741292,0.7302491,0.95204705,0.1823996,0.21131298,0.18696618,0.18880045,0.36190456,1.1515841,0.91331786,1.0648258,1.1016248,1.2857505,0.76078355,0.5496394,0.5259956,0.53604394,0.49513134,0.23921648,0.45036057,0.4740044,0.46395606,0.5048687,0.52156705,0.09927884,0.051991228,0.07208787,-0.009737343
SH601186,0.019498895657142423,0.5,,2026-05-27,-0.0094936425,0.01898736,-0.49999803,0.0031645973,0.16666862,0.00632912,0.33333334,-0.00632912,-0.33333334,1.0095847,1.0127796,0.9936102,1.000842,1.0368364,1.0780065,1.0877572,1.1170098,1.1755146,1.0140845,1.0315276,1.0554171,1.0714698,1.1069881,0.00938272,0.02087414,0.028492356,0.032922763,0.046910703,-0.005633798,-0.006625296,-0.0044061947,-0.0035308285,-0.0025218574,0.90133256,0.9234318,0.8370256,0.89137906,0.8814486,-0.0028168953,-0.0017137721,-0.013558254,-0.020272817,-0.032593276,1.0419835,1.0798967,1.0881077,1.116384,1.2121259,0.9936102,0.9936102,0.9936102,0.9936102,0.9936102,1.0190682,1.0530877,1.0801734,1.100975,1.151246,1.0104009,1.0138679,1.0242686,1.0377032,1.0777898,0.2,0.1,0.05,0.033333335,0.016666668,0.1320932,0.07405307,0.06761855,0.052045178,0.029241752,0.2,0.1,0.05,0.1,0.18333334,1.0,1.0,1.0,1.0,1.0,-0.8,-0.9,-0.95,-0.9,-0.81666666,-0.9715117,0.27711344,-0.12628675,-0.3869183,0.5382414,-0.42477572,0.09894411,-0.08859475,-0.1976959,-0.07528239,0.0,0.1,0.25,0.2,0.31666666,1.0,0.9,0.75,0.73333335,0.6,-1.0,-0.8,-0.5,-0.53333336,-0.28333333,0.0,0.14000009,0.22068991,0.20000023,0.32911396,1.0,0.8599999,0.7793101,0.7999998,0.67088604,-1.0,-0.71999985,-0.55862015,-0.59999955,-0.3417721,0.85858864,0.9021997,0.8783965,0.8350112,1.0668541,0.10481831,0.1184721,0.15081906,0.1642994,0.4899894,0.7456107,0.50731534,0.69101244,0.82302165,1.2995353,0.9377541,0.61270404,0.5128761,0.55073816,0.4638304,0.062245905,0.38729596,0.4871239,0.44926187,0.5361696,0.8755082,0.22540806,0.025752196,0.10147625,-0.07233917
SH600276,0.01947833416512914,0.625,,2026-05-27,0.030482817,0.058306087,0.52280676,0.019026231,0.3263164,0.008797038,0.15087683,0.020253625,0.34736723,0.9704189,1.0184634,0.9618821,0.9915832,1.0074043,1.1044854,1.1082422,1.1282114,1.1214893,0.9930699,1.0171027,1.0470423,1.0690174,1.0822068,0.018138329,0.03411106,0.04154165,0.04698214,0.04118513,-0.0059686494,-0.010196707,-0.0057274895,-0.0046605463,-0.0010794968,0.27070582,0.81910753,0.6653178,0.76262283,0.20953748,0.018867388,0.028782431,0.007368921,-0.0014394334,-0.050361726,1.0437839,1.1218865,1.1639994,1.1639994,1.1639994,0.9618821,0.9618821,0.9618821,0.9618821,0.9618821,1.0034578,1.042836,1.0849097,1.1097047,1.1141341,0.9764384,0.9937982,1.0059235,1.0195036,1.0560831,0.8,0.4,0.2,0.13333334,0.06666667,0.4654099,0.23823047,0.18859303,0.18859303,0.18859303,0.2,0.1,0.45,0.6333333,0.81666666,1.0,1.0,1.0,1.0,1.0,-0.8,-0.9,-0.55,-0.36666667,-0.18333334,0.5868067,0.19262935,0.23195687,-0.0962266,-0.18023829,0.5911454,0.54879576,0.51308674,0.41385227,0.27369085,0.4,0.2,0.3,0.33333334,0.38333333,0.6,0.8,0.7,0.6666667,0.6166667,-0.2,-0.6,-0.4,-0.33333334,-0.23333333,0.45461288,0.20756951,0.33151135,0.3663313,0.4437487,0.54538715,0.7924305,0.6684886,0.63366866,0.5562513,-0.09077426,-0.584861,-0.3369773,-0.26733738,-0.11250259,0.87354636,0.8542168,0.9270069,0.8450561,0.69465816,0.14746806,0.11502898,0.4347788,0.39060262,0.344473,0.6255214,0.5748473,1.5339173,1.4697227,1.401819,0.56431353,0.39764625,0.53407586,0.5220129,0.51713705,0.43568647,0.60235375,0.46592414,0.47798714,0.48286292,0.12862709,-0.20470747,0.06815169,0.044025745,0.034274153
SH601066,0.01708809265138642,0.5,,2026-05-27,0.018018028,0.033033002,0.54545534,0.0077220327,0.2337672,0.0072929426,0.22077745,0.017588938,0.5324656,0.9823009,1.0075854,0.975137,0.9912127,0.9408171,0.9633448,0.90301645,0.9179076,0.9996182,0.9656358,0.95204276,0.9535892,0.94184804,0.9422553,0.03281918,0.026488008,0.026182605,0.027358714,0.031080922,0.016189374,0.005979614,0.0013358138,0.0018919666,-0.00023673373,0.6083375,0.46715298,0.09110331,0.37062716,0.017694255,0.0019854887,0.021048954,0.033720594,0.03071843,0.06472831,1.0160538,1.0160538,1.0160538,1.0160538,1.0160538,0.924543,0.9228943,0.89880264,0.89880264,0.880594,0.9996946,0.9641848,0.9732722,0.969454,0.9710577,0.9423444,0.9336388,0.93119514,0.9195877,0.9136312,1.0,1.0,1.0,1.0,0.98333335,0.82456964,0.82767445,0.8630823,0.8630823,0.88148683,0.8,0.9,0.95,0.96666664,0.98333335,0.4,0.4,0.05,0.33333334,0.45,0.4,0.5,0.9,0.6333333,0.53333336,0.79206365,0.8074779,0.7404172,0.82557106,0.56488836,0.7895821,0.7555386,0.75321347,0.7242642,0.5352926,0.8,0.6,0.55,0.5,0.5,0.2,0.4,0.4,0.46666667,0.48333332,0.6,0.2,0.15,0.033333335,0.016666668,0.7557756,0.6159421,0.6778712,0.631579,0.50031304,0.24422444,0.3840579,0.3221288,0.36842102,0.49968693,0.5115511,0.2318842,0.3557424,0.263158,0.0006261379,1.0061834,0.66897297,0.5993925,0.48108342,0.3916522,0.57586485,0.5256356,0.4214031,0.38187173,0.29416025,1.4625275,1.9848163,1.9750986,2.392859,2.4756234,0.5846546,0.59016186,0.5654081,0.52399415,0.53424305,0.41534537,0.4098381,0.4345919,0.47600582,0.46575698,0.16930927,0.18032376,0.1308162,0.047988333,0.06848604
SH600018,0.017063250459168684,0.75,,2026-05-27,-0.007873973,0.01574805,-0.49999666,0.0039370917,0.250005,0.0039369864,0.24999833,-0.007874078,-0.50000334,1.0079365,1.0119048,0.99603176,1.0012187,1.0140845,1.0164319,0.971831,0.9917841,1.0058686,1.0082159,1.0106807,1.0043427,0.9965571,1.004284,0.005182954,0.0062217573,0.015673565,0.017579788,0.017286189,-0.0026995346,-0.00094608194,0.0016131862,0.0014262052,-0.0003112821,0.67820835,0.21195461,0.3707673,0.51008016,0.09890304,-0.0028168764,-0.006423365,-0.019667983,-0.017237093,0.0048987926,1.0244612,1.0244612,1.0244612,1.0244612,1.0412426,0.99603176,0.99603176,0.96389765,0.96389765,0.96389765,1.0112677,1.0140845,1.0140845,1.0140845,1.0176055,1.0065727,1.007277,0.9983568,0.97840375,0.99061036,0.2,0.1,0.25,0.5,0.34166667,0.13958225,0.13958225,0.59610784,0.59610784,0.4667705,0.2,0.6,0.8,0.8666667,0.05,1.0,1.0,0.1,0.4,0.7,-0.8,-0.4,0.7,0.46666667,-0.65,0.016727826,0.4556122,0.5039037,0.44363952,0.44265208,-0.6121323,0.46868998,0.41441786,0.13909389,-0.061814886,0.2,0.2,0.4,0.36666667,0.41666666,0.6,0.7,0.45,0.53333336,0.51666665,-0.4,-0.5,-0.05,-0.16666667,-0.1,0.16666584,0.3653842,0.6132075,0.52380943,0.49354002,0.83333415,0.63461584,0.3867925,0.47619057,0.50645995,-0.66666836,-0.26923165,0.226415,0.047618873,-0.012919944,0.9522765,1.0919932,1.1033502,1.0247649,1.2340555,0.095347025,0.21762614,0.32053712,0.3592556,0.59730273,0.7233818,1.0669286,1.0275607,1.048819,1.3138778,0.5826292,0.47342116,0.54349184,0.5178721,0.5009793,0.41737077,0.52657884,0.45650816,0.4821279,0.49902073,0.16525844,-0.053157687,0.08698366,0.035744194,0.0019585753
SH600061,0.015638878130771625,0.875,,2026-05-27,-0.007668773,0.02914117,-0.2631594,0.012269953,0.4210522,0.009202444,0.31578842,-0.010736282,-0.36842316,1.007728,1.0200928,0.9907264,1.0015204,0.99530965,1.0448718,1.0123515,1.0695748,1.1530645,0.99593496,1.0008912,1.0160413,1.0290287,1.0624661,0.010241087,0.012518902,0.02129234,0.028944142,0.04649282,0.0034083747,-0.0018411124,-0.0018963915,-0.0025848337,-0.0024192235,0.27691254,0.19826205,0.27763695,0.6180812,0.82581,-0.002751742,0.0073937923,0.0019744122,0.008451492,0.008900935,1.0277839,1.0479228,1.0633699,1.0865631,1.1561558,0.9767581,0.9752057,0.9752057,0.9752057,0.9752057,1.0018449,1.0079738,1.0379925,1.0547217,1.1152283,0.99002504,0.9934334,0.9965604,1.0037524,1.0120388,0.8,0.6,0.3,0.2,0.1,0.4554926,0.34096894,0.28122845,0.22265498,0.13702278,0.2,0.1,0.45,0.06666667,0.016666668,0.4,0.4,0.7,0.8,0.9,-0.2,-0.3,-0.25,-0.73333335,-0.8833333,0.37297636,-0.10150992,0.30631405,-0.3213075,-0.28904882,0.4660764,0.23499663,0.31407872,0.20125192,0.033539277,0.6,0.4,0.45,0.36666667,0.41666666,0.4,0.6,0.55,0.6333333,0.53333336,0.2,-0.2,-0.1,-0.26666668,-0.11666667,0.54335177,0.32936966,0.4711046,0.38233724,0.38629496,0.4566482,0.67063034,0.5288954,0.6176627,0.61370504,0.08670358,-0.3412607,-0.0577908,-0.2353255,-0.22741006,1.1956769,1.0784868,1.2753158,1.1592835,1.0289302,0.31579024,0.2853075,0.42518526,0.4166855,0.38812453,0.7068741,0.5513074,1.0011004,1.0083548,1.1969342,0.55886674,0.49225953,0.49924105,0.4750377,0.4964938,0.44113326,0.50774044,0.50075895,0.5249623,0.50350624,0.117733486,-0.015480924,-0.0015178656,-0.049924634,-0.007012441
SH601658,0.01439178406994765,0.875,,2026-05-27,0.0,0.010020053,0.0,0.004007962,0.3999941,0.006012091,0.60000587,0.0020041286,0.20001177,1.0,1.0040079,0.9939879,0.99900866,0.9838235,1.0014706,1.0367647,1.0014706,0.9970588,0.9941176,0.99470586,1.0057353,1.012353,1.0119117,0.006493961,0.007076504,0.015207386,0.017586099,0.015766118,0.0039705997,-0.00028520045,-0.0021627578,-0.0013701494,-6.349814e-05,0.9346154,0.014889303,0.70790446,0.4704338,0.0049473466,-0.0020588296,0.0065775453,0.014810941,0.0075142602,-0.010038538,1.0040079,1.0093557,1.046896,1.056142,1.056142,0.97568166,0.97568166,0.97568166,0.97568166,0.97568166,1.0,1.0,1.0135293,1.0314705,1.0255882,0.9888235,0.9888235,0.9952941,0.99558824,0.9970588,0.9,0.85,0.425,0.3,0.25833333,0.85850734,0.7221705,0.34148082,0.30224013,0.30224013,0.8,0.1,0.05,0.23333333,0.6166667,0.4,0.7,0.85,0.9,0.95,0.4,-0.6,-0.8,-0.6666667,-0.33333334,-0.12638691,-0.09236248,0.12837777,0.2592354,0.1260079,0.05034388,-0.34163356,-0.28165987,0.36949,0.10101071,0.8,0.5,0.35,0.4,0.46666667,0.0,0.3,0.55,0.5,0.48333332,0.8,0.2,-0.2,-0.1,-0.016666668,1.0,0.4838709,0.33333305,0.4961832,0.503125,0.0,0.5161291,0.666667,0.50381684,0.496875,1.0,-0.032258205,-0.33333394,-0.007633627,0.006250021,1.0473709,1.0970674,1.122707,1.1746573,1.3038186,0.14904068,0.18879722,0.2235553,0.31799403,0.37197107,0.74264973,1.0372046,1.0053308,1.1466491,1.1705488,0.48607808,0.5089256,0.5087722,0.50467354,0.4914938,0.5139219,0.49107438,0.4912278,0.49532643,0.50850624,-0.027843812,0.017851237,0.01754437,0.009347116,-0.01701242
SZ002241,0.01301668341318472,0.5,,2026-05-27,0.03629033,0.07258066,0.5,0.026026363,0.35858536,0.010263967,0.14141463,0.020527935,0.28282925,0.96498054,1.0251149,0.955076,0.9982767,0.88715464,0.9246515,0.8613341,0.8634624,0.95790654,0.9307409,0.91556627,0.90284884,0.88988453,0.870772,0.04981844,0.03755152,0.031890627,0.0322707,0.04554538,0.02971519,0.008152736,0.0035653478,0.0028214674,0.000750192,0.8894402,0.4320791,0.43746737,0.5924272,0.08274771,0.009828719,0.047746412,0.063280374,0.069204174,0.107097305,1.0251149,1.0251149,1.0251149,1.0251149,1.0251149,0.85956675,0.85956675,0.8425912,0.8425912,0.77290255,0.9725565,0.9235312,0.91071993,0.9052691,0.8973529,0.8977756,0.8942373,0.883906,0.86246914,0.83190995,1.0,1.0,1.0,1.0,1.0,0.8482923,0.8482923,0.8624018,0.8624018,0.9004215,1.0,1.0,1.0,1.0,1.0,0.4,0.7,0.15,0.43333334,0.36666667,0.6,0.3,0.85,0.56666666,0.6333333,0.80015594,0.8146098,0.82997054,0.86525893,0.60672265,0.46920246,0.6179003,0.69560224,0.68392915,0.42514205,0.6,0.4,0.55,0.53333336,0.5,0.4,0.5,0.4,0.43333334,0.48333332,0.2,-0.1,0.15,0.1,0.016666668,0.94189197,0.68917936,0.6932999,0.6507901,0.52296555,0.058108047,0.3108206,0.3067001,0.34920993,0.47703448,0.88378394,0.37835875,0.38659978,0.30158016,0.045931052,0.48429924,0.389541,0.3275879,0.28173822,0.22279952,0.301348,0.22672668,0.1750004,0.15823296,0.13105258,1.0663487,1.2723361,1.2584885,1.4238603,1.3930027,0.83336407,0.7158148,0.67647994,0.64064,0.6016247,0.16663595,0.28418514,0.3235201,0.35935998,0.39837524,0.66672814,0.4316297,0.3529598,0.28128004,0.2032495
SH600941,0.01294564240386675,0.5,,2026-05-27,0.0053575695,0.014836238,0.36111376,0.002266628,0.15277646,0.0072120405,0.4861098,0.010302982,0.6944471,0.994671,1.0022546,0.9874974,0.9948769,1.0161659,1.0032161,0.97807866,0.9633516,0.9630131,0.9922471,1.0054506,0.998286,0.9883763,0.9812004,0.0062123276,0.016870284,0.014756736,0.019967832,0.019788286,0.0029538996,-0.0031105762,0.00096901273,0.0017271454,0.00044789576,0.5652268,0.31163648,0.15091985,0.57982606,0.15625623,0.0018451024,0.00854694,-0.007491645,-0.01341992,0.0055866744,1.0150208,1.0592253,1.0592253,1.0592253,1.0592253,0.9802412,0.9802412,0.9745576,0.95513254,0.9457976,0.9968176,1.0186034,1.005129,1.0014557,1.0002031,0.9888616,0.9911975,0.9883537,0.9745239,0.9602031,1.0,0.5,0.65,0.76666665,0.8,0.568113,0.25016192,0.30049744,0.43103337,0.4778586,0.2,0.4,0.7,0.8,0.9,0.6,0.8,0.1,0.2,0.36666667,-0.4,-0.4,0.6,0.6,0.53333336,-0.27469984,0.7991067,0.8357959,0.7924452,0.60403913,-0.26387852,0.5205029,0.5301845,0.73998904,0.53461206,0.6,0.6,0.7,0.56666666,0.56666666,0.4,0.4,0.3,0.43333334,0.41666666,0.2,0.2,0.4,0.13333334,0.15,0.33506125,0.48554087,0.56921434,0.5846695,0.5462042,0.66493875,0.51445913,0.4307857,0.41533056,0.45379576,-0.32987747,-0.028918294,0.13842866,0.1693389,0.092408456,1.2044494,1.7343563,1.4384185,1.3239992,1.3072956,0.34864154,0.7613609,0.62538254,0.6567578,0.5640736,1.2070136,1.0552796,1.3098127,1.7473354,1.6624063,0.2575703,0.47501963,0.5133879,0.50302064,0.50020033,0.7424297,0.52498037,0.48661205,0.4969794,0.4997997,-0.48485938,-0.049960718,0.026775882,0.006041244,0.00040060337
SZ000166,0.012489849036063788,0.75,,2026-05-27,-0.008908664,0.031180365,-0.2857139,0.0155901825,0.5,0.0066815186,0.21428609,-0.017817328,-0.5714278,1.0089887,1.0247191,0.9932584,1.0064657,1.0042675,1.0682788,1.0412518,1.0611664,1.1237553,1.001707,1.0102419,1.0373399,1.0450925,1.063632,0.0067772954,0.016006628,0.030855348,0.02798998,0.03336603,0.0009957298,-0.0036208483,-0.00418721,-0.0023933654,-0.0015442888,0.053964756,0.46906435,0.64455,0.56664956,0.653353,-0.0036984251,0.006052,0.0024385352,-0.01038865,-0.018075524,1.0379677,1.072266,1.082956,1.082956,1.1329757,0.9883949,0.9883949,0.9883949,0.9883949,0.9883949,1.0056899,1.0165007,1.0682788,1.0682788,1.0972973,0.99857754,1.0,1.0042675,1.0099573,1.0423898,0.5,0.25,0.125,0.083333336,0.041666668,0.23410252,0.13836835,0.12272608,0.12272608,0.08026723,0.2,0.1,0.45,0.6333333,0.21666667,0.4,0.7,0.85,0.9,0.95,-0.2,-0.6,-0.4,-0.26666668,-0.73333335,0.3765134,0.09385358,-0.100661896,-0.33196333,-0.04618121,0.42013243,0.11553454,0.19038317,0.0914926,0.053634375,0.4,0.3,0.4,0.33333334,0.4,0.4,0.6,0.5,0.53333336,0.53333336,0.0,-0.3,-0.1,-0.2,-0.13333334,0.44827586,0.23333304,0.39097735,0.368098,0.39568338,0.55172414,0.76666695,0.6090226,0.63190204,0.60431665,-0.10344828,-0.53333396,-0.21804526,-0.26380402,-0.20863324,1.1959134,1.1756688,1.1140708,1.003126,1.0012312,0.29796523,0.27685118,0.24491116,0.26758707,0.28265232,0.6575453,0.7992719,0.9526087,1.1035234,1.204102,0.54668015,0.4750503,0.5254895,0.45350352,0.49799636,0.45331985,0.52494967,0.4745105,0.5464965,0.5020036,0.09336033,-0.049899377,0.050978996,-0.092992984,-0.0040072557
SZ002352,0.008589059988236522,0.625,,2026-05-27,-0.00055951334,0.017902173,-0.031253938,0.006993015,0.3906238,0.010349644,0.57812226,0.0027971158,0.15624449,1.0005598,1.0075568,0.9896446,0.9986451,0.9997799,1.0140173,1.0095407,1.0330986,1.0372083,0.99587554,0.9948922,1.0111295,1.0148565,1.0215483,0.008185971,0.0071091126,0.0185208,0.017018616,0.019188376,0.003581367,0.000628029,-0.002309881,-0.0012672086,-0.0004339829,0.47851694,0.07153854,0.5444121,0.42968422,0.15601581,-0.0030382946,0.0022817175,0.010814377,0.0035180782,-0.008745815,1.0075568,1.0156817,1.0458282,1.0574514,1.0693405,0.97956544,0.97956544,0.97956544,0.97956544,0.9711528,1.0011302,1.0004257,1.0271834,1.0289447,1.038955,0.9911787,0.988155,0.9927492,0.99920744,1.0052693,0.8,0.8,0.4,0.26666668,0.16666667,0.73003227,0.56579804,0.3083866,0.2623653,0.29379672,1.0,0.1,0.3,0.1,0.4,0.6,0.8,0.9,0.93333334,0.28333333,0.4,-0.7,-0.6,-0.8333333,0.11666667,-0.049980756,0.31952354,0.6294105,0.30667302,0.20386004,-0.11451923,0.37742272,0.14159104,-0.029007109,0.21101001,0.4,0.3,0.45,0.4,0.46666667,0.6,0.7,0.55,0.6,0.5,-0.2,-0.4,-0.1,-0.2,-0.033333335,0.50252897,0.41434965,0.46895877,0.42709318,0.46762863,0.49747106,0.5856503,0.53104126,0.5729068,0.53237134,0.0050578765,-0.1713007,-0.062082496,-0.14581364,-0.06474272,0.943399,0.9194627,1.0786752,0.9999074,1.0545169,0.06884541,0.099274226,0.25445575,0.27354997,0.3904999,0.27178207,0.5106934,0.41457343,0.7527602,1.3532394,0.43981817,0.4075241,0.5452238,0.51858085,0.48514703,0.5601818,0.5924759,0.45477623,0.48141912,0.51485294,-0.12036362,-0.1849518,0.09044753,0.037161745,-0.029705929
SZ000333,0.008371067006454165,0.5,,2026-05-27,0.0062869727,0.017729213,0.35461095,0.0031434863,0.17730547,0.008298754,0.4680836,0.01144224,0.6453891,0.9937523,1.0031239,0.9855054,0.99323195,1.0183655,1.0043644,0.99536985,0.954762,0.9902523,1.0025476,1.0132191,1.0090144,0.99932796,0.9751043,0.009462904,0.01435089,0.011743546,0.019600525,0.03039662,-0.0045858365,-0.0041215424,0.000116000374,0.0015296126,0.0013313276,0.58712184,0.75608975,0.0034149806,0.4719861,0.5850852,0.0066239936,0.0053277877,-0.010116364,-0.021507366,-0.014378457,1.0389826,1.0426029,1.0426029,1.0426029,1.0426029,0.9845077,0.9845077,0.9845077,0.9433921,0.8967827,1.0061721,1.0241432,1.0183655,1.013886,1.0044174,0.9966016,0.99945056,0.99945056,0.9928753,0.9527371,0.6,0.3,0.25,0.5,0.75,0.2843934,0.2666714,0.2666714,0.5705821,0.70783967,0.2,0.3,0.65,0.76666665,0.8833333,0.6,0.8,0.9,0.06666667,0.36666667,-0.4,-0.5,-0.25,0.7,0.51666665,0.7951542,0.900056,0.60333115,0.7313491,0.31234363,0.29177418,0.51962876,0.3143804,0.4192702,0.052782644,0.2,0.5,0.5,0.53333336,0.48333332,0.6,0.4,0.45,0.43333334,0.5,-0.4,0.1,0.05,0.1,-0.016666668,0.19766645,0.4757806,0.5149308,0.6013701,0.50931734,0.80233353,0.5242194,0.48506922,0.39862993,0.4906827,-0.60466707,-0.048438795,0.029861562,0.20274015,0.01863464,1.0581027,1.2444602,1.283946,1.1748058,1.1021987,0.14699723,0.25326955,0.2241609,0.26030815,0.3567199,1.058879,0.8826592,0.7775727,0.7769128,1.819695,0.30189544,0.39273843,0.5225023,0.49913007,0.5003404,0.69810456,0.60726154,0.47749773,0.5008699,0.49965957,-0.3962091,-0.2145231,0.04500455,-0.0017398467,0.0006808436
SH688271,0.006029628084761513,0.375,,2026-05-27,0.043303438,0.05545575,0.7808647,0.01180997,0.21296205,0.0003423433,0.0061732694,0.031835813,0.57407594,0.9584939,1.0113198,0.95816576,0.9845895,0.9186918,0.93924314,0.9431577,0.935084,1.0745392,0.97758925,0.9470233,0.9379995,0.93946606,0.9520999,0.026498172,0.037343387,0.030465221,0.025558542,0.03831095,-0.00081553403,0.009275268,0.0028184755,0.0007341015,-0.0011034139,0.002368058,0.5655057,0.2995628,0.06393546,0.25300604,0.024041798,0.011238006,0.035225008,0.04988946,0.080450766,1.072611,1.072611,1.072611,1.072611,1.0771782,0.9267634,0.89525956,0.89525956,0.89525956,0.8941979,1.0022835,0.9729897,0.9566465,0.9562877,0.9830696,0.95729893,0.9184146,0.91714233,0.91864294,0.9209753,0.8,0.9,0.95,0.96666664,0.8666667,0.50214475,0.59058136,0.59058136,0.59058136,0.57821566,0.2,0.6,0.8,0.8666667,0.016666668,0.2,0.3,0.65,0.76666665,0.45,0.0,0.3,0.15,0.1,-0.43333334,0.47872442,0.85815823,0.73106205,0.4935804,0.100909814,0.87233347,0.82266283,0.7165154,0.696986,0.5417565,0.8,0.5,0.55,0.53333336,0.43333334,0.2,0.5,0.45,0.46666667,0.55,0.6,0.0,0.1,0.06666667,-0.11666667,0.7022313,0.6101094,0.57277095,0.5664885,0.46048084,0.2977687,0.3898906,0.42722902,0.43351153,0.53951913,0.4044626,0.2202188,0.14554195,0.13297695,-0.07903832,1.2887629,0.87317085,0.68990356,0.5595755,0.42215443,0.6103787,0.5986831,0.46476966,0.4215067,0.3296421,1.2812009,1.7667139,2.1903207,2.5563838,2.8709016,0.5848535,0.5752157,0.56589746,0.5586635,0.51710117,0.41514656,0.4247843,0.4341025,0.44133654,0.48289883,0.16970688,0.15043141,0.13179499,0.11732692,0.034202356
SH601688,0.0037042483189815784,0.5,,2026-05-27,-0.0059139025,0.026344003,-0.22448762,0.0172043,0.65306324,0.0032258,0.12244913,-0.019892402,-0.75510174,1.0059491,1.0232557,0.996755,1.0055935,1.0042769,1.0532659,1.015552,1.0124416,1.1621306,0.9996889,1.004199,1.0234253,1.0247408,1.0309551,0.01151209,0.013490685,0.023717739,0.019880373,0.04400691,0.0010886426,-0.001814408,-0.002712554,-0.0009553548,-0.0012091119,0.022356424,0.165811,0.45780262,0.17897074,0.23024546,-0.0018662306,0.0039657927,0.002343942,-0.010888121,0.0047136773,1.051117,1.0665816,1.0773014,1.0773014,1.1681969,0.9788702,0.9788702,0.9788702,0.9788702,0.9486953,1.0093312,1.0109642,1.0454899,1.0436236,1.064619,0.9936236,0.99587864,1.0012442,1.0080093,0.996423,0.6,0.4,0.2,0.13333334,0.25,0.29246742,0.2409014,0.2146657,0.2146657,0.23373276,0.2,0.1,0.45,0.6333333,0.016666668,0.4,0.7,0.85,0.9,0.45,-0.2,-0.6,-0.4,-0.26666668,-0.43333334,0.12487125,0.32477924,0.47035688,0.37846124,0.040298484,0.29427654,0.34419042,0.5062,0.5224451,0.32620665,0.6,0.4,0.45,0.43333334,0.38333333,0.4,0.6,0.5,0.53333336,0.5833333,0.2,-0.2,-0.05,-0.1,-0.2,0.46994528,0.32917693,0.47032645,0.48214296,0.40422595,0.5300547,0.67082304,0.5296735,0.517857,0.59577405,-0.060109425,-0.34164613,-0.059347082,-0.035714086,-0.1915481,1.3410906,1.278084,1.3847164,1.2433234,1.0498135,0.42064214,0.3825337,0.4816796,0.47046527,0.45316872,0.70139843,0.71940297,0.832973,0.9510093,1.0537336,0.5217652,0.4193053,0.5119042,0.46206543,0.5038108,0.47823483,0.5806947,0.4880958,0.5379346,0.4961892,0.04353032,-0.1613894,0.023808403,-0.07586916,0.007621605
SH601166,0.0017203932914623488,0.5,,2026-05-27,0.008968609,0.017937219,0.5,0.008408097,0.46875143,0.00056051265,0.031248583,0.0011210253,0.062497165,0.9911111,1.0083333,0.9905556,1.0016494,0.9628217,0.98274547,1.0100095,1.0294566,1.013918,0.9811058,0.9774452,0.9855577,0.99793136,1.0170003,0.014410023,0.011781527,0.013952663,0.021788018,0.026163466,0.009056243,0.0016096135,-0.0014358102,-0.002172374,-0.0011416631,0.98743105,0.17110059,0.37063625,0.770434,0.5807446,0.00078169466,0.015311551,0.028082523,0.033568062,0.01667875,1.0083333,1.0083333,1.0227708,1.0439376,1.0605241,0.95997167,0.95997167,0.95997167,0.95997167,0.95997167,0.99244994,0.9843089,0.9968732,1.0204576,1.0424595,0.96898,0.9685224,0.9718017,0.98135364,0.986082,1.0,1.0,0.85,0.56666666,0.28333333,0.8276868,0.8276868,0.63740265,0.47672105,0.39808428,1.0,1.0,0.05,0.13333334,0.4,0.4,0.7,0.85,0.9,0.95,0.6,0.3,-0.8,-0.76666665,-0.55,0.83115274,0.8194796,0.52873236,-0.2890692,-0.52807957,-0.4263834,0.43613982,0.098653086,-0.037423067,-0.23247771,1.0,0.6,0.4,0.36666667,0.43333334,0.0,0.3,0.5,0.56666666,0.5,1.0,0.3,-0.1,-0.2,-0.06666667,1.0,0.6373292,0.4481738,0.4042158,0.48275864,0.0,0.3626708,0.5518262,0.5957842,0.51724136,1.0,0.2746584,-0.1036524,-0.19156837,-0.034482706,0.76329756,0.6988177,0.74397767,0.70096725,0.62863344,0.14523102,0.12947674,0.16019505,0.18456896,0.17925337,0.55334604,0.7724414,1.0988327,1.0434594,1.103826,0.955705,0.72170156,0.5727424,0.5734064,0.5405733,0.044295024,0.27829844,0.4272576,0.42659363,0.4594267,0.91141,0.4434031,0.14548482,0.14681275,0.081146605
SH601985,0.0005569549044059358,0.5,,2026-05-27,-0.0045662364,0.015981773,-0.28571525,0.0068493,0.4285695,0.0045662364,0.28571525,-0.0068493,-0.4285695,1.0045872,1.0114679,0.9954128,1.0015241,1.0335821,1.0597016,1.0401119,0.9990671,0.97854483,1.0016792,1.0222948,1.0318563,1.0258707,1.0247823,0.0021272213,0.02278806,0.020402135,0.021120371,0.022191124,9.328483e-05,-0.006190636,-0.0018313025,0.00045282682,0.00017796208,0.0048076925,0.6764992,0.28199214,0.03562566,0.019615354,-0.0018656965,0.005563071,-0.014458976,-0.03243663,-0.03003222,1.037401,1.0661881,1.0688764,1.0688764,1.0825775,0.993332,0.993332,0.993332,0.99282926,0.97282064,1.0037314,1.0402985,1.0496268,1.0429105,1.0440298,0.99981344,1.0014925,1.0037314,1.0033582,1.0014925,0.4,0.2,0.1,0.16666667,0.2,0.15130812,0.09152285,0.08826584,0.09429309,0.24763268,0.2,0.1,0.5,0.6666667,0.31666666,0.4,0.7,0.85,0.033333335,0.033333335,-0.2,-0.6,-0.35,0.6333333,0.28333333,-0.23432629,0.2856545,0.354877,0.5465893,0.44069862,-0.4314439,0.009331306,0.21725172,0.27963817,0.44151995,0.2,0.3,0.45,0.5,0.5,0.6,0.6,0.45,0.43333334,0.46666667,-0.4,-0.3,0.0,0.06666667,0.033333335,0.10869675,0.27464798,0.4009218,0.5017065,0.51876014,0.89130324,0.725352,0.59907824,0.4982935,0.48123986,-0.7826065,-0.45070404,-0.19815645,0.00341301,0.03752031,1.1271902,1.1905489,1.253663,1.2192813,1.5453064,0.35889888,0.27140453,0.23850127,0.27990207,0.6937148,1.72828,0.96616566,1.025491,1.0177482,1.056054,0.36212385,0.4055759,0.471344,0.5101096,0.5043109,0.63787615,0.5944241,0.528656,0.4898904,0.49568906,-0.2757523,-0.18884821,-0.057312027,0.020219235,0.008621847
SH601788,0.00041359427149982326,0.625,,2026-05-27,-0.0075342227,0.032191757,-0.23404199,0.01575343,0.4893622,0.008904105,0.2765958,-0.014383547,-0.4468084,1.0075914,1.0234644,0.9910283,1.0039924,1.0333511,1.0719957,1.0169401,1.0799365,1.1466384,1.0009528,1.0178401,1.0340922,1.042368,1.0651314,0.012920576,0.02090298,0.027697345,0.028253496,0.03732917,-0.0007411242,-0.0055921827,-0.00220111,-0.0020125883,-0.0017557666,0.008225424,0.65608144,0.2210422,0.39324862,0.6747404,0.0005293572,0.0073246863,-0.013181586,-0.013185579,-0.013336356,1.0628107,1.0749694,1.0840292,1.0879105,1.156507,0.97301126,0.97301126,0.97301126,0.97301126,0.97301126,1.0129169,1.0336686,1.0584437,1.0724193,1.1039704,0.9886713,0.9977766,1.0151403,1.0168343,1.0330334,0.6,0.3,0.15,0.1,0.05,0.30054474,0.26470432,0.24310268,0.23489067,0.14708106,0.2,0.1,0.45,0.1,0.016666668,0.6,0.8,0.9,0.93333334,0.96666664,-0.4,-0.7,-0.45,-0.8333333,-0.95,0.74864554,-0.5498256,-0.046579465,-0.41968173,-0.41592976,0.15693721,0.07590894,0.3077794,0.26575425,0.2684754,0.4,0.3,0.5,0.4,0.41666666,0.6,0.7,0.5,0.56666666,0.56666666,-0.2,-0.4,0.0,-0.16666667,-0.15,0.29677436,0.2518251,0.46039614,0.35940418,0.3860082,0.7032257,0.7481749,0.5396038,0.6405958,0.6139918,-0.4064513,-0.4963498,-0.0792077,-0.28119165,-0.2279836,1.2535304,0.98119676,1.019315,0.85972995,0.65799093,0.3059383,0.36324033,0.39870247,0.4143926,0.37582242,0.6971842,0.8345194,1.2578789,1.4043701,1.4102055,0.58183515,0.5340598,0.52834624,0.5021102,0.51820606,0.41816485,0.46594018,0.47165376,0.49788982,0.48179394,0.16367029,0.06811967,0.056692507,0.004220374,0.036412105
SZ002920,-0.0013781700133368101,0.25,,2026-05-27,0.018545382,0.054909114,0.33774686,0.026545515,0.48344463,0.009818217,0.17880851,0.0018180822,0.033110753,0.9817923,1.0260621,0.9721528,1.0046091,0.8609671,0.9469634,1.0010039,0.9515644,1.1031454,0.975824,0.9441359,0.94086504,0.9464894,0.9662819,0.020044422,0.041091435,0.031953216,0.029259985,0.046686623,0.009854438,0.009062007,0.0013853855,-0.00018119163,-0.0016731643,0.60424995,0.44581804,0.06579307,0.0029718694,0.39173475,0.0044670976,0.015085069,0.04597381,0.056137912,0.08307643,1.0260621,1.0260621,1.0260621,1.0260621,1.1194286,0.86109287,0.8604316,0.8604316,0.8604316,0.8604316,0.9889577,0.98044175,0.9692321,0.9689142,1.0122805,0.96285766,0.9208634,0.9226368,0.9271541,0.9278066,1.0,1.0,1.0,0.96666664,0.73333335,0.842018,0.84264874,0.84264874,0.84264874,0.5388803,1.0,1.0,1.0,1.0,0.016666668,0.2,0.5,0.75,0.8333333,0.9166667,0.8,0.5,0.25,0.16666667,-0.9,-0.39933506,0.50103515,0.38556153,0.27325925,0.0559343,0.9932146,0.103332266,-0.029981164,0.03384653,0.04485581,0.8,0.5,0.5,0.5,0.43333334,0.2,0.5,0.5,0.5,0.56666666,0.6,0.0,0.0,0.0,-0.13333334,0.89087486,0.5901592,0.49883988,0.54173267,0.4518171,0.10912512,0.40984082,0.50116014,0.45826733,0.5481829,0.7817498,0.18031836,-0.002320239,0.08346537,-0.09636582,1.2154973,0.88382,0.6558242,0.5687176,0.435214,0.25023967,0.40938726,0.37886813,0.33926606,0.28143933,1.0397629,1.2451124,1.5975487,1.7292479,1.9316821,0.5450702,0.60156816,0.5519291,0.5876904,0.5531133,0.45492986,0.3984318,0.44807085,0.4123096,0.44688672,0.09014028,0.20313637,0.10385828,0.17538084,0.10622658
SH600886,-0.00391768296593234,0.375,,2026-05-27,-0.0028942942,0.020260453,-0.14285436,0.009406702,0.46428883,0.007959457,0.3928568,-0.00434154,-0.2142864,1.0029027,1.0123367,0.99201745,0.9990961,0.9680653,0.98475456,0.97025084,0.9731516,0.9499324,0.98359954,0.9783014,0.9817856,0.978399,1.0024918,0.018912544,0.016549058,0.012442773,0.012612219,0.03691888,0.011029434,0.0031975117,-8.3127656e-05,0.0005022308,-0.0011476787,0.8502498,0.3422072,0.0015621573,0.12289247,0.29474303,-0.0056584124,0.007309798,0.019004112,0.014318673,0.031364635,1.0123367,1.0123367,1.015237,1.015237,1.0994203,0.9492003,0.9492003,0.9492003,0.9492003,0.9470216,1.0013059,0.99709666,0.9895494,0.9879573,1.0454264,0.9677793,0.9671964,0.9693767,0.9679223,0.97096616,0.8,0.9,0.95,0.96666664,0.6333333,0.8046025,0.8046025,0.7692644,0.7692644,0.3476301,1.0,1.0,0.2,0.46666667,0.16666667,0.4,0.7,0.85,0.9,0.016666668,0.6,0.3,-0.65,-0.43333334,0.15,0.6086027,0.29021785,0.19170621,0.44593838,0.07852435,0.9489091,0.86291486,0.59478784,0.5465514,0.33338842,0.6,0.4,0.5,0.43333334,0.46666667,0.4,0.6,0.4,0.46666667,0.48333332,0.2,-0.2,0.1,-0.033333335,-0.016666668,0.7974348,0.5533313,0.58650434,0.5504154,0.53658396,0.20256522,0.44666865,0.41349566,0.44958463,0.463416,0.59486955,0.10666268,0.17300871,0.100830756,0.07316798,1.1081002,1.35702,1.2669649,1.0772915,1.0278056,0.28812495,0.4503856,0.46569735,0.4770184,0.4665942,1.2318134,1.0909306,1.5620599,1.5234642,1.1463523,0.41844463,0.4099172,0.5223284,0.5259336,0.51012194,0.58155537,0.59008276,0.47767162,0.47406638,0.48987806,-0.16311073,-0.18016559,0.04465677,0.051867254,0.020243904
SH600600,-0.0050880886499488085,0.75,,2026-05-27,0.013039101,0.027415618,0.4756085,0.0040120957,0.14634344,0.010364422,0.37804806,0.019391427,0.7073131,0.98712873,1.0039605,0.9768977,0.991786,1.0199558,1.0255433,1.017827,1.0293571,1.031663,1.0010998,1.0106342,1.0227805,1.0227022,1.0281951,0.006123784,0.011043525,0.015585089,0.012689094,0.013592273,-0.0026873627,-0.003364384,-0.0023179248,-0.00069594005,-0.00031792055,0.48145178,0.8507599,0.774191,0.23312247,0.16686025,0.0042749476,0.0045055556,-0.00076023024,-0.012611041,-0.018816495,1.0201774,1.0427045,1.0533166,1.0533166,1.0653465,0.9738953,0.9738953,0.9738953,0.9738953,0.9738953,1.0050732,1.0193172,1.0363636,1.0316807,1.0411353,0.99661195,0.9994324,1.0088514,1.017969,1.019796,0.6,0.3,0.15,0.1,0.05,0.564035,0.37937832,0.32868612,0.32868612,0.28544933,0.2,0.1,0.2,0.46666667,0.43333334,0.8,0.9,0.95,0.96666664,0.98333335,-0.6,-0.8,-0.75,-0.5,-0.55,-0.5696927,-0.34937403,0.29625922,0.18805195,0.24682683,-0.2979216,-0.11471641,0.50074303,0.42776656,0.19150797,0.4,0.3,0.45,0.43333334,0.43333334,0.6,0.6,0.5,0.53333336,0.55,-0.2,-0.3,-0.05,-0.1,-0.11666667,0.17948699,0.18558948,0.41176462,0.38254046,0.4576512,0.820513,0.8144105,0.5882354,0.61745954,0.5423488,-0.641026,-0.628821,-0.17647077,-0.2349191,-0.08469762,0.80933326,0.74946654,0.8081389,0.6896231,0.70958894,0.18860526,0.18116172,0.20264159,0.24092045,0.2090618,0.54558796,0.9254349,1.2020903,1.3897172,1.3035269,0.74969906,0.593153,0.57160014,0.5250173,0.5204981,0.2503009,0.40684703,0.42839986,0.47498265,0.47950193,0.49939814,0.18630596,0.14320026,0.050034687,0.040996157
SH600000,-0.00709908715850532,0.5,,2026-05-27,0.015069968,0.030139936,0.5,0.011840729,0.39285845,0.0032292395,0.10714155,0.006458479,0.2142831,0.98515373,1.011665,0.98197246,1.0008891,0.9480478,0.9575692,1.0021088,1.0487571,1.0318232,0.9671162,0.96139693,0.96781266,0.99155223,1.0279944,0.02449131,0.018008947,0.017577603,0.039223794,0.048591282,0.01537478,0.0032357576,-0.0011604198,-0.0037641109,-0.0021619261,0.9852212,0.2959285,0.15253831,0.71371907,0.6037607,0.002134292,0.024042163,0.043211315,0.0630274,0.03578245,1.011665,1.011665,1.011665,1.0784789,1.109254,0.9278873,0.9278873,0.9278873,0.9278873,0.9278873,0.98640174,0.9668989,0.98491925,1.0320148,1.0712634,0.94803506,0.9488658,0.95526874,0.9575692,0.9639594,1.0,1.0,1.0,0.6666667,0.33333334,0.86076313,0.86076313,0.86076313,0.47886276,0.3976071,1.0,1.0,1.0,0.13333334,0.26666668,0.4,0.7,0.85,0.9,0.95,0.6,0.3,0.15,-0.76666665,-0.68333334,0.89197224,0.5687403,-0.18188453,-0.72580624,-0.53205633,0.56816983,0.3302938,0.25775105,0.16536078,-0.011030986,0.8,0.6,0.45,0.36666667,0.43333334,0.2,0.4,0.5,0.6,0.55,0.6,0.2,-0.05,-0.23333333,-0.11666667,0.8767381,0.73281926,0.49268275,0.3999475,0.47032884,0.12326191,0.26718077,0.50731725,0.60005254,0.5296712,0.7534762,0.46563846,-0.0146345105,-0.20010501,-0.05934235,0.82519245,0.8864711,0.7509725,0.65294355,0.59612554,0.20699152,0.2061076,0.22280464,0.23806334,0.23725131,0.56817573,0.85481805,1.0169293,0.9398273,1.0235865,0.7000373,0.59111375,0.5530794,0.5855131,0.5252773,0.29996273,0.40888625,0.44692057,0.41448689,0.4747227,0.40007454,0.18222749,0.10615883,0.17102624,0.050554592
SH603369,-0.00827914146982979,0.375,,2026-05-27,0.05744681,0.0826241,0.6952791,0.013475129,0.16308957,0.0117021585,0.1416313,0.05567384,0.67382085,0.94567406,1.0127431,0.9346076,0.9772374,0.9509894,0.9409802,0.89369535,0.8823055,1.0553383,0.94781405,0.9456627,0.93607336,0.9159035,0.93021744,0.033103317,0.023803929,0.029669775,0.03829741,0.046331152,0.014749198,0.002248672,0.002865914,0.0035242154,-0.00093043345,0.496288,0.08180248,0.32656214,0.65627784,0.12300541,0.022687545,0.044218317,0.036700435,0.032995384,0.09723037,1.0127431,1.0127431,1.0127431,1.0127431,1.0590417,0.8896885,0.8896885,0.86520505,0.8498102,0.8498102,0.9578463,0.9532674,0.9532674,0.9460193,0.9758398,0.93179935,0.93485963,0.92310166,0.87514955,0.8835941,1.0,1.0,1.0,1.0,0.95,0.89644367,0.89644367,0.9136285,0.9217894,0.71781623,1.0,1.0,1.0,1.0,0.016666668,0.6,0.8,0.1,0.26666668,0.6333333,0.4,0.2,0.9,0.73333335,-0.6166667,0.85487425,0.7569084,0.64585197,0.6520247,-0.06498402,0.7315277,0.7202352,0.8040862,0.6825829,0.39084724,0.6,0.7,0.55,0.56666666,0.48333332,0.4,0.3,0.45,0.43333334,0.51666665,0.2,0.4,0.1,0.13333334,-0.033333335,0.68267566,0.6421052,0.6389891,0.6238799,0.4702462,0.3173243,0.35789478,0.36101088,0.37612006,0.5297538,0.36535138,0.28421044,0.27797824,0.24775986,-0.05950759,0.56831527,0.504762,0.49299517,0.44090348,0.34375212,0.25165835,0.21134682,0.20985316,0.21184663,0.18793683,1.1016029,1.1870539,1.3871393,1.5176314,1.5952443,0.78101814,0.66434693,0.538965,0.5734836,0.5477718,0.21898189,0.33565304,0.46103498,0.42651644,0.4522282,0.5620362,0.3286939,0.07793001,0.14696713,0.09554359
SH601006,-0.008348778312446186,0.375,,2026-05-27,-0.011472253,0.02868068,-0.39999935,0.0076482324,0.26666844,0.009560195,0.33333224,-0.009560291,-0.33333555,1.0116054,1.0193424,0.99032885,1.0012444,1.0614485,1.0438918,1.024872,1.0058522,0.98024875,1.0291148,1.040673,1.0363936,1.0298464,1.0238113,0.02050501,0.020193974,0.017027136,0.016973563,0.017192017,-0.0123628415,-0.004114297,0.0003547638,0.001026582,0.0004821914,0.9087756,0.380504,0.015193697,0.28349337,0.23993029,-0.004389187,-0.022158694,-0.03976384,-0.04473184,-0.03803593,1.0692897,1.0731012,1.0731012,1.0731012,1.0731012,0.99032885,0.99032885,0.99032885,0.99032885,0.97836685,1.0465252,1.0520849,1.048281,1.0465252,1.040673,1.0134602,1.0308706,1.0190197,1.0153621,1.0073153,0.2,0.1,0.05,0.033333335,0.06666667,0.122480236,0.116840266,0.116840266,0.116840266,0.22835578,0.2,0.4,0.7,0.8,0.9,1.0,1.0,1.0,1.0,0.016666668,-0.8,-0.6,-0.3,-0.2,0.8833333,-0.8142772,-0.081037804,0.1332328,0.46708372,0.179415,-0.703462,0.32325128,0.30385855,0.36871168,0.3467717,0.2,0.4,0.45,0.5,0.51666665,0.8,0.6,0.45,0.43333334,0.41666666,-0.6,-0.2,0.0,0.06666667,0.1,0.033333138,0.30769217,0.4401408,0.48876405,0.51953685,0.9666669,0.69230783,0.5598592,0.51123595,0.48046312,-0.9333337,-0.38461563,-0.119718395,-0.022471897,0.03907376,0.8450414,0.85152936,0.8872527,0.77228224,0.96298265,0.1708247,0.2059621,0.2754006,0.2953068,0.4451624,0.57484525,0.69926196,0.99775934,1.1511931,1.1717027,0.6932472,0.5404626,0.536184,0.5246233,0.5091535,0.30675283,0.45953742,0.463816,0.4753767,0.49084654,0.38649434,0.0809252,0.072368026,0.0492466,0.01830694
SH601236,-0.010225497993311718,0.25,,2026-05-27,0.0085836705,0.018598024,0.4615367,0.005722447,0.30769113,0.0042919065,0.23077218,0.0071531297,0.38461775,0.9914894,1.0056738,0.987234,0.99401754,1.0130796,1.0630202,1.0808561,1.098692,1.1521997,0.99928653,1.011296,1.0421522,1.0609195,1.0890805,0.007595118,0.015546464,0.03421406,0.038989943,0.044281796,-0.0022592132,-0.0045904955,-0.00546342,-0.004216338,-0.0022366168,0.22120012,0.7992217,0.8924584,0.9062903,0.7780949,0.0052318657,0.009361156,0.009750298,0.00021736557,-0.023100257,1.0360171,1.0671608,1.097962,1.1207012,1.1721052,0.9862691,0.9862691,0.9862691,0.9862691,0.9862691,1.0023781,1.0228299,1.0715815,1.0965517,1.1250892,0.99381685,0.9969084,1.0095125,1.0149822,1.0639714,0.8,0.4,0.2,0.13333334,0.06666667,0.27600944,0.16974406,0.122934386,0.10214004,0.0738871,0.2,0.1,0.15,0.1,0.23333333,0.6,0.8,0.9,0.93333334,0.96666664,-0.4,-0.7,-0.75,-0.8333333,-0.73333335,0.35351598,-0.13451922,0.33080468,-0.19029932,0.29338205,-0.1433339,0.047951683,-0.09882966,-0.15707912,0.1538341,0.4,0.3,0.4,0.4,0.45,0.6,0.7,0.6,0.56666666,0.5,-0.2,-0.4,-0.2,-0.16666667,-0.05,0.31034568,0.18823558,0.28481022,0.2914575,0.36991876,0.68965435,0.8117644,0.7151898,0.70854247,0.63008124,-0.37930864,-0.62352884,-0.43037957,-0.417085,-0.26016247,1.1241281,0.99516946,1.1674063,1.0263479,1.2040838,0.30087006,0.2876246,0.4027333,0.38794896,0.4830597,1.255015,0.90004003,1.2230656,1.3816435,1.2492591,0.57870346,0.3980064,0.52820754,0.44041872,0.5004743,0.42129654,0.60199356,0.4717925,0.5595813,0.49952576,0.15740696,-0.20398717,0.05641503,-0.11916259,0.0009485153
SH600795,-0.010447108962436148,0.25,,2026-05-27,0.006085157,0.020283926,0.29999897,0.0020283856,0.09999966,0.012170383,0.60000134,0.016227154,0.80000067,0.9939516,1.0020161,0.98185486,0.9918522,0.995968,1.0181442,0.9939519,0.96774364,0.9717757,0.9951616,0.998992,0.9932463,0.9894495,0.9948929,0.00677694,0.015994618,0.017444247,0.016426804,0.021440463,0.003427228,-8.55256e-05,0.0012899514,0.0010015082,-0.0003591831,0.6393795,0.00026209335,0.19138604,0.28807437,0.08559793,-0.002016035,0.0013928553,-0.0055008847,-0.0039713723,0.01570303,1.0100813,1.0423365,1.0423365,1.0423365,1.0645148,0.97379094,0.97379076,0.9516152,0.9516152,0.9475834,1.0004032,1.0004032,1.0004032,0.997984,1.0120962,0.9879039,0.9895167,0.98548466,0.9737917,0.9758078,0.8,0.8,0.8,0.8666667,0.65833336,0.72220355,0.38236156,0.53333443,0.53333443,0.44826847,0.2,0.4,0.7,0.8,0.18333334,0.4,0.2,0.2,0.46666667,0.45,-0.2,0.2,0.5,0.33333334,-0.26666668,-0.151917,0.62253386,0.51612365,0.62569517,0.6810699,0.031229861,0.7198307,0.56748676,0.58491063,0.48889706,0.4,0.3,0.45,0.46666667,0.45,0.4,0.6,0.5,0.46666667,0.51666665,0.0,-0.3,-0.05,0.0,-0.06666667,0.5714286,0.4415583,0.51111114,0.54651165,0.51933664,0.42857143,0.5584417,0.48888886,0.45348835,0.48066336,0.14285715,-0.11688339,0.022222267,0.09302332,0.038673297,0.8076268,0.9897581,0.9276092,0.80598,0.8731996,0.16102424,0.36971155,0.30632135,0.31551117,0.31508243,0.8503488,1.5353024,1.4704994,1.6129073,1.2655083,0.32392687,0.44506568,0.53995097,0.54426444,0.4984713,0.67607313,0.5549343,0.46004903,0.45573553,0.5015287,-0.35214624,-0.109868675,0.07990194,0.08852891,-0.0030574063
SH601229,-0.011212619302487278,0.375,,2026-05-27,-0.007726231,0.017659957,-0.4375,0.0011037473,0.0625,0.008829978,0.5,0.0,0.0,1.0077864,1.0088987,0.99110126,0.99835473,1.0100622,1.0446877,1.087008,1.0668837,1.0858241,1.0069844,1.0208938,1.0324209,1.0507547,1.0704153,0.004451988,0.020890756,0.02192952,0.03220403,0.031642884,-0.002456351,-0.00614849,-0.003028213,-0.003304254,-0.0013919552,0.7610495,0.79403585,0.6673945,0.8158836,0.59019876,-0.002071622,0.006774449,-0.003652814,-0.0028429849,-0.029352633,1.0200738,1.0700985,1.0980955,1.1091762,1.1214198,0.99110126,0.99110126,0.99110126,0.99110126,0.99110126,1.010299,1.0352767,1.056348,1.0871856,1.097958,1.0044984,1.007517,1.0100622,1.0174016,1.034152,0.2,0.1,0.05,0.033333335,0.016666668,0.30714387,0.11264605,0.0831702,0.07536517,0.06828446,0.4,0.2,0.05,0.13333334,0.21666667,1.0,1.0,1.0,1.0,1.0,-0.6,-0.8,-0.95,-0.8666667,-0.78333336,-0.8164954,0.7075071,0.6989,0.13470353,-0.042161193,-0.6821463,-0.028218053,-0.07136538,0.36588714,0.13817461,0.4,0.3,0.25,0.3,0.33333334,0.6,0.7,0.75,0.7,0.6333333,-0.2,-0.4,-0.5,-0.4,-0.3,0.20689328,0.2234427,0.22574599,0.3651551,0.41695306,0.79310673,0.7765573,0.774254,0.6348449,0.583047,-0.5862134,-0.5531146,-0.548508,-0.2696898,-0.16609392,0.7122243,0.88378716,1.0350746,1.0029838,0.9336989,0.16540326,0.25182214,0.26537216,0.32515892,0.27608237,1.1012211,1.0244077,0.8966369,0.9218533,0.9133641,0.6066219,0.4018842,0.42916998,0.517434,0.5172935,0.39337805,0.5981158,0.57083005,0.482566,0.4827065,0.21324389,-0.19623162,-0.14166005,0.034868013,0.03458705
SH600926,-0.012505256156087372,0.375,,2026-05-27,-0.0074580656,0.017402114,-0.4285724,0.0012429914,0.07142761,0.008701057,0.5,0.0,0.0,1.0075141,1.0087664,0.9912336,0.9999465,1.0138359,1.0424619,1.0713264,1.0739505,1.0193226,1.0063932,1.0161021,1.0410903,1.0534112,1.0506958,0.004324945,0.013126366,0.030368427,0.030697756,0.02531369,-0.0018845425,-0.003965704,-0.004915021,-0.0030845883,-0.00013281009,0.4746688,0.8366868,0.9167991,0.78249735,0.008395587,-0.002624086,0.0017435385,0.0056024883,-0.008684769,-0.04677792,1.022007,1.050035,1.1013525,1.1013525,1.1013525,0.9912336,0.9912336,0.9912336,0.9912336,0.9912336,1.0101622,1.0252863,1.0683206,1.0820612,1.0747138,1.0040077,1.0059638,1.0105916,1.0163168,1.0292462,0.2,0.1,0.05,0.033333335,0.016666668,0.2848707,0.14908533,0.079608835,0.079608835,0.079608835,0.6,0.1,0.2,0.46666667,0.73333335,1.0,1.0,1.0,1.0,1.0,-0.4,-0.9,-0.8,-0.53333336,-0.26666668,0.05365379,-0.3604071,0.28627646,-0.050541684,-0.015872287,-0.16007967,-0.2702778,0.005671,-0.009986867,0.009215687,0.2,0.2,0.25,0.33333334,0.5,0.8,0.8,0.7,0.6,0.46666667,-0.6,-0.6,-0.45,-0.26666668,0.033333335,0.22641607,0.17985606,0.26821706,0.3368418,0.4796788,0.77358395,0.82014394,0.731783,0.6631582,0.5203212,-0.5471679,-0.6402879,-0.46356592,-0.32631642,-0.040642377,0.97711974,0.9213437,0.99515545,0.9620889,1.0292974,0.12219713,0.11697309,0.15,0.23334935,0.33430004,0.2709114,0.66287,0.8991636,0.9047997,1.0712223,0.6440473,0.4903831,0.49499294,0.5183613,0.50534934,0.35595268,0.5096169,0.505007,0.4816387,0.4946507,0.2880946,-0.019233827,-0.0100141,0.03672259,0.01069863
SH600674,-0.013373909488370235,0.375,,2026-05-27,-0.0066050543,0.019154545,-0.34482962,0.003962997,0.2068959,0.008586493,0.44827446,-0.001981558,-0.103451066,1.006649,1.0106384,0.99135643,0.9985857,0.99733156,1.0232831,0.9926984,0.97407776,0.94149905,0.9946807,1.0001994,1.0089775,1.0002463,1.008305,0.008855172,0.0130732255,0.013645765,0.019677676,0.025805594,0.004985033,-0.0006977269,-0.0012440119,0.0009820826,-0.00040360037,0.7922861,0.026110603,0.29088497,0.19304125,0.07460625,-0.004650745,0.002940364,0.0028406307,-0.014486523,0.003601215,1.0106384,1.049201,1.049201,1.049201,1.0877707,0.96941876,0.96941876,0.96941876,0.9474872,0.9408375,1.0011964,1.0027916,1.0212891,1.0168905,1.0291244,0.9872383,0.99387723,0.9972025,0.9872383,0.98790103,0.8,0.65,0.325,0.48333332,0.39166668,0.74191076,0.38330844,0.38330844,0.51627994,0.402649,1.0,0.4,0.7,0.8,0.18333334,0.4,0.7,0.85,0.06666667,0.016666668,0.6,-0.3,-0.15,0.73333335,0.16666667,-0.026408436,0.67126065,0.33169147,0.5467364,0.41776812,0.29107544,0.6782287,0.6313038,0.67104673,0.5723779,0.6,0.5,0.5,0.46666667,0.45,0.4,0.5,0.45,0.46666667,0.5,0.2,0.0,0.05,0.0,-0.05,0.53238416,0.41620934,0.51874155,0.5438058,0.5423837,0.4676158,0.58379066,0.48125845,0.4561942,0.45761633,0.06476837,-0.16758132,0.037483092,0.08761161,0.08476732,1.1157323,1.2428555,1.1964339,1.1575625,1.2944405,0.1657798,0.30361265,0.3226355,0.40872905,0.53210545,0.5861947,1.0097768,1.2138455,1.4215182,1.2221493,0.35096055,0.44250584,0.5011678,0.49643874,0.5067618,0.64903945,0.55749416,0.49883223,0.50356126,0.4932382,-0.2980789,-0.11498832,0.0023355565,-0.007122492,0.013523605
SH601328,-0.01577897975894652,0.25,,2026-05-27,-0.0015151065,0.009090909,-0.16666172,0.006060606,0.6666667,0.0015151964,0.1666716,-0.006060516,-0.6666568,1.0015174,1.0075872,0.9984825,1.0019505,0.99665177,1.0133928,1.0591518,1.031808,0.9983259,1.0036831,1.0078125,1.0181082,1.0305431,1.0337518,0.0034081286,0.00813788,0.01769344,0.023452103,0.021422138,-0.00206473,-0.0021915564,-0.0025145148,-0.0023227672,-0.00025622483,0.91756034,0.6648048,0.70689017,0.76023775,0.04363315,0.00044642814,0.002049511,0.00577965,0.0031369976,-0.026193194,1.0209069,1.0286342,1.0678674,1.0783825,1.0816637,0.99360186,0.99360186,0.99360186,0.99360186,0.9877054,1.0072545,1.0132812,1.0233259,1.0561384,1.0544642,1.0008929,1.0008929,1.0063616,1.009933,1.0117188,0.2,0.2,0.1,0.06666667,0.06666667,0.23432036,0.18263566,0.08615221,0.07546701,0.13085166,0.4,0.2,0.05,0.23333333,0.38333333,0.2,0.6,0.8,0.8666667,0.033333335,0.2,-0.4,-0.75,-0.6333333,0.35,0.4294518,0.21987776,-0.22230424,-0.5102933,-0.33369866,-0.037268326,0.22071916,-0.22343908,-0.06161779,0.07891554,0.2,0.3,0.3,0.4,0.5,0.6,0.6,0.6,0.53333336,0.45,-0.4,-0.3,-0.3,-0.13333334,0.05,0.59375,0.3723404,0.2590909,0.4117647,0.50192064,0.40625,0.62765956,0.7409091,0.5882353,0.4980794,0.1875,-0.25531915,-0.48181817,-0.1764706,0.0038412292,0.98941433,1.0341028,1.0276606,0.93511415,0.98447347,0.15934293,0.15095258,0.25911668,0.25675038,0.3090086,1.2707448,1.05393,1.2231779,1.1897054,1.3775989,0.41727647,0.50899726,0.54287016,0.5236082,0.5059336,0.5827235,0.49100274,0.45712987,0.4763918,0.49406642,-0.16544704,0.017994547,0.085740276,0.04721644,0.011867159
SH601021,-0.018314589490827905,0.25,,2026-05-27,0.005626195,0.027922474,0.20149344,0.007501553,0.26865646,0.014794726,0.5298501,0.012919368,0.46268708,0.99440527,1.0074596,0.97969335,0.99646187,0.94465554,0.96170706,0.9992205,0.97680986,1.1511254,0.99054855,0.96490306,0.97124135,0.97823244,0.9861736,0.016451772,0.030499052,0.023401383,0.02274865,0.038669948,0.0053590615,0.008319382,-0.00012637553,-0.00084361946,-0.0009808068,0.2652724,0.6820572,0.00102073,0.10658195,0.19620928,-0.0012666725,-0.002340249,0.029959233,0.034000013,0.042760182,1.022659,1.022659,1.022659,1.022659,1.1641775,0.9548816,0.90785307,0.90785307,0.90785307,0.8926877,1.0004287,0.9980512,0.9928676,0.99890864,1.0036051,0.98517,0.94313556,0.95065767,0.9620189,0.9597973,0.8,0.9,0.95,0.8833333,0.75,0.66568583,0.8026327,0.8026327,0.8026327,0.39527193,0.6,0.8,0.9,0.93333334,0.016666668,0.2,0.3,0.65,0.76666665,0.28333333,0.4,0.5,0.25,0.16666667,-0.26666668,0.19054522,0.7336153,0.5374192,0.15529582,0.047617756,0.88679683,0.6924518,0.552977,0.5492295,0.039609496,0.6,0.5,0.4,0.43333334,0.38333333,0.4,0.5,0.6,0.56666666,0.6166667,0.2,0.0,-0.2,-0.13333334,-0.23333333,0.72647536,0.59859514,0.5013832,0.5319035,0.4192608,0.2735246,0.40140486,0.4986168,0.4680965,0.5807392,0.45295078,0.19719031,0.0027663554,0.06380702,-0.16147842,1.3900373,1.0150602,0.9263968,0.8335294,0.9888066,0.46700463,0.5097832,0.39904976,0.3646564,0.48624206,0.9827509,1.2369738,1.4879869,1.599998,1.6060821,0.5667177,0.5406278,0.5499829,0.5187136,0.51079446,0.4332823,0.45937222,0.4500171,0.4812864,0.48920554,0.13343541,0.08125555,0.09996583,0.037427187,0.02158895
SH600030,-0.02215667289439284,0.125,,2026-05-27,-0.015660772,0.033613496,-0.46590728,0.008785357,0.26136398,0.009167368,0.27272877,-0.015278762,-0.4545425,1.0159099,1.0248351,0.9906868,1.0054332,1.0120445,1.0535579,1.0178916,1.0050868,1.0625036,1.0109571,1.0158452,1.0356399,1.0304683,1.0062689,0.008340886,0.009544637,0.022035006,0.019783555,0.039793115,-0.002180903,-0.002328846,-0.0032119844,-0.00020134468,0.00070201646,0.17091821,0.5457254,0.7436842,0.008027372,0.09492456,-0.0065953066,-0.0053653265,-0.0051260525,-0.0275488,-0.026978327,1.0512432,1.060555,1.0803539,1.0803539,1.0803539,0.9906868,0.9906868,0.9906868,0.9891702,0.922379,1.0171548,1.0200316,1.0572063,1.0563059,1.0390575,1.0031339,1.0104191,1.016079,1.016079,0.95818275,0.2,0.1,0.05,0.033333335,0.3,0.1537942,0.13329686,0.10386438,0.11876917,0.4913501,0.2,0.1,0.25,0.5,0.75,1.0,1.0,1.0,0.033333335,0.45,-0.8,-0.9,-0.75,0.46666667,0.3,0.2853934,-0.06533236,0.3123242,0.341746,0.3498159,0.49461392,0.38496527,0.51770043,0.50943255,0.45929998,0.6,0.4,0.45,0.46666667,0.41666666,0.4,0.6,0.55,0.5,0.56666666,0.2,-0.2,-0.1,-0.033333335,-0.15,0.37767297,0.23027131,0.45497346,0.49045843,0.45363867,0.622327,0.76972866,0.54502654,0.5095416,0.5463613,-0.24465407,-0.5394574,-0.09005306,-0.019083144,-0.09272266,0.9901642,0.8218375,0.8818378,0.8377545,0.7664451,0.23179987,0.2515717,0.24455504,0.24857095,0.32977164,0.65172756,0.6722397,0.8193651,0.86244035,2.090515,0.6252615,0.5677126,0.5404119,0.415704,0.5075362,0.3747385,0.43228742,0.45958814,0.584296,0.49246386,0.250523,0.13542515,0.080823734,-0.16859196,0.015072297
SZ002142,-0.024664473916870367,0.125,,2026-05-27,-0.009043912,0.015180852,-0.59574467,0.0012919875,0.08510638,0.004844953,0.31914893,-0.0054909466,-0.3617021,1.0091264,1.0104302,0.9951108,1.0018156,1.0206186,1.0446736,1.0528681,0.9859899,1.0097806,1.0114195,1.0193497,1.0422285,1.0386995,1.021524,0.010301918,0.013296858,0.028150855,0.026352987,0.03023538,-0.0060666227,-0.0037808716,-0.0045120725,-0.0006408858,0.00050549686,0.8669574,0.7411348,0.8991601,0.04583564,0.08525227,0.000713717,-0.0023358176,0.0006362875,-0.029406613,-0.036436096,1.0388385,1.0515265,1.1043464,1.1043464,1.1043464,0.9951108,0.9951108,0.9951108,0.9765221,0.9550808,1.0162306,1.0297648,1.0686492,1.0594766,1.0452551,1.0062385,1.0081153,1.0132964,1.0132964,0.992387,0.2,0.1,0.05,0.06666667,0.31666666,0.11180962,0.0866633,0.044758026,0.18367328,0.30093467,0.2,0.1,0.05,0.36666667,0.68333334,1.0,1.0,1.0,0.033333335,0.28333333,-0.8,-0.9,-0.95,0.33333334,0.4,0.67538726,0.06567091,0.513365,0.60842913,0.48324877,0.7986017,0.010564115,0.02838629,0.41259944,0.12362219,0.4,0.3,0.4,0.46666667,0.46666667,0.6,0.7,0.6,0.53333336,0.51666665,-0.2,-0.4,-0.2,-0.06666667,-0.05,0.21111205,0.22916706,0.381094,0.520416,0.4924551,0.788888,0.77083296,0.61890596,0.47958398,0.5075449,-0.5777759,-0.5416659,-0.23781197,0.040832013,-0.015089787,1.3451657,1.3149959,1.5998821,1.5566716,1.4444796,0.20731999,0.1866796,0.67737406,0.6065941,0.5396385,0.7166005,0.9824787,0.9009213,1.0171217,1.0913693,0.46135312,0.41683826,0.4399393,0.4950493,0.5018902,0.5386469,0.5831618,0.56006074,0.5049507,0.49810982,-0.077293746,-0.16632348,-0.120121434,-0.009901396,0.0037803582
SH601607,-0.025475826729224337,0.25,,2026-05-27,0.0024464915,0.020183526,0.121212296,0.0018348973,0.090910636,0.015902137,0.7878771,0.016513731,0.8181787,0.9975595,1.0018305,0.9816961,0.99115103,1.0140103,1.0402726,1.0298885,1.0469754,1.0506566,1.0012087,1.0098675,1.0245811,1.0292603,1.0349139,0.0037612242,0.011151984,0.018073961,0.016519137,0.017813144,-0.0019504401,-0.0032598989,-0.0023473066,-0.0013741384,-0.00048765153,0.67227477,0.78327703,0.5903383,0.5362755,0.2285798,0.0026921707,0.004801951,-0.0022816577,-0.009335296,-0.020528119,1.0213459,1.040865,1.0530825,1.0543085,1.0610318,0.9816961,0.9816961,0.9816961,0.9816961,0.9816961,1.0037581,1.0207132,1.0431844,1.0431844,1.0495248,0.9989011,0.9998791,1.0059667,1.0125488,1.0181749,0.6,0.3,0.15,0.1,0.06666667,0.46163842,0.3093498,0.25640544,0.25207615,0.23071384,0.2,0.1,0.45,0.13333334,0.21666667,1.0,1.0,1.0,1.0,1.0,-0.8,-0.9,-0.55,-0.8666667,-0.78333336,0.16501236,-0.00061019417,0.35528556,0.3201022,0.34738883,0.6455259,-0.04794105,-0.0018925775,0.15458043,0.092729874,0.2,0.2,0.3,0.3,0.43333334,0.8,0.8,0.6,0.6333333,0.51666665,-0.6,-0.6,-0.3,-0.33333334,-0.083333336,0.15258914,0.22952095,0.38713706,0.37532815,0.4352528,0.84741086,0.770479,0.61286294,0.6246718,0.5647472,-0.6948217,-0.5409581,-0.2257259,-0.24934368,-0.12949444,0.683302,0.6923918,0.7519013,0.7444771,0.8745224,0.18803672,0.15816182,0.16388363,0.181085,0.31072572,0.45407557,0.6738961,0.76587087,0.8472824,1.3555096,0.7921561,0.57589746,0.5654947,0.50658387,0.5052718,0.2078439,0.42410254,0.43450525,0.49341616,0.49472824,0.5843122,0.15179488,0.13098946,0.013167681,0.010543553
SH600660,-0.027435408900102213,0.375,,2026-05-27,-0.010319005,0.021763548,-0.47414163,0.0015008678,0.068962455,0.009943676,0.45689592,-0.0018761961,-0.086208194,1.0104266,1.0119431,0.9899526,0.9967961,1.0291938,1.083223,1.0964631,1.0663733,1.1428998,1.0224842,1.0372896,1.0694095,1.0798639,1.0798177,0.017883575,0.02280322,0.03692623,0.034827694,0.030183436,-0.009403154,-0.0069499025,-0.00578326,-0.0029581254,-0.0005903571,0.6911598,0.85148394,0.85850644,0.5590948,0.11667885,-0.0036778497,-0.0060150702,-0.01446856,-0.036971066,-0.06240206,1.051186,1.0896695,1.1345428,1.1349127,1.1414137,0.9899526,0.9899526,0.9899526,0.9899526,0.9899526,1.0336694,1.0526644,1.1037078,1.104266,1.104266,1.0112231,1.0191858,1.0299535,1.047053,1.0518897,0.2,0.1,0.05,0.033333335,0.016666668,0.16408323,0.1007589,0.069488496,0.0693112,0.06633625,0.4,0.1,0.05,0.23333333,0.016666668,1.0,1.0,1.0,1.0,1.0,-0.6,-0.9,-0.95,-0.76666665,-0.98333335,0.36422578,-0.11314227,0.16211124,0.112382665,-0.0130202845,0.8761045,0.19715388,0.17282526,0.32809612,0.07176129,0.4,0.2,0.35,0.43333334,0.45,0.6,0.8,0.65,0.56666666,0.55,-0.2,-0.6,-0.3,-0.13333334,-0.1,0.28001302,0.15433994,0.24970362,0.38498607,0.39199176,0.719987,0.8456601,0.75029635,0.6150139,0.6080082,-0.43997392,-0.6913201,-0.50059277,-0.23002784,-0.21601646,0.9763424,0.9245268,1.0191715,0.9672534,0.9446652,0.10084743,0.1749552,0.38948476,0.36413437,0.3813068,0.7647274,0.675386,0.79136,0.87897336,1.0315244,0.6790127,0.46293232,0.5121988,0.5179664,0.50773203,0.32098728,0.5370677,0.4878012,0.4820336,0.49226794,0.35802546,-0.07413536,0.024397632,0.035932798,0.015464123
SH601456,-0.027836727819055388,0.0,,2026-05-27,-0.0066225054,0.027593797,-0.23999977,0.015452564,0.5600014,0.0055187284,0.19999887,-0.016556341,-0.6000022,1.0066667,1.0222223,0.9944445,1.004498,1.0267667,1.0749464,1.0310493,1.0299786,1.0877944,1.0113491,1.0234475,1.044486,1.0416845,1.0385439,0.010230311,0.016122887,0.026619617,0.02200312,0.02387087,-0.005139186,-0.004989943,-0.0032981266,-0.00060738367,-0.00022525887,0.63088614,0.8780454,0.53727806,0.059055373,0.027159834,-0.0010706735,-0.0009928035,-0.01315388,-0.032877445,-0.031898763,1.0611725,1.0768709,1.0828936,1.0828936,1.0942184,0.9944445,0.9944445,0.9944445,0.9944445,0.9944445,1.0149894,1.0329764,1.0721627,1.0706638,1.0578158,1.0059958,1.0092077,1.0220556,1.0276232,1.012848,0.2,0.1,0.05,0.033333335,0.033333335,0.08325617,0.0673997,0.06281036,0.06281036,0.05568108,0.2,0.1,0.2,0.46666667,0.016666668,1.0,1.0,1.0,1.0,1.0,-0.8,-0.9,-0.8,-0.53333336,-0.98333335,0.59321564,-0.3386252,0.11631461,0.19222954,0.38040882,0.45851517,0.31758288,0.35587507,0.26624006,0.33368245,0.6,0.4,0.5,0.5,0.45,0.4,0.6,0.45,0.43333334,0.48333332,0.2,-0.2,0.05,0.06666667,-0.033333335,0.14285804,0.09302328,0.40136057,0.42708316,0.41163784,0.857142,0.9069767,0.5986394,0.57291687,0.58836216,-0.71428394,-0.81395346,-0.19727889,-0.14583369,-0.17672428,1.1214447,0.92562217,1.0233996,0.9053043,0.8687101,0.2511633,0.28272912,0.3625523,0.34686354,0.3231033,1.1754627,0.9617922,1.4798719,1.5815449,1.3094497,0.5928028,0.5401165,0.536406,0.4619743,0.5072545,0.40719718,0.4598835,0.46359405,0.5380257,0.49274552,0.18560566,0.080232956,0.07281191,-0.07605141,0.014508948
SH600415,-0.029012857798208724,0.25,,2026-05-27,-0.0060377223,0.045283034,-0.133333,0.018113244,0.40000066,0.021132067,0.46666634,-0.0030188996,-0.06666734,1.0060744,1.0242977,0.97873956,0.99578935,1.0759192,0.9924012,1.0060756,0.994686,1.1161636,1.0162467,1.0329503,1.0214819,0.9986268,1.0158999,0.014592179,0.027023433,0.027656268,0.04480625,0.04664997,-0.0064529623,-0.004233363,0.00030538614,0.0034654269,-0.00094811,0.48889768,0.224958,0.004267559,0.4635942,0.12598377,-0.0033407074,-0.0139000965,-0.024383048,-0.048875496,0.012069368,1.0721327,1.0903457,1.0903457,1.0903457,1.1336298,0.97873956,0.96734697,0.96734697,0.91495204,0.91495204,1.0293083,1.050412,1.0444887,1.0343176,1.0602783,1.0042512,1.0119885,1.0005955,0.9397009,0.98373955,0.2,0.1,0.2,0.4,0.36666667,0.22764453,0.26547462,0.26547462,0.48489752,0.38891906,0.2,0.5,0.75,0.8333333,0.016666668,1.0,0.1,0.55,0.16666667,0.5833333,-0.8,0.4,0.2,0.6666667,-0.56666666,0.54611754,0.61276346,0.76708454,0.68952066,-0.04831578,0.039066937,0.6289187,0.5752717,0.69686675,0.51555616,0.2,0.4,0.4,0.4,0.4,0.8,0.6,0.6,0.6,0.6,-0.6,-0.2,-0.2,-0.2,-0.2,0.17539945,0.51497984,0.4926719,0.5041318,0.4519785,0.8246006,0.48502016,0.5073281,0.4958682,0.5480215,-0.6492011,0.029959686,-0.014656197,0.008263575,-0.09604299,1.0753614,1.4384559,1.304821,1.2783349,0.89658886,0.26174664,0.5147701,0.44226575,0.60290086,0.60332125,0.92692024,0.95673543,1.0812446,1.5874305,1.8257148,0.31661198,0.5204834,0.43417895,0.48337278,0.50702244,0.683388,0.47951666,0.56582105,0.51662725,0.49297753,-0.36677602,0.040966712,-0.13164207,-0.03325445,0.014044926
SZ000651,-0.029698605341133538,0.125,,2026-05-27,-0.0048968093,0.021649469,-0.22618613,0.0072165267,0.33333504,0.009536132,0.44047883,-0.0025772036,-0.119042344,1.004921,1.0121729,0.99041694,0.9981928,1.0233105,1.0437714,0.96115005,0.96710694,0.9735822,1.0034707,1.0178713,1.0234655,1.0025728,0.99037814,0.003248453,0.016595896,0.021593703,0.034864098,0.02929931,-0.0009323633,-0.005148635,-0.00074232713,0.0025335439,0.00094987097,0.20594783,0.8822551,0.04136228,0.40926224,0.32056367,-0.0016059733,0.005297637,-0.016413443,-0.0393092,-0.018399352,1.0256411,1.0536132,1.0587927,1.0587927,1.0587927,0.99041694,0.99041694,0.95778334,0.9481997,0.94794065,1.0065788,1.0311316,1.0433569,1.038177,1.0235696,1.0004145,1.0027971,1.0027971,0.96218604,0.965139,0.2,0.1,0.15,0.43333334,0.6666667,0.27205917,0.15163955,0.41794816,0.46838683,0.46962935,0.2,0.2,0.15,0.43333334,0.71666664,1.0,1.0,0.05,0.26666668,0.06666667,-0.8,-0.8,0.1,0.16666667,0.65,-0.15182745,0.6006673,0.32822067,0.666993,0.5734479,-0.20963977,0.26675376,0.82966983,0.70828104,0.43757066,0.2,0.2,0.35,0.4,0.45,0.8,0.8,0.65,0.6,0.55,-0.6,-0.6,-0.3,-0.2,-0.1,0.17857264,0.13419643,0.6074508,0.57868713,0.530321,0.82142735,0.86580354,0.39254925,0.42131287,0.46967903,-0.6428547,-0.73160714,0.21490152,0.15737426,0.060641974,0.9332814,0.98857504,1.3873227,1.1435884,0.98424906,0.07213999,0.12151508,0.9656877,0.8612037,0.66066086,0.7795871,0.9208428,2.708007,3.1987085,3.1446512,0.6275028,0.5506048,0.50865555,0.52177423,0.4689519,0.3724972,0.4493952,0.49134442,0.47822577,0.5310481,0.25500557,0.10120961,0.017311135,0.043548442,-0.062096186
SH600918,-0.030556475935375436,0.125,,2026-05-27,0.0053860485,0.02333937,0.23077095,0.008976661,0.38461453,0.008976661,0.38461453,0.0053860485,0.23077095,0.9946428,1.0089285,0.98571426,0.99754506,1.0241796,1.074266,1.0621761,1.0863557,1.134715,1.0065631,1.0240068,1.0487046,1.0590674,1.0805699,0.008840399,0.020875951,0.029516155,0.028730255,0.033473134,-0.0050086314,-0.00666771,-0.004334671,-0.002784133,-0.0016674654,0.8024804,0.9351305,0.75485015,0.7277844,0.756869,0.0034542447,0.0059978147,-0.007525261,-0.018697398,-0.03137968,1.0492772,1.0784204,1.0883683,1.0970764,1.1450777,0.9839863,0.9839863,0.9839863,0.9839863,0.9839863,1.0096718,1.0435233,1.0746113,1.0811745,1.1108809,0.9996546,1.0055268,1.017962,1.0352331,1.060449,0.4,0.2,0.1,0.06666667,0.033333335,0.24526727,0.16957553,0.15341441,0.14160128,0.09940757,0.2,0.1,0.45,0.1,0.016666668,0.8,0.9,0.95,0.96666664,0.98333335,-0.6,-0.8,-0.5,-0.8666667,-0.96666664,0.04794742,-0.41777334,0.05034405,-0.2407721,0.13955392,-0.108489454,-0.17881925,0.08726812,0.011642244,0.124309935,0.2,0.2,0.35,0.36666667,0.45,0.6,0.7,0.6,0.6,0.51666665,-0.4,-0.5,-0.25,-0.23333333,-0.06666667,0.06250147,0.094339974,0.2750004,0.2641513,0.37499997,0.9374985,0.90566003,0.7249996,0.7358487,0.625,-0.8749971,-0.81132007,-0.4499992,-0.4716974,-0.25000003,1.0225613,0.8930985,0.92024785,0.8417557,0.9090215,0.24373472,0.2369478,0.23335077,0.22485043,0.2880014,0.93979055,0.727939,0.7799771,0.84884775,1.4946343,0.57480466,0.5079441,0.54563314,0.44561723,0.5076161,0.4251953,0.49205592,0.45436686,0.55438274,0.49238387,0.14960936,0.015888158,0.0912663,-0.108765535,0.015232259
SH601009,-0.03526576230809731,0.125,,2026-05-27,-0.005576177,0.013011178,-0.42856818,0.0009294417,0.07143409,0.0065055597,0.49999774,-5.9147364e-08,-4.5458883e-06,1.0056075,1.0065421,0.993458,0.9984281,1.0262119,1.0458378,1.0972077,1.0196259,1.0467598,1.0106955,1.024157,1.0481691,1.051282,1.0504193,0.008784416,0.01733801,0.030688917,0.030014113,0.023536034,-0.005439952,-0.005565671,-0.0050617214,-0.001574868,-0.0002100198,0.95874774,0.9446,0.95214117,0.21337278,0.024285879,0.00018443257,0.0008885021,-8.279481e-05,-0.028446484,-0.044223733,1.0337269,1.0617702,1.1149458,1.1169038,1.1169038,0.993458,0.993458,0.993458,0.993458,0.993458,1.0152266,1.0359589,1.0761328,1.0798209,1.0660433,1.004531,1.0100895,1.021391,1.0256586,1.0313752,0.2,0.1,0.05,0.033333335,0.016666668,0.16245833,0.095766775,0.053849366,0.052995227,0.052995227,0.2,0.1,0.05,0.3,0.65,1.0,1.0,1.0,1.0,1.0,-0.8,-0.9,-0.95,-0.7,-0.35,0.14641811,0.11111752,0.025182728,0.30326095,0.23668629,-0.6653587,-0.37618494,-0.32222107,0.33961177,0.11635473,0.0,0.2,0.3,0.36666667,0.41666666,1.0,0.8,0.7,0.6,0.56666666,-1.0,-0.6,-0.4,-0.23333333,-0.15,0.0,0.16538405,0.15384564,0.46043545,0.45440528,1.0,0.83461595,0.8461544,0.53956455,0.54559475,-1.0,-0.6692319,-0.6923087,-0.07912912,-0.09118946,1.0225015,1.0212488,1.0498177,1.0508091,1.0815545,0.19837886,0.16651712,0.20244285,0.2812038,0.2869357,0.8106132,0.92724276,1.0684229,1.1845214,1.2633976,0.5599721,0.5277107,0.49868634,0.4990058,0.49654797,0.44002792,0.47228932,0.5013136,0.5009942,0.50345206,0.11994416,0.05542133,-0.0026273038,-0.0019883937,-0.00690407
SZ300999,-0.036430193909998625,0.25,,2026-05-27,0.030511027,0.05377575,0.5673752,0.012204461,0.22695102,0.011060261,0.20567377,0.029366827,0.546098,0.97039235,1.0118431,0.9596595,0.9867838,0.9873189,1.0413043,1.0155798,1.042029,1.0768116,0.97202903,0.98800725,1.0125363,1.0199276,1.0495894,0.017337237,0.022607746,0.031383548,0.028001482,0.046407197,0.008985502,-0.004806765,-0.003860195,-0.0022145393,-0.0020833686,0.6715292,0.41438374,0.5295201,0.48473737,0.61469746,0.009999988,0.03362317,0.024135588,0.012183245,0.011869966,1.0175112,1.0451819,1.07205,1.07205,1.2330377,0.95061946,0.95061946,0.95061946,0.95061946,0.95061946,0.982029,1.0023913,1.0425363,1.0418117,1.072971,0.95934784,0.9631884,0.98536235,0.9989855,1.0170289,1.0,0.8,0.4,0.26666668,0.13333334,0.7382153,0.52220064,0.40665692,0.40665692,0.174849,0.8,0.1,0.2,0.46666667,0.11666667,0.6,0.8,0.9,0.93333334,0.96666664,0.2,-0.7,-0.7,-0.46666667,-0.85,0.8889992,0.36036065,0.25993946,0.060848337,0.71873456,0.27353665,0.31532806,0.44148827,0.45212615,0.58742803,0.4,0.3,0.45,0.4,0.43333334,0.6,0.7,0.55,0.6,0.56666666,-0.2,-0.4,-0.1,-0.2,-0.13333334,0.591623,0.340782,0.46312165,0.42287228,0.4525515,0.408377,0.659218,0.53687835,0.5771277,0.5474485,0.18324603,-0.31843603,-0.07375667,-0.15425545,-0.094897,0.66404986,0.59593606,0.59114313,0.5478456,0.7744562,0.29191402,0.22043236,0.21025021,0.18517321,0.55540246,0.8802641,0.8422956,0.9516359,1.0499363,2.8981905,0.81874895,0.6619638,0.5758346,0.57024175,0.5178859,0.18125105,0.33803615,0.42416543,0.42975828,0.48211408,0.6374979,0.3239277,0.15166913,0.14048344,0.035771858
SH601225,-0.039989200736240085,0.25,,2026-05-27,0.023236588,0.03734436,0.62222487,0.0012447637,0.033332042,0.012863006,0.34444308,0.03485483,0.9333359,0.9772911,1.0012165,0.9647202,0.9815152,0.97997665,0.9508731,1.0663562,1.02305,0.94155985,0.96698487,0.9706868,0.98923165,1.0017152,1.0217501,0.021615766,0.019139692,0.039432857,0.038727257,0.03974152,0.012619335,0.0014830546,-0.0042254063,-0.0027417855,-0.0012205365,0.85206294,0.055037137,0.40187272,0.38845,0.28768188,0.007776485,0.022639444,0.050909728,0.038040757,0.014255779,1.0070838,1.0070838,1.0827184,1.0878454,1.1328623,0.92524534,0.92524534,0.92524534,0.92524534,0.92524534,0.9769034,0.989057,1.033341,1.0372525,1.0591384,0.9488707,0.949057,0.96186256,0.96623975,0.9792782,1.0,1.0,0.75,0.53333336,0.28333333,0.91344184,0.91344184,0.47471422,0.45974544,0.36006048,0.6,0.8,0.15,0.33333334,0.28333333,0.4,0.7,0.85,0.9,0.95,0.2,0.1,-0.7,-0.56666666,-0.6666667,0.21960619,0.10085385,0.17909431,-0.0029431304,0.1127855,0.10902951,0.3133603,-0.12545078,-0.081514634,0.21929431,0.6,0.5,0.35,0.4,0.43333334,0.4,0.4,0.5,0.5,0.51666665,0.2,0.1,-0.15,-0.1,-0.083333336,0.61256576,0.6693419,0.396814,0.4740431,0.5304834,0.3874342,0.33065808,0.603186,0.5259569,0.4695166,0.22513157,0.33868387,-0.20637202,-0.051913816,0.06096681,1.0748619,0.9760932,1.0243292,0.93998504,1.0041975,0.33145288,0.30363908,0.2731624,0.28394905,0.40195164,0.80919504,0.89791435,1.3038847,1.3423058,1.233114,0.60118747,0.4892839,0.5009599,0.5266209,0.5134927,0.39881256,0.5107161,0.4990401,0.4733791,0.4865073,0.20237488,-0.02143221,0.0019197922,0.053241797,0.026985418
SZ000661,-0.042073043454147,0.125,,2026-05-27,-0.02054268,0.037467755,-0.54827625,0.0,0.0,0.016925074,0.45172378,-0.0036176036,-0.096552454,1.0209736,1.0209736,0.98271996,0.99605274,1.067225,1.1472665,1.1241013,1.1321301,1.2966882,1.035771,1.0661901,1.1034443,1.1155466,1.1390135,0.023996517,0.038458724,0.04900908,0.04385513,0.046854753,-0.013632563,-0.012340283,-0.006432127,-0.0035192007,-0.0020400155,0.8068608,0.9437825,0.60287064,0.49905562,0.5781752,-0.008505942,-0.010658845,-0.04233915,-0.06451814,-0.078833126,1.0765727,1.1472708,1.1847782,1.1847782,1.2779846,0.98271996,0.98271996,0.98271996,0.98271996,0.98271996,1.0538919,1.0996594,1.1413698,1.1463188,1.1840411,1.0205854,1.0371301,1.0592521,1.0835459,1.116599,0.2,0.1,0.05,0.033333335,0.016666668,0.18411893,0.10501347,0.08552016,0.08552016,0.058523953,0.2,0.1,0.4,0.6,0.016666668,1.0,1.0,1.0,1.0,1.0,-0.8,-0.9,-0.6,-0.4,-0.98333335,-0.87778795,-0.41011912,0.15735123,0.11846917,0.31112728,-0.42912912,-0.5884474,0.383368,0.40293217,0.33029172,0.2,0.2,0.3,0.36666667,0.38333333,0.8,0.8,0.7,0.6333333,0.6166667,-0.6,-0.6,-0.4,-0.26666668,-0.23333333,0.13255344,0.11553959,0.31578177,0.34999442,0.34499472,0.86744654,0.8844604,0.6842182,0.6500056,0.6550053,-0.7348931,-0.76892084,-0.36843643,-0.3000112,-0.31001052,0.640807,0.606078,0.6292713,0.6022027,0.6167313,0.20511207,0.16641958,0.268257,0.23366162,0.31225058,0.7037924,0.5968958,1.0908874,1.1440068,1.280485,0.7483129,0.57855105,0.5762267,0.544182,0.37046382,0.2516871,0.42144898,0.42377332,0.45581803,0.6295362,0.4966258,0.15710206,0.15245338,0.08836395,-0.2590724
SH600196,-0.0489662131348958,0.25,,2026-05-27,0.0060396753,0.031924076,0.18918873,0.007765374,0.24324508,0.018119026,0.5675662,0.016393328,0.51350987,0.99399656,1.0077188,0.97598636,0.99054956,1.0300102,1.0707568,1.088323,1.1354941,1.1367965,1.0025756,1.019728,1.0476863,1.0708137,1.090124,0.008667619,0.019747179,0.032732945,0.044247296,0.043607198,-0.004332227,-0.0061910986,-0.005074183,-0.004822214,-0.0013766813,0.6245437,0.9010248,0.8410662,0.9204945,0.30398366,0.0060888417,0.008131958,0.0005184214,-0.000891595,-0.049511887,1.0454577,1.0797749,1.1102084,1.1616762,1.1728178,0.97598636,0.97598636,0.97598636,0.97598636,0.97598636,1.0061004,1.0352424,1.0842136,1.10112,1.1348227,0.9980206,0.9998264,1.0140703,1.0313993,1.0584865,0.6,0.3,0.15,0.1,0.05,0.34566256,0.23137105,0.17891005,0.12932137,0.12200116,0.2,0.1,0.1,0.1,0.41666666,1.0,1.0,1.0,1.0,1.0,-0.8,-0.9,-0.9,-0.9,-0.5833333,0.5487423,-0.06375676,0.47231767,0.14186703,0.17089021,0.23342617,-0.000265215,0.32953474,0.36473566,0.21011879,0.2,0.2,0.2,0.2,0.3,0.8,0.8,0.8,0.8,0.7,-0.6,-0.6,-0.6,-0.6,-0.4,0.14989871,0.12648976,0.23851947,0.23397736,0.40075585,0.8501013,0.87351024,0.7614805,0.7660226,0.5992442,-0.7002026,-0.7470205,-0.522961,-0.5320453,-0.1984883,0.7938112,0.7316372,0.89938277,0.84926903,0.8103082,0.20556252,0.2094938,0.31986606,0.30029026,0.29543325,0.62969625,0.76968586,1.1603465,1.1295127,1.1354811,0.6870626,0.5361695,0.5476235,0.52202487,0.5133454,0.31293738,0.46383047,0.45237648,0.47797513,0.48665458,0.3741252,0.072339065,0.095247,0.044049732,0.026690835
SH600845,-0.05236343303444324,0.25,,2026-05-27,-0.009039008,0.022359677,-0.40425485,0.0061846143,0.27659675,0.007136055,0.3191484,-0.008087567,-0.36170322,1.0091214,1.0153625,0.99279886,1.0026891,1.1478727,1.1495771,1.0963404,1.0659106,1.1495771,1.0503176,1.0940039,1.1062224,1.0998523,1.0887035,0.041629933,0.05534567,0.046578694,0.04007193,0.04456105,-0.024579348,-0.015100156,-0.002537114,0.00019498394,0.0003510772,0.87150383,0.68234974,0.10384208,0.0018349272,0.018931903,-0.0011589421,-0.026053235,-0.082119755,-0.10267959,-0.09906029,1.1742773,1.2002015,1.2002015,1.2002015,1.2002015,0.99279886,0.99279886,0.99279886,0.99279886,0.96702945,1.0853646,1.1409563,1.1482136,1.1402559,1.1334263,1.0126926,1.0484893,1.0777044,1.0738063,1.0638158,0.2,0.1,0.05,0.033333335,0.05,0.039680436,0.034720607,0.034720607,0.034720607,0.14140014,0.2,0.5,0.75,0.8333333,0.9166667,1.0,1.0,1.0,1.0,0.3,-0.8,-0.5,-0.25,-0.16666667,0.6166667,0.6286782,0.32106057,0.3999272,0.4733535,0.46579254,-0.75940806,-0.17572488,0.51018125,0.6031667,0.5227151,0.2,0.3,0.4,0.43333334,0.41666666,0.8,0.7,0.6,0.56666666,0.56666666,-0.6,-0.4,-0.2,-0.13333334,-0.15,0.079188734,0.23393226,0.3941581,0.44885296,0.4504872,0.9208113,0.76606774,0.60584193,0.55114704,0.5495128,-0.84162253,-0.5321355,-0.21168382,-0.10229407,-0.09902558,1.7575924,1.7116435,1.6092608,1.4798862,1.4000344,0.5188985,0.37990525,0.5612444,0.5494193,0.52856076,0.77686256,0.7936621,1.1488961,1.1734453,1.1714447,0.3121592,0.3609008,0.497451,0.50294936,0.48140234,0.68784076,0.63909924,0.502549,0.49705064,0.51859766,-0.37568155,-0.27819842,-0.0050979764,0.005898692,-0.03719534
SZ000100,-0.05268524267828869,0.25,,2026-05-27,0.004291845,0.06866952,0.0625,0.05364801,0.7812492,0.010729664,0.15625075,-0.038626503,-0.5624985,0.9957265,1.0534188,0.9850427,1.013846,0.90408623,0.9341657,0.90408623,0.9273553,1.0300794,0.96254253,0.934563,0.926135,0.92546344,0.94725686,0.031936243,0.037017297,0.027636113,0.023098378,0.049826466,0.018955734,0.010824474,0.0027177767,0.00081538514,-0.0017523472,0.88075167,0.7838188,0.3384868,0.09657491,0.37724197,-0.00045398084,0.016726917,0.048046093,0.062713474,0.10443738,1.0534188,1.0534188,1.0534188,1.0534188,1.0854998,0.8824512,0.880446,0.880446,0.880446,0.87837845,0.9950056,0.95788866,0.93450624,0.9341657,0.99682176,0.93552774,0.9036322,0.90908056,0.9103291,0.91259927,1.0,1.0,1.0,1.0,0.81666666,0.6875504,0.6911724,0.6911724,0.6911724,0.5871996,1.0,1.0,1.0,1.0,0.083333336,0.4,0.3,0.65,0.76666665,0.45,0.6,0.7,0.35,0.23333333,-0.36666667,-0.39940274,0.6889911,0.6662173,0.5270572,0.28272128,0.53501827,0.4005851,0.4007687,0.42699674,0.343717,1.0,0.7,0.65,0.53333336,0.45,0.0,0.3,0.35,0.46666667,0.53333336,1.0,0.4,0.3,0.06666667,-0.083333336,1.0,0.68589747,0.6550459,0.59356725,0.48383164,0.0,0.3141025,0.34495404,0.40643275,0.51616836,1.0,0.371795,0.3100919,0.1871345,-0.03233669,1.1245961,0.7217064,0.54351807,0.42989153,0.34515196,0.2755183,0.46464872,0.37652057,0.34624836,0.26558605,1.0072585,1.2630682,1.389135,1.644857,1.4800886,0.65454066,0.6194358,0.61265683,0.5964818,0.562854,0.3454593,0.3805642,0.3873432,0.40351823,0.43714604,0.30908135,0.23887157,0.22531362,0.19296356,0.12570795
SH600905,-0.0543974247531512,0.25,,2026-05-27,-0.0048780586,0.0048780586,-1.0,0.0,0.0,0.0,0.0,-0.0048780586,-1.0,1.004902,1.004902,1.0,1.0016489,1.0092592,1.0439816,1.0069444,1.0069444,1.0046297,1.0050926,1.0106481,1.012963,1.0109568,1.031713,0.0038036252,0.008945325,0.011596001,0.010079675,0.03205321,-0.00046296915,-0.0017396257,-4.873534e-05,0.0002616076,-0.0011227401,0.0370381,0.34668162,0.00061821507,0.052204665,0.3742099,-0.004166659,-0.002819859,-0.012500014,-0.014750131,0.0014078359,1.0170188,1.0502806,1.0513335,1.0513335,1.1450262,0.9995945,0.9995945,0.9974135,0.9974135,0.9974135,1.0074074,1.0152779,1.0212964,1.0171297,1.0625,1.0018519,1.0060185,1.0046297,1.0046297,1.0046297,0.2,0.1,0.05,0.033333335,0.016666668,0.02327326,0.008000616,0.04796908,0.04796908,0.017522149,0.2,0.1,0.5,0.6666667,0.31666666,0.4,0.7,0.2,0.46666667,0.45,-0.2,-0.6,0.3,0.2,-0.13333334,-0.8140823,0.5159763,0.7662526,0.74639946,0.88180816,-0.6596926,0.22906473,0.33442232,0.4643689,0.46159822,0.4,0.4,0.5,0.43333334,0.45,0.6,0.6,0.4,0.43333334,0.43333334,-0.2,-0.2,0.1,0.0,0.016666668,0.29999954,0.28888908,0.47692314,0.482353,0.4958677,0.70000046,0.71111095,0.52307683,0.517647,0.5041323,-0.4000009,-0.42222187,-0.046153694,-0.035294015,-0.008264575,0.937818,1.176407,1.2255629,1.1220034,1.7205683,0.16970715,0.33029535,0.40239668,0.39552227,0.99737173,0.6363158,0.92980105,1.0695026,1.1705816,1.4281071,0.3105772,0.21991,0.5017273,0.51019365,0.50537723,0.6894228,0.78009,0.49827272,0.48980632,0.49462274,-0.37884557,-0.56018,0.003454548,0.020387337,0.01075451
SH601136,-0.05454570730282407,0.0,,2026-05-27,-0.013824877,0.025674727,-0.53846246,0.010533243,0.41025728,0.0013166066,0.05128026,-0.023041513,-0.8974395,1.0140187,1.0246996,0.9986649,1.0076549,1.0429968,1.1218241,1.0697069,1.0970684,1.2234528,1.016026,1.0413029,1.0753095,1.0811075,1.1077741,0.013139603,0.030911205,0.04336578,0.03656293,0.048259087,-0.0069055376,-0.009902283,-0.0057025305,-0.00256195,-0.002221609,0.6905109,0.94069797,0.60521394,0.38050547,0.6463636,-0.0022150027,0.003257318,-0.021135429,-0.04395925,-0.04223672,1.0732131,1.130505,1.1392354,1.1392354,1.2281604,0.9986649,0.9986649,0.9986649,0.9986649,0.9986649,1.020847,1.064886,1.1202606,1.112834,1.1575245,1.0104234,1.0135505,1.0325733,1.0549837,1.0703584,0.2,0.1,0.05,0.033333335,0.016666668,0.017908748,0.010126395,0.009497472,0.009497472,0.0058173863,0.2,0.1,0.15,0.43333334,0.016666668,1.0,1.0,1.0,1.0,1.0,-0.8,-0.9,-0.85,-0.56666666,-0.98333335,0.78920346,0.18510555,0.43400705,0.18796474,-0.04849178,0.06526488,-0.20841104,0.6083468,0.5683579,0.36779314,0.4,0.3,0.35,0.36666667,0.38333333,0.6,0.7,0.6,0.56666666,0.5833333,-0.2,-0.4,-0.25,-0.2,-0.2,0.07692344,0.06103302,0.35422328,0.34949505,0.33986935,0.92307657,0.938967,0.64577675,0.65050495,0.6601306,-0.84615314,-0.877934,-0.29155347,-0.30100992,-0.3202613,1.2440504,1.2119733,1.3840845,1.19446,1.0388482,0.32676533,0.2535591,0.57800597,0.5528356,0.49001017,0.97194505,0.6816993,1.6904901,1.812641,1.6362073,0.49538854,0.45498738,0.51287943,0.47165248,0.47880274,0.5046115,0.54501265,0.48712057,0.5283475,0.52119726,-0.00922294,-0.09002525,0.025758877,-0.056695025,-0.042394545
SH601668,-0.05682331061398918,0.25,,2026-05-27,-0.006302518,0.012605036,-0.5,0.004201724,0.33333698,0.0021007934,0.16666302,-0.008403448,-0.66667396,1.0063425,1.0105709,0.9978859,1.0023025,1.0231522,1.0507569,1.0231522,1.0507569,1.0632236,1.0081923,1.0219057,1.0305878,1.0328882,1.0463787,0.0056106914,0.015980052,0.016759798,0.015578536,0.020345755,-0.0034728465,-0.0052025155,-0.0014682759,-0.00086610584,-0.00086560636,0.957808,0.97158724,0.26862463,0.23954676,0.5520687,-0.0012466633,0.0015056955,-0.016639112,-0.020329585,-0.020843387,1.0278273,1.0529813,1.0657825,1.0657825,1.0996205,0.9978859,0.9978859,0.9978859,0.9978859,0.9978859,1.0115762,1.0356189,1.0430989,1.0457703,1.0632236,1.0049866,1.0083705,1.0142475,1.0204809,1.0258237,0.2,0.1,0.05,0.033333335,0.016666668,0.07060853,0.03837192,0.031137284,0.031137284,0.020780712,0.2,0.1,0.45,0.6333333,0.18333334,1.0,1.0,1.0,1.0,1.0,-0.8,-0.9,-0.55,-0.36666667,-0.81666666,0.5697333,0.5761896,0.6964165,0.30793086,0.46782398,-0.96193177,-0.49646446,0.6265716,0.27068493,0.13975844,0.0,0.0,0.25,0.23333333,0.38333333,1.0,0.9,0.65,0.6,0.48333332,-1.0,-0.9,-0.4,-0.36666667,-0.1,0.0,0.0,0.39166656,0.3425414,0.4216335,1.0,1.0,0.6083334,0.6574586,0.5783665,-1.0,-1.0,-0.21666685,-0.3149172,-0.156733,1.0278103,1.099669,1.2379119,1.2465347,1.4826764,0.15825944,0.17926113,0.35362056,0.3977825,0.58773315,0.6431627,0.72672457,1.2919707,1.1974727,1.3800259,0.49160028,0.34629574,0.5112035,0.5063953,0.49257314,0.5083997,0.6537042,0.48879647,0.49360472,0.50742686,-0.016799476,-0.3074085,0.02240704,0.012790545,-0.014853699
SZ000538,-0.05686278536831137,0.125,,2026-05-27,0.017597754,0.036423158,0.48314738,0.0014323143,0.039324272,0.017393092,0.47752833,0.03355853,0.92135143,0.98270655,1.0014075,0.96561426,0.97980165,1.0211098,1.0386083,1.0628548,1.0724187,1.0983906,0.9973046,1.0112598,1.0345095,1.0473813,1.0693,0.0096290605,0.016520552,0.027365468,0.029331505,0.032034002,-0.003518939,-0.0050114,-0.0044690873,-0.0031098097,-0.0015640855,0.333884,0.84349114,0.933469,0.8711654,0.72710705,0.0097332345,0.011291473,0.007946833,-0.00228905,-0.02315955,1.023125,1.0434358,1.0814404,1.0898015,1.120263,0.96561426,0.96561426,0.96561426,0.96561426,0.96561426,1.0027325,1.0232047,1.0589985,1.0714847,1.0967139,0.9922783,0.9989544,1.0067159,1.0223979,1.0545328,0.6,0.3,0.15,0.1,0.05,0.59790057,0.44185337,0.2968737,0.27688617,0.22234744,0.2,0.1,0.2,0.1,0.26666668,1.0,1.0,1.0,1.0,1.0,-0.8,-0.9,-0.8,-0.9,-0.73333335,-0.20910035,-0.42122263,0.40703276,0.019191759,-0.031529892,0.09986102,-0.049193274,0.14331761,0.04214583,-0.112683654,0.2,0.2,0.2,0.26666668,0.38333333,0.8,0.8,0.7,0.6666667,0.56666666,-0.6,-0.6,-0.5,-0.4,-0.18333334,0.31320244,0.24196146,0.24100004,0.2963268,0.3787335,0.68679756,0.7580385,0.75899994,0.70367324,0.62126654,-0.37359512,-0.51607704,-0.51799995,-0.40734643,-0.24253306,0.6445841,0.5645088,0.67565703,0.62778,0.6192234,0.21937382,0.18349323,0.21143442,0.19370444,0.1960768,0.7562098,1.095356,1.1312637,1.0881608,1.4474244,0.9140068,0.5682834,0.56343484,0.54111433,0.5256433,0.08599318,0.43171662,0.4365652,0.45888567,0.4743567,0.82801366,0.13656674,0.12686962,0.082228675,0.05128658
SH601169,-0.057423562211186906,0.125,,2026-05-27,-0.0058939266,0.0098232115,-0.6,0.0019646422,0.2,0.0019646422,0.2,-0.0058939266,-0.6,1.0059289,1.0079051,0.9980237,1.0030109,1.0156438,1.0377055,1.0790212,1.0653831,1.0613718,1.006418,1.016045,1.0316286,1.0461693,1.0601952,0.0043480964,0.012312731,0.020641817,0.02693193,0.02484833,-0.0026073195,-0.003938302,-0.0032497032,-0.0028635464,-0.0010263134,0.8989389,0.9378227,0.8674803,0.87614334,0.5203138,-0.0012033432,0.0016774151,-0.00075641007,-0.004647876,-0.02991899,1.0199403,1.0416588,1.0909966,1.0909966,1.0969846,0.9980237,0.9980237,0.9980237,0.9980237,0.9980237,1.0088247,1.0240674,1.0441236,1.0734055,1.0810269,1.0048134,1.0060169,1.0112315,1.0188528,1.0397112,0.2,0.1,0.05,0.033333335,0.016666668,0.09017359,0.0452913,0.021256616,0.021256616,0.019970411,0.2,0.1,0.05,0.36666667,0.21666667,1.0,1.0,1.0,1.0,1.0,-0.8,-0.9,-0.95,-0.6333333,-0.78333336,-0.98394483,0.128795,0.48457968,0.0781624,0.1832126,-0.27689877,-0.04108745,-0.77218723,-0.30101696,-0.24599528,0.0,0.0,0.05,0.2,0.35,0.8,0.8,0.65,0.56666666,0.51666665,-0.8,-0.8,-0.6,-0.36666667,-0.16666667,0.0,0.0,0.08438856,0.2803235,0.42185906,1.0,1.0,0.91561145,0.7196765,0.578141,-1.0,-1.0,-0.8312229,-0.439353,-0.1562819,0.8597541,0.88094467,1.1903193,1.0970433,1.1899312,0.09555568,0.08926207,0.7924036,0.68783695,0.57393354,0.8110935,1.0142299,3.2811155,3.2477455,2.2719903,0.79741526,0.66112983,0.48783907,0.5144267,0.5021604,0.20258473,0.33887014,0.51216096,0.48557326,0.4978396,0.5948306,0.32225972,-0.024321865,0.028853472,0.004320799
SH601878,-0.06087737814720039,0.0,,2026-05-27,-0.0063025383,0.027310977,-0.23076943,0.01575631,0.5769223,0.0052521266,0.19230828,-0.016806724,-0.61538345,1.0063425,1.0221988,0.99471456,1.0047793,1.009542,1.0496184,0.9895038,1.019084,1.1211832,1.0038168,1.0097328,1.0239503,1.0209606,1.0380566,0.0064364304,0.009465345,0.020019991,0.018128017,0.035460435,-0.00038167342,-0.0022322463,-0.0018911785,-0.00029613115,-0.0014261542,0.008790907,0.50982696,0.312324,0.020680893,0.49333814,-0.0030534428,0.00031228454,-0.0059841885,-0.016666664,0.0040149284,1.0412554,1.0517784,1.0669639,1.0669639,1.1289196,0.99219364,0.99219364,0.9849686,0.9849686,0.9786995,1.0097328,1.012023,1.0423664,1.0410305,1.083206,0.9990458,1.0030534,1.008397,1.008397,1.009542,0.4,0.2,0.15,0.15,0.125,0.15911323,0.13101268,0.18332024,0.18332024,0.14179507,0.2,0.1,0.45,0.6333333,0.016666668,0.6,0.8,0.05,0.36666667,0.45,-0.4,-0.7,0.4,0.26666668,-0.43333334,0.34345955,-0.17307165,0.51158845,0.4683615,0.07497668,0.26184615,0.20225021,0.62797767,0.57649887,0.41311026,0.4,0.3,0.45,0.43333334,0.43333334,0.4,0.5,0.4,0.46666667,0.5,0.0,-0.2,0.05,-0.033333335,-0.06666667,0.38095272,0.24000035,0.5282051,0.4609376,0.3932774,0.6190473,0.75999963,0.47179487,0.5390624,0.6067226,-0.23809458,-0.5199993,0.056410253,-0.07812481,-0.2134452,1.0714356,0.921395,1.1155679,0.9476499,0.85625863,0.32637578,0.29168776,0.4727793,0.4558177,0.37560597,0.7168023,0.7844215,1.8312846,2.0015574,1.6347128,0.5924099,0.49504253,0.52362067,0.47841346,0.5111746,0.40759012,0.50495744,0.47637933,0.52158654,0.4888254,0.18481977,-0.00991492,0.04724135,-0.043173093,0.022349201
SH601766,-0.0638946144634593,0.125,,2026-05-27,-0.0034542957,0.018998286,-0.18182144,0.005181298,0.27272448,0.010362693,0.5454541,0.0017270993,0.09090816,1.0034662,1.0086656,0.9896014,0.9985142,1.0035504,1.052071,1.0248522,1.0911243,1.1005918,0.9997633,1.0125444,1.0221303,1.0344379,1.0620908,0.0042174007,0.017205738,0.017261392,0.025026063,0.03465402,0.0017751476,-0.0047624237,-0.0016746032,-0.0023687067,-0.001727896,0.44291383,0.70229703,0.32941264,0.6942874,0.7582769,-0.0033136166,0.008886495,-0.006221493,-9.166189e-05,-0.011117837,1.0111202,1.0611256,1.0750813,1.0874107,1.1309555,0.98093593,0.98093593,0.98093593,0.98093593,0.98093593,1.0011834,1.0269823,1.0357398,1.0556213,1.0911243,0.99786985,0.9997633,1.0028403,1.0153846,1.0248522,0.7,0.35,0.175,0.11666667,0.058333334,0.63158894,0.23773685,0.20249577,0.17904764,0.1270771,0.8,0.1,0.45,0.033333335,0.18333334,0.4,0.7,0.85,0.9,0.95,0.4,-0.6,-0.4,-0.8666667,-0.76666665,0.09547504,0.5314963,0.57529145,-0.31037736,-0.24900028,0.3214315,0.19799058,0.47551414,0.40225634,0.23028308,0.4,0.3,0.4,0.3,0.36666667,0.6,0.7,0.5,0.56666666,0.55,-0.2,-0.4,-0.1,-0.26666668,-0.18333334,0.4399987,0.21052597,0.42446032,0.3045685,0.42286745,0.5600013,0.789474,0.5755397,0.6954315,0.5771326,-0.120002635,-0.5789481,-0.15107937,-0.390863,-0.1542651,1.0145252,1.110393,1.290316,1.0934653,0.9943648,0.25707084,0.23686682,0.6091479,0.58368486,0.4954351,0.63871473,0.6521077,0.85507196,0.94473404,1.2246182,0.446855,0.35827944,0.51693225,0.5086196,0.49770817,0.553145,0.64172053,0.48306778,0.49138036,0.5022918,-0.106289975,-0.28344113,0.033864453,0.017239269,-0.0045836526
SZ000001,-0.06441001321083024,0.125,,2026-05-27,0.0,0.012081804,0.0,0.008364326,0.6923077,0.0037174781,0.30769232,-0.004646848,-0.3846154,1.0,1.0083643,0.9962825,1.0023955,1.0009323,1.035316,1.0223056,1.0306753,1.0102274,0.99647117,1.0050212,1.0301608,1.0296187,1.0230821,0.004663831,0.011805838,0.028059134,0.02306104,0.02048085,0.0021366433,-0.0031092193,-0.0045427433,-0.0013327671,0.00029959792,0.52470887,0.63579994,0.91739404,0.25885254,0.06526516,-0.00074444804,0.008970315,0.012995221,-0.010293618,-0.031920247,1.0083643,1.0362469,1.0780721,1.0780721,1.0780721,0.98885196,0.98885196,0.98885196,0.98885196,0.9693305,1.000558,1.0117122,1.0568812,1.0513055,1.0388503,0.9925694,0.9940555,1.0007459,1.007994,1.0053934,0.8,0.4,0.2,0.13333334,0.108333334,0.5713326,0.23521647,0.124950096,0.124950096,0.28204042,1.0,0.1,0.2,0.46666667,0.73333335,0.6,0.8,0.9,0.93333334,0.28333333,0.4,-0.7,-0.7,-0.46666667,0.45,-0.046732835,-0.004100015,0.5695304,0.39990273,0.21551396,0.0025752936,0.1841578,0.7115504,0.620022,0.27378806,0.2,0.1,0.25,0.33333334,0.41666666,0.6,0.7,0.65,0.56666666,0.51666665,-0.4,-0.6,-0.4,-0.23333333,-0.1,0.47819,0.18330465,0.42104998,0.42027998,0.48865497,0.52181,0.81669533,0.57895,0.57972,0.511345,-0.043619983,-0.6333907,-0.15790004,-0.15944006,-0.022690073,1.0490333,1.0207067,1.3156275,1.1278183,1.0706135,0.19655855,0.15147097,0.7024362,0.63615435,0.50286967,0.9323381,0.74465877,2.2925818,2.4725964,2.020009,0.54668766,0.444897,0.51728666,0.52139294,0.50410676,0.45331234,0.555103,0.48271337,0.4786071,0.49589324,0.09337532,-0.11020602,0.034573264,0.042785846,0.008213543
SH600050,-0.06462738136391591,0.0,,2026-05-27,-0.013513506,0.029279238,-0.4615389,0.0022522232,0.0769222,0.013513506,0.4615389,-0.0022522232,-0.0769222,1.0136986,1.0159817,0.98630136,0.99817836,1.0830235,1.0830235,1.0260223,1.0421313,1.1152416,1.0185874,1.0573729,1.050062,1.0479966,1.0652623,0.014101353,0.046372578,0.03633345,0.030440016,0.047485717,-0.008178423,-0.011813301,0.00029441528,0.00029221477,-0.0014666745,0.8409258,0.5948829,0.0022981344,0.0071419417,0.2909654,-0.0022304885,-0.0042131166,-0.052858893,-0.0522338,-0.021995377,1.087637,1.1679196,1.1679196,1.1679196,1.1700382,0.98630136,0.98630136,0.98630136,0.98630136,0.98630136,1.0228004,1.091202,1.0790583,1.0671623,1.1273854,1.0128872,1.0180917,1.0185874,1.0260223,1.0255266,0.2,0.1,0.05,0.033333335,0.016666668,0.13518073,0.07542538,0.07542538,0.07542538,0.07455565,0.2,0.4,0.7,0.8,0.18333334,1.0,1.0,1.0,1.0,1.0,-0.8,-0.6,-0.3,-0.2,-0.81666666,0.40911925,0.73545504,0.7038806,0.5589162,0.3333453,-0.46711814,0.64876604,0.64413553,0.44635728,0.23574336,0.0,0.2,0.45,0.43333334,0.43333334,0.8,0.7,0.5,0.46666667,0.46666667,-0.8,-0.5,-0.05,-0.033333335,-0.033333335,0.0,0.30857155,0.46315795,0.45197743,0.4263074,1.0,0.6914284,0.53684205,0.54802257,0.5736926,-1.0,-0.38285688,-0.0736841,-0.096045166,-0.1473852,1.0398135,1.319672,1.1001035,0.9258504,0.8186329,0.39035192,0.6324589,0.60513306,0.57174176,0.47864804,1.1463635,1.2760562,1.4021387,1.6102833,1.7975252,0.35508114,0.43838596,0.5346492,0.52367514,0.5114457,0.64491886,0.56161404,0.46535084,0.47632486,0.48855433,-0.28983772,-0.12322808,0.069298334,0.047350302,0.022891352
SH601816,-0.06995963663171567,0.0,,2026-05-27,0.006185595,0.012371113,0.5000031,0.0041236784,0.33333126,0.0020618392,0.16666563,0.0041237557,0.3333375,0.99385244,1.0040983,0.9918033,0.9985135,1.0018976,1.0227704,1.0056926,1.0132828,0.9981024,0.9954459,1.0051234,1.0057875,1.0076534,1.0208412,0.0034470472,0.011801045,0.012087204,0.010635104,0.017705884,0.001138518,-0.0030015567,-0.00023540873,-0.00031702896,-0.00071583246,0.27272528,0.59301215,0.0132758245,0.06886777,0.49852553,0.0022770667,0.008383675,-0.003551085,-0.0030564524,0.00027582675,1.0086582,1.0393224,1.0751122,1.0751122,1.0751122,0.9884658,0.9884658,0.9884658,0.9884658,0.9884658,0.9969639,1.0163188,1.0163188,1.0136622,1.0379506,0.9935484,0.9958254,0.9958254,0.9977229,1.0034156,1.0,0.5,0.45,0.3,0.15833333,0.5712141,0.22679825,0.13311782,0.13311782,0.13311782,0.2,0.4,0.45,0.6333333,0.81666666,0.6,0.8,0.9,0.93333334,0.96666664,-0.4,-0.4,-0.45,-0.3,-0.15,0.54933053,0.8311592,0.7855642,0.5635254,0.20358476,0.91153574,0.5418955,0.78258973,0.78175634,0.36461303,0.6,0.5,0.45,0.4,0.48333332,0.4,0.5,0.5,0.5,0.45,0.2,0.0,-0.05,-0.1,0.033333335,0.461538,0.32352927,0.48101267,0.46601942,0.5020747,0.53846204,0.67647076,0.51898736,0.5339806,0.49792528,-0.07692403,-0.35294145,-0.03797466,-0.06796118,0.0041494234,0.9666918,1.1904937,1.2687546,1.1199261,1.1463189,0.11194127,0.26435855,0.7102021,0.6202689,0.55585414,0.48971397,0.8966605,2.120498,2.3009498,1.7945051,0.28248113,0.22732385,0.51862115,0.5041448,0.49982443,0.71751887,0.77267617,0.48137885,0.4958552,0.50017554,-0.43503773,-0.54535234,0.037242316,0.008289597,-0.00035111528
SZ000876,-0.0709399054839996,0.0,,2026-05-27,-0.0062499694,0.022499975,-0.27777672,0.0012499515,0.055553466,0.015000054,0.6666698,0.007500133,0.3333396,1.0062892,1.0075471,0.9849056,0.9945881,1.0339345,1.0653812,1.0792729,1.0541157,1.0855621,1.013325,1.0314395,1.0609337,1.0746285,1.0742518,0.009967571,0.02303593,0.035357784,0.03603189,0.035070658,-0.0062892986,-0.0073038014,-0.005404916,-0.0035130456,-0.0007925522,0.995327,0.92150533,0.8178543,0.7367076,0.15576425,-0.00074642233,0.0014275153,-0.009586974,-0.023689318,-0.050871525,1.0402515,1.0842767,1.1182108,1.1320615,1.1370786,0.9849056,0.9849056,0.9849056,0.9849056,0.9849056,1.021121,1.0498167,1.0968276,1.102882,1.1069182,1.0060266,1.0125648,1.0241481,1.0359803,1.0364918,0.2,0.1,0.05,0.033333335,0.016666668,0.27272832,0.15189931,0.11323188,0.10257416,0.09919226,0.2,0.1,0.15,0.13333334,0.2,1.0,1.0,1.0,1.0,1.0,-0.8,-0.9,-0.85,-0.8666667,-0.8,-0.9583632,0.40478712,0.70290893,0.71222186,0.7130475,-0.24760698,0.19424808,0.52848697,0.6409284,0.46164963,0.0,0.2,0.3,0.3,0.41666666,1.0,0.8,0.6,0.56666666,0.5,-1.0,-0.6,-0.3,-0.26666668,-0.083333336,0.0,0.20474367,0.2994055,0.41363335,0.43116108,1.0,0.7952563,0.70059454,0.58636665,0.5688389,-1.0,-0.59051263,-0.40118903,-0.1727333,-0.13767783,0.8621804,0.91007704,1.1230655,1.3226968,1.3055909,0.11652085,0.18857345,0.3663538,0.6161777,0.5416448,0.2456906,0.60666656,0.7642784,1.9216645,1.622882,0.96243536,0.3641561,0.50914365,0.5088195,0.50440496,0.037564658,0.6358439,0.49085638,0.4911805,0.49559507,0.92487067,-0.27168778,0.018287262,0.017638993,0.008809872
SH601728,-0.07345336198282952,0.0,,2026-05-27,-0.0165016,0.02640268,-0.6249972,0.0016501799,0.06250047,0.0082509,0.31250235,-0.009900881,-0.37499532,1.0167785,1.0184563,0.99161065,1.0020571,1.1161826,1.0414938,0.99170125,0.9709543,0.95297366,1.028769,1.070816,1.0426003,1.0236514,1.0041724,0.02366316,0.06155143,0.05219662,0.050700184,0.044389866,-0.014246187,-0.011249421,0.0033007842,0.0036238215,0.0012181423,0.9061328,0.3061932,0.13996439,0.395928,0.22968264,-0.00027661893,-0.020193622,-0.0739577,-0.076196834,-0.040107597,1.1153221,1.238902,1.238902,1.238902,1.238902,0.99161065,0.99161065,0.9857092,0.9622788,0.9370897,1.0384508,1.1217151,1.0616874,1.0431535,1.0251728,1.015491,1.0260028,1.0041494,0.9903181,0.9709543,0.2,0.1,0.1,0.35,0.525,0.06781374,0.033924922,0.056442518,0.13636327,0.20844187,0.2,0.4,0.7,0.8,0.9,1.0,1.0,0.05,0.033333335,0.36666667,-0.8,-0.6,0.65,0.76666665,0.53333336,0.90667015,0.91980994,0.8938099,0.9132972,0.80566037,0.15612558,0.8815684,0.73937666,0.70201755,0.5574703,0.0,0.4,0.5,0.53333336,0.53333336,1.0,0.6,0.5,0.46666667,0.45,-1.0,-0.2,0.0,0.06666667,0.083333336,0.0,0.44000003,0.50955415,0.5286104,0.5302491,1.0,0.55999994,0.49044585,0.4713896,0.46975085,-1.0,-0.11999993,0.019108318,0.057220813,0.060498275,1.3916987,1.9595664,1.3087358,1.0665106,0.932784,0.50347483,1.1322293,1.0307448,0.9081706,0.69222003,1.0856879,1.1287024,1.6955484,2.0405564,2.3370972,0.011242776,0.5152243,0.51770425,0.5170975,0.51514363,0.98875725,0.4847757,0.48229575,0.48290253,0.4848564,-0.97751445,0.03044859,0.0354085,0.034194972,0.030287212
SH600036,-0.0759347601028218,0.0,,2026-05-27,-0.00027015456,0.011078032,-0.024386512,0.004863545,0.43902606,0.0059443326,0.5365874,0.0008106332,0.073174834,1.0002702,1.005135,0.9940541,0.9994624,1.0045859,1.0237628,1.0643264,1.0596989,1.0459415,1.000592,1.0069621,1.0215658,1.0378927,1.0508462,0.0020939123,0.00818252,0.019933864,0.028955707,0.025326734,-0.00086295663,-0.0025463265,-0.0031033107,-0.0030506696,-0.0009772138,0.42462054,0.88769835,0.8482728,0.8602481,0.4540678,0.0011339555,0.004496396,0.00791563,0.0063419915,-0.022018453,1.0091789,1.0275625,1.0808129,1.0851123,1.0907819,0.9940541,0.9940541,0.9940541,0.9940541,0.9940541,1.0012423,1.013649,1.0284737,1.0710051,1.0743486,0.9996748,1.0,1.0033435,1.0088881,1.025172,0.5,0.25,0.125,0.083333336,0.041666668,0.39312354,0.17744628,0.068534054,0.065298215,0.06147077,0.2,0.1,0.05,0.13333334,0.21666667,1.0,1.0,1.0,1.0,1.0,-0.8,-0.9,-0.95,-0.8666667,-0.78333336,-0.051967204,0.41813,0.33131,-0.2773079,-0.3503837,0.06991568,0.44321814,-0.74750435,-0.29390886,-0.17896213,0.2,0.1,0.15,0.26666668,0.38333333,0.6,0.8,0.75,0.6333333,0.55,-0.4,-0.7,-0.6,-0.36666667,-0.16666667,0.20745146,0.06018732,0.102934115,0.30011195,0.43968925,0.79254854,0.93981266,0.8970659,0.69988805,0.5603107,-0.5850971,-0.8796254,-0.79413176,-0.39977613,-0.12062149,0.8956659,0.8986962,1.1001737,0.97513366,0.89164186,0.07283555,0.07834134,0.49659863,0.45287076,0.36715594,0.9254653,0.6538756,2.6739118,2.403837,1.8249252,0.72694755,0.59278065,0.5186151,0.52141374,0.5103962,0.27305245,0.40721938,0.48138484,0.47858623,0.48960382,0.4538951,0.18556127,0.0372303,0.04282754,0.020792348
SH600519,-0.07836403674149309,0.125,,2026-05-27,0.027586361,0.054336704,0.507693,0.012618112,0.23222078,0.014132229,0.26008624,0.02910048,0.5355584,0.9731542,1.0122794,0.95940137,0.9821074,1.0092101,1.0315347,1.1193323,1.1158558,1.1252576,0.9920893,1.0054401,1.0312378,1.0542784,1.076533,0.011298707,0.01682365,0.030962821,0.042841826,0.040354893,-0.0025187775,-0.004936963,-0.005140258,-0.0046813535,-0.0015691111,0.1242402,0.78938854,0.96462125,0.92535555,0.46112093,0.01294829,0.016776249,0.01759461,0.01360125,-0.03024417,1.0157484,1.0506988,1.0897934,1.1338526,1.1497086,0.95940137,0.95940137,0.95940137,0.95940137,0.95940137,1.001228,1.017675,1.0567603,1.0847343,1.1160185,0.9849431,0.9895136,1.0049118,1.0141219,1.0437257,0.8,0.4,0.2,0.13333334,0.06666667,0.7205107,0.44468534,0.3113582,0.23272198,0.21333204,0.2,0.1,0.05,0.13333334,0.21666667,1.0,1.0,1.0,1.0,1.0,-0.8,-0.9,-0.95,-0.8666667,-0.78333336,0.16439418,0.14091697,-0.19349931,-0.4522524,-0.45005986,0.67346025,0.59319663,-0.07533817,-0.28708792,-0.08943311,0.2,0.2,0.2,0.33333334,0.38333333,0.8,0.8,0.8,0.6666667,0.6166667,-0.6,-0.6,-0.6,-0.33333334,-0.23333333,0.41577205,0.30039722,0.15417376,0.29935023,0.393135,0.584228,0.6996028,0.8458262,0.70064974,0.606865,-0.1684559,-0.39920557,-0.6916525,-0.40129954,-0.21373,0.6359106,0.62478137,0.60306907,0.5566152,0.47853163,0.20863287,0.14769049,0.14825612,0.20626515,0.18892364,1.0838246,1.2003776,1.3787171,1.5676897,1.4992698,0.79900634,0.65564185,0.56395507,0.5642296,0.53510934,0.20099367,0.34435812,0.43604493,0.43577036,0.46489063,0.5980127,0.31128374,0.1279101,0.12845926,0.07021871
SZ001391,-0.13222864221514885,0.0,,2026-05-27,-0.0038388108,0.013435733,-0.28571653,0.005758111,0.42856693,0.0038388108,0.28571653,-0.005758111,-0.42856693,1.0038536,1.0096339,0.9961464,1.0003669,1.0133587,1.0248091,1.0114504,1.0248091,1.1450381,1.008397,1.0223283,1.0173664,1.019084,1.0410305,0.005498033,0.018656151,0.015917497,0.013382259,0.039683186,-0.0026717533,-0.005725191,0.00035298144,-0.00013585879,-0.0017031876,0.5903614,0.8632713,0.017211638,0.007987638,0.56183887,-0.003053432,0.0034351265,-0.020719724,-0.017114002,0.009213509,1.0229915,1.084195,1.084195,1.084195,1.1545961,0.9961464,0.9961464,0.9922929,0.9922929,0.9922929,1.0133587,1.0354961,1.029771,1.0267175,1.0958016,1.0061069,1.0076336,1.0034351,1.0072519,1.0110687,0.2,0.1,0.1,0.06666667,0.033333335,0.14354958,0.043766767,0.083862066,0.083862066,0.047485836,0.2,0.1,0.55,0.7,0.016666668,1.0,1.0,0.15,0.43333334,0.71666664,-0.8,-0.9,0.4,0.26666668,-0.7,0.23236656,0.91781193,0.80889726,0.589433,0.26846704,-0.114909776,0.8951516,0.7267452,0.67355454,0.25510567,0.2,0.2,0.4,0.4,0.38333333,0.6,0.6,0.45,0.46666667,0.5,-0.4,-0.4,-0.05,-0.06666667,-0.11666667,0.23076923,0.3818184,0.4666667,0.44247794,0.369863,0.7692308,0.6181816,0.5333333,0.55752206,0.630137,-0.53846157,-0.23636316,-0.06666659,-0.11504413,-0.26027402,1.0068399,1.8275821,1.5689306,1.3612516,1.4009331,0.19119412,1.6644988,1.2747742,1.0879705,0.8579461,0.6082892,2.0613015,2.1887178,2.4749565,1.8879772,0.34201866,0.4982984,0.49231064,0.49138755,0.5015128,0.65798134,0.5017016,0.50768936,0.50861245,0.49848717,-0.3159627,-0.0034032143,-0.015378685,-0.017224932,0.0030256256
